Date,Open,High,Low,Close,Adj Close,Volume,Daily Return,Log Return,SMA_20,SMA_50,EMA_12,EMA_26,Rolling Volatility,Month,Quarter,Day of Week
2021-09-16,768.875,782.1500244140625,768.1500244140625,779.9749755859375,729.8986206054688,10260550,0.008501456840827037,0.008465522973135648,728.9031494140625,707.5147937011719,729.2381366642267,723.1455509877101,0.008571672673118945,9,3,3
2021-09-17,784.5,794.5,779.5999755859375,791.0750122070312,740.2860107421875,20498102,0.014231277938437703,0.01413096391352986,730.5209136962891,707.9588317871094,730.9378095992976,724.415214673227,0.008130058245978638,9,3,4
2021-09-20,782.0,790.8499755859375,779.0,779.9249877929688,729.851806640625,8781610,-0.014094828147706684,-0.01419510359656886,731.576025390625,708.1492663574219,730.7707322210402,724.8179251893305,0.008417277828581891,9,3,0
2021-09-21,781.0,784.3250122070312,764.4749755859375,775.9749755859375,726.1553955078125,14774996,-0.005064605032392033,-0.0050774736123632685,732.2158782958984,708.4440441894532,730.0606804190053,724.9169970647736,0.008476739760277565,9,3,1
2021-09-22,774.5,775.0750122070312,765.0,766.8499755859375,717.6162109375,10582202,-0.011759445186441009,-0.011829134337927457,731.6274932861328,708.7406921386719,728.1461466526199,724.376198092383,0.008718495534041274,9,3,2
2021-09-23,771.0,786.0,771.0,785.0,734.6010131835938,13664304,0.023668364771058714,0.023392611634258726,731.9222747802735,709.5174047851563,729.1392030420005,725.1335918028431,0.009674215539295133,9,3,3
2021-09-24,789.5,803.9749755859375,787.5,800.7750244140625,749.3632202148438,20806702,0.020095544065851456,0.019896293562153604,733.0159881591796,710.4503942871094,732.2505902993611,726.9283790926208,0.010069102744845453,9,3,4
2021-09-27,807.8499755859375,817.75,804.0,812.5499877929688,760.3822021484375,16415462,0.014704460582459111,0.01459739825505829,734.8092102050781,711.6290307617187,736.5785305838344,729.4064400597183,0.010314784331886057,9,3,0
2021-09-28,816.0,816.0,791.0,807.5250244140625,755.6798095703125,12773790,-0.006184248611867171,-0.006203450283521292,735.9040924072266,712.5119555664063,739.5171888894464,731.3526155790215,0.010096049897293423,9,3,1
2021-09-29,798.5,803.2999877929688,792.5750122070312,796.9249877929688,745.7603759765625,16263036,-0.013126503405444079,-0.013213417373460887,736.1953582763672,713.1810510253906,740.4776792105413,732.4198570899505,0.010460837961708332,9,3,2
2021-09-30,793.0,803.1749877929688,791.5499877929688,797.4749755859375,746.2750244140625,15975348,0.0006900989300029359,0.0006898609212297786,736.5661651611329,714.3409704589844,741.3695784726215,733.4461657806254,0.010221731189703947,9,3,3
2021-10-01,791.5,794.5,782.625,791.3499755859375,740.5432739257812,11128596,-0.007680480118950173,-0.007710126904971425,736.4187713623047,715.646875,741.2424546961845,733.9718774950813,0.010355350683783415,10,4,4
2021-10-04,794.5,800.6749877929688,791.7999877929688,792.875,741.9703369140625,7051028,0.0019270487472204945,0.0019251943707171803,736.6457000732422,716.929384765625,741.354436575858,734.5643559705615,0.010355286782761979,10,4,0
2021-10-05,796.0,798.75,788.125,797.7249755859375,746.5089721679688,10257178,0.006117003643006713,0.006098370722709103,737.34169921875,718.3583459472657,742.1474420515674,735.4491423555545,0.010349201919273736,10,4,1
2021-10-06,798.0,813.4249877929688,793.5,807.4500122070312,755.6096801757812,18600830,0.012191022944282537,0.012117310902833843,738.4096801757812,720.0460571289062,744.2185556091387,736.9425155274232,0.009788618792559626,10,4,2
2021-10-07,813.2999877929688,813.8499755859375,803.5,805.25,753.5509033203125,11265724,-0.002724656538266923,-0.002728375171093424,739.2074462890625,721.6439294433594,745.6543014108577,738.1727664750446,0.009807701733845608,10,4,3
2021-10-08,806.0,811.0,800.0750122070312,801.3250122070312,749.8779296875,7245562,-0.0048742209937359116,-0.004886138751177303,740.0040466308594,723.3784301757812,746.304090376495,739.0398156018931,0.00985696424063563,10,4,4
2021-10-11,799.9500122070312,822.5,799.5,816.9000244140625,764.4530029296875,13080848,0.01943659449780233,0.019250116354628335,741.8347045898438,725.3955432128906,749.0962307692938,740.9222739224705,0.01035663871634405,10,4,0
2021-10-12,812.5,820.7750244140625,812.5,814.7999877929688,762.48779296875,8176946,-0.002570740063033372,-0.0025740500892975785,743.7308654785156,727.2966186523438,751.1564711076717,742.5197197777504,0.010174929258955625,10,4,1
2021-10-13,818.5,824.0,815.0,819.7000122070312,767.0731811523438,6225644,0.006013720122312494,0.005995709877103948,745.8972381591797,729.3249597167969,753.6051957299289,744.338494694387,0.010127326378462729,10,4,2
2021-10-14,819.0,845.0,819.0,843.7000122070312,789.5322265625,14757288,0.029278882330910028,0.02885844280528425,748.8789184570312,731.6897180175781,759.1324312426323,747.6861785364695,0.011327562072563052,10,4,3
2021-10-18,852.5,862.5,833.5250244140625,835.1500244140625,781.5311889648438,28856456,-0.010133896158351252,-0.010185593645223394,750.9411773681641,733.6081018066407,762.5783939691263,750.1932163459786,0.011522327255693719,10,4,0
2021-10-19,837.7249755859375,846.2249755859375,835.5,844.3499755859375,790.1405639648438,8987540,0.011016035087995979,0.010955800533719227,753.955615234375,735.5157263183594,766.8187278146213,753.1522791325613,0.011487013270257997,10,4,1
2021-10-20,844.5499877929688,849.375,832.2249755859375,836.9249877929688,783.1922607421875,10908568,-0.008793755870209252,-0.008832649121075248,756.8074584960938,737.2113903808594,769.3377328804007,755.3774629554965,0.011553732315825445,10,4,2
2021-10-21,835.9000244140625,840.9749755859375,830.4249877929688,838.1500244140625,784.3386840820312,9738190,0.001463782773794664,0.0014627124881067665,760.1435821533203,738.82470703125,771.6455715268054,757.5227385944991,0.011554725281685971,10,4,3
2021-10-22,840.0499877929688,854.0,835.375,840.375,786.4208374023438,12175554,0.0026546610062327947,0.002651143617312107,762.7345733642578,740.4445739746094,773.9186893538113,759.6633385061912,0.011546941873342103,10,4,4
2021-10-25,845.0,845.0,806.9000244140625,828.5,775.3081665039062,16426766,-0.014130692334074157,-0.014231481170925328,764.0318206787109,741.9610339355469,774.1324550692104,760.82221465417,0.011860485436741635,10,4,0
2021-10-26,825.0,836.9249877929688,823.1749877929688,826.375,773.3196411132812,12090656,-0.002564819353821357,-0.00256811413786992,764.6786926269531,743.3773645019531,774.0074067682982,761.7479499474374,0.011735434008430789,10,4,1
2021-10-27,826.375,832.5250244140625,818.6500244140625,821.4000244140625,768.6640014648438,13249642,-0.006020330276023,-0.0060385255287152715,765.3279022216797,744.4685046386719,773.1853444139206,762.2602500598379,0.01176810427704781,10,4,2
2021-10-28,825.0,825.0,793.5750122070312,796.7999877929688,745.6434326171875,17797750,-0.02994880572497982,-0.030406431274283652,765.322055053711,745.0580578613282,768.9481272144232,761.0293746937156,0.013132728798498182,10,4,3
2021-10-29,795.0,801.0,780.0,791.4249877929688,740.6134643554688,12406874,-0.006745809111553092,-0.006768664927141308,765.0389770507812,745.6962719726563,764.5889483130455,759.5170850390306,0.013130539476441409,10,4,4
2021-11-01,792.5,805.5,791.7750244140625,802.6500244140625,751.1177978515625,8122320,0.01418328723639295,0.01408364547786326,765.5677032470703,746.5600134277344,762.5164636266636,758.8949156177367,0.013128820422839789,11,4,0
2021-11-02,803.0,811.0,800.0250244140625,803.375,751.7962646484375,13237722,0.000903276155638455,0.000902868447228834,766.0589996337891,747.420947265625,760.867202245398,758.3690896200109,0.012833475823348503,11,4,1
2021-11-03,802.5499877929688,804.9500122070312,787.7750244140625,790.7249755859375,739.9584350585938,10207338,-0.015746060663628714,-0.015871346792541655,765.7314727783203,747.95294921875,757.6504688320434,757.0053374302763,0.013153643698528329,11,4,2
2021-11-04,797.5,798.9249877929688,795.0499877929688,796.9749755859375,745.8071899414062,1096808,0.007904166782488842,0.007873092493067507,765.2413482666016,748.2814147949218,755.8284259257916,756.1758450236933,0.012999815350907969,11,4,3
2021-11-08,796.0499877929688,802.3499755859375,785.2249755859375,800.125,748.7548828125,18943580,0.003952352445576901,0.003944562419855079,765.0015472412109,748.6824047851562,754.7401885237468,755.6261441191605,0.012313753578503426,11,4,0
2021-11-09,797.2999877929688,797.2999877929688,784.5250244140625,786.125,735.65380859375,12695476,-0.017497146956209852,-0.01765203138157293,764.2903411865234,748.8457019042969,751.8038223806705,754.146711858019,0.012185050720348204,11,4,1
2021-11-10,784.0,784.5,775.0,777.625,727.6995239257812,13714126,-0.010812537874538952,-0.010871418177169596,762.4526672363281,748.9093371582031,748.095468772226,752.1876609000755,0.0119727218491072,11,4,2
2021-11-11,775.0250244140625,777.4500122070312,767.7999877929688,774.1500244140625,724.4476318359375,7999404,-0.004468729170386876,-0.004478743786795286,760.5506591796875,748.722646484375,744.457340012797,750.1328439323615,0.011953135038538086,11,4,3
2021-11-12,775.0,779.5250244140625,772.5250244140625,776.5,726.6466674804688,14914092,0.0030354652950665972,0.0030308675720904406,758.5293334960937,748.4568786621094,741.717236546285,748.3931271581472,0.011766202046051269,11,4,4
2021-11-15,781.0499877929688,785.9249877929688,777.2000122070312,778.625,728.63525390625,9533594,0.0027366621423812187,0.0027329243004611484,755.4844848632813,748.2524060058594,739.7046238324335,746.92958099134,0.011781051870222296,11,4,0
2021-11-16,777.5,778.5999755859375,770.7999877929688,774.0,724.3071899414062,8245406,-0.005939959591085953,-0.005957671323870983,752.6232849121094,747.8687268066407,737.3357878491986,745.2538483209745,0.011749887289318459,11,4,1
2021-11-17,768.4500122070312,772.0,764.25,765.4000244140625,716.2593994140625,7598878,-0.011111018417468421,-0.011173206862985329,748.9292266845703,747.4452795410157,734.0932665514854,743.1061113649068,0.01189072215987777,11,4,2
2021-11-18,763.0250244140625,771.75,762.625,769.7000122070312,720.2833251953125,9152874,0.0056179727408001146,0.0056022507881247,745.7837799072265,747.1991662597657,731.9686601889973,741.4155346116036,0.011880613180186494,11,4,3
2021-11-22,773.0,776.3499755859375,749.5250244140625,757.6749877929688,709.0302734375,15261272,-0.015623090753574154,-0.01574641741809543,742.018359375,746.6947705078124,728.4396776118439,739.0166263764847,0.011891045922844205,11,4,0
2021-11-23,751.0,763.9000244140625,748.1749877929688,757.7750244140625,709.1239013671875,11235214,0.0001320506799147303,0.0001320419619911607,738.1535125732422,746.1253369140625,725.4680197280506,736.8023504498701,0.011896896395095086,11,4,1
2021-11-24,762.0,768.1749877929688,757.0250244140625,759.0250244140625,710.293701171875,30802286,0.0016496409194952655,0.001648281756462296,734.9027893066407,745.6522924804688,723.1335091809467,734.8387467996482,0.011901321630097094,11,4,2
2021-11-25,757.4000244140625,766.6500244140625,753.5,762.9749755859375,713.9900512695312,10251652,0.005203974203287887,0.005190480323821762,731.9363098144531,745.3752966308593,721.7268233484212,733.2943989826025,0.01129645677004427,11,4,3
2021-11-26,750.0,753.3499755859375,742.5,744.9500122070312,697.122314453125,18624936,-0.02362461043597741,-0.023908146061590033,728.3592254638672,744.8264514160156,717.9415142876064,730.6149853137523,0.01195434094370754,11,4,4
2021-11-29,747.4000244140625,753.8250122070312,731.0,750.625,702.4329223632812,12990996,0.00761789975740812,0.007589030083870365,726.1986999511719,744.4001953125,715.5555770684795,728.5274250951989,0.011999155432333467,11,4,0
2021-11-30,747.5,764.5,743.2750244140625,746.7750244140625,698.830078125,25221542,-0.0051290936452120794,-0.005142292597809005,724.1095306396485,743.7788244628906,712.9824233848673,726.3276216159248,0.010352684175128832,11,4,1
2021-12-01,747.5,753.5250244140625,744.5499877929688,752.3250122070312,704.0238037109375,8677634,0.007432029256486228,0.007404547805021813,721.7548309326172,743.0535803222656,711.6041742042628,724.6754869562961,0.010490064022399027,12,4,2
2021-12-02,752.25,764.4000244140625,750.0,762.875,713.896484375,11203110,0.014023219970721534,0.013925804286214432,719.8598419189453,742.7344738769531,711.9568373074532,723.8770423206446,0.010645993084721214,12,4,3
2021-12-03,762.9000244140625,767.9749755859375,753.5250244140625,756.7750244140625,708.1881713867188,8124694,-0.007995995376386733,-0.008028134786447608,718.2713287353515,742.3751293945312,711.3770425504171,722.7149037329464,0.010632841215127406,12,4,4
2021-12-06,756.5,759.4000244140625,748.6749877929688,751.9000244140625,703.6261596679688,7029532,-0.006441807280990086,-0.0064626452592112535,716.1622772216797,742.0953283691406,710.1845990300404,721.3009226910962,0.010608773335630208,12,4,0
2021-12-07,756.9749755859375,766.0,754.9500122070312,762.8499755859375,713.8731079101562,12427534,0.01456305752904763,0.014458034615342676,714.4181884765625,741.6807702636719,710.7520619346736,720.7507141888043,0.011062355621988764,12,4,1
2021-12-08,768.0,777.5250244140625,767.0,776.9000244140625,727.0211181640625,15295534,0.018417853408705387,0.018250298948623123,713.9865539550781,741.2339282226562,713.254993662272,721.2151885573419,0.01153544514264459,12,4,2
2021-12-09,772.5999755859375,777.3499755859375,761.0,763.4249877929688,714.4111328125,11747744,-0.0173447304851424,-0.017496912595330302,713.322134399414,740.3145068359376,713.4328612238455,720.7111844280944,0.011867843174726013,12,4,3
2021-12-10,762.4500122070312,764.0,754.2249755859375,761.2750244140625,712.3992919921875,7779384,-0.0028160826839194186,-0.002820055304665948,712.7197174072265,739.448896484375,713.2738505728213,720.0954886921012,0.01185011848091875,12,4,4
2021-12-13,763.0,768.8250122070312,753.5999755859375,755.5750122070312,707.0651245117188,10322142,-0.00748760918269864,-0.0075157820480402085,711.7406402587891,738.6749914550782,712.3186619480364,719.1302765305913,0.010708147346100814,12,4,0
2021-12-14,751.25,758.0,748.5250244140625,751.2249755859375,702.994384765625,9191100,-0.005757234524761623,-0.005773871284663691,710.4585968017578,737.8093786621093,710.8841577661269,717.935025288742,0.010693639208184459,12,4,1
2021-12-15,751.5,761.6749877929688,747.8250122070312,750.0,701.8480834960938,10115148,-0.0016305980451229996,-0.001631928917056921,709.3356414794922,737.0354748535157,709.4939924938142,716.7433999707681,0.010265882939679545,12,4,2
2021-12-16,756.4000244140625,758.5,747.0,750.0499877929688,701.8948974609375,13210432,6.670099405359231e-05,6.669876964120158e-05,708.6174163818359,736.2339660644532,708.3249009502947,715.6435108959658,0.01025827387686542,12,4,3
2021-12-17,748.5,753.0,733.8499755859375,736.5250244140625,689.2381591796875,14994768,-0.018032241475233635,-0.01819680362617288,707.0651580810547,735.0885498046875,705.3884791394321,713.6875589169823,0.01036998257125907,12,4,4
2021-12-20,726.0,729.0,707.0499877929688,712.8250122070312,667.059814453125,21156668,-0.03217805693311959,-0.03270715173789611,704.9666351318359,733.3175524902343,699.4917614953848,710.2336519196596,0.011526011939116348,12,4,0
2021-12-21,719.75,725.375,715.0,720.9000244140625,674.6163940429688,9118750,0.01132818890617604,0.01126450546827536,703.241259765625,731.7388623046875,695.6647818873208,707.5953365213861,0.01176981505745444,12,4,1
2021-12-22,726.1500244140625,728.0,717.8499755859375,722.5999755859375,676.2072143554688,8577484,0.002358110959868931,0.002355334979409536,701.5369354248047,730.2654479980469,692.6713099593436,705.2702904350219,0.011505171595146841,12,4,2
2021-12-23,726.625,728.9000244140625,718.4249877929688,722.0499877929688,675.6925659179688,9779166,-0.000761080962424443,-0.0007613707315746432,699.6220611572265,728.4902392578125,690.0591954914398,703.0793478782032,0.011407937101634636,12,4,3
2021-12-24,722.75,726.0,714.0,719.4500122070312,673.259521484375,5561024,-0.00360081575011606,-0.0036073142918736254,698.428921508789,726.705673828125,687.4746302595837,700.8704718490307,0.011403623522533615,12,4,4
2021-12-27,714.4500122070312,727.0,711.0750122070312,725.4000244140625,678.8275146484375,4705098,0.008270203370887907,0.008236192627499625,697.2486511230469,724.9407604980469,686.1443047809457,699.2376602045423,0.011528651617674014,12,4,0
2021-12-28,730.3499755859375,733.4500122070312,726.7000122070312,730.4000244140625,683.5064697265625,5450678,0.006892700983913702,0.006869054915157947,696.482470703125,722.8202453613281,685.7384840033484,698.0723868358031,0.011614691798773292,12,4,1
2021-12-29,728.0250244140625,730.5,723.7000122070312,726.9249877929688,680.2545776367188,7668702,-0.004757661022791293,-0.004769014717663383,695.2940093994141,720.7947131347656,684.89480610079,696.7525491173524,0.011603084475929523,12,4,2
2021-12-30,729.25,733.4249877929688,722.5,730.75,683.8340454101562,7215918,0.005261953232087002,0.005248157529910153,693.7908874511719,718.6685827636719,684.7316121483848,695.7956229168193,0.011545843955832477,12,4,3
2021-12-31,730.75,742.4000244140625,730.75,739.7000122070312,692.2094116210938,6325736,0.012247659014862355,0.012173263272346744,692.9919494628906,716.84892578125,685.8820428364938,695.5299776356545,0.011748025422872675,12,4,4
2022-01-03,742.5,761.5,740.25,759.8250122070312,711.0423583984375,9069184,0.027207007678844874,0.026843476047544664,693.362759399414,715.3829992675782,689.7528606152545,696.6790428773422,0.012519158379581594,1,1,0
2022-01-04,760.0,766.4500122070312,753.9000244140625,764.2750244140625,715.2066650390625,8857352,0.005856622452148574,0.005839539106892003,693.4294372558594,713.9587158203125,693.6688305266096,698.0514593337659,0.012562106075192694,1,1,1
2022-01-05,768.4000244140625,786.0,764.0499877929688,782.4249877929688,732.1912841796875,14332638,0.023747847959019408,0.02347025406720072,693.6879455566407,713.0963781738282,699.5953618578524,700.5803352482786,0.013268294555359371,1,1,2
2022-01-06,771.5,777.375,765.0250244140625,769.875,720.4470825195312,9628930,-0.01603979986365711,-0.01616982976379793,693.9897430419921,712.0389270019531,702.803318882726,702.0519461572603,0.013604233369829357,1,1,3
2022-01-07,772.0,783.375,767.9500122070312,775.2750244140625,725.5003051757812,11179384,0.0070140094655917196,0.0069895257206776884,694.6447937011719,711.1756530761719,706.2951629278114,703.7888616401137,0.012869474642695075,1,1,4
2022-01-10,779.0,786.0,772.75,779.5750122070312,729.5242309570312,8856496,0.005546415008433447,0.005531090287438879,695.7677490234375,710.8532690429688,709.8688657015375,705.6951852932187,0.012840549025889672,1,1,0
2022-01-11,780.7750244140625,784.3499755859375,773.9000244140625,782.9500122070312,732.6826171875,8389198,0.004329378102116532,0.004320033306468365,697.2521606445313,710.6946520996094,713.3786736224549,707.6942543224249,0.012792209478978358,1,1,1
2022-01-12,784.0,788.3250122070312,776.0,778.3250122070312,728.3545532226562,21085530,-0.00590714705564821,-0.005924663263424103,698.5774841308594,710.2393872070312,715.682655099409,709.224646833553,0.012816369564133881,1,1,2
2022-01-13,777.5,777.5,760.2000122070312,764.0,714.9492797851562,41963896,-0.018404873530600496,-0.018576350482235285,699.2302032470703,709.5024475097656,715.5698281279855,709.648693718857,0.01306377669207776,1,1,3
2022-01-14,765.0,774.3499755859375,759.5,772.5750122070312,722.9737548828125,11208968,0.011223838284119436,0.011161318385079132,700.9169830322265,709.16275390625,716.7088937825743,710.6357352865573,0.013122587834283732,1,1,4
2022-01-17,765.0,778.0,759.5750122070312,760.75,711.9078979492188,22989372,-0.015306028550631678,-0.015424374967728497,703.1593872070313,708.4847680664062,715.9702790389811,710.7299695578656,0.013387743816158357,1,1,0
2022-01-18,766.5,775.4500122070312,761.5,764.625,715.5340576171875,12341152,0.005093579771223933,0.00508065137640384,705.2052703857422,707.8203515625,715.9031680510128,711.0858279326302,0.013153764487283085,1,1,1
2022-01-19,767.0,769.875,756.6749877929688,759.2249755859375,710.4807739257812,14317626,-0.007062254602155926,-0.007087310358631716,706.9189483642579,707.3168908691406,715.068953570208,711.041009117308,0.012750739498112453,1,1,2
2022-01-20,764.2249755859375,764.25,750.0499877929688,754.5,706.0591430664062,15197846,-0.006223434921318383,-0.006242881216244906,708.4372772216797,706.8840832519531,713.6828288773154,710.6719820024265,0.012406800765637521,1,1,3
2022-01-21,750.0,764.9000244140625,742.7999877929688,760.7999877929688,711.9546508789062,11537694,0.008349878151702628,0.008315210764417135,710.3720336914063,706.6342236328124,713.4169553390985,710.7669945117954,0.012496418556894933,1,1,4
2022-01-24,754.9749755859375,760.625,733.7750244140625,743.3250122070312,695.6016845703125,11868508,-0.022969112271976955,-0.02323701256905996,711.2107421875,706.0133239746094,710.676144451593,709.6436382198337,0.0131226028914883,1,1,0
2022-01-25,729.3250122070312,747.5,722.0,744.0250244140625,696.2567138671875,13594248,0.0009416729594029505,0.0009412298635674753,711.8482543945313,705.3657531738281,708.4577705155306,708.6520141937118,0.013086321929649956,1,1,1
2022-01-27,725.0,742.5,717.5,737.4749755859375,690.1272583007812,28617838,-0.008803441955139935,-0.00884242118649014,712.3418884277344,704.6821545410156,705.6376917132613,707.2798100534947,0.013177850509862825,1,1,3
2022-01-28,738.75,743.3499755859375,730.0,731.625,684.65283203125,24925208,-0.007932488108077784,-0.007964117670328558,712.3828277587891,704.0500231933594,702.4092517621827,705.6037376074024,0.013247214765411457,1,1,4
2022-01-31,736.375,745.7750244140625,733.4000244140625,742.8499755859375,695.1571655273438,12842546,0.015342569262335681,0.015226062213588729,712.5302154541016,703.5475,701.2935461875921,704.829917453324,0.013146277528806833,1,1,0
2022-02-01,754.25,758.5,736.7249755859375,748.5,700.4443969726562,14739484,0.00760580730157856,0.007577028978695443,712.0003173828125,703.3757824707031,701.1629078468328,704.5050640843857,0.011674061734038203,2,1,1
2022-02-02,755.9749755859375,767.5,752.7999877929688,765.5999755859375,716.4464721679688,13969290,0.02284560382590528,0.022588550677817072,712.0623077392578,703.5222338867187,703.5142254346998,705.3896128313178,0.012180193584260908,2,1,2
2022-02-03,764.375,769.9749755859375,754.5,757.6749877929688,709.0302734375,10564762,-0.01035136471260345,-0.010405312701442966,710.9042572021484,703.4969653320312,704.3628482043614,705.6592913947386,0.012389379881819177,2,1,3
2022-02-04,764.2000122070312,766.4249877929688,757.0499877929688,762.0,713.07763671875,11579958,0.005708308139831253,0.005692077486011159,710.5357849121094,703.4787170410157,705.7035848988827,706.2087984557764,0.01240216738227863,2,1,4
2022-02-07,756.0499877929688,759.5,730.0,734.0750122070312,686.945556640625,12268042,-0.03664689331497284,-0.03733526078380732,708.6080474853516,703.2751818847656,702.8177343976123,704.7818916546541,0.014236763235622908,2,1,0
2022-02-08,738.2000122070312,739.2249755859375,722.2750244140625,730.9249877929688,683.9977416992188,13981130,-0.004291191511336057,-0.004300425098491222,706.3317230224609,702.9064782714844,699.9223509055518,703.2423249912886,0.01419320393370592,2,1,1
2022-02-09,737.0,749.8499755859375,733.5,748.7999877929688,700.7251586914062,11308342,0.02445536874234766,0.024161123806785853,704.7338500976563,702.9443798828125,700.0458597956832,703.0558682283344,0.014820677488167323,2,1,2
2022-02-10,757.0,767.75,750.8250122070312,762.5499877929688,713.5923461914062,14314530,0.01836267378215628,0.018196115765088165,703.9957397460937,703.1357507324219,702.1299346257945,703.8363480774508,0.015112648266786719,2,1,3
2022-02-11,750.125,762.5,749.75,759.4249877929688,710.6680297851562,10711104,-0.00409802098054679,-0.00410644087968037,703.7816772460938,703.071181640625,703.4434877272348,704.3423985743178,0.0151333240111725,2,1,4
2022-02-14,745.0,749.7249755859375,734.6500244140625,736.8499755859375,689.5424194335938,14656620,-0.029726411581999845,-0.03017719733784423,702.1101104736329,702.6982666015625,701.3048618359054,703.2461038231531,0.016010255490902455,2,1,0
2022-02-15,738.0,762.4500122070312,736.5250244140625,758.9000244140625,710.1768188476562,13135066,0.029924771605802203,0.029485762298272496,702.0235565185546,702.8292797851562,702.6697782992517,703.7594901212644,0.016176364752304814,2,1,1
2022-02-16,767.1749877929688,767.375,753.5,757.875,709.217529296875,10032264,-0.001350775645335478,-0.0013516887651301066,701.707730102539,702.7361682128907,703.6771246065783,704.1637893194578,0.016141191721415964,2,1,2
2022-02-17,756.5499877929688,761.0,751.0,753.25,704.889404296875,7351208,-0.00610267628930572,-0.006121373726668951,701.4281616210938,702.2935339355469,703.8636291743162,704.2175385770443,0.015525271543556547,2,1,3
2022-02-18,749.1500244140625,758.5,745.2249755859375,756.1749877929688,707.626708984375,7796128,0.0038833108723352883,0.0038757902842364352,701.5065399169922,702.1578454589844,704.4425645297099,704.470069718328,0.015290686335250821,2,1,4
2022-02-21,752.0,765.3499755859375,747.7750244140625,761.0499877929688,712.1886596679688,7468066,0.006446832243148792,0.006426140304188959,701.5182403564453,702.1536328125,705.6342714740574,705.0418171220051,0.01528144247821821,2,1,0
2022-02-22,744.9000244140625,761.0499877929688,743.9749755859375,755.3499755859375,706.8545532226562,9536196,-0.007489737968868093,-0.007517926896277984,702.0808837890625,702.1494213867187,705.822007127688,705.1760938702015,0.015288810117303386,2,1,1
2022-02-23,762.5499877929688,762.8499755859375,747.8250122070312,750.4500122070312,702.2691650390625,9029562,-0.0064870321096303085,-0.006508164342316623,702.3815063476562,702.1349169921875,705.2754160371303,704.9607658086356,0.015287837795809691,2,1,2
2022-02-24,724.9500122070312,737.4749755859375,703.5750122070312,709.7000122070312,664.1354370117188,23630766,-0.05430072958595955,-0.05583065643813804,701.0819152832031,701.3806640625,698.9461884947593,701.9366673792343,0.018087631068237596,2,1,3
2022-02-25,719.9749755859375,732.9500122070312,716.4249877929688,728.0499877929688,681.307373046875,18318654,0.025856075550525492,0.02552745966760216,700.9146423339844,700.9689135742187,696.2325245797002,700.4085715027633,0.018578805282591287,2,1,4
2022-02-28,713.0,719.2750244140625,707.0250244140625,713.125,667.3405151367188,24880832,-0.020500083314371143,-0.020713126655606626,699.5238098144531,700.5309606933594,691.7876000500108,697.9590858460192,0.018735512997424462,2,1,0
2022-03-02,693.25,699.2000122070312,677.2000122070312,687.125,643.0098266601562,38505560,-0.03645918077007182,-0.037140426451755866,696.6520812988281,700.0499609375,684.2833272208024,693.8887703507701,0.019611860272040753,3,1,2
2022-03-03,690.5,696.0,681.4500122070312,685.5,641.4891357421875,17527922,-0.0023649575090747277,-0.0023677584380079482,692.9042144775391,699.3874157714844,677.6996054548616,690.0073159353195,0.01955028626007875,3,1,3
2022-03-04,680.0,693.0,668.4500122070312,683.25,639.3836669921875,21219364,-0.00328215807983101,-0.0032875561755000165,689.4218841552735,698.6509448242188,671.8048456913733,686.2574160136061,0.019538366040158663,3,1,4
2022-03-07,659.25,666.1749877929688,648.5250244140625,662.4000244140625,619.8722534179688,27054458,-0.030515971210220427,-0.030991278091874075,684.7616149902344,697.5345385742188,663.8152161108495,681.3399965620774,0.020156382291999616,3,1,0
2022-03-08,651.0999755859375,667.0,646.0,663.9000244140625,621.2760009765625,39212492,0.002264575565132265,0.002262015278467022,681.4781372070313,696.4948681640625,657.2707214748053,676.8908117038911,0.020056817155497845,3,1,1
2022-03-09,665.0,687.3499755859375,659.4249877929688,685.5750122070312,641.5593872070312,23134694,0.03264794744781052,0.032126326094300765,679.3562194824219,695.7495056152344,654.853593125917,674.2736691485682,0.02083046866004428,3,1,2
2022-03-10,713.5,713.5,690.125,696.3499755859375,651.642578125,22273206,0.01571669142254306,0.015594463246173591,676.9020904541015,695.1122277832031,654.3595908180836,672.5972920357112,0.02108725442301329,3,1,3
2022-03-11,694.0,704.4749755859375,686.3499755859375,698.4000244140625,653.5609741210938,15150780,0.002943938994308226,0.002939614091993712,673.900521850586,694.5783557128906,654.2367267108543,671.1871944124063,0.02106539279517084,3,1,4
2022-03-14,707.5,725.0,707.5,721.2750244140625,674.96728515625,25018126,0.03275334954622,0.032228390616729774,672.1154846191406,694.4010205078125,657.4260433947615,671.4672011341725,0.02193514144597954,3,1,0
2022-03-15,721.75,724.75,705.875,712.0,666.2877197265625,18867928,-0.012859238692847552,-0.012942634411119288,670.952749633789,693.8825866699219,658.7893782150386,671.0835358447199,0.021848429439528007,3,1,1
2022-03-16,723.5,727.5,718.0999755859375,724.0750122070312,677.5875244140625,13364108,0.016959347070267583,0.016817142885231534,669.3232849121093,693.2134899902344,661.6814007071961,671.5653127757823,0.022043998617502773,3,1,2
2022-03-17,736.0,744.9000244140625,735.2750244140625,740.0250244140625,692.5135498046875,14823954,0.02202818802417017,0.021789072638114484,668.4880859375,692.7596276855469,666.4248082606563,673.1170340371827,0.022014161244050506,3,1,3
2022-03-21,743.5,746.8250122070312,736.4000244140625,743.25,695.5313720703125,12257876,0.0043577808210051305,0.004348313189440005,668.0201843261718,692.0264294433593,670.9027411544496,674.7773553729701,0.021960039750224612,3,1,0
2022-03-22,740.6500244140625,749.0,728.5999755859375,747.0750122070312,699.1109008789062,10461814,0.005146466359869484,0.005133268563848233,667.5943939208985,691.5997058105469,675.2424580351352,676.5798402252616,0.021954884896495785,3,1,1
2022-03-23,753.5,759.4000244140625,736.7999877929688,739.625,692.13916015625,31188256,-0.009972295831593425,-0.010022352236555012,666.5919189453125,690.9324829101563,677.8419506691529,677.7323824423719,0.020954680216990696,3,1,2
2022-03-24,733.0,734.8250122070312,717.2750244140625,721.3250122070312,675.01416015625,20160044,-0.024742134220716583,-0.025053365230015338,664.9998992919922,689.8422814941406,677.4069059748601,677.5310326433998,0.021441735544005396,3,1,3
2022-03-25,725.5,726.0,709.5,715.4500122070312,669.5162963867188,16366462,-0.008144812500316512,-0.008178162696492613,663.362255859375,688.578955078125,676.192966038223,676.9373484762383,0.02096911047494537,3,1,4
2022-03-28,715.4500122070312,719.0,700.7999877929688,716.4000244140625,670.4052734375,15754886,0.0013277900113544128,0.0013269092777306222,663.675747680664,687.4199694824218,675.3025517919579,676.4534910659613,0.020646363501057134,3,1,0
2022-03-29,720.5,730.125,715.0,725.9000244140625,679.2953491210938,12377448,0.013260748439537062,0.01317359435507768,663.575146484375,686.7068908691406,675.9168283041327,676.6639990700452,0.020824284561653743,3,1,1
2022-03-30,736.0,741.375,727.0250244140625,738.4749755859375,691.06298828125,20109742,0.017323303001237633,0.017174965270277752,664.7612701416016,686.0686755371094,678.2470067621507,677.7305908634678,0.020375917565496615,3,1,2
2022-03-31,735.5,742.3499755859375,732.9500122070312,735.1749877929688,687.974853515625,14295714,-0.004468673359725894,-0.004478687725613632,667.009521484375,685.5900146484375,679.7435985703775,678.4894251339979,0.019603104953177845,3,1,3
2022-04-01,738.2000122070312,755.0,735.1500244140625,753.0,704.655517578125,14568556,0.024246037449275892,0.023956768703433443,670.1678405761719,685.3724438476562,683.5762014946463,680.4276542039332,0.020131426310144664,4,2,4
2022-04-04,790.0,861.0499877929688,781.2750244140625,828.4000244140625,775.214599609375,97450970,0.10013273191098948,0.09543083789847105,676.9593872070312,686.6671203613281,697.67441658922,687.448909419151,0.02714571952179876,4,2,0
2022-04-05,833.3499755859375,833.3499755859375,801.0,804.125,752.4981079101562,30922582,-0.029303487976962028,-0.029741411529876544,683.5906799316406,687.5958996582032,706.1088306385948,692.267368566633,0.027798901613938647,4,2,1
2022-04-06,793.8499755859375,794.9000244140625,773.6749877929688,775.4249877929688,725.6406860351562,27027860,-0.03569101582140666,-0.03634351272127716,688.8089141845703,687.8696203613281,709.1137314688351,694.739466156894,0.028640106605727127,4,2,2
2022-04-07,770.6500244140625,770.6749877929688,756.8499755859375,758.375,709.6854858398438,40781732,-0.021987742008362954,-0.022233075292086093,692.215219116211,688.1512963867187,709.2016936797595,695.8465787260014,0.028909573848294144,4,2,3
2022-04-08,756.0499877929688,762.875,748.6500244140625,757.3250122070312,708.7027587890625,41256322,-0.0013847360138953269,-0.0013856956468038847,695.068228149414,688.4002172851563,709.1249344658061,696.7988883603023,0.028881866989054872,4,2,4
2022-04-11,753.0,755.0,746.625,748.0750122070312,700.0467529296875,20799066,-0.012213873520353191,-0.012289075841982283,697.3925170898438,688.5986071777344,707.7282911525571,697.0394709209975,0.027084404321449467,4,2,0
2022-04-12,742.0,753.4249877929688,740.0750122070312,746.75,698.8067626953125,27435402,-0.0017712963158327266,-0.0017728669160916252,698.5844909667969,688.8816857910156,706.355748312981,697.1703814227986,0.02671607717330649,4,2,1
2022-04-13,745.0,751.1500244140625,731.3250122070312,732.4749755859375,685.4481811523438,28892520,-0.019116273991746202,-0.0193013524270038,699.542514038086,688.6875061035156,703.1391995190368,696.3020702916539,0.026678519800021172,4,2,2
2022-04-18,709.4249877929688,715.8250122070312,695.0250244140625,697.7249755859375,652.9293212890625,45620376,-0.047441747979565796,-0.04860401687445888,698.309603881836,687.7372045898437,695.4146028682715,693.0892740692398,0.027282021870698607,4,2,0
2022-04-19,690.4500122070312,694.7750244140625,663.5,671.0999755859375,628.013671875,74096022,-0.038159795557767495,-0.03890694976224088,695.0846099853516,685.9685485839843,685.0452288693067,688.2688590918887,0.028195440799639187,4,2,1
2022-04-20,677.2249755859375,679.9500122070312,667.6749877929688,677.1500244140625,633.6752319335938,49325736,0.009015026761584055,0.008974633987617034,691.9918029785156,684.4614477539062,677.1421524176585,684.2248867097927,0.028240418072732754,4,2,2
2022-04-21,682.5,689.9000244140625,676.6500244140625,687.1749877929688,643.0565795898438,52446270,0.014804662046871808,0.014696142787297,689.1890869140625,683.0610266113281,671.8982181364562,681.1753824786854,0.027755397507909525,4,2,3
2022-04-22,680.0,687.6749877929688,674.5750122070312,677.7999877929688,634.2835693359375,20659148,-0.013642672406060874,-0.013736588820067888,686.2963073730468,682.0077868652344,666.1113490902226,677.7019148384819,0.027893649592837907,4,2,4
2022-04-25,675.0,685.3250122070312,661.125,682.875,639.0326538085938,20935488,0.007487320659477659,0.007459429806137754,684.4972320556641,681.1084851074219,661.945395969972,674.8375251325642,0.027282661561694184,4,2,0
2022-04-26,686.0,690.9749755859375,678.5750122070312,686.0250244140625,641.98046875,17016842,0.0046129331949431585,0.00460232622559811,683.1204406738282,679.9335913085938,658.8738687053609,672.4036691042262,0.027140127007196146,4,2,1
2022-04-27,680.0,689.5,678.0499877929688,686.2750244140625,642.2144165039062,18054334,0.00036441568753908804,0.00036434930426933936,681.7108978271484,678.5060327148437,656.3108760589832,670.1674281708691,0.0271340723982278,4,2,2
2022-04-28,686.0,689.5,681.0499877929688,685.6749877929688,641.6528930664062,20773722,-0.0008743550799698019,-0.0008747375513328411,679.8287750244141,677.1257299804688,654.0558017524329,668.0552403853534,0.026409177855774447,4,2,3
2022-04-29,690.1749877929688,702.375,685.7750244140625,692.2999877929688,647.8525390625,28401476,0.009661993366017807,0.009615614808356474,677.6682525634766,676.2919323730468,653.1014536462894,666.558743991068,0.026391026118697918,4,2,4
2022-05-02,681.0250244140625,703.2249755859375,681.0250244140625,701.8499755859375,656.7894287109375,19494316,0.013794635522105025,0.013700355586307264,676.1089813232422,675.2241845703124,653.668834425466,665.8350910073547,0.02632463332171206,5,2,0
2022-05-04,700.0,701.7999877929688,675.0,678.0,634.4705810546875,29055916,-0.033981740083811274,-0.0345725423435208,672.5997344970704,673.7292456054688,650.7152569838078,663.5117939738238,0.026640535859148013,5,2,2
2022-05-05,687.5,687.5,673.25,676.4749755859375,633.0435180664062,17862912,-0.0022492185309980206,-0.0022517518223281645,665.4911804199219,672.2923278808594,647.996527919592,661.2548846473485,0.026608506009935355,5,2,3
2022-05-06,665.0,667.5,656.5,658.7999877929688,616.5033569335938,26731268,-0.026128000146551478,-0.02647540096381684,658.6914428710937,670.4698608398437,643.1514246909769,657.9399566685519,0.026897556920270942,5,2,4
2022-05-09,650.0,663.25,647.75,659.9249877929688,617.55615234375,32762434,0.0017076880414612639,0.001706231600100374,653.2872161865234,668.5772106933593,639.2136904837112,654.9485637556036,0.026890285251638828,5,2,0
2022-05-10,657.5250244140625,676.5,657.5250244140625,670.5250244140625,627.4755249023438,20113812,0.016062300603674196,0.015934666768132273,649.1767181396484,666.9896301269531,637.4078188558085,652.9135238405472,0.026808117700042676,5,2,1
2022-05-11,676.5,677.5,664.3250122070312,674.2999877929688,631.0081787109375,17102924,0.005629946776240402,0.005614157858679487,645.2919891357421,665.5644104003907,636.4232588335207,651.2909056827983,0.02681883358882058,5,2,2
2022-05-12,660.5499877929688,663.4000244140625,646.5,651.5250244140625,616.7843627929688,22382290,-0.022541412929109828,-0.022799354187974945,641.1288696289063,664.6173889160157,633.4018902118972,648.7348654687369,0.027080760674715834,5,2,3
2022-05-13,655.0250244140625,659.0,643.5,645.6749877929688,611.2462768554688,16768238,-0.008978966185883897,-0.009019520039737744,636.750845336914,663.2161669921875,629.9933343109083,645.9579329788652,0.026940505095408854,5,2,4
2022-05-16,649.5,656.0,642.6500244140625,652.5499877929688,617.7547607421875,9804356,0.010647891256207576,0.010591601686363462,633.3661743164063,662.2244519042969,628.1104768387974,643.8688091094816,0.026792568748208657,5,2,0
2022-05-17,656.2999877929688,658.5,649.0999755859375,657.0,621.9674682617188,16641444,0.006819384952161167,0.006796238118459973,631.818081665039,661.8036047363281,627.1653985961699,642.2464875652029,0.02685611846174771,5,2,1
2022-05-18,662.0250244140625,666.6500244140625,655.0,656.9500122070312,621.920166015625,15732384,-7.60526048507737e-05,-7.605549699676375e-05,631.5134063720703,661.4122253417969,626.3584397376245,640.740834117086,0.02636742288366445,5,2,2
2022-05-19,643.0999755859375,648.2000122070312,639.1500244140625,643.5250244140625,609.2109375,20537506,-0.020435466174135386,-0.020647159310589143,630.2901916503906,660.8087707519531,623.7203624702977,638.4052862195241,0.017758646570275243,5,2,3
2022-05-20,651.5,662.0999755859375,646.1749877929688,660.4749755859375,625.2571411132812,13919350,0.026339322926685282,0.02599841617150076,629.4002197265625,660.9164685058594,623.9567899538337,637.4313495449876,0.018336590861629136,5,2,4
2022-05-23,657.0,664.9749755859375,649.5499877929688,652.0,617.2340087890625,19486320,-0.012831732413217112,-0.01291477020219387,628.5477416992187,660.8356286621093,622.9225159284842,635.9352502297339,0.017516463202224837,5,2,0
2022-05-24,650.0,662.5,648.4500122070312,659.4749755859375,624.3104858398438,12870796,0.011464820392292463,0.011399597379010806,627.8116333007813,660.4906506347656,623.1360497610011,635.0741565712235,0.01747756030305251,5,2,1
2022-05-25,665.0,667.9749755859375,661.5999755859375,664.4000244140625,628.9728393554688,12887112,0.007468004496757885,0.007440257011109291,627.1612518310546,660.037255859375,624.0340173909192,634.6222071478343,0.01759953657023117,5,2,2
2022-05-26,671.0750122070312,685.5,670.0,683.3499755859375,646.9122924804688,26992428,0.028521824795142425,0.028122649910178994,627.3961456298828,659.9042822265625,627.5537520200808,635.5325838391406,0.01847896074828109,5,2,3
2022-05-27,685.9000244140625,697.3499755859375,685.375,696.0250244140625,658.9115600585938,24031718,0.0185485230650293,0.018378597243589936,628.2590789794922,659.5831677246093,632.378030179852,637.2643598553964,0.01887330194040463,5,2,4
2022-05-30,705.125,710.25,699.2249755859375,700.7750244140625,663.4082641601562,12624674,0.00682444257187198,0.006801261469304539,629.036865234375,659.5255786132813,637.151912330668,639.2009453594526,0.01864467030690961,5,2,0
2022-05-31,697.9500122070312,702.4000244140625,690.0,694.4749755859375,657.4441528320312,13485388,-0.008990107073319709,-0.00903076193035168,629.0696014404297,659.1227111816406,640.2737954847239,640.552294061125,0.016538951307370688,5,2,1
2022-06-01,690.0,700.2249755859375,689.5750122070312,697.4249877929688,660.2368774414062,12091896,0.004247850706930789,0.004238854057733323,630.3579162597656,658.477177734375,643.345038862675,642.0104113485534,0.01485994631223131,6,2,2
2022-06-02,693.625,694.0,689.2999877929688,692.5499877929688,655.6218872070312,11475020,-0.006989900734202137,-0.007014444529672288,631.4868347167969,657.6789880371093,645.2337847618068,643.0186688195516,0.014878398131230078,6,2,3
2022-06-03,699.1500244140625,700.375,688.1500244140625,690.1500244140625,653.349853515625,6957244,-0.003465463456513329,-0.003471482083909422,633.3291595458984,656.7637670898438,646.4824107239326,643.7839417600015,0.014676696917058064,6,2,4
2022-06-06,688.1500244140625,693.5,680.3250122070312,689.2249755859375,652.4740600585938,6173266,-0.0013404662943118373,-0.0013413655229352003,635.0750549316406,655.9704650878906,647.4042029292651,644.427654226564,0.014433903263910948,6,2,0
2022-06-07,681.0,687.1500244140625,677.0499877929688,681.2999877929688,644.9716796875,10253966,-0.011498358065637149,-0.011564975336564897,635.9498626708985,655.3696154785156,647.0299685843781,644.4679524088555,0.014557340881368926,6,2,1
2022-06-08,686.6500244140625,690.5,678.5,683.7000122070312,647.2437133789062,5986588,0.0035226875271594515,0.0035164973964570733,636.7616394042968,654.9241638183594,647.062852398921,644.6735643325629,0.01454784746783475,6,2,2
2022-06-09,681.125,691.0250244140625,678.5750122070312,688.8499755859375,652.119140625,7311816,0.0075325988423151635,0.007504370486283805,638.5283782958984,654.5584411621094,647.8407428952409,645.2250885023732,0.014606419339473391,6,2,3
2022-06-10,680.0499877929688,683.9749755859375,671.7999877929688,675.5499877929688,639.5283203125,9155430,-0.019307546011351207,-0.01949637112896573,639.94248046875,653.7631005859375,646.5619086517423,644.8031056734937,0.015052087496244093,6,2,4
2022-06-13,661.7999877929688,665.0,654.1500244140625,663.2999877929688,627.9314575195312,10892572,-0.018133462466997652,-0.018299888689975712,640.4513153076172,652.5004699707031,643.6956854006329,643.5533539583854,0.015290375855478468,6,2,0
2022-06-14,655.625,663.0,652.5,656.0,621.020751953125,11870356,-0.011005509412930325,-0.011066518065467405,640.4039794921875,651.1613879394531,640.2072341010163,641.8842723283661,0.015136631264660357,6,2,1
2022-06-15,650.8250122070312,657.9000244140625,649.2000122070312,653.7249755859375,618.8670043945312,11810470,-0.0034680766332206847,-0.003474104351415218,640.2513214111328,649.4456176757812,636.9241218384801,640.1792895184525,0.013868442693268899,6,2,2
2022-06-16,655.0,660.2750244140625,639.0,640.6500244140625,606.4892578125,12169192,-0.020000656836020925,-0.020203377558581738,640.1152374267579,646.0711108398438,632.2418350652524,637.6837316143079,0.014306960201586356,6,2,3
2022-06-17,637.5,649.5,635.7999877929688,644.875,610.489013671875,14723922,0.006594932734342862,0.006573281306465114,639.3768310546875,643.2309289550781,628.895247158579,635.6693080630166,0.013579973012020524,6,2,4
2022-06-20,652.3499755859375,662.5,647.0750122070312,661.0750122070312,625.8251953125,15936840,0.025121142718659728,0.024810793624922542,639.8063903808594,641.234619140625,628.4229314899515,634.9401145259413,0.014346773818647489,6,2,0
2022-06-21,668.4500122070312,677.0,662.0250244140625,668.2750244140625,632.6412353515625,13220684,0.010891284163877302,0.010832401282834532,640.2229278564453,639.6937341308594,629.0719013148147,634.769827179691,0.014184027010485049,6,2,1
2022-06-22,666.125,668.4749755859375,661.5999755859375,665.125,629.6591796875,8159698,-0.0047136599662293,-0.00472480429554475,640.2572448730468,638.1128625488282,629.1622518336894,634.391260698788,0.014177483581106405,6,2,2
2022-06-23,665.25,674.0,659.25,667.5750122070312,631.9785766601562,15372244,0.003683575253849769,0.003676807505107257,639.5105590820312,636.7514990234375,629.5955325762228,634.212543362593,0.013531847633364595,6,2,3
2022-06-24,669.2750244140625,680.8250122070312,669.2750244140625,676.9000244140625,640.806396484375,8013432,0.013968542843448173,0.013871881850937145,638.6053009033203,635.5914916992188,631.3202808697847,634.7009769271694,0.013602569395691471,6,2,4
2022-06-27,685.0,688.0,676.0,678.125,641.9660034179688,9804164,0.0018096057404477506,0.0018079703765918054,637.5331878662109,634.7218481445312,632.9580843387361,635.239127037599,0.013496597259175668,6,2,0
2022-06-28,672.0,675.5,669.2000122070312,672.9500122070312,637.0669555664062,9770574,-0.00763131976690179,-0.007660587282520293,636.5143280029297,634.4046008300782,633.5902183737622,635.3745217434366,0.013553158682464265,6,2,1
2022-06-29,665.625,675.375,665.625,671.9749755859375,636.1438598632812,9994046,-0.0014489775290641438,-0.0014500283121674055,635.3096771240234,634.5672045898438,633.9830862952267,635.431509752314,0.013558844263821507,6,2,2
2022-06-30,668.0,677.0,668.0,674.0,638.06103515625,12475822,0.003013744867993884,0.003009212642626575,634.4316345214844,634.6549206542969,634.6104630430765,635.6262894118648,0.012952238100505931,6,2,3
2022-07-01,671.9749755859375,680.0,665.0250244140625,676.875,640.7826538085938,11472452,0.004265451896270811,0.004256380642513876,633.8032745361328,634.6094421386719,635.5600308531561,636.0082423301411,0.012098665053984652,7,3,4
2022-07-04,676.8499755859375,680.0999755859375,671.125,677.8250122070312,641.6819458007812,8487480,0.0014034274911194355,0.001402443607190278,633.2636688232421,634.7574096679688,636.5018639220215,636.4285166612997,0.011817899986760683,7,3,0
2022-07-05,682.0,689.6749877929688,674.1500244140625,676.2999877929688,640.2383422851562,14325718,-0.0022497181431893054,-0.0022522525609150455,633.027001953125,634.7815234375,637.0767067471191,636.7107259667705,0.011678087978821963,7,3,1
2022-07-06,674.0,686.7000122070312,673.5499877929688,685.625,649.0661010742188,15049078,0.013788238232584238,0.013694045324365701,633.1181213378907,634.9232360839844,638.9212289512883,637.6259389376927,0.011856203709590226,7,3,2
2022-07-07,690.0,699.0,687.2249755859375,697.9000244140625,660.6865844726562,17743142,0.01790338977679684,0.017745011637423033,633.5464935302734,635.2926794433594,642.269745185345,639.3341349032456,0.011147145371179246,7,3,3
2022-07-08,705.0,705.0,697.375,698.5499877929688,661.3018798828125,12474030,0.0009312969638204383,0.0009308635758574184,634.6351715087891,635.6856591796875,645.1977659080322,640.9613752721025,0.010629899919796544,7,3,4
2022-07-11,697.0,704.9500122070312,696.625,703.0750122070312,665.5856323242188,7462880,0.006477756334467566,0.0064568658380680585,636.5178802490234,636.0403210449218,648.3343607412917,642.785394313,0.01062260804578661,7,3,0
2022-07-12,702.625,702.625,694.7000122070312,695.9000244140625,658.7932739257812,9876974,-0.010205085669771186,-0.010257514555719839,638.4065063476562,636.0803979492188,649.9434243081363,643.971163173206,0.010660957906918976,7,3,1
2022-07-13,695.0,697.0999755859375,677.125,678.9249877929688,642.7233276367188,15945610,-0.024393002972390554,-0.02469544064107075,639.5993225097657,636.2454528808594,648.8326402048413,643.878730911244,0.011526155253432868,7,3,2
2022-07-14,681.0,686.3250122070312,674.625,675.5250244140625,639.504638671875,10372410,-0.0050078919286761225,-0.00502047344160865,641.2500915527344,636.3746752929687,647.3975630459233,643.5547240786982,0.011495277295746958,7,3,3
2022-07-15,676.5,682.4500122070312,673.4000244140625,681.0250244140625,644.71142578125,13595646,0.008141906711088831,0.008108940207886862,642.9612121582031,636.9388366699219,646.9843111590504,643.6404056862946,0.01159616310934342,7,3,4
2022-07-18,674.0,683.0499877929688,671.0250244140625,673.7750244140625,637.8480224609375,20332220,-0.01064569828585793,-0.01070276913257961,643.562353515625,637.3446740722657,645.5787282824176,643.2113402621941,0.011746258731135478,7,3,0
2022-07-19,668.5,679.2750244140625,668.5,674.0250244140625,638.0845947265625,15792538,0.00037089127393108434,0.0003708225107644588,643.834521484375,637.55685546875,644.4257846584399,642.8315813336287,0.011568148910733189,7,3,1
2022-07-20,679.9500122070312,685.5499877929688,677.625,682.5250244140625,646.1314086914062,20347862,0.01261088895006468,0.012532033952366368,644.6581329345703,637.8593200683594,644.6881883558193,643.0760129897603,0.011788418902047685,7,3,2
2022-07-21,680.2750244140625,684.75,679.0499877929688,680.375,644.0960083007812,12640278,-0.0031501338013381064,-0.003155105917454361,645.2640045166015,638.4055529785156,644.5970837319674,643.1515681979841,0.011714461056380668,7,3,3
2022-07-22,683.0,698.5,681.2000122070312,696.25,659.12451171875,12729592,0.023332706963385963,0.023064660842912314,646.1799102783203,639.3631176757813,646.8320726530108,644.3347491995224,0.01191952492404653,7,3,4
2022-07-25,697.5,702.2999877929688,691.6500244140625,698.2999877929688,661.065185546875,10143126,0.0029443205246069137,0.0029399945023150516,647.1348693847656,640.229326171875,649.02178232899,645.5740407808079,0.011356130859372794,7,3,0
2022-07-26,698.0,701.0,693.1500244140625,696.875,659.7162475585938,8527964,-0.002040552153968478,-0.0020426369170429824,648.267333984375,640.9843017578125,650.667084672006,646.6216116532364,0.011123720706196084,7,3,1
2022-07-27,694.4500122070312,703.0,692.125,702.2000122070312,664.7572631835938,9212778,0.007641187622186463,0.007612141618188922,649.6980041503906,641.8410437011719,652.8348044430195,647.9649932480778,0.011117685199934783,7,3,2
2022-07-28,707.5250244140625,712.0,705.5,708.4249877929688,670.6503295898438,17420406,0.008864989873186957,0.008825926544719804,651.3274688720703,643.0698315429687,655.5756544656078,649.6453885326531,0.01032908271660106,7,3,3
2022-07-29,719.0,719.2999877929688,707.6500244140625,717.0999755859375,678.8627319335938,20019736,0.012245431011377539,0.012171062224098377,653.2314727783203,644.141943359375,659.1582817683749,651.809636191982,0.01044010073450535,7,3,4
2022-08-01,719.5,724.2249755859375,715.0250244140625,723.0750122070312,684.5192260742188,13193036,0.008332309131941384,0.008297787077261597,655.3733367919922,645.4876477050781,663.0599655077355,654.2325687758514,0.009667987897371508,8,3,0
2022-08-02,721.0,722.2999877929688,711.5250244140625,715.125,676.9931030273438,15036510,-0.010994757722201598,-0.011055646789248108,657.2110748291016,646.5413000488281,665.2035251261367,655.9185342759619,0.009878398351347626,8,3,1
2022-08-03,712.4749755859375,717.875,708.5,716.7999877929688,678.5787963867188,10975498,0.002342259252397394,0.0023395204390349172,658.6867095947266,647.5334191894531,667.2612591662263,657.597072210092,0.00978903966285977,8,3,2
2022-08-04,720.0,723.3499755859375,706.4749755859375,715.9500122070312,677.7741088867188,12012206,-0.001185842387479208,-0.0011865460549106313,659.5410858154297,648.1506555175781,668.8786206616867,659.0916675194718,0.009809832165544697,8,3,3
2022-08-05,716.5,718.4749755859375,710.5750122070312,713.5250244140625,675.4783935546875,9268982,-0.003387139316670118,-0.0033928886592660616,660.2499114990235,648.4819921875,669.8939703375329,660.305499077636,0.009612702155690555,8,3,4
2022-08-08,714.0,732.25,713.5499877929688,731.0250244140625,692.0452270507812,15357736,0.024526074637134077,0.024230139458482396,661.5728912353516,649.0547314453125,673.301855985725,662.6565900386098,0.010469775342234422,8,3,0
2022-08-10,730.6749877929688,735.75,724.5250244140625,733.1500244140625,694.0570068359375,17353102,0.0029070062280895925,0.002902789056403929,663.3360778808594,649.7869885253906,676.494956116527,664.9825468384118,0.010291321950049122,8,3,2
2022-08-11,743.25,745.5,737.2750244140625,742.8499755859375,703.23974609375,18301766,0.013230525976064555,0.013143766974267996,666.3618988037109,650.6470458984375,680.609539189946,667.8164134499184,0.010424976341044744,8,3,3
2022-08-12,742.5,744.6500244140625,737.9749755859375,742.5750122070312,702.9794311523438,8850370,-0.0003701652855263582,-0.0003702338136073288,669.5356384277344,651.5941967773438,684.0510610303149,670.4210814278758,0.01044758713615187,8,3,4
2022-08-16,747.4000244140625,754.25,744.0250244140625,751.0750122070312,711.0261840820312,12563756,0.011446640645654593,0.011381623535875792,672.8513763427734,652.7477233886718,688.2010799613482,673.4288668096651,0.010552502576228131,8,3,1
2022-08-17,750.0,756.375,742.875,754.9500122070312,714.6945190429688,12384350,0.00515921219648674,0.005145949059907499,676.693701171875,653.9921325683594,692.2769936662129,676.4855817899098,0.010548717934374383,8,3,2
2022-08-18,750.0,756.9500122070312,749.8250122070312,755.8499755859375,715.5465698242188,8342138,0.001192188772331626,0.0011914786796175286,680.5667999267578,655.4036303710938,695.8569284597522,679.3789883109697,0.01050092268311351,8,3,3
2022-08-19,755.0,756.0,745.0,746.5250244140625,706.7188110351562,8063702,-0.012337084910114426,-0.012413818507906089,683.5961700439453,656.5931323242188,697.5279873175067,681.4041603646131,0.010722157792471185,8,3,4
2022-08-22,742.4000244140625,744.1749877929688,733.8499755859375,735.1749877929688,695.9739379882812,8234066,-0.015203887145916806,-0.015320651262165825,686.1900665283204,657.4702282714844,697.2889028053182,682.4834031515514,0.010827536967138441,8,3,0
2022-08-23,726.6500244140625,737.9749755859375,725.2000122070312,732.9000244140625,693.8203125,14966884,-0.003094405365962838,-0.0030992029378918554,687.9248565673828,658.5560681152343,696.755273527577,683.3231742143994,0.010863465302941912,8,3,1
2022-08-24,730.9500122070312,737.75,729.5999755859375,736.4249877929688,697.1573486328125,13455520,0.004809654708419098,0.004798125272835535,689.7294647216797,659.9405859375,696.8171312360747,684.3479278750226,0.01084219532053983,8,3,2
2022-08-25,739.9500122070312,743.4000244140625,728.5,732.4249877929688,693.3706665039062,11823040,-0.0054316032619210475,-0.005446408052419931,691.4121856689453,661.3875842285156,696.2869058926642,685.0162788845695,0.010696986961154575,8,3,3
2022-08-26,736.0250244140625,740.9000244140625,730.5999755859375,732.5499877929688,693.4889526367188,7706176,0.00017059581336043017,0.0001705812635493965,692.8487701416016,662.8800231933594,695.8564515455957,685.6438843476917,0.009498970748695008,8,3,4
2022-08-29,718.5,723.0,714.2999877929688,719.7000122070312,681.3240966796875,8653178,-0.017541528110547655,-0.017697203929024324,693.3824584960937,664.3767199707031,693.6207046431483,685.3239000759877,0.010100806903452315,8,3,0
2022-08-30,723.2249755859375,744.9749755859375,721.5499877929688,743.0499877929688,703.4290771484375,10135400,0.03244414893950576,0.03192895135317139,694.6107757568359,666.2355212402343,695.1296850285775,686.6650243035765,0.011477539113056491,8,3,1
2022-09-01,732.375,744.7249755859375,729.5,736.0750122070312,696.8259887695312,22403136,-0.009386999476441726,-0.009431335026010717,695.2261138916016,667.655537109375,695.3906548348781,687.4176883380916,0.011428233640458725,9,3,3
2022-09-02,736.0750122070312,745.25,732.5999755859375,742.75,703.1450805664062,12038086,0.009068392825062999,0.009027521854365688,696.5337127685547,669.0656140136718,696.5836434089593,688.5826803550037,0.011469094424657596,9,3,4
2022-09-05,743.0499877929688,749.5,742.0499877929688,747.5250244140625,707.6654663085938,12131932,0.006428809455007789,0.0064082328013426535,697.9880462646485,670.6257397460937,698.2885392396723,689.9962200552696,0.011351053523484356,9,3,0
2022-09-06,749.4500122070312,753.3250122070312,743.2249755859375,744.6749877929688,704.9674072265625,12238696,-0.0038126193950160925,-0.0038199059548242073,699.3477111816406,672.0855163574219,699.3160573915015,691.1051968827728,0.011364266302000934,9,3,1
2022-09-07,735.6500244140625,745.0,735.6500244140625,741.1500244140625,701.63037109375,9776206,-0.0047336034242219105,-0.004744842406192597,700.6553100585937,673.3019958496094,699.672105653386,691.8848394169192,0.010779427335631564,9,3,2
2022-09-08,745.0499877929688,750.0,741.0750122070312,748.7999877929688,708.8724975585938,11164690,0.01032185430279231,0.010268947715951247,701.4966735839844,674.6401257324219,701.0875505618795,693.1431844644507,0.010882048793709288,9,3,3
2022-09-09,748.0999755859375,754.5,747.0250244140625,749.2999877929688,709.3457641601562,15128888,0.0006676329004051684,0.0006674101327061656,702.2611114501954,676.0857019042969,702.3580449616144,694.3433755530215,0.010855252859553622,9,3,4
2022-09-12,750.0,752.0,745.0,746.7750244140625,706.9554443359375,11080492,-0.003369752728486053,-0.0033754431323104006,702.4468963623046,677.50193359375,703.0653371730488,695.2776028702746,0.010860780531926425,9,3,0
2022-09-13,749.4500122070312,757.9500122070312,749.2750244140625,756.5499877929688,716.209228515625,13001966,0.0130896285668749,0.01300469970091453,703.1083862304688,679.0648974609375,705.0874743026759,696.8280936588191,0.010978136810313002,9,3,1
2022-09-14,747.0250244140625,769.4500122070312,746.1749877929688,764.3250122070312,723.5696411132812,20219760,0.01027690276053983,0.01022445442691723,703.7355590820313,680.7206372070312,707.9308845812307,698.8089490258163,0.010922079553446202,9,3,2
2022-09-15,765.0,770.4749755859375,756.0,760.3499755859375,719.8065795898438,13539372,-0.005200690174960498,-0.005214260835758293,703.991162109375,682.2831298828125,709.7579145825557,700.3643290675961,0.010938905796969491,9,3,3
2022-09-16,751.5499877929688,757.3499755859375,741.5,746.375,706.5767211914062,20560046,-0.01837974085479477,-0.018550746897431233,703.5426696777344,683.6098974609375,709.2685002146866,700.8245062619525,0.011311969771693122,9,3,4
2022-09-19,744.5,757.0,740.0,751.2999877929688,711.2391357421875,12076038,0.006598596317919592,0.006576920880628119,703.768685913086,684.8533581542969,709.5716749112252,701.5959602975254,0.011349680026221168,9,3,0
2022-09-20,757.0,762.0,754.9500122070312,760.3499755859375,719.8065795898438,10781668,0.012045799249665867,0.011973826016803142,704.960317993164,686.0357580566406,711.1462756310126,702.9448950599194,0.01149267145670193,9,3,1
2022-09-21,754.0,760.75,752.5,759.1749877929688,718.6942138671875,9072304,-0.0015453675392771427,-0.0015465628513158707,706.2040130615235,687.1836047363281,712.3074968981164,704.1115112678652,0.011467400017955995,9,3,2
2022-09-22,751.0,755.0750122070312,741.375,743.0,703.3817749023438,12048144,-0.021305916576745187,-0.021536163911177703,706.515234375,687.9395275878907,710.9343088987667,704.057456722271,0.011434081674807443,9,3,3
2022-09-23,736.1749877929688,737.5,718.5,723.0750122070312,684.5192260742188,15806252,-0.02681694280569591,-0.027183077601313964,706.0726623535156,688.4540466308594,706.8704500026824,702.6101803779709,0.012468733754927408,9,3,4
2022-09-26,712.6749877929688,718.2249755859375,709.0,713.3250122070312,675.2891235351562,8923486,-0.013484066170059261,-0.013575801769582101,705.1626708984375,689.1053625488281,702.0117843922937,700.5863983896143,0.012416578726573512,9,3,0
2022-09-27,716.2000122070312,720.0,703.5,706.9249877929688,669.2303466796875,12639700,-0.008972122672065153,-0.009012614545347266,704.5579833984375,689.6998767089843,696.9684862826621,698.2637278925827,0.012494007519887409,9,3,1
2022-09-28,703.0,705.2999877929688,692.9500122070312,694.7750244140625,657.728271484375,11816132,-0.017187019764388745,-0.017336431019388126,702.2729431152344,689.9602136230469,690.9315301598486,695.2611014919747,0.012559409457881083,9,3,2
2022-09-29,698.1500244140625,701.0999755859375,689.4000244140625,691.1749877929688,654.3201293945312,14410388,-0.005181687085081821,-0.005195158582479007,700.1476501464844,690.2896557617188,685.2990069651844,692.2284368921642,0.012483122841265248,9,3,3
2022-09-30,689.4000244140625,715.7249755859375,682.5,710.6749877929688,672.7803344726562,15781756,0.028212803257645414,0.027822152669934708,698.6294128417969,690.9835705566406,683.3730573509494,690.7878367129413,0.013701134693648595,9,3,4
2022-10-03,704.9749755859375,708.9249877929688,700.5499877929688,706.5999755859375,668.922607421875,11541112,-0.005734006856495055,-0.005750509387798064,696.692269897461,691.43939453125,681.1499112080148,689.1681900987883,0.013581223921737207,10,4,0
2022-10-04,714.75,729.0,713.0750122070312,726.5,687.7615966796875,11538526,0.028163182181001112,0.02777389196566146,695.8319793701172,692.3127062988282,682.1670935882722,689.0639979936698,0.014383191698581226,10,4,1
2022-10-06,729.9749755859375,731.2999877929688,717.0999755859375,718.5,680.1881103515625,12549198,-0.011011790080585504,-0.011072868644422005,694.7598663330078,692.7339782714844,681.8626346287784,688.4065248349951,0.014508401189679842,10,4,3
2022-10-07,715.125,717.4749755859375,710.1749877929688,715.4000244140625,677.25341796875,13297994,-0.004314530551402407,-0.004323864997185311,693.1789123535157,693.0577429199219,681.1535243733894,687.5803687708288,0.014487577648760977,10,4,4
2022-10-10,704.0,713.0,699.0999755859375,707.5,669.7745971679688,13109302,-0.011042869038907277,-0.011104294142065428,691.2003540039062,693.2589099121094,679.40292018794,686.2614227261726,0.014584478636408093,10,4,0
2022-10-11,700.5499877929688,708.5,699.7249755859375,700.3250122070312,662.9822387695312,14521620,-0.010141260100275273,-0.010193033004230617,689.0016937255859,693.2234094238281,676.8766615081847,684.5370387293842,0.014675921578069453,10,4,1
2022-10-12,701.5999755859375,707.4249877929688,698.6500244140625,704.9000244140625,667.3132934570312,9225050,0.0065326858462124715,0.0065114403306862235,686.5568969726562,693.1566687011718,675.4053741156996,683.2612057462469,0.014418508282950878,10,4,2
2022-10-13,701.0250244140625,703.125,692.0,696.7999877929688,659.645263671875,14714234,-0.011490899192839188,-0.011557429729819583,683.3606781005859,692.7723193359375,672.9807417397266,681.5118767037009,0.013120046616414003,10,4,3
2022-10-14,708.5,723.5,707.625,719.5,681.1348266601562,12849920,0.0325774536281227,0.032058058659977635,681.4270904541015,692.7046313476562,674.2352163428696,681.4839470708457,0.014478327120234145,10,4,4
2022-10-17,717.5,728.7999877929688,713.5,723.2750244140625,684.7085571289062,18410500,0.005246729911423387,0.005233013779682619,680.3336822509766,692.8589404296876,675.8464995407214,681.7228070751465,0.014406431417522727,10,4,0
2022-10-18,729.0250244140625,731.4500122070312,720.0,721.9249877929688,683.4304809570312,10561108,-0.0018665988011514756,-0.001868343067595442,678.9432495117187,692.9559741210937,677.0132659124614,681.8493014367676,0.014342657202075362,10,4,1
2022-10-19,732.0,738.7000122070312,726.7000122070312,729.3250122070312,690.4358520507812,12967040,0.01025030531845772,0.010198127197095926,677.4747131347656,693.209208984375,679.0782791645106,682.4853422229909,0.014478820594938024,10,4,2
2022-10-20,722.0,726.4500122070312,721.25,724.4000244140625,685.7735595703125,7898078,-0.006752680160829527,-0.0067755826659291795,675.8286804199219,693.4151123046875,680.1083223038647,682.7289138783481,0.014503402205671624,10,4,3
2022-10-21,726.0,728.8250122070312,717.0,719.2999877929688,680.9454345703125,10492606,-0.007040407044892727,-0.0070653076530112924,674.7068634033203,693.1931164550781,680.2371088063951,682.5968042999751,0.014396066465466394,10,4,4
2022-10-24,727.1500244140625,731.5,727.1500244140625,730.5250244140625,691.572021484375,2167794,0.01560563647918145,0.015485120733715737,675.0595031738281,693.1434167480469,681.9809415260843,683.2616352025233,0.014719012053302468,10,4,0
2022-10-25,730.5499877929688,733.9000244140625,722.5,725.4500122070312,686.7675170898438,13773394,-0.006947222046691515,-0.006971466346044033,675.6334228515625,692.8139721679687,682.7173377666627,683.5213301571396,0.014755487983834612,10,4,1
2022-10-27,732.25,733.6749877929688,725.625,727.2000122070312,688.4241943359375,15937276,0.002412282475318328,0.002409377592608505,676.593115234375,692.5228674316406,683.5953157003974,683.884505281495,0.014534515865990884,10,4,3
2022-10-28,725.0,733.5,723.7000122070312,729.3499755859375,690.4595947265625,10474278,0.002956607869641248,0.0029522457006275465,678.2296813964844,692.1115356445313,684.6513586274996,684.3715489440925,0.014395693144174132,10,4,4
2022-10-31,736.0,749.0,733.625,748.3499755859375,708.4464111328125,12830528,0.02605049816618621,0.02571696402294948,680.9359954833984,691.9865734863281,688.3121359360093,686.1548720691829,0.01522266034890556,10,4,0
2022-11-01,751.75,764.5,749.4500122070312,756.625,716.2802124023438,19073756,0.01105771889930951,0.010997029308126925,683.1109893798828,692.0012463378906,692.6149169308301,688.3863787605281,0.014971673281277277,11,4,1
2022-11-02,758.5,764.125,755.7999877929688,757.0999755859375,716.7298583984375,12720406,0.000627751525601461,0.0006275545720334716,685.501351928711,692.2014672851562,696.3249079258466,690.4858957707437,0.014928288839468352,11,4,2
2022-11-03,748.8499755859375,760.125,748.5,753.7750244140625,713.582275390625,10332352,-0.004391589063759582,-0.004401260416469931,686.7923858642578,692.5536340332031,698.9798875358125,692.1967387055498,0.01478569660648459,11,4,3
2022-11-04,751.5999755859375,758.0499877929688,744.7999877929688,748.5750122070312,708.659423828125,10818060,-0.006898786211870456,-0.006922692852113491,688.215951538086,692.8504162597657,700.469046965399,693.4161968627776,0.014834910916881688,11,4,4
2022-11-07,755.0,756.0,746.0499877929688,754.4000244140625,714.1739501953125,9835834,0.007781631319313309,0.007751510584377303,690.061978149414,693.1907482910157,702.5774936161549,694.9538082207431,0.014361926400012047,11,4,0
2022-11-09,757.5250244140625,758.9749755859375,752.0,754.1749877929688,713.9608154296875,9269790,-0.0002984353679754692,-0.0002984799086717984,692.2712890625,693.6025512695312,704.32877389516,696.3617346806649,0.013399698078172187,11,4,2
2022-11-10,748.5499877929688,763.5,747.5250244140625,762.375,721.7236938476562,12774182,0.010872975449355504,0.010814289661328472,695.2083618164063,694.16724609375,707.0049154263132,698.2403983226643,0.013197460619475866,11,4,3
2022-11-11,772.5,818.5,769.0,805.5750122070312,762.6200561523438,56722338,0.056664846468682084,0.05511757663475245,699.9736999511719,695.7931652832032,715.5610909226256,703.0092618656035,0.01633227250864378,11,4,4
2022-11-14,806.0,814.0,799.0,807.5250244140625,764.4661865234375,19195390,0.00242077343258984,0.0024178480807087897,705.21474609375,697.0139074707031,723.0849517842889,707.5616266550728,0.015819135298771117,11,4,0
2022-11-15,811.5750122070312,811.5750122070312,802.625,809.5,766.3358764648438,11030202,0.002445745769226182,0.0024427598006646653,709.4747985839844,698.4041052246093,729.7389401966819,711.9152747891299,0.015708362741979103,11,4,1
2022-11-16,809.3250122070312,821.0,806.0,816.4500122070312,772.915283203125,13578150,0.00858553923983374,0.008548893099678313,713.8851348876954,699.7995092773438,736.3814545053655,716.4337939309072,0.015123220908411754,11,4,2
2022-11-17,809.0499877929688,815.7750244140625,806.9500122070312,809.0750122070312,765.9334716796875,12100930,-0.009033087681360574,-0.009074133384481571,718.0102844238281,700.9648693847656,740.9279186860304,720.1004367271132,0.01521376363213772,11,4,3
2022-11-18,810.5,811.5,802.625,806.9500122070312,763.9218139648438,10459232,-0.0026264131144865255,-0.002629868188370667,721.6845825195312,702.1439575195312,744.465441036617,723.3464646706487,0.014597821350425071,11,4,4
2022-11-21,803.8250122070312,806.0,795.0999755859375,798.6749877929688,756.0880126953125,8344816,-0.01025471602764283,-0.010307657874784135,725.2003051757813,703.2331103515625,746.2535289841087,725.7717645243275,0.01457230859789626,11,4,0
2022-11-22,800.0,802.1749877929688,795.5,797.5,754.9757080078125,8546314,-0.0014711312292001733,-0.0014722144052066416,728.9018188476563,704.1551745605469,747.5954026800631,727.9350195971782,0.014528014120135373,11,4,1
2022-11-23,802.5,802.5,797.0,799.5750122070312,756.9400634765625,10185738,0.0026018790378479206,0.0025985000105286046,732.1702209472656,705.107060546875,749.0330428026015,730.0835413660214,0.014260776357482342,11,4,2
2022-11-24,802.9749755859375,816.0,799.5750122070312,812.5750122070312,769.246826171875,17197960,0.016258569587119798,0.01612781440238094,736.2941864013671,706.3528881835938,752.1428556286435,732.9845254257143,0.014160590274850544,11,4,3
2022-11-25,814.8499755859375,815.8499755859375,807.0499877929688,808.8250122070312,765.69677734375,8410496,-0.004614967143630189,-0.004625648981388918,740.1578155517578,707.3426391601563,754.2280743540446,735.4076551974207,0.014266549683403469,11,4,4
2022-11-28,801.4500122070312,803.7249755859375,797.0250244140625,800.125,757.460693359375,16105980,-0.010756325778131792,-0.010814593256261742,743.5078704833984,708.0204602050782,754.7254003548646,737.0412135797877,0.014238421528705449,11,4,0
2022-11-29,798.625,806.1749877929688,796.4249877929688,798.9249877929688,756.3247680664062,12638236,-0.0014996491605799855,-0.0015007747598591557,745.9017883300781,708.7508239746094,754.971456925871,738.469625023241,0.013265039817617718,11,4,1
2022-11-30,798.5499877929688,806.4500122070312,798.5499877929688,804.2249755859375,761.342041015625,15184806,0.006633754652840107,0.006611848130736271,748.1548797607422,709.8461303710938,755.9515467858332,740.1638780597139,0.013273465386971902,11,4,2
2022-12-01,811.0,818.5,807.5,809.75,766.5724487304688,20446366,0.0068699840979047355,0.006846493283463984,750.6470092773437,710.9527966308593,757.5855317003925,742.1200684797698,0.013244615491430776,12,4,3
2022-12-02,805.0,809.2999877929688,802.5750122070312,803.5499877929688,760.7030639648438,7811078,-0.007656660209149679,-0.007686122918918525,753.0030487060546,711.7707263183594,758.0651520487696,743.4965866638494,0.01335242048849077,12,4,4
2022-12-05,804.9749755859375,807.2999877929688,798.0999755859375,806.4749755859375,763.4721069335938,11592622,0.003640110182174805,0.003633501014981011,755.7436828613281,712.6662841796875,758.8969912618195,744.9762548319786,0.013216195974681986,12,4,0
2022-12-06,800.5,806.8499755859375,800.0,805.5750122070312,762.6200561523438,12353092,-0.001116020838891174,-0.001116644053871346,758.1659881591797,713.8510498046875,759.4697704757463,746.2832030779316,0.013094393629309113,12,4,1
2022-12-07,807.0750122070312,809.2999877929688,802.2249755859375,805.2249755859375,762.2887573242188,11674720,-0.00043442186637010494,-0.0004345162548863753,760.5823852539063,715.4064404296874,759.9034607601267,747.4687996887677,0.012924804900332803,12,4,2
2022-12-08,805.0,813.0,802.5,809.75,766.5724487304688,14803634,0.005619512770051349,0.005603782212695223,762.8248229980469,717.2321069335937,760.9294589094101,748.8838848029678,0.0127831233919916,12,4,3
2022-12-09,813.0,817.4249877929688,810.0,815.5250244140625,772.03955078125,11963384,0.007131879132670882,0.007106567557498902,763.2957977294922,719.288291015625,762.6387038127701,750.5991193198777,0.012795150706271727,12,4,4
2022-12-12,812.5,826.7999877929688,810.7000122070312,821.875,778.0509643554688,14434808,0.007786406238042609,0.007756248622131757,763.9750366210938,721.6947448730468,765.0098208193392,752.632589322514,0.012813171037975296,12,4,0
2022-12-13,825.0,828.5,822.5,824.1500244140625,780.2047119140625,17031702,0.002768131725635614,0.002764307504683047,764.6684783935547,724.2124365234375,767.3474963723736,754.6749687737399,0.01212217620648719,12,4,1
2022-12-14,826.5,832.75,825.0,831.125,786.8076782226562,14227640,0.008463120265442603,0.008427508844554319,765.3630981445312,726.4929833984374,770.3413705031862,757.0551694736596,0.012074009472292946,12,4,2
2022-12-15,828.5250244140625,834.7000122070312,813.5250244140625,815.9000244140625,772.3946533203125,18182648,-0.01831835822306893,-0.018488216899658596,765.6861572265625,728.5624243164062,770.6572601673595,758.1914275363746,0.012693033155382526,12,4,3
2022-12-16,810.0250244140625,822.5499877929688,804.5,819.8250122070312,776.1102905273438,14647958,0.004810542371129545,0.004799008686240453,766.2955810546875,730.3293981933593,771.4961879150493,759.5187507208908,0.01262996944493981,12,4,4
2022-12-19,822.0,823.3250122070312,813.0999755859375,822.375,778.5242919921875,9604542,0.003110384560425672,0.003105557321491562,767.4173950195312,732.2961218261719,772.5774346961475,760.9265685928386,0.012494236482298757,12,4,0
2022-12-20,810.0999755859375,818.2000122070312,810.0999755859375,816.7000122070312,773.1519165039062,7174698,-0.006900716578199129,-0.006924636630026532,768.326205444336,734.214091796875,772.6658165127258,761.8321499195844,0.012596246383147467,12,4,1
2022-12-21,820.5,822.4000244140625,803.2750244140625,808.7999877929688,765.6731567382812,9269198,-0.009673079256458439,-0.00972016739183285,768.7628601074218,736.1320629882813,771.5900227012727,762.1166689431915,0.012788612649885529,12,4,2
2022-12-22,811.0999755859375,813.75,804.5,806.0250244140625,763.046142578125,9747096,-0.003430986364138966,-0.003436885695402965,768.4528259277344,738.1333410644531,770.2755796054038,762.1855188420755,0.012728751231671318,12,4,3
2022-12-23,793.5,802.0750122070312,792.7249755859375,798.8250122070312,756.2301025390625,10693152,-0.008932670855307578,-0.00897280634982371,767.9794921875,739.9116772460937,768.1147369798127,761.7443768937042,0.00760629719138619,12,4,4
2022-12-26,799.75,819.5,795.0,814.7249755859375,771.2821655273438,9907322,0.019904078054739704,0.019708581751231868,768.6705657958985,742.1444152832031,768.6020336794329,762.4508797554552,0.008442027159189604,12,4,0
2022-12-27,816.5,817.9749755859375,806.75,815.5499877929688,772.063232421875,7926772,0.0010126863156458832,0.0010121738947774903,769.4574890136719,743.9629833984375,769.1345257936548,763.1629058788938,0.008433694891256838,12,4,1
2022-12-28,811.5499877929688,816.5,811.5499877929688,814.9000244140625,771.4478149414062,8691870,-0.0007971076132433641,-0.0007974254724401247,769.962777709961,745.6977685546875,769.4904164317704,763.7766028464872,0.008287883104359545,12,4,2
2022-12-29,810.0499877929688,821.75,805.5,820.6500244140625,776.891357421875,11012896,0.007056267935481975,0.007031488973271819,770.4787231445313,747.5669860839844,770.6290227379403,764.7480661483678,0.0082053757261257,12,4,3
2022-12-30,822.5,822.5,810.0,814.0750122070312,770.6668090820312,7122640,-0.008012122004420252,-0.00804439153444658,770.9769104003906,749.1716052246094,770.6348360216466,765.1864915508614,0.008334180819072801,12,4,4
2023-01-02,813.5,819.875,809.2750244140625,814.3499755859375,770.9271850585938,4381378,0.0003378580386415031,0.00033780097746638845,771.3496643066406,750.874677734375,770.6798127965616,765.6117281069897,0.008091276814608552,1,1,0
2023-01-03,811.0999755859375,821.5,811.0999755859375,819.6749877929688,775.96826171875,8378030,0.006538978982526311,0.006517692603194758,772.0170745849609,752.7751342773438,771.4934203230521,766.378878744898,0.008149805219682778,1,1,1
2023-01-04,817.5,822.875,803.5,805.0250244140625,762.0994873046875,10351600,-0.017872862974245285,-0.01803451156818808,772.0076110839843,754.18568359375,770.0481998586882,766.0618867863639,0.008834928731902822,1,1,2
2023-01-05,807.5,809.0250244140625,794.7000122070312,799.8499755859375,757.2003173828125,10941436,-0.00642851754067153,-0.006449269443345023,771.5390045166016,755.5943395996094,768.0716025547074,765.4054742379526,0.00837780173501098,1,1,3
2023-01-06,801.0,804.5499877929688,789.0999755859375,797.2000122070312,754.6917724609375,9092462,-0.0033129211178166695,-0.0033184209914408937,770.6716156005859,756.9196911621094,766.0131671556659,764.6118666989145,0.008359057836379523,1,1,4
2023-01-09,798.0,805.7750244140625,795.0,798.75,756.1591186523438,10729340,0.0019442986460835865,0.0019424109439128171,769.5770233154296,758.233681640625,764.4971596936164,763.9857372139834,0.008137698765083554,1,1,0
2023-01-10,800.0,800.0,782.5,784.1500244140625,742.3375244140625,16371766,-0.01827868486584494,-0.018447804046973677,767.6836639404297,758.91150390625,761.0879850352234,762.3821658954707,0.008792769207105701,1,1,1
2023-01-11,783.9749755859375,799.0,780.0,795.4500122070312,753.0350341796875,15195798,0.01441057391523981,0.014307728458838955,765.9950317382812,759.6466003417969,759.8490695189871,761.6897857683756,0.009121413049768488,1,1,2
2023-01-12,793.9000244140625,801.9500122070312,792.0750122070312,799.7000122070312,757.058349609375,9250070,0.005342799799574083,0.005328577679528072,765.2282165527344,760.4531701660156,759.4197279944315,761.3467164232644,0.009084056646677396,1,1,3
2023-01-13,799.375,804.9500122070312,793.0,800.3250122070312,757.6500854492188,9244546,0.0007816251417729347,0.0007813198319233537,764.3052062988281,761.3345263671876,759.147475295168,761.0728919066685,0.008980909415185747,1,1,4
2023-01-16,807.5,810.6500244140625,790.1500244140625,792.6500244140625,750.3843383789062,14748094,-0.009589845246311235,-0.009636123920111293,762.8982086181641,762.1690246582032,757.7993003849739,760.2811472009083,0.009114998293348895,1,1,0
2023-01-17,794.9000244140625,805.5,788.75,804.4500122070312,761.55517578125,10786354,0.014886821100873027,0.0147770999719019,762.3183715820312,763.1166491699219,758.3771273690163,760.375519688341,0.009538311786456916,1,1,1
2023-01-18,802.5,820.7999877929688,799.8499755859375,818.6500244140625,774.9979858398438,19090642,0.017651787403064167,0.01749780401776757,762.7846130371094,764.337392578125,760.9341825183743,761.4586653291931,0.010066995531221317,1,1,2
2023-01-19,818.5,825.0,816.5,822.0499877929688,778.2166137695312,11172162,0.004153079089876055,0.004144478860312294,763.5431365966797,765.4672509765625,763.5930180954754,762.6999948432922,0.010045320954444277,1,1,3
2023-01-20,822.0499877929688,834.5,821.7000122070312,830.4749755859375,786.1923828125,18843404,0.010248777656307828,0.010196615033925188,765.0412506103515,765.9386975097656,767.0698434365561,764.4401717299002,0.010131477087652264,1,1,4
2023-01-23,833.125,841.2999877929688,830.7000122070312,836.5499877929688,791.9434814453125,15444400,0.007315128915696967,0.007288503128699748,766.07431640625,766.4882434082032,770.8965569763648,766.4774539310419,0.010120398137176502,1,1,0
2023-01-24,837.5250244140625,851.2000122070312,837.5,847.75,802.5462646484375,24983940,0.013388307943105637,0.013299476538117994,767.5984680175782,767.212451171875,775.7657427720683,769.149217687886,0.010379837620311359,1,1,1
2023-01-25,845.7000122070312,846.4749755859375,822.6500244140625,824.3250122070312,780.370361328125,14704142,-0.027631931387814612,-0.028020874787909288,768.0445953369141,767.361552734375,776.4741456268462,769.9804135130889,0.011514146805466715,1,1,2
2023-01-27,816.0,818.5,794.9749755859375,807.9000244140625,764.8211059570312,35179948,-0.01992548172207642,-0.02012667114923647,767.4410827636718,767.3393054199219,774.6813702930285,769.5982425830106,0.011604688010406703,1,1,4
2023-01-30,797.5,812.6500244140625,791.0,807.0750122070312,764.0401000976562,18512822,-0.001021161488996447,-0.0010216832296076066,767.1097473144531,767.3416711425781,773.0442518014329,769.1865283248362,0.011565546250297475,1,1,0
2023-01-31,809.8499755859375,811.3499755859375,797.5,801.75,758.9990234375,18596244,-0.006597921574419852,-0.006619784076748934,766.5133392333985,767.3998913574219,770.883447437751,768.4318983331817,0.011598048955733263,1,1,1
2023-02-01,812.0,832.5,803.0,813.7750244140625,770.3828735351562,17302790,0.01499850427487881,0.01488713887185582,766.2340698242188,767.7080346679687,770.8064360681211,768.5764150148094,0.011885209156565338,2,1,2
2023-02-02,804.0499877929688,812.25,794.375,801.6749877929688,758.9280395507812,17497106,-0.014869014327655972,-0.01498066627314061,766.0754974365234,767.7477941894531,768.9789904500687,767.8617205359925,0.012066733452195477,2,1,3
2023-02-03,805.5,830.25,803.5,829.4000244140625,785.1748046875,14411100,0.034583997123435406,0.03399941077331122,767.4742218017578,768.0663537597657,771.4706541789043,769.1441712138819,0.013615078740746158,2,1,4
2023-02-06,830.0,834.7000122070312,823.0999755859375,825.875,781.8377075195312,11167672,-0.0042501327704942415,-0.004259190257569579,768.8315185546875,768.3891723632812,773.0655854620777,770.0844331624485,0.013523306237718056,2,1,0
2023-02-07,829.7000122070312,832.4500122070312,816.2999877929688,827.0999755859375,782.997314453125,10264588,0.001483181128821176,0.0014820823020626208,770.1734283447265,768.8999047851562,774.5935437683927,771.0409428876837,0.013054794003522534,2,1,1
2023-02-08,827.125,834.0999755859375,825.0,827.0,782.9026489257812,8444826,-0.00012090147130305873,-0.00012090878047507271,772.2016845703125,769.4314624023438,775.8718676387601,771.9195877793948,0.01305515364737555,2,1,2
2023-02-09,830.0,830.8250122070312,817.7750244140625,825.2750244140625,781.2696533203125,11777336,-0.002085822046597241,-0.002088000403038639,773.6134155273437,769.8300146484376,776.7022962051528,772.6121852268701,0.013061847737977332,2,1,3
2023-02-10,824.4000244140625,829.25,821.0999755859375,828.5499877929688,784.3700561523438,8172116,0.003968415794540103,0.003960562402740483,774.9790008544921,770.185966796875,777.8819515816438,773.483138628757,0.013020537117767642,2,1,4
2023-02-13,827.5,830.875,822.2750244140625,829.1749877929688,784.961669921875,5736944,0.0007542533844717703,0.0007539690783380371,776.344580078125,770.6711389160156,778.9711390186025,774.3334002060251,0.012923215887289265,2,1,0
2023-02-14,832.5,838.75,828.9749755859375,836.8499755859375,792.2274169921875,10908592,0.0092561807139393,0.009213604798486912,778.436734008789,771.2462451171875,781.0105663991541,775.658882930926,0.01301698974325167,2,1,1
2023-02-15,839.0,839.0,828.375,835.1500244140625,790.6181030273438,11438712,-0.0020313787813022177,-0.0020334448296040566,779.8898803710938,771.8062060546876,782.4886489573371,776.7669733084384,0.012985031333016537,2,1,2
2023-02-16,836.5999755859375,840.9500122070312,830.5,832.125,787.7545166015625,8062500,-0.00362195909101537,-0.0036285342663225184,780.5277069091796,772.3155212402344,783.2987824410641,777.5808654042254,0.012534827343463126,2,1,3
2023-02-17,830.5,834.0750122070312,821.4749755859375,827.9500122070312,783.8021240234375,8956270,-0.005017289643956535,-0.005029918501107351,780.806982421875,772.6601147460938,783.376219607583,778.0416993760189,0.012507908229427293,2,1,4
2023-02-20,830.0,834.7249755859375,817.4000244140625,820.1749877929688,776.4415893554688,8086706,-0.009390807248882416,-0.009435178888101118,780.3194427490234,772.7481555175781,782.3093534149501,777.92317270783,0.01263258266931932,2,1,0
2023-02-21,820.0,831.1749877929688,817.0,823.25,779.3526611328125,12389296,0.0037492476153424548,0.003742236704797486,779.6899017333984,772.774189453125,781.8544776792367,778.0290607393101,0.01264140948487969,2,1,1
2023-02-22,819.5,820.9749755859375,804.5250244140625,807.0999755859375,764.0638427734375,10359102,-0.019617330025090585,-0.019812303968590954,777.7657806396485,772.4513720703125,779.1174569244984,776.9946001492455,0.012714267525290784,2,1,2
2023-02-23,806.5,809.4249877929688,796.0499877929688,801.625,758.8807373046875,27882010,-0.006783602597835392,-0.006806715816502204,776.6912994384766,771.8928332519531,776.0041154445274,775.65283253113,0.01253325394244886,2,1,3
2023-02-24,808.9500122070312,808.9500122070312,792.5999755859375,794.4749755859375,752.1119995117188,17061740,-0.008919369619275419,-0.00895938531738419,776.0558441162109,771.4871801757813,772.3284053010184,773.9090671222847,0.012606970945699755,2,1,4
2023-02-27,792.9500122070312,799.5,788.6500244140625,796.4500122070312,753.9817504882812,14312972,0.0024860007256584105,0.0024829157376515614,775.5529266357422,771.044609375,769.5058430221358,772.4329695938401,0.012615113598591597,2,1,0
2023-02-28,796.0,802.6500244140625,794.3499755859375,799.7999877929688,757.153076171875,18993992,0.004206104035727742,0.00419728310599656,775.4606292724609,770.6171850585938,767.6054173528648,771.3011256366575,0.012507679163515476,2,1,1
2023-03-01,806.0,806.5,797.875,799.0250244140625,756.4193725585938,14137256,-0.0009690294292811208,-0.0009694992418311738,774.7624542236329,770.2825341796874,765.8844873845154,770.1987735568009,0.012204645437469125,3,1,2
2023-03-02,797.0,802.9749755859375,791.0,792.2249755859375,749.9819946289062,17391814,-0.008510329273975437,-0.008546748902044425,774.315151977539,769.9687109375,763.4379500374986,768.7012343769568,0.01181704182750731,3,1,3
2023-03-03,798.0,810.0,794.0,807.9500122070312,764.8684692382812,14986234,0.019849109333272663,0.019654684326955024,773.2998352050781,770.0051574707031,763.6580299145421,768.417325848166,0.012387923660194795,3,1,4
2023-03-06,810.0,819.7249755859375,809.0250244140625,813.6500244140625,770.2646484375,27004710,0.007055042031727021,0.007030271658470113,772.7211822509765,770.2858483886719,764.674432764228,768.5541645584871,0.012305795005529323,3,1,0
2023-03-08,810.0,819.75,810.0,815.2750244140625,771.8029174804688,20099774,0.001997065613863036,0.0019950741293061,772.1614624023438,770.2962634277344,765.7711227205727,768.7948129230782,0.012225753156251573,3,1,2
2023-03-09,814.9749755859375,822.9749755859375,813.5,815.3499755859375,771.8739013671875,20700166,9.19715190381698e-05,9.19672899173165e-05,771.6100250244141,770.2924768066406,766.7100117431289,769.0228935485678,0.0119316469534575,3,1,3
2023-03-10,805.2249755859375,806.875,792.5,794.3250122070312,751.969970703125,27387000,-0.025786505579224128,-0.026124805908487883,770.1450408935547,769.902919921875,764.4423131215899,767.759714078535,0.011794806449773284,3,1,4
2023-03-13,793.9500122070312,801.9000244140625,782.4749755859375,784.2750244140625,742.4559326171875,26443550,-0.012652151623876007,-0.012732871671830464,768.0493347167969,769.2142114257813,761.0597930439895,765.885359896213,0.011466119588444996,3,1,0
2023-03-14,785.125,791.7999877929688,779.6500244140625,782.1749877929688,740.4678344726562,33185612,-0.002677732182061132,-0.0026813237197640077,765.8246429443359,768.6102319335937,757.8917994176306,764.0025802352088,0.011470584082207691,3,1,1
2023-03-15,789.0,791.4500122070312,768.2999877929688,770.9500122070312,729.8414306640625,37264754,-0.014350932361783975,-0.014454902906562957,762.7053436279297,767.7885168457032,753.5763580709278,761.4721247114202,0.01168680415609099,3,1,2
2023-03-16,769.5,779.5499877929688,766.0250244140625,775.9500122070312,734.5748291015625,21753342,0.0064855162212333894,0.006464575751976234,759.9031799316406,766.9606481933594,750.6530459217947,759.4797324440233,0.01137822072246868,3,1,3
2023-03-17,778.75,789.5999755859375,770.0,786.3250122070312,744.3965454101562,22950876,0.01337061374755577,0.013282015955745864,757.7352813720703,766.6065893554687,749.6905073815426,758.3624593304035,0.011404129610386582,3,1,4
2023-03-20,783.9749755859375,784.0499877929688,772.7000122070312,780.875,739.2371826171875,26503114,-0.006930933283853413,-0.0069550637644177505,755.5070343017578,766.2473266601562,748.0823035716419,756.9457721664614,0.009317789004590508,3,1,0
2023-03-21,785.9749755859375,791.25,778.0999755859375,789.7249755859375,747.615234375,33050494,0.011333374395685825,0.011269632860424279,754.0657165527343,766.1057958984375,748.0104467721585,756.2546212189458,0.009615645781169994,3,1,1
2023-03-22,792.0,793.0250244140625,782.6500244140625,787.9000244140625,745.8876342773438,14177324,-0.0023108144647433493,-0.00231348851677492,752.392465209961,765.9003662109375,747.6838602344947,755.4866962603086,0.009600730322327111,3,1,2
2023-03-23,783.875,795.1749877929688,779.2750244140625,781.5750122070312,739.8998413085938,28364178,-0.008027741302550573,-0.00806013711102523,751.1842651367188,765.8516125488281,746.4863188612792,754.3321144120334,0.009667803398878587,3,1,3
2023-03-24,780.0,786.9500122070312,777.4749755859375,780.3250122070312,738.7164306640625,31477748,-0.0015994200545282888,-0.0016007004922710354,750.1760498046875,765.5652404785156,745.2909514463228,753.1753970973689,0.009667777896155931,3,1,4
2023-03-27,781.0999755859375,789.7249755859375,779.4500122070312,783.7249755859375,741.9352416992188,31872006,0.0043573026151086935,0.0043478370583048525,749.6672119140625,765.2627783203125,744.7746884083067,752.3427929938023,0.009676063745767637,3,1,0
2023-03-28,782.8499755859375,791.4500122070312,782.0499877929688,790.0999755859375,747.97021484375,39276302,0.008134096893294362,0.008101193433357436,749.3666351318359,765.0691809082032,745.2663078599135,752.0188983160207,0.009835908653715364,3,1,1
2023-03-29,792.0,801.0,790.9500122070312,793.9000244140625,751.567626953125,39763612,0.004809565993381781,0.004798036982440615,749.0873626708984,765.0928466796875,746.2357415665614,751.9854708076581,0.009699844968036947,3,1,2
2023-03-31,797.7999877929688,806.4749755859375,796.2000122070312,804.7750244140625,761.8628540039062,34711228,0.01369833755681893,0.013605363429355645,749.3595367431641,765.0990002441406,748.6399127107684,752.717128822195,0.01009875353325653,3,1,4
2023-04-03,803.7750244140625,807.8499755859375,801.375,805.2750244140625,762.3361206054688,40025398,0.0006211965829221455,0.0006210037201911415,749.9772430419922,764.8457629394532,750.7470216176454,753.4296467320671,0.010093154392642963,4,2,0
2023-04-05,809.2999877929688,828.0,808.0,826.875,782.7843627929688,43365392,0.026823131732574224,0.026469697743736587,750.8730377197265,764.9371179199219,755.6758433369259,755.6040701439857,0.011266725223091377,4,2,2
2023-04-06,824.2750244140625,834.5999755859375,823.5499877929688,833.1749877929688,788.7484130859375,44637344,0.0076190207373190155,0.007590142588211165,751.7972259521484,764.9882385253907,760.76393099062,758.0592066582044,0.011204737451328564,4,2,3
2023-04-10,831.625,835.5,827.0,829.2249755859375,785.0090942382812,31813286,-0.004740825826864525,-0.004752099185757533,752.4575347900391,764.84955078125,764.4939561056448,760.055494627099,0.011229253362639243,4,2,0
2023-04-11,829.5,834.7000122070312,825.5499877929688,831.6500244140625,787.3047485351562,42361542,0.00292436649934924,0.0029200988577123763,753.2290771484375,764.5447204589843,768.003308787108,762.0739578795478,0.010586175428450558,4,2,1
2023-04-12,834.0,844.0999755859375,833.9000244140625,842.4500122070312,797.52880859375,26955504,0.012986153173363268,0.012902556045149866,755.5070190429688,764.8878894042969,772.5456933727452,764.7002431176369,0.010696260241385624,4,2,2
2023-04-13,844.1500244140625,848.5250244140625,839.0750122070312,846.2249755859375,801.1025390625,35330086,0.004481004861819793,0.004470995051068169,758.4393493652344,765.6135180664063,776.939054248092,767.396709483923,0.010515234147983334,4,2,3
2023-04-17,860.0,860.0,826.6500244140625,833.3250122070312,788.890380859375,32405148,-0.01524418861213006,-0.015361575764559324,760.8604766845704,766.1105236816406,778.777719880597,768.9888332895121,0.010984036601223584,4,2,0
2023-04-18,835.0,838.625,828.2000122070312,829.7999877929688,785.5534057617188,29637226,-0.004229960433819846,-0.00423893202504451,763.6460754394532,766.641611328125,779.8201330930773,770.2158386578236,0.011022091589369757,4,2,1
2023-04-19,832.5,835.1500244140625,828.5750122070312,832.8499755859375,788.4407348632812,24741168,0.003675535081873571,0.0036687968089295347,766.3393707275391,767.0027685546875,781.1463795192625,771.565830969339,0.011021931266224428,4,2,2
2023-04-20,835.8499755859375,838.7249755859375,833.2000122070312,835.9500122070312,791.37548828125,32922716,0.003722224497289206,0.0037153141622555067,768.6883178710938,767.6517175292969,782.7200885595682,773.0332129924435,0.01086623410040635,4,2,3
2023-04-21,834.5,838.4749755859375,831.625,837.2999877929688,792.6534423828125,20128618,0.0016148517618836955,0.0016135492907872297,771.359130859375,767.8012902832031,784.2482968400674,774.486563317656,0.01032098720714462,4,2,4
2023-04-24,843.5,845.7249755859375,837.0499877929688,844.0750122070312,799.0671997070312,35675852,0.00809150251708779,0.008058941835891988,773.9317291259765,768.1458801269531,786.5281280503696,776.3073511983504,0.01034282976404251,4,2,0
2023-04-25,843.8499755859375,843.8499755859375,830.9500122070312,832.0750122070312,787.7071533203125,50353068,-0.014216634584530263,-0.014318659051374446,776.022705078125,768.2400769042969,786.7095165534378,777.1517809851624,0.010720580864517817,4,2,1
2023-04-26,830.0,837.5,827.5,835.9000244140625,791.328125,27392750,0.004596850065947233,0.004586316818188032,778.5941192626954,768.4085864257812,787.4200716990628,778.2018805418171,0.010742779642705282,4,2,2
2023-04-27,835.25,842.625,832.9249877929688,840.5,795.6828002929688,47790392,0.005502995730081839,0.005487909569822985,781.4424377441406,768.6968493652344,788.6912607135098,779.4967634863468,0.009512384759382222,4,2,3
2023-04-28,842.3499755859375,845.5,835.0,843.7999877929688,798.8069458007812,27916272,0.003926370541957436,0.003918682466724985,784.2860229492187,768.9855871582031,790.2475199577054,780.9271473614901,0.009109109612062367,4,2,4
2023-05-02,844.3499755859375,849.5,841.0,843.625,798.6411743164062,32221184,-0.00020752383945388253,-0.00020754537550540098,786.8195709228515,769.2591772460937,791.5388513975056,782.2392975062988,0.009071954248995118,5,2,1
2023-05-03,842.4749755859375,848.0,839.8250122070312,846.5750122070312,801.4339599609375,29407270,0.003496921689420507,0.0034908216754805177,789.3128875732422,769.4433081054688,793.0611757918798,783.6611243547906,0.008491077220365238,5,2,2
2023-05-04,843.5499877929688,867.2249755859375,843.5499877929688,863.9000244140625,817.8350830078125,56854638,0.020464721818968634,0.020258133164068097,792.1114990234375,769.9876477050781,796.8725461327925,786.1925286994588,0.009045418657615796,5,2,3
2023-05-05,819.5,830.4749755859375,811.0499877929688,812.8250122070312,769.4835815429688,62770416,-0.05912133444681522,-0.06094108973686629,792.4688720703125,769.6222290039062,792.6588592728197,784.9548289100892,0.01443139088671894,5,2,4
2023-05-08,817.5,825.1749877929688,815.0,822.2249755859375,778.38232421875,37244524,0.011564564714866998,0.011498206250824178,792.2487701416015,769.5138330078125,790.4624692645012,784.4679767107308,0.014466712264168133,5,2,0
2023-05-09,824.9500122070312,828.0,819.9749755859375,822.25,778.406005859375,43688938,3.042417574006251e-05,3.0423712934214746e-05,791.7316497802734,769.5531213378906,788.6076287406356,784.0189418328526,0.014357308159432588,5,2,1
2023-05-10,822.25,827.3250122070312,816.5499877929688,826.0499877929688,782.0033569335938,46340550,0.004621432834716055,0.004610786801344425,791.5813629150391,769.6061352539062,787.5915869241676,783.8696392477224,0.014350508227827938,5,2,2
2023-05-11,832.5750122070312,844.0,824.625,826.5999755859375,782.5240478515625,35734618,0.0006658423053456097,0.0006656207307082051,791.3423278808593,769.9753393554688,786.8119655283822,783.7699658109698,0.014235045416924623,5,2,3
2023-05-12,823.5,836.4000244140625,822.125,833.9000244140625,789.434814453125,22478760,0.008831379202385081,0.008792610659019534,790.9376281738281,770.5864208984375,787.2154807475733,784.1895842289072,0.01427222037042461,5,2,4
2023-05-15,836.0,840.375,832.5499877929688,837.9000244140625,793.2214965820312,18512260,0.004796700195606851,0.004785232685408337,790.5435760498046,771.4086108398437,788.1394831836438,784.858614773583,0.014274612030552893,5,2,0
2023-05-16,835.9000244140625,835.9000244140625,822.0,823.6500244140625,788.6732177734375,32722086,-0.005733932865148228,-0.005750434969740336,790.5327178955079,772.1024401855469,788.2215961974582,785.1411779587573,0.01430473329198748,5,2,1
2023-05-17,825.0,825.0,812.6749877929688,819.2249755859375,784.4360961914062,30466868,-0.005372467945587656,-0.00538695154992577,790.4768524169922,772.6481005859375,787.6392115811425,785.0889496796942,0.014353268339516684,5,2,2
2023-05-18,824.0,826.9749755859375,820.0,822.5,787.5720825195312,49646942,0.003997758827456899,0.003989789023477168,790.4334197998047,773.2711547851562,787.6288840332023,785.2728854456082,0.014177873000932609,5,2,3
2023-05-19,824.0,825.0,815.7750244140625,823.4500122070312,788.481689453125,30460332,0.001154950707094482,0.0011542842646160238,790.2887298583985,774.0411486816406,787.7600848670365,785.5105746313501,0.01417744837345877,5,2,4
2023-05-22,822.5,826.4500122070312,816.3499755859375,820.5250244140625,785.680908203125,28334032,-0.0035521195830717778,-0.0035584433394384315,789.9401031494141,774.4573974609375,787.440211534127,785.523191932963,0.013346503509080034,5,2,0
2023-05-23,824.5,824.7999877929688,816.7249755859375,818.5999755859375,783.8375854492188,22470074,-0.0023461468067513813,-0.0023489033214736045,789.1786224365235,774.7288562011719,786.885961367218,785.3983321934263,0.013279627403611625,5,2,1
2023-05-24,813.7750244140625,817.375,806.7999877929688,807.9000244140625,773.592041015625,33588112,-0.013071004279186282,-0.013157181629014827,788.472866821289,774.764638671875,784.8407428515883,784.5237921061818,0.01346535748411298,5,2,2
2023-05-25,807.8499755859375,810.0250244140625,798.6749877929688,804.7999877929688,770.6236572265625,29776930,-0.0038371436515367563,-0.0038445243738822973,787.4376434326172,774.7396337890625,782.6534989092767,783.4941524854692,0.013464412121152144,5,2,3
2023-05-26,809.5,809.5,801.125,807.9000244140625,773.592041015625,26635066,0.003851924037403087,0.003844524373882305,786.33310546875,775.1720751953125,781.2594284640995,782.7606627469622,0.013247568197718825,5,2,4
2023-05-29,814.25,820.5,812.4249877929688,817.75,783.023681640625,21816292,0.012192008351866512,0.012118284441505865,785.5439422607421,775.9834301757812,781.5308520297187,782.7801456279743,0.01342969104484018,5,2,0
2023-05-30,816.7999877929688,821.3250122070312,814.2750244140625,818.375,783.6221923828125,37125928,0.0007643584175303086,0.0007640664444070206,784.7929931640625,776.8465173339844,781.8525966994255,782.8425194616661,0.013145715380753492,5,2,1
2023-05-31,814.9500122070312,817.4749755859375,802.3250122070312,805.4249877929688,771.22216796875,43334270,-0.01582398320848588,-0.015950519073633283,783.2824035644531,777.6741320800782,780.2171461254754,781.9817526844131,0.013437366842447,5,2,2
2023-06-01,809.9500122070312,809.9500122070312,800.0,802.0,767.9425048828125,50366938,-0.004252552924633224,-0.004261620744541969,780.7877746582031,778.3414855957031,778.3287397804503,780.9418084028131,0.013429886131795755,6,2,3
2023-06-02,806.2249755859375,807.4000244140625,800.5,803.25,769.1395263671875,17859710,0.0015587384169568619,0.0015575248451609265,780.7705718994141,778.8363452148437,776.9150146399484,780.067565289063,0.013410625508214844,6,2,4
2023-06-05,807.25,808.25,801.2249755859375,802.2000122070312,768.1341552734375,18697242,-0.0013071374689305193,-0.0013079925183044636,780.2581634521484,779.4142846679688,775.5641131989468,779.1836089916094,0.013402637162511673,6,2,0
2023-06-06,803.8250122070312,804.9249877929688,796.125,799.7000122070312,765.740234375,32182852,-0.0031165401017552163,-0.0031214066266351268,779.6248748779296,779.7767846679687,774.0527472260319,778.1878034644532,0.013297489832661259,6,2,1
2023-06-07,801.7249755859375,806.2750244140625,798.0,803.8499755859375,769.7139892578125,24949026,0.005189429397105982,0.005176010711897937,779.0104064941406,780.2533117675781,773.385246000152,777.5601135232205,0.013119885894334367,6,2,2
2023-06-08,801.625,813.0,801.625,804.3499755859375,770.1928100585938,37395522,0.0006220762613953212,0.0006218828521638632,778.3938446044922,780.8591711425781,772.894102009143,777.0143873406556,0.01308473545291812,6,2,3
2023-06-09,807.9500122070312,809.25,803.5,805.2999877929688,771.1024780273438,18212578,0.0011810912240024507,0.0011803942844748714,777.4772277832031,781.5068920898437,772.6184675504047,776.5764681322622,0.01303645598249289,6,2,4
2023-06-12,806.2750244140625,807.9000244140625,799.7249755859375,800.4000244140625,766.4105834960938,13408292,-0.006084657571394314,-0.006103244535504378,776.1366821289063,781.9963989257812,771.6634084651262,775.8234396406942,0.013035165095145828,6,2,0
2023-06-13,795.0499877929688,804.5,795.0499877929688,801.75,767.7032470703125,27926108,0.001686646299066119,0.0016852255085534047,775.08818359375,782.3910595703124,771.054152865924,775.22194389474,0.01304519646662636,6,2,1
2023-06-14,805.2249755859375,806.0,800.0999755859375,800.875,766.8652954101562,20113968,-0.0010915046449966326,-0.0010921007700132861,774.2096435546875,782.6970129394531,770.4097132573444,774.6029328958818,0.01301470823077586,6,2,2
2023-06-15,802.0,802.9749755859375,789.5,791.0250244140625,757.4336547851562,35377476,-0.012298953520846867,-0.012375211557476552,772.7027221679688,782.6084289550781,768.4133965693155,773.3311345173096,0.012481776930324921,6,2,3
2023-06-16,793.5750122070312,804.5999755859375,792.0,801.375,767.3441772460938,15779272,0.013084343953198907,0.012999483353505394,771.6458465576172,782.7085900878906,768.2489012888199,772.8876562009232,0.006892741413457668,6,2,4
2023-06-19,805.5,807.125,799.1749877929688,802.0750122070312,768.0143432617188,24829146,0.000873357791063345,0.0008729766360547264,770.7625183105469,782.4131896972656,768.2128154384967,772.5266700572784,0.006537708508289839,6,2,0
2023-06-20,802.0750122070312,805.5,795.3250122070312,803.75,769.6182861328125,20005626,0.002088428276328713,0.0020862505414976007,770.0515533447266,782.0305871582032,768.4290416991606,772.3112342110217,0.00655344334446292,6,2,1
2023-06-21,808.0,818.625,805.5,817.7999877929688,783.0716552734375,24308946,0.017480573659736764,0.017329545926051196,770.5255340576172,781.9918383789062,770.6817514798187,773.1083024378672,0.007271527964486602,6,2,2
2023-06-22,820.0,828.7750244140625,819.5250244140625,821.7999877929688,786.9017333984375,56596140,0.004891095341284624,0.004879172794868943,771.3394378662109,781.9837780761719,773.1771333134524,774.1300380645762,0.00732417448991202,6,2,3
2023-06-23,818.7750244140625,829.9500122070312,817.0250244140625,821.75,786.8538208007812,21339218,-6.088765041767363e-05,-6.088950414590681e-05,772.0025268554688,781.7702783203125,775.2812390807337,775.0725404894802,0.007140958842949809,6,2,4
2023-06-26,822.5,825.375,814.3499755859375,817.7750244140625,783.0476684570312,16130314,-0.004837178448058421,-0.004848915460372765,772.0037261962891,781.4091809082031,776.4760743693948,775.6632907092988,0.007130491266308383,6,2,0
2023-06-27,821.4749755859375,836.4500122070312,819.2750244140625,829.2999877929688,794.0833129882812,33831864,0.014093196335026814,0.013994810546181019,772.5267822265625,781.5130395507813,779.184880310762,777.0277368040383,0.007527410334640682,6,2,1
2023-06-28,835.0,839.9500122070312,830.25,838.0750122070312,802.4856567382812,59562950,0.010581186649522234,0.010525597681732108,774.089956665039,781.8516845703125,782.7696151457649,778.9135086510194,0.007678148260160659,6,2,2
2023-06-30,852.0,854.4000244140625,841.625,850.7000122070312,814.574462890625,40699016,0.015064202145965933,0.014951863839121378,776.4215545654297,782.3743591308594,787.6626686449741,781.555060816916,0.008092378672359297,6,2,4
2023-07-03,856.25,878.75,855.0,859.9000244140625,823.3839111328125,44104116,0.010814785686904527,0.010756724132580015,779.1337738037109,783.0145275878906,793.1582444123338,784.653494173649,0.008282291722857132,7,3,0
2023-07-04,861.7249755859375,873.5,856.9000244140625,864.0999755859375,827.4054565429688,38795188,0.00488416807248937,0.00487227921933203,782.0973388671875,783.7095678710938,798.4270462785854,787.8203062010061,0.008248768296399752,7,3,1
2023-07-05,858.125,860.0,834.2750244140625,836.6500244140625,801.1211547851562,37165754,-0.03176713611200066,-0.03228265876815863,783.8663848876953,783.7506469726562,798.8415245103655,788.8055542442764,0.010257927600672415,7,3,2
2023-07-06,836.5,843.9249877929688,830.2000122070312,837.5,801.9349975585938,52156544,0.0010158797687169763,0.0010153641120652901,785.4774353027344,784.0352038574218,799.3174434408621,789.7781056008926,0.009918916320283277,7,3,3
2023-07-07,832.5,837.5,828.1500244140625,830.2000122070312,794.9450073242188,19926336,-0.0087164050149392,-0.008754615071383634,786.7150451660157,784.1075415039063,798.6447609613786,790.1608390618798,0.01004438284632509,7,3,4
2023-07-10,830.5,838.375,824.8499755859375,828.2249755859375,793.0538940429688,38398442,-0.002378923402029387,-0.0023817575359896797,787.8126159667969,784.0549633789062,797.7846275893155,790.3751394308493,0.010049622297423292,7,3,0
2023-07-11,831.5,838.0,822.75,824.2000122070312,789.1998291015625,50670426,-0.004859776832767726,-0.0048716239466711055,788.9520782470703,783.8628210449219,796.4638893604304,790.2880794064578,0.009868207091126426,7,3,1
2023-07-12,827.6749877929688,833.1500244140625,813.5750122070312,816.4749755859375,781.8028564453125,70958358,-0.009372749946830128,-0.009416950572022671,789.6570587158203,783.5260546875,794.2083458350277,789.6595443722988,0.010024405980766163,7,3,2
2023-07-13,828.3499755859375,828.7249755859375,819.0250244140625,820.5499877929688,785.704833984375,41913546,0.004990999338124524,0.004978585588471759,790.5990356445312,783.2114721679687,792.9001132426196,789.3666028620822,0.00960501758403118,7,3,3
2023-07-14,826.7999877929688,826.7999877929688,817.5,822.25,787.3326416015625,24727214,0.0020717800715730483,0.002069636894857274,792.0939849853515,782.6014233398438,792.0435791439954,789.2159390650066,0.009562670852950378,7,3,4
2023-07-17,825.0,841.0,816.5,839.4500122070312,803.80224609375,49252928,0.02091822899490814,0.020702446841929907,793.9168884277344,783.2877966308594,793.852604828573,790.2964062523209,0.010239590495141844,7,3,0
2023-07-18,849.0,852.0,835.0,838.75,803.1320190429688,81076818,-0.0008338208235152411,-0.0008341686454589987,795.6727722167968,783.7827905273438,795.2802070154032,791.2471923849615,0.010235445916495915,7,3,1
2023-07-19,840.5499877929688,844.375,837.5,842.5499877929688,806.7706298828125,32935134,0.004530526430984061,0.004520294488530761,797.5303894042969,784.3500830078125,797.04796437962,792.3970766440616,0.01021074696614968,7,3,2
2023-07-20,840.5750122070312,846.0,840.0,844.375,808.5181274414062,56210948,0.00216604012821775,0.002163697645297361,798.8027130126953,784.8803784179687,798.812604850664,793.591228554976,0.010190959378146763,7,3,3
2023-07-21,840.0,844.9000244140625,836.625,837.875,802.2941284179688,42154248,-0.007698032749288708,-0.007727815547821262,799.5723327636719,785.2757800292969,799.3482238610186,794.2358878040866,0.010333276461282619,7,3,4
2023-07-24,839.25,842.3250122070312,835.0499877929688,839.2000122070312,803.5628662109375,32179444,0.0015813873591103977,0.0015801382827962253,800.4077850341797,785.5583410644531,799.9966303763907,794.9267750934829,0.010333223942685285,7,3,0
2023-07-25,842.3250122070312,849.5,839.2000122070312,848.2999877929688,812.2764282226562,55992596,0.010843659380137982,0.01078528849596778,801.8692230224609,785.9394396972656,801.885830045047,796.2119345845327,0.010371011541332817,7,3,1
2023-07-26,849.7999877929688,849.7999877929688,844.0,845.3499755859375,809.45166015625,24794358,-0.0034775945334116765,-0.0034836554209002487,802.6376403808594,786.3550085449219,803.049803908309,797.1926549972526,0.01041899401331516,7,3,2
2023-07-27,849.9500122070312,851.5,833.7249755859375,836.5750122070312,801.04931640625,59741302,-0.010380290959410843,-0.010434541933439068,802.5658233642578,786.6872729492187,802.7420366002998,797.4783336201413,0.01064406908995267,7,3,3
2023-07-28,830.75,834.4500122070312,820.5499877929688,821.75,786.8538208007812,41015684,-0.01772112567195494,-0.017880024866645607,801.1797912597656,786.6729077148437,800.2976957080662,796.691332670559,0.01092885477855975,7,3,4
2023-07-31,825.0250244140625,828.4000244140625,819.3499755859375,825.5999755859375,790.5403442382812,34565006,0.0046851439747070955,0.004674202848201306,799.5376129150391,786.7140808105469,798.7965647127146,796.2357038977976,0.010722969430674687,7,3,0
2023-08-01,827.2249755859375,833.7249755859375,825.0,831.125,795.8306884765625,35394188,0.006692061040070918,0.0066697685992393235,797.9588745117187,786.9170764160157,798.3402760609988,796.2057027554839,0.010772193708466654,8,3,1
2023-08-02,821.0,825.75,816.5750122070312,820.25,785.4176025390625,28116322,-0.013084549374985155,-0.013170906211845213,797.173696899414,786.9486767578124,796.3521724422393,795.4065842209342,0.011082844652902985,8,3,2
2023-08-03,820.0,825.6749877929688,811.5,814.3250122070312,779.7442016601562,57673946,-0.007223419567584877,-0.00724963478132071,796.0641571044922,787.0717199707032,793.7971000142265,794.2464077349506,0.010707301158360931,8,3,3
2023-08-04,817.5750122070312,828.25,814.625,826.0999755859375,791.0191040039062,37388304,0.014459745028875481,0.014356199879792945,795.8678619384766,787.47962890625,793.3697160126388,794.0073481993177,0.010999220525803821,8,3,4
2023-08-07,831.5499877929688,831.5499877929688,823.7750244140625,825.625,790.5643310546875,28300918,-0.000574920310921434,-0.0005750856409741628,795.7433837890625,787.8190747070313,792.9381183268002,793.7523098923081,0.011000093989710953,8,3,0
2023-08-08,825.8499755859375,827.7999877929688,821.0250244140625,824.9500122070312,789.91796875,43773828,-0.0008175960883856082,-0.000817930502356941,795.7792907714844,787.9569604492187,792.4734799303694,793.4682846225076,0.010960837137415138,8,3,1
2023-08-09,826.5,827.25,815.5499877929688,825.25,790.2052612304688,33361236,0.0003636991331179562,0.0003636330106202184,796.1994110107422,788.0886218261719,792.1245232073078,793.2265791860602,0.01064940955256968,8,3,2
2023-08-10,823.5250244140625,827.125,815.5,817.9249877929688,783.1912841796875,50781118,-0.008876145724288742,-0.008915773373885818,796.0737335205079,788.3280041503906,790.75017874152,792.483224000403,0.010568146954716601,8,3,3
2023-08-11,819.2000122070312,819.2000122070312,808.0999755859375,809.4000244140625,775.0283203125,28225822,-0.010422694981517044,-0.010477391656646486,795.4585174560547,788.4697204589844,788.3314312909016,791.1902681716695,0.010272771756719411,8,3,4
2023-08-14,805.5,807.5,800.125,805.4500122070312,771.24609375,31304410,-0.004880114007930647,-0.0048920606474521094,793.8307098388672,788.5118518066406,785.7029178230706,789.7129219182125,0.010014800859501087,8,3,0
2023-08-16,791.5499877929688,804.8250122070312,790.6500244140625,803.0999755859375,768.9957885742188,34137542,-0.0029177524450589853,-0.0029220173827662144,792.1238983154296,788.5290844726562,783.1325902463242,788.1783194482871,0.009927310339718689,8,3,2
2023-08-17,798.7999877929688,804.9500122070312,797.0,798.6500244140625,764.73486328125,52884040,-0.0055408954850960646,-0.005556303187822696,790.0221099853516,788.5089770507813,780.3021707132359,786.4417671396176,0.008266988568958652,8,3,3
2023-08-18,793.7750244140625,798.1500244140625,792.75,795.375,761.5989379882812,25633366,-0.004100669975360405,-0.004109100778337518,787.6761505126954,788.3466760253906,777.4247502940121,784.6015575728519,0.008265747747291606,8,3,4
2023-08-21,800.25,800.25,793.5,794.75,761.0004272460938,21837270,-0.0007858607888404645,-0.0007861697393021565,785.6114654541016,788.1628283691406,774.8979313635631,782.8533256967958,0.008159274669702465,8,3,0
2023-08-22,798.1749877929688,799.0,790.0,791.3499755859375,757.7448120117188,32273570,-0.004278072807601951,-0.004287249944066574,783.3205627441406,787.8956750488281,772.2589899248178,780.9934357941975,0.008174313054037598,8,3,1
2023-08-23,790.0,795.2750244140625,786.625,793.2999877929688,759.6119995117188,36498588,0.0024641376231173684,0.002461106614198831,780.6873413085938,787.7597033691407,770.3132990920333,779.409625699199,0.008179405366344011,8,3,2
2023-08-24,796.6500244140625,798.0999755859375,788.0750122070312,789.6500244140625,756.1170654296875,43145792,-0.0046009463835192665,-0.0046115633151366875,778.0206115722656,787.5279797363281,768.1292631439801,777.6842508644204,0.00806135703316635,8,3,3
2023-08-25,787.2750244140625,788.75,779.2000122070312,780.75,747.594970703125,30069756,-0.01127086679589695,-0.011334864341323999,775.3478942871094,787.1425732421875,764.9701412300024,775.455415296917,0.008184741003225743,8,3,4
2023-08-28,780.75,791.3250122070312,780.75,788.875,755.3749389648438,28867238,0.01040666211866248,0.010352885578193275,773.7739501953125,787.1013989257813,763.4939562661318,773.9679726056522,0.008451618503414053,8,3,0
2023-08-29,794.8499755859375,796.3250122070312,790.7249755859375,795.1500244140625,761.383544921875,35538932,0.007954468234365075,0.007922998226547923,772.3161102294922,786.9821862792969,763.1692775977847,773.0357927772242,0.007558214917029454,8,3,1
2023-08-30,801.9749755859375,801.9749755859375,786.8499755859375,789.3499755859375,755.8297119140625,28084204,-0.0072943958992209845,-0.0073211300908422395,770.3160614013672,786.7384936523438,762.0401136464428,771.7612682688418,0.007622155881921608,8,3,2
2023-08-31,789.5,791.5750122070312,781.5499877929688,785.7249755859375,752.3587036132812,100075772,-0.004592315234593358,-0.0046028923087958334,768.6631164550781,786.3933020019531,760.5506659490334,770.3240412573189,0.007534383862840056,8,3,3
2023-09-01,785.5,789.5,779.6749877929688,787.3499755859375,753.9146728515625,43226776,0.002068121536719758,0.002065985917347811,767.3716400146484,785.8101623535156,759.5297439340379,769.1085324865221,0.007532404551169998,9,3,4
2023-09-04,795.0,795.7249755859375,787.4500122070312,792.2750244140625,758.630615234375,25073638,0.006255273378584336,0.006235790361584134,765.7522155761719,785.2447399902344,759.3914164417821,768.3323904678446,0.007617942494613743,9,3,0
2023-09-05,794.2000122070312,794.2000122070312,785.2999877929688,787.4500122070312,754.0104370117188,38712082,-0.006090155247990947,-0.006108775883665274,763.9245208740234,784.5878723144531,758.5635734525416,767.2715050266501,0.007628040746998184,9,3,1
2023-09-06,788.4000244140625,800.0,787.4500122070312,797.75,763.873046875,56320910,0.01308020337539162,0.0129953962443782,762.6222747802734,784.2043798828125,759.3804155175352,767.0197673857871,0.007768454178583708,9,3,2
2023-09-07,797.75,807.0,793.5750122070312,805.4249877929688,771.22216796875,34208342,0.009620867137301481,0.00957488130882906,761.6731201171875,783.7471569824219,761.2022235869529,767.3310563178585,0.008046625292283147,9,3,3
2023-09-08,804.1500244140625,816.4500122070312,803.7999877929688,811.7000122070312,777.2306518554688,34502210,0.007790859931508409,0.007760667895498808,761.3750885009765,783.2420568847656,763.6681356282629,768.0643596910147,0.008045263396129161,9,3,4
2023-09-11,814.4500122070312,818.25,812.0,815.9000244140625,781.2523193359375,31573022,0.005174355219866644,0.005161014244736156,761.6862884521485,782.5756140136718,766.3733946602129,769.0412455906386,0.0074670342799855105,9,3,0
2023-09-12,820.0,821.4500122070312,812.5250244140625,818.4500122070312,783.6940307617188,39033340,0.003125381346524181,0.0031205074947001517,762.3086853027344,781.78181640625,769.0381079065983,770.1266370847927,0.007437136421083083,9,3,1
2023-09-13,815.6500244140625,825.7999877929688,814.2999877929688,821.9500122070312,787.04541015625,46420094,0.004276387547923255,0.00426726978750234,763.2111663818359,780.9746154785156,771.8084620988524,771.3798795345302,0.0073720270547267186,9,3,2
2023-09-14,822.125,825.0,817.5499877929688,821.4500122070312,786.5665893554688,23538848,-0.0006083776038872113,-0.0006085627406341755,764.3027526855469,780.6835241699218,774.0789432152549,772.5048210027479,0.00696941395217197,9,3,3
2023-09-15,825.0,835.0,825.0,830.875,795.5914306640625,173411202,0.01147371555151988,0.011408391674111151,766.0023773193359,780.5566528320312,777.3885566689175,774.2149402369195,0.007128684692043594,9,3,4
2023-09-18,826.875,827.5,813.0499877929688,814.5250244140625,779.9356689453125,37056288,-0.01967814271916235,-0.01987433544069285,766.9491394042968,780.2564660644531,777.7804200960552,774.6386979190227,0.007566951683294078,9,3,0
2023-09-20,799.5,799.5,780.2000122070312,781.8499755859375,748.6482543945312,115474648,-0.040115378481266895,-0.040942187661147655,766.4943115234375,779.3683532714844,773.2985484496669,772.7134798801715,0.01047543385032431,9,3,2
2023-09-21,776.5,784.4749755859375,768.5250244140625,776.6749877929688,743.6929931640625,72841442,-0.006618944479442224,-0.00664094683443895,765.6983612060546,778.4582165527344,768.743847636497,770.5638141974968,0.010510913529551339,9,3,3
2023-09-22,779.5,782.2000122070312,761.875,764.8250122070312,732.3462524414062,61704250,-0.015257291418574792,-0.015374881493212655,764.5098205566406,777.4690844726563,763.1442176064829,767.7328836970455,0.010775729888936821,9,3,4
2023-09-25,762.5,770.3499755859375,762.5,765.5,732.9925537109375,40208754,0.0008825077855956209,0.0008821186045531714,763.7796997070312,776.4148388671875,758.5055000840913,765.1595259202968,0.010722986386788579,9,3,0
2023-09-26,762.5,770.0,762.5,768.8250122070312,736.1763916015625,27575308,0.0043436155995120185,0.004334209329584489,762.8197723388672,775.3917138671875,755.0702526252406,763.012627081872,0.010668891858926664,9,3,1
2023-09-27,761.5,766.25,757.5,763.4249877929688,731.0056762695312,39338538,-0.007023745111932045,-0.007048527722300873,761.30087890625,773.9357824707031,751.3680101089776,760.6417418365133,0.010698359769530609,9,3,2
2023-09-28,767.0,768.7999877929688,759.1749877929688,761.8499755859375,729.49755859375,55354188,-0.0020630724558494684,-0.002065203521361349,759.9842712402344,772.4630932617188,748.0033252604811,758.3347653000125,0.01069622161380337,9,3,3
2023-09-29,761.8499755859375,767.7249755859375,761.1500244140625,763.1500244140625,730.742431640625,32053782,0.001706480072770633,0.0017050256899996505,758.9034576416016,770.942529296875,745.3478031651186,756.2908887326504,0.010688323639897319,9,3,4
2023-10-03,763.5,763.5,753.0,754.0250244140625,722.0048828125,38971694,-0.011957084260876827,-0.01202914519470947,757.3079681396484,769.2122644042969,741.7565846493312,753.751184590417,0.010850312673542245,10,4,1
2023-10-04,747.5,767.5,744.625,764.7750244140625,732.2984008789062,54649430,0.014256853812828485,0.014156180599781857,755.991357421875,767.8123498535156,740.3014794538813,752.1620895006755,0.011235727161935185,10,4,2
2023-10-05,767.5250244140625,775.7750244140625,766.2999877929688,767.875,735.2667846679688,48512674,0.004053516688688363,0.0040453233237469285,755.0541748046875,766.4464282226562,739.5269110252793,750.9105854389935,0.01126044714735511,10,4,3
2023-10-06,772.0,772.5,764.9249877929688,767.0250244140625,734.452880859375,17759356,-0.0011069503281877502,-0.0011075634502077977,753.5831665039062,764.8899572753907,738.7462909997555,749.6914962108737,0.01124206720620606,10,4,4
2023-10-09,764.0,765.0,756.0,758.125,725.9307861328125,16454972,-0.011603323982596225,-0.011671167866655643,751.3185974121094,763.2195397949218,736.7746748663797,747.9314436124987,0.011389836959976009,10,4,0
2023-10-10,760.2750244140625,764.5,757.5999755859375,762.4249877929688,730.0481567382812,33266292,0.005671850104887799,0.005655825726443974,748.95947265625,761.7995166015625,735.7398259235953,746.60675569589,0.011297740768805123,10,4,1
2023-10-11,765.0499877929688,771.0750122070312,764.25,769.7999877929688,737.1099853515625,31333360,0.009673099710068689,0.009626614809385599,746.7523559570312,760.8046398925782,735.9506196817441,745.9032912259398,0.01127357654185586,10,4,2
2023-10-12,768.0499877929688,776.0,765.7999877929688,774.9249877929688,742.017333984375,22025336,0.0066575527809082935,0.0066354891487860924,744.6685211181641,759.8341796875,736.8839603436874,745.6154425413795,0.011241474212681143,10,4,3
2023-10-13,770.0,774.4000244140625,764.9749755859375,767.875,735.2667846679688,39745300,-0.009097562829372352,-0.009139198367752179,742.07958984375,758.6229016113281,736.6351640858845,744.8488752914973,0.011282161261749309,10,4,4
2023-10-16,765.75,767.2249755859375,760.25,764.7999877929688,732.3223266601562,17856084,-0.0040046117534632275,-0.004012651682820046,739.3673767089844,757.56099609375,735.9716506357726,743.9209828002869,0.01127595972048444,10,4,0
2023-10-17,777.875,777.875,767.5,770.5999755859375,737.8759765625,32902558,0.00758361407287933,0.007555003030697969,736.4816040039062,756.7236315917969,736.2646238552691,743.4732045604508,0.011369537672456001,10,4,1
2023-10-18,770.5999755859375,770.5999755859375,759.0499877929688,759.875,727.6065063476562,31216200,-0.013917610196073293,-0.014015368231542895,733.8651458740235,755.4553796386718,734.9326057771748,742.2978935817252,0.011542088768536336,10,4,2
2023-10-19,752.7000122070312,763.125,751.5999755859375,757.4749755859375,725.308349609375,30252364,-0.0031585159261662277,-0.003163514565891367,732.6981506347656,754.1502600097656,733.4519509821287,741.0394088430327,0.011512732612652477,10,4,3
2023-10-20,752.5,763.5,752.5,761.4000244140625,729.0667114257812,21094010,0.005181743486657009,0.005168364451791664,731.9668365478516,752.9332348632812,732.7772987426906,740.1525423676807,0.01126181845236027,10,4,4
2023-10-23,761.75,764.375,750.0499877929688,753.0250244140625,721.04736328125,22376136,-0.010999470993331206,-0.011060412469104094,731.4018920898437,751.5500769042969,730.9726932870844,738.7373439168339,0.011189251238094139,10,4,0
2023-10-25,760.5,761.4000244140625,745.7249755859375,748.25,716.4751586914062,28311996,-0.006341059995056519,-0.006361249911555626,730.5760223388672,750.2157543945312,728.7423033492878,737.0882931593948,0.011051695674125558,10,4,2
2023-10-26,745.625,746.0,730.125,731.7000122070312,700.6278686523438,55561798,-0.022118408219492958,-0.022366688076174163,728.7985961914062,748.7277453613282,724.4170057036041,734.3875209736873,0.011499693003381172,10,4,3
2023-10-27,734.75,739.0,733.4500122070312,734.5750122070312,703.380859375,31940532,0.00392931946591224,0.003921619853081466,727.4173553466796,747.3704406738282,721.1806754992035,732.0907312256364,0.011516732019310718,10,4,4
2023-10-30,731.625,744.9749755859375,730.9500122070312,742.5499877929688,711.01708984375,23310982,0.010856466119273156,0.010797957772656063,726.4933319091797,746.2108666992187,719.6170469368261,730.529720752904,0.011731244213150988,10,4,0
2023-10-31,752.0,752.0,737.0,738.25,706.8997192382812,32634824,-0.005790818060890213,-0.005807649859172824,725.3011962890625,745.0541638183594,717.6605349832039,728.7793502703394,0.011728195899542897,10,4,1
2023-11-01,731.125,738.7249755859375,731.125,737.25,705.9421997070312,33877466,-0.0013545337552004488,-0.0013554519653054872,724.4980621337891,743.9410290527344,715.8577141714851,727.0877094878722,0.011393025648569682,11,4,2
2023-11-02,742.5,745.25,733.5750122070312,738.375,707.0194702148438,45225154,0.0015260038403421827,0.001524840679656571,723.2341156005859,742.8614099121094,714.4979843320018,725.6011732454257,0.011033356870562309,11,4,3
2023-11-03,744.0,745.7000122070312,740.8250122070312,741.875,710.370849609375,18095340,0.004740151489057043,0.004728952347461483,721.9893188476562,741.9139306640625,713.8630405285207,724.4730011242368,0.008638651709088042,11,4,4
2023-11-06,749.0,749.0,741.5,747.25,715.517578125,25593730,0.007245129101870029,0.0072190092393246115,721.0425537109375,741.0320422363282,714.117584774133,723.8096364576268,0.008737352907266505,11,4,0
2023-11-07,747.0,747.0,738.5999755859375,743.625,712.0464477539062,41952848,-0.0048512160668222615,-0.0048630214111448815,720.3483367919922,740.1506298828125,713.7989483094827,722.93828914624,0.008360506773382558,11,4,1
2023-11-08,741.9749755859375,746.7249755859375,740.5,745.7750244140625,714.1051635742188,31399546,0.002891266190297781,0.0028870945192128517,719.5511871337891,739.4808337402344,713.8460583502114,722.2839835483124,0.008383310015026285,11,4,2
2023-11-09,743.0,746.2999877929688,741.75,742.8250122070312,711.2805786132812,22116740,-0.003955418760452578,-0.003963262118580188,718.259716796875,738.5989465332032,713.4513691599144,721.4689165160879,0.008343339436514921,11,4,3
2023-11-10,740.0499877929688,748.0,740.0250244140625,745.75,714.081298828125,14015186,0.003937574424292656,0.003929842468241447,716.8629150390625,737.6529016113282,713.5482814165622,720.9216855762388,0.008315502964900686,11,4,4
2023-11-13,746.0499877929688,747.9749755859375,742.9500122070312,744.4000244140625,712.7886352539062,20605914,-0.0018102470633807322,-0.0018118875406743866,715.7390075683594,736.792080078125,713.4314127761536,720.3192374042142,0.008314251159374913,11,4,0
2023-11-15,752.0499877929688,755.4749755859375,750.2750244140625,752.2000122070312,720.2574462890625,41245460,0.010478297023486904,0.010423780167744614,715.1357635498047,736.1500549316406,714.4815717781396,720.3146602845733,0.008553988559748189,11,4,2
2023-11-16,754.8499755859375,759.5,751.875,754.1749877929688,722.1484375,29713838,0.002625437919011153,0.002621997477339569,714.3493865966797,735.5147302246094,715.6610895815028,720.4504956338642,0.008287496810166975,11,4,3
2023-11-17,745.0,753.75,744.5,752.5499877929688,720.5924682617188,23701874,-0.00215463907069835,-0.002156963645140349,713.9986846923828,734.7539672851562,716.4197632246129,720.4610121248163,0.007846618105641454,11,4,4
2023-11-20,756.5,756.5,750.7750244140625,752.5999755859375,720.6403198242188,19331452,6.640585991046777e-05,6.64036551389585e-05,713.765283203125,734.0865649414062,717.0690796245522,720.4742941766239,0.007800337616256806,11,4,0
2023-11-21,759.5,761.0,756.0499877929688,758.9749755859375,726.74462890625,24959972,0.008470673807871698,0.00843499896887206,713.6491790771485,733.3439965820312,718.5576256678903,720.9387634158554,0.00797461853577552,11,4,1
2023-11-22,760.0,760.0,751.7750244140625,756.2750244140625,724.1593017578125,29123650,-0.0035574079884544973,-0.0035637506109176187,713.8047760009765,732.4027392578125,719.4194219894168,721.1773218115559,0.007713095578049108,11,4,2
2023-11-23,754.25,761.9249877929688,754.25,760.6500244140625,728.3485717773438,13046220,0.005785011680941254,0.005768342756585375,714.3984466552735,731.42509765625,720.7931373414057,721.7085255127254,0.007716018726711377,11,4,3
2023-11-24,760.5999755859375,766.5750122070312,759.9249877929688,766.0499877929688,733.5192260742188,16469192,0.0070991479865984974,0.007074067664850464,716.0430145263672,730.4704357910156,722.7509971464539,722.5833922209841,0.007617874690262748,11,4,4
2023-11-28,767.5999755859375,768.625,762.9000244140625,764.3250122070312,731.867431640625,28489338,-0.0022518761265932774,-0.002254415412459077,717.4673431396484,729.4339038085938,724.1535255301725,723.2710988446612,0.007516951372591696,11,4,1
2023-11-29,766.9500122070312,781.5,766.5,779.5750122070312,746.4698486328125,34042488,0.019952270535462002,0.01975583260864109,719.2399810791015,728.622392578125,727.5868060075017,724.9895247548945,0.008201984722110743,11,4,2
2023-11-30,784.5750122070312,786.2249755859375,771.0750122070312,779.4000244140625,746.3023681640625,69491440,-0.00022436334040387695,-0.00022438851362350439,721.2101135253906,727.8171081542969,730.4661232623571,726.5682538963143,0.008158733394115507,11,4,3
2023-12-01,778.9500122070312,782.875,776.0499877929688,777.7000122070312,744.6744995117188,22153536,-0.0021812454599982045,-0.002183627840878693,723.146728515625,726.79876953125,732.6520273007204,727.9094572752332,0.008067377474478686,12,4,4
2023-12-04,794.0,806.0,786.8250122070312,804.7000122070312,770.5279541015625,50662456,0.03471779227943994,0.034128725073309565,726.322152709961,726.610615234375,738.4790929623884,731.0663829660724,0.009803881816023508,12,4,0
2023-12-05,818.25,819.5,808.25,811.8499755859375,777.3743286132812,52230820,0.008885303220051988,0.008846061193625816,729.6723266601563,727.18513671875,744.462975370218,734.4966011621619,0.009833667924999179,12,4,1
2023-12-06,819.2249755859375,819.2249755859375,808.3250122070312,813.9000244140625,779.3372192382812,38613060,0.0025250263003944173,0.002521843777662214,732.8633087158203,727.8980212402344,749.8282436576123,737.8181284270597,0.009819331683640622,12,4,2
2023-12-07,812.5,817.0,808.0999755859375,815.2249755859375,780.60595703125,20450386,0.0016279702311776667,0.001626646524083298,736.2912841796875,728.8632153320312,754.5632764843258,740.9875972125553,0.009496175414792694,12,4,3
2023-12-08,815.2249755859375,827.5,815.2249755859375,826.5999755859375,791.4979248046875,33728038,0.013953221436922014,0.013856771399640333,740.160922241211,730.0333227539063,760.2455300720737,744.7291029601207,0.009553159029520133,12,4,4
2023-12-11,825.0250244140625,831.8499755859375,823.5,825.5,790.4446411132812,23187620,-0.00133074725580129,-0.0013316334862504451,744.1191253662109,731.1186877441406,764.8915471553365,748.115439119614,0.008314318086429776,12,4,0
2023-12-12,827.0999755859375,828.125,815.9249877929688,817.2999877929688,782.5928344726562,36581476,-0.00993340486130223,-0.009983070299013144,747.5447021484375,732.1504309082031,767.6148221272318,750.6693202568765,0.00869829017105388,12,4,1
2023-12-13,816.2249755859375,818.0,807.5499877929688,815.4500122070312,780.8214111328125,29346914,-0.002263531253819173,-0.0022660969130521014,750.9463409423828,733.1769079589844,769.6466050511673,752.9028084699088,0.008650539198312365,12,4,2
2023-12-14,823.0,829.4749755859375,822.5,825.0750122070312,790.0376586914062,35172366,0.011803272076290616,0.011734156786550433,754.4353515625,734.3628125,772.7836902265888,755.6535381159456,0.008618974197862452,12,4,3
2023-12-15,825.0,834.0,823.2999877929688,828.2750244140625,793.101806640625,138837130,0.0038784834058342987,0.0038709814802092278,757.9830200195313,735.7847509765625,775.9095542902867,758.4274839325885,0.008564915786888392,12,4,4
2023-12-18,830.3499755859375,832.3499755859375,825.4749755859375,827.8499755859375,792.69482421875,18014754,-0.0005131528114894479,-0.0005132845194528861,761.5881378173829,736.9926794433594,778.4919035100503,760.9658054352672,0.008592642274996383,12,4,0
2023-12-19,825.0,829.3250122070312,822.0250244140625,826.4500122070312,791.3543090820312,24008446,-0.0016910860217107526,-0.0016925175217646228,765.1238372802734,738.1144299316406,780.4707351365089,763.2168057053979,0.00864983683896138,12,4,1
2023-12-20,829.0,834.4749755859375,822.2249755859375,828.5,793.3171997070312,34232520,0.002480419456206695,0.002477348293333742,768.4524658203125,739.2917163085938,782.4471143012046,765.4464645203336,0.008625082053186782,12,4,2
2023-12-21,828.5,844.875,825.125,843.3499755859375,807.5365600585938,36589240,0.01792392797838449,0.017765188399380422,772.6213287353515,740.9238317871094,786.3070290331107,768.5642493750196,0.00886528853572435,12,4,3
2023-12-22,841.7999877929688,842.9500122070312,833.5499877929688,835.4249877929688,799.9481201171875,48578850,-0.009397023387839765,-0.009441453974690523,776.2013061523437,742.3218310546876,788.4056584306609,770.8889805411061,0.00920710177924258,12,4,4
2023-12-26,836.625,842.9749755859375,834.2750244140625,841.2249755859375,805.5018310546875,18045856,0.006942588897748125,0.006918600093053364,779.8004364013672,743.68966796875,791.0358388343573,773.4528953939639,0.009103682587836257,12,4,1
2023-12-27,840.75,853.25,839.2999877929688,851.6500244140625,815.4841918945312,27009078,0.012392722716437987,0.012316561512501194,783.9812744140625,745.1590051269532,794.7971239205378,776.5663247643763,0.009225509600520194,12,4,2
2023-12-28,854.6500244140625,860.7000122070312,851.0,852.625,816.417724609375,44076470,0.0011447588121542562,0.001144104075414717,787.4786682128906,746.7820239257812,798.123370180359,779.5182803084502,0.009171688445774987,12,4,3
2023-12-29,848.5,857.4500122070312,848.0,854.625,818.3328247070312,25011426,0.002345735571300356,0.0023429886285107272,791.080191040039,748.5022338867187,801.2325170306162,782.3934317453821,0.009111180307890323,12,4,4
2024-01-01,853.0,854.5750122070312,846.0,849.0499877929688,812.9945068359375,14239686,-0.006523406748354388,-0.006544777155427968,794.49619140625,750.0046044921875,803.0420539237426,784.6601780483862,0.009320020617075655,1,1,0
2024-01-02,849.4000244140625,851.4000244140625,844.3499755859375,849.5499877929688,813.4733276367188,29242092,0.0005889594539141285,0.000588786085362976,796.6434600830078,751.7219409179687,804.6468652642004,786.7944854252997,0.009270885862319105,1,1,1
2024-01-03,851.0,852.3499755859375,834.4749755859375,836.4500122070312,800.9296264648438,28389762,-0.01541992926592517,-0.015540052839858692,797.8212249755859,753.2343664550781,804.0749823719916,787.8415329097104,0.009911681033082792,1,1,2
2024-01-04,839.0,847.4749755859375,835.3499755859375,845.4249877929688,809.5234985351562,26734056,0.010729871622110254,0.010672715041277281,799.3305389404297,754.8435021972656,804.913215627863,789.4476044375211,0.009958636236515526,1,1,3
2024-01-05,843.5750122070312,852.4500122070312,834.0499877929688,841.0999755859375,805.3821411132812,31889470,-0.005115796427613062,-0.005128926915235432,800.5693481445312,756.5301977539062,804.985358010235,790.6279404875773,0.010001498213559463,1,1,4
2024-01-08,839.25,841.1749877929688,830.0,831.7249755859375,796.4052124023438,17998470,-0.011146173043430907,-0.011208757113315558,800.8147125244141,758.128798828125,803.665335609021,791.0558865553378,0.010345598595775447,1,1,0
2024-01-09,833.5750122070312,838.9000244140625,823.375,825.25,790.2052612304688,25326888,-0.007784920383899774,-0.007815381068917455,800.8027435302735,759.9203466796876,801.5945549353976,790.9928772720142,0.010499638557292326,1,1,1
2024-01-10,821.5,829.9749755859375,820.7000122070312,827.9749755859375,792.814453125,16115824,0.0033019166317220794,0.003296477275246222,801.3138244628906,761.7090185546875,800.2437700414903,791.1278088166798,0.010461178472266939,1,1,2
2024-01-11,830.0,831.4500122070312,821.5,824.5,789.4871215820312,18314010,-0.004196860349673925,-0.004205691886550588,801.7471099853516,763.2784191894531,798.5889010477273,791.006276428928,0.010008988514693434,1,1,3
2024-01-12,826.0,828.0,816.7999877929688,820.5999755859375,785.752685546875,19773552,-0.0047302051332679396,-0.004741427958398496,801.532861328125,764.855478515625,796.6140986629808,790.6171215487759,0.010075819346934772,1,1,4
2024-01-15,823.8499755859375,840.4500122070312,821.7999877929688,836.4000244140625,800.8817749023438,28320356,0.01925426362996019,0.019071245813661944,801.9218597412109,766.7542700195313,797.2706642382675,791.3774662416329,0.010535711403974773,1,1,0
2024-01-16,836.5,841.8250122070312,829.0499877929688,839.5750122070312,803.9219360351562,25322500,0.0037960173749529424,0.003788830682462219,802.4832153320312,768.6923193359376,798.2939368224042,792.3066862263383,0.00860978407626032,1,1,1
2024-01-17,785.0,798.4000244140625,764.2000122070312,768.75,736.1045532226562,170145236,-0.08435816933540463,-0.08813000533243474,799.7207275390625,769.2069934082032,788.7263393455199,788.1435652631027,0.017780117908101675,1,1,2
2024-01-18,747.0,757.5,740.0250244140625,743.0750122070312,711.5198364257812,161070930,-0.03339840337794875,-0.03396886778061683,795.630859375,769.1270385742188,776.8484158194062,782.4677334973752,0.01867585896549988,1,1,3
2024-01-19,752.9749755859375,755.125,734.2000122070312,735.3250122070312,704.0989379882812,109600538,-0.010429643781651676,-0.01048441366947631,790.4589782714844,768.9680883789063,765.6561884607717,776.6626375337387,0.018705784315180315,1,1,4
2024-01-23,732.5,737.3499755859375,712.5,713.6749877929688,683.3683471679688,115469402,-0.02944272417104188,-0.02988486128919182,784.6299896240234,768.3533520507813,752.9965205695712,769.7519493584965,0.019004583036233976,1,1,1
2024-01-24,690.125,729.2249755859375,690.125,727.9500122070312,697.037109375,86004404,0.02000204174465736,0.019804629004624687,779.206753540039,768.0684826660156,744.3873803857911,764.3656649152745,0.01952703846354072,1,1,2
2024-01-25,726.25,728.6749877929688,709.7000122070312,717.4500122070312,686.9830322265625,98941852,-0.014424019916891573,-0.014529057357091655,772.7816955566407,767.5265173339844,735.5559422074482,758.633618049444,0.019591259863618447,1,1,3
2024-01-29,724.0250244140625,731.4000244140625,722.9000244140625,727.3250122070312,696.438720703125,65645498,0.0137640786351243,0.013670214030583447,766.7827453613281,767.1995190429687,729.53790812986,754.0265886163833,0.01986092334878689,1,1,0
2024-01-30,727.2750244140625,731.5999755859375,720.4500122070312,722.1500244140625,691.4835205078125,41728768,-0.007115055564845263,-0.007140488281285243,760.4402801513672,766.6240405273437,723.6833869572373,749.3937687564891,0.019654003861733292,1,1,1
2024-01-31,719.75,737.4749755859375,718.4000244140625,731.2750244140625,700.2210083007812,65761040,0.012635858315975579,0.012556692049900281,754.8016052246094,766.1854919433594,720.0737902408595,745.7513420560663,0.01984283943471407,1,1,2
2024-02-01,732.5250244140625,736.7999877929688,728.0250244140625,733.1749877929688,702.0402221679688,32690740,0.0025980566787080495,0.002594687563628131,749.2299499511719,765.8144470214844,717.2993951527224,742.5134813236147,0.019869512531564194,2,1,3
2024-02-02,737.5,740.4249877929688,721.0250244140625,723.0750122070312,692.3692626953125,44867754,-0.013775506256310188,-0.013871269013318402,743.8019317626953,765.2490258789062,713.4639901592747,738.7990947585553,0.019946738418635326,2,1,4
2024-02-05,723.0,725.9500122070312,717.0250244140625,722.4249877929688,691.7467651367188,38605046,-0.0008990831802244692,-0.0008994875979285579,737.9130950927735,764.5490686035156,710.122878617343,735.3137370087895,0.01991696602408639,2,1,0
2024-02-06,722.7750244140625,724.8499755859375,716.2999877929688,722.0499877929688,691.3876953125,41075740,-0.0005190769835371478,-0.0005192117506329164,732.2133728027344,763.8936364746094,707.2405427242902,732.0599561423977,0.019485450069662853,2,1,1
2024-02-07,726.5,726.9000244140625,713.3250122070312,714.9749755859375,684.6131591796875,54837086,-0.00979846210562152,-0.009846782941115911,726.6237701416015,763.0189282226562,703.7594067943513,728.5453785896044,0.01948873077457707,2,1,2
2024-02-08,714.9249877929688,719.4749755859375,700.25,701.5250244140625,671.7343139648438,69106124,-0.018811857531741527,-0.018991051395387003,720.7002227783203,761.7832299804687,698.8324694359655,724.3371515803628,0.019512383869262104,2,1,3
2024-02-09,696.0750122070312,707.0999755859375,693.5,701.7999877929688,671.9976196289062,56642124,0.0003919788800252899,0.0003919020763737144,714.6593811035157,760.5858337402344,694.7040310041102,720.4601492135882,0.019246815567336845,2,1,4
2024-02-12,699.8250122070312,706.8250122070312,691.6749877929688,695.0,665.4864501953125,34447812,-0.009689274550093496,-0.009736521007716648,708.4593475341796,758.9661657714844,690.2090185719875,716.3880233603827,0.019204982841298793,2,1,0
2024-02-13,695.9749755859375,702.1749877929688,692.1749877929688,697.2249755859375,667.6168823242188,57580994,0.0032013155613928035,0.0031962022606840832,702.5525573730469,757.3924560546875,686.7333053031,712.7753462465927,0.019219363886567982,2,1,1
2024-02-14,688.0,695.75,681.7750244140625,692.0250244140625,662.6378173828125,91320810,-0.00745796739601956,-0.007485917086826506,695.6403594970703,755.7517224121094,683.0263071615173,709.061455219646,0.019220031175756103,2,1,2
2024-02-15,692.5,707.75,692.1749877929688,707.0250244140625,677.0007934570312,41584944,0.021675454822285056,0.021443882466709436,689.294302368164,753.8811791992188,682.0993050531348,706.6865913853782,0.019866994749401082,2,1,3
2024-02-16,711.9500122070312,713.8499755859375,704.2249755859375,709.9500122070312,679.8015747070312,32175742,0.004137042787938361,0.004128508755432188,686.4791534423828,751.9297241210937,681.7458080768112,704.6951086684636,0.019864890625476205,2,1,4
2024-02-19,714.5,714.5,707.5999755859375,708.5499877929688,678.4610595703125,34451756,-0.0019719211996478414,-0.001973867995963605,684.8262145996093,749.9122009277344,681.2404621527344,702.7518457723043,0.019646641364752426,2,1,0
2024-02-20,707.5,728.625,705.9000244140625,727.1500244140625,696.2711791992188,56133508,0.02625076174627594,0.02591212404612649,684.4348266601562,748.2255053710937,683.5528801598858,702.2717963965201,0.020493893600330302,2,1,1
2024-02-21,732.0,732.0,717.5,719.5750122070312,689.017822265625,45893136,-0.010417430952600726,-0.010472072198642806,684.7173004150391,746.1759033203125,684.3936404838457,701.2900205349723,0.02048633580378904,2,1,2
2024-02-22,708.875,714.4000244140625,706.0999755859375,709.7750244140625,679.634033203125,50560882,-0.013619080318770682,-0.013712670707947435,683.8471466064453,743.9596911621094,683.6613932098887,699.6858733252059,0.020545149456892113,2,1,3
2024-02-23,711.2750244140625,716.9500122070312,709.0,710.2999877929688,680.1366577148438,29833452,0.0007395517104253901,0.0007392783768137848,683.5048278808594,741.9105676269531,683.1191262106511,698.2377832799939,0.020515604399649393,2,1,4
2024-02-26,706.7750244140625,717.4249877929688,706.7750244140625,711.1500244140625,680.9505615234375,23506870,0.0011966768727453836,0.001195961425692247,682.730419921875,739.9131506347657,682.7855008741567,696.9572483350638,0.020545471222908316,2,1,0
2024-02-27,706.7750244140625,713.3499755859375,706.5250244140625,710.0750122070312,679.9212036132812,32087150,-0.0015116485224028198,-0.0015127922157506751,682.1523040771484,737.7108215332031,682.344839757099,695.6953190964133,0.02055374846313639,2,1,1
2024-02-28,710.0750122070312,712.0999755859375,702.0,704.7000122070312,674.7745361328125,25321986,-0.007569505779666863,-0.007598299885336208,680.87998046875,735.3442761230468,681.1801776610548,694.1456314694799,0.0200577233382792,2,1,2
2024-02-29,701.0499877929688,705.2000122070312,698.6500244140625,701.7000122070312,671.9019165039062,53295700,-0.004257154760713755,-0.004266242244429061,679.3730651855469,732.92841796875,679.7527528676474,692.4979488794374,0.019982854098263843,2,1,3
2024-03-01,700.0,716.375,700.0,715.375,684.9961547851562,34738898,0.019488318100628454,0.019300852507311176,679.0044097900391,730.8012548828125,680.5594300857256,691.9422604280091,0.01399625739042858,3,1,4
2024-03-04,715.4749755859375,718.5,712.1500244140625,716.3499755859375,685.9296875,35616474,0.0013628291317000496,0.0013619013229464782,678.7135559082031,728.6535046386718,681.3856235340755,691.496884655564,0.012713081441074968,3,1,0
2024-03-05,711.0,721.5,710.8250122070312,720.4249877929688,689.8316650390625,37991672,0.005688596965796933,0.00567247799872457,678.6357543945312,726.2994067382813,682.6850145348428,691.3735350543417,0.012647465892137081,3,1,1
2024-03-06,716.7750244140625,726.4249877929688,716.7750244140625,721.2999877929688,690.6695556640625,42409530,0.0012146305649112232,0.001213893497988917,678.93857421875,724.1138354492188,683.9134054777998,691.3213884328395,0.011415590232128703,3,1,2
2024-03-07,722.75,725.5250244140625,720.7000122070312,723.0499877929688,692.34521484375,49348046,0.0024261373126204244,0.0024231989930421443,679.9691192626954,721.850703125,685.2106069187151,691.3972274262403,0.010810788313731291,3,1,3
2024-03-11,715.0,722.9749755859375,711.5,713.9000244140625,683.5838012695312,50531094,-0.012654689288487453,-0.012735441858089296,680.5484283447265,719.2126953125,684.960329126533,690.8184551183359,0.010734898241846117,3,1,0
2024-03-12,717.0,732.0,714.625,729.7750244140625,698.7847290039062,65418454,0.022237109343644867,0.021993470101076915,682.2133422851563,716.8600354003906,687.0871598768981,691.40854948023,0.011213309997676203,3,1,1
2024-03-13,732.75,735.7999877929688,725.0499877929688,730.2000122070312,699.1915893554688,63067454,0.0005822399011816692,0.0005820704652954376,683.7920776367188,714.4772106933593,688.9493797966782,691.9850709524699,0.011128551295463014,3,1,2
2024-03-14,731.0499877929688,733.0,722.1500244140625,727.7249755859375,696.8216552734375,52432158,-0.003389534596970667,-0.003395292083176671,685.50126953125,712.1537536621094,690.1604991007949,692.3433364577267,0.010904779886032886,3,1,3
2024-03-15,725.0,729.6500244140625,721.125,726.3250122070312,695.4811401367188,143613804,-0.00192375642544107,-0.0019256092214334098,686.4252868652344,709.7939099121094,690.9790592601679,692.5757663598743,0.010897376869075498,3,1,4
2024-03-18,723.5,728.0,717.9000244140625,723.0250244140625,692.3213500976562,21437856,-0.004543315205414955,-0.004553667429454477,687.0512756347656,707.6217443847656,691.1855655428584,692.556920710821,0.010629481848695239,3,1,0
2024-03-19,717.75,726.2000122070312,717.75,724.6749877929688,693.9011840820312,36183594,0.002281937403999068,0.0022793377389386635,687.8232818603516,705.3092980957031,691.6033530104235,692.6564957753551,0.010635531937912187,3,1,1
2024-03-20,724.5250244140625,725.8250122070312,712.3250122070312,715.5250244140625,685.1397705078125,43606094,-0.012626313047453985,-0.012706702335079706,687.2667114257813,702.9044506835937,690.6089557023295,692.0997013110926,0.010888804162939575,3,1,2
2024-03-21,721.2999877929688,725.625,719.1500244140625,722.875,692.1776123046875,28922860,0.010272125630159668,0.010219725880058879,687.4247009277344,700.8198986816407,690.8502874873076,692.1054724958034,0.010898200567652604,3,1,3
2024-03-22,720.5,725.375,718.875,721.4249877929688,690.7891845703125,45980326,-0.0020058836195988583,-0.0020078980984707755,687.9824584960937,698.8315771484375,690.8408870385391,692.0079696865077,0.01029034143542539,3,1,4
2024-03-26,713.5999755859375,718.9749755859375,711.0750122070312,712.7000122070312,682.434814453125,56844290,-0.012093950374142182,-0.012167677227553709,688.0973663330078,696.623984375,689.5476451023216,691.2988470766275,0.010563958566973966,3,1,1
2024-03-27,711.7750244140625,723.9749755859375,710.625,720.3499755859375,689.7598876953125,62168668,0.010733733225579245,0.010676535642805535,688.5378326416015,694.6294396972656,689.5802978089355,691.1848500854189,0.010538221526448685,3,1,2
2024-03-28,720.3499755859375,730.25,720.3499755859375,723.9500122070312,693.2069702148438,55592142,0.004997510845475395,0.004985064737300623,689.2021209716797,692.778525390625,690.1382474098444,691.3346367616726,0.010554790325601903,3,1,3
2024-04-01,729.0,736.9000244140625,727.7999877929688,735.25,704.027099609375,25199570,0.015608800631617736,0.015488236261430073,690.6647491455078,690.8414318847656,692.2749939020799,692.2748191948357,0.010732861829503152,4,2,0
2024-04-02,732.5750122070312,747.4249877929688,731.625,740.0750122070312,708.6472778320312,41225446,0.006562500541839489,0.006541061081687761,692.5020172119141,688.9359387207031,694.7938068143801,693.487593908702,0.010118336956232035,4,2,1
2024-04-03,736.0499877929688,747.8250122070312,735.7000122070312,741.1500244140625,709.6765747070312,45584386,0.0014524812374203666,0.0014514274068704856,693.7360382080078,688.4073791503906,697.0834634132494,694.6867776715412,0.010106745189117436,4,2,2
2024-04-04,752.0,765.0,752.0,763.7999877929688,731.36474609375,88935066,0.030560641508664776,0.030102966301757454,696.0077911376953,688.80427734375,702.3575069025571,697.4036642213345,0.01138736337993399,4,2,3
2024-04-05,769.5,777.25,765.0750122070312,774.7750244140625,741.8737182617188,59055902,0.014368989241138053,0.014266733690493711,698.6098937988281,689.5597729492188,708.4369240347359,700.6977422983999,0.010722481986609172,4,2,4
2024-04-08,777.4749755859375,778.625,770.7750244140625,773.2999877929688,740.4613647460938,20482940,-0.0019037653994998793,-0.001905579864090366,701.0994842529296,690.7016333007813,713.3637610672524,703.6431958130439,0.010487887169908562,4,2,0
2024-04-09,777.4249877929688,777.4249877929688,770.1500244140625,774.2750244140625,741.3949584960938,21884494,0.0012608270930112297,0.001260032918006811,703.5519714355469,691.5887902832031,717.6762529793818,706.439622678455,0.010043905582390765,4,2,1
2024-04-10,774.9500122070312,774.9500122070312,766.4749755859375,768.1749877929688,735.5540161132812,27807400,-0.007878314137259257,-0.007909512019926577,706.1504821777344,692.5602099609375,720.4266780769049,708.596244414368,0.010230859507990575,4,2,2
2024-04-12,760.5,764.9249877929688,756.7249755859375,759.4749755859375,727.223388671875,41084208,-0.011325650134338061,-0.011390273709138077,707.5724151611328,693.1759033203125,721.4723258607464,709.9760328778871,0.0105434890171601,4,2,4
2024-04-15,748.7750244140625,755.0,746.0250244140625,747.3499755859375,715.61328125,23415248,-0.01596498077857267,-0.016093793923482317,708.3934997558594,693.6584985351562,720.57093438217,710.3936068313769,0.011039710268794283,4,2,0
2024-04-16,743.5,756.4500122070312,741.125,754.625,722.5794067382812,20744886,0.009734483233895697,0.009687408404858214,709.6813873291015,694.1056665039063,720.879930129264,711.2962586763329,0.01098708502390427,4,2,1
2024-04-18,754.9000244140625,759.4249877929688,745.5250244140625,747.3499755859375,715.61328125,34234884,-0.009640636618370113,-0.009687408404858235,710.6879943847656,694.3771276855468,720.0696764555311,711.6160381262341,0.011141466689188622,4,2,3
2024-04-19,743.2750244140625,767.4749755859375,740.125,765.6500244140625,733.13623046875,34576434,0.024486618230647794,0.0241916268551896,712.7287384033203,695.1924670410157,722.0799155344879,713.210126447902,0.011442785612856164,4,2,4
2024-04-22,778.7000122070312,778.7000122070312,754.1500244140625,756.0999755859375,723.99169921875,42298438,-0.012473167836969723,-0.012551610765343507,714.2332641601563,695.8373657226563,722.3740361012975,714.0087614679649,0.011757584461313727,4,2,0
2024-04-23,763.1500244140625,763.25,751.625,753.7999877929688,721.7894287109375,26827060,-0.0030418449689256777,-0.003046480782671206,716.0657470703125,696.445400390625,722.2840965027806,714.5851071896666,0.011767803905432686,4,2,1
2024-04-24,757.5,760.875,754.5250244140625,755.8499755859375,723.7523803710938,22441580,0.00271956277284624,0.002715871453011321,717.6444854736328,697.2281848144531,722.5099863286749,715.264164462365,0.011769412723771857,4,2,2
2024-04-25,753.125,759.8499755859375,753.125,755.375,723.2975463867188,35445204,-0.0006284386714442425,-0.0006286362217959821,719.2699035644531,698.2594494628906,722.6311494145278,715.8592297900949,0.011775475074735593,4,2,3
2024-04-26,759.9000244140625,764.0,752.7750244140625,754.9000244140625,722.8427124023438,24854694,-0.0006288338549566008,-0.0006290316538912951,721.2902984619141,699.2763513183594,722.6636975664995,716.3765247984097,0.011477016022987055,4,2,4
2024-04-29,757.5,767.2249755859375,753.2750244140625,764.75,732.2744140625,36093350,0.013048069100413784,0.012963676362259122,723.4160247802735,700.6121105957031,724.142269335115,717.5541462253793,0.011030188193375572,4,2,0
2024-04-30,764.5999755859375,769.75,757.4500122070312,760.0499877929688,727.7739868164062,52307382,-0.006145820691899284,-0.006164783984475137,725.1443756103515,701.8152526855469,724.7009951014675,718.3111714543443,0.011120049592324556,4,2,1
2024-05-02,761.0,768.5,760.1749877929688,766.125,733.591064453125,33475006,0.007992972738920079,0.007961198135709342,726.6225738525391,703.2343176269532,726.0686980786456,719.44301538018,0.011145300654808002,5,2,3
2024-05-03,766.625,770.2999877929688,753.5999755859375,759.7999877929688,727.53466796875,31865242,-0.008255820957810966,-0.008290088985120007,727.566943359375,704.2449951171875,726.2942319078925,720.0423970534074,0.01127694768082399,5,2,4
2024-05-06,761.0,767.25,758.5750122070312,761.3250122070312,728.994873046875,28793396,0.002007059103041664,0.002005047650872701,728.5328582763672,705.2288610839844,726.7097151600436,720.7055434232939,0.01121787628781499,5,2,0
2024-05-07,760.9749755859375,762.0250244140625,752.0750122070312,753.0750122070312,721.0951538085938,28480602,-0.010836453767176568,-0.010895595780171024,728.0193786621094,706.08154296875,725.8459364905898,720.7344034518346,0.011450995678955429,5,2,1
2024-05-08,747.9749755859375,748.4749755859375,740.1749877929688,741.3250122070312,709.8441772460938,41687862,-0.015602624013039024,-0.01572562606513092,726.4179016113281,706.3530029296875,723.384127376052,719.9277200291871,0.011588287992702196,5,2,2
2024-05-09,737.4749755859375,743.375,722.6500244140625,723.75,693.0155029296875,46281278,-0.023707561259000087,-0.02399310759152375,724.0456085205078,706.4329565429688,718.7120313073805,717.9342224662612,0.012313556504476672,5,2,3
2024-05-10,719.5,725.9749755859375,713.4000244140625,718.9500122070312,697.8200073242188,27276608,0.006932751683361271,0.006908830655801013,721.8668609619141,706.7966760253906,715.4978737715094,716.4442806038877,0.012368531147868777,5,2,4
2024-05-13,716.0,729.9000244140625,715.1500244140625,727.625,706.2400512695312,27047202,0.012066211712099095,0.011993995318030914,720.4011627197266,707.3187438964844,714.0735933865897,715.6884117643058,0.012312643717045681,5,2,0
2024-05-14,726.125,732.75,725.1500244140625,730.4749755859375,709.0062866210938,25665142,0.003916848593604971,0.003909197713869993,719.4903076171875,707.8798583984375,713.2940077303596,715.1934395314753,0.012193273689756395,5,2,1
2024-05-15,729.8499755859375,729.8499755859375,717.9000244140625,719.25,698.1112060546875,38931996,-0.015366691060426096,-0.015485982309908436,718.6152038574219,708.2436584472656,710.9581920879484,713.928088903565,0.012524783353479918,5,2,2
2024-05-16,723.0250244140625,731.2750244140625,717.75,730.125,708.6665649414062,34945236,0.01511988175404233,0.015006715621806421,717.9195617675781,708.9214990234375,710.6056340654035,713.5383463878495,0.012504492524961767,5,2,3
2024-05-17,723.0999755859375,734.0,723.0999755859375,732.0499877929688,710.5349731445312,20920190,0.0026365124242591076,0.0026330429222961955,717.6656463623046,709.69416015625,710.5947631545,713.3158742957519,0.012457084377608757,5,2,4
2024-05-21,725.0499877929688,734.8499755859375,725.0499877929688,729.4000244140625,707.962890625,43769978,-0.0036199238837579806,-0.0036264916629177176,716.4069793701171,710.1534948730468,710.1898596884231,712.9193569868073,0.012473398165855885,5,2,1
2024-05-22,728.9249877929688,732.7999877929688,724.0750122070312,729.5999755859375,708.156982421875,39996278,0.0002741553257172846,0.00027411775201317227,715.6152435302735,710.5980407714844,709.8771093397233,712.5665885005161,0.011059696024601004,5,2,2
2024-05-23,729.3250122070312,747.8250122070312,728.5250244140625,746.2999877929688,724.3661499023438,40861920,0.022889229200330652,0.022631200755166003,715.7440795898438,711.28873046875,712.1061925032034,713.4406300858367,0.011566178120765257,5,2,3
2024-05-24,743.75,759.9500122070312,743.0,758.5999755859375,736.3046875,31060206,0.016481357665961927,0.01634701418957186,716.371694946289,712.2014331054687,715.829037887326,715.1342639683672,0.011981519031407003,5,2,4
2024-05-27,761.6749877929688,772.5,759.5250244140625,763.8499755859375,741.400390625,29385440,0.006920644688955591,0.006896806946004029,717.2768371582031,713.1825366210937,719.7630921546604,717.0799029799697,0.012048357418558127,5,2,0
2024-05-28,765.0499877929688,768.0250244140625,762.4000244140625,765.25,742.75927734375,27908904,0.0018328648540426595,0.0018311872068769535,718.2726654052734,714.3660461425782,723.3009667991357,718.9820788587682,0.011957549619326905,5,2,1
2024-05-29,759.0,761.9249877929688,750.625,754.1500244140625,731.9854736328125,35147706,-0.01450510823569473,-0.014611335797717083,718.2582183837891,715.0300610351562,724.6370447735475,719.9452932864752,0.012078483605534492,5,2,2
2024-05-30,749.5999755859375,761.7999877929688,748.8250122070312,757.4249877929688,735.1642456054688,33755350,0.004342670841376295,0.00433326865692485,718.6277313232422,715.7495141601562,726.2566141323045,721.0726230878822,0.011699301067715545,5,2,3
2024-05-31,759.5,768.0,757.0,765.7750244140625,743.2688598632812,74079588,0.011024222554699481,0.010963898756959441,719.11162109375,716.6784582519531,728.8738827063011,722.7167887749488,0.011734952921573895,5,2,4
2024-06-03,799.5,799.5,775.0,786.0999755859375,762.9964599609375,72637256,0.026541674437006613,0.02619555522752645,720.8847106933594,718.0287646484375,734.1235099762451,725.700468122059,0.012440900308294688,6,2,0
2024-06-04,778.5,779.5,727.0,741.5750122070312,719.7800903320312,89531240,-0.056640327834704185,-0.058307656379466166,720.4239715576172,718.577939453125,731.9168300309815,725.261921619094,0.015797081636259248,6,2,1
2024-06-05,747.0250244140625,779.7999877929688,741.1749877929688,775.9000244140625,753.0963134765625,81631650,0.04628666948701321,0.04524739070152229,722.0240295410156,719.7618420410156,735.1752120995324,727.3237284233509,0.017778599067737464,6,2,2
2024-06-06,782.4500122070312,782.7249755859375,773.2999877929688,779.8499755859375,756.9301147460938,46422870,0.0050907184126729454,0.005077804514498119,724.3783264160156,721.1976489257812,738.5221201990033,729.5167940768874,0.017769454792982583,6,2,3
2024-06-07,780.5250244140625,792.1749877929688,776.0250244140625,786.6749877929688,763.5545043945312,36712216,0.00875165291931812,0.008713579182407028,727.9052764892579,722.6251867675782,742.3732562290845,732.0381059522686,0.01781499609327305,6,2,4
2024-06-10,787.0,790.3250122070312,778.7999877929688,780.6500244140625,757.7067260742188,22454058,-0.007658625922126627,-0.007688103800781738,730.8996124267578,723.9635375976562,744.7322515898743,733.9394852205612,0.017896008493327398,6,2,0
2024-06-11,778.0,785.5,776.0999755859375,782.4000244140625,759.4052124023438,29545326,0.002241614426369276,0.0022391057570311313,733.5578704833985,725.5029455566406,746.9896301764081,735.8258353821747,0.017890765930207768,6,2,1
2024-06-12,787.5,794.1500244140625,783.2000122070312,787.0750122070312,763.9428100585938,39280436,0.0059751995142296455,0.005957418803319592,736.3046966552735,726.9866040039062,749.5978116967443,737.9085742470945,0.017783738324444524,6,2,2
2024-06-13,790.875,792.8499755859375,787.0,790.375,767.1458129882812,24120192,0.004192726062101304,0.00418396107709856,739.7564270019532,728.465380859375,752.2975042031346,740.0742956353305,0.017729227447394108,6,2,3
2024-06-14,792.0,799.5,788.8499755859375,798.4500122070312,774.9835205078125,25540554,0.010216711590982808,0.01016487376885695,743.0722747802735,729.8845092773438,755.7876605577004,742.6601641444032,0.01776015504022763,6,2,4
2024-06-18,798.4500122070312,805.25,794.7249755859375,803.9000244140625,780.2733764648438,32415714,0.006825765731850675,0.006802575659796252,746.559194946289,731.31703125,759.554693774184,745.4463280199914,0.017673522631716326,6,2,1
2024-06-19,806.7000122070312,834.9500122070312,802.0,828.9249877929688,804.5628051757812,90131196,0.031129382910621395,0.030654689800098417,751.3891906738281,733.214755859375,766.4790186051989,749.8253263278276,0.01842982552823482,6,2,2
2024-06-20,834.9000244140625,840.7249755859375,826.0,834.6749877929688,810.1438598632812,41408742,0.00693675453500564,0.006912805939832093,756.4885345458985,734.7903381347656,773.1966864910578,754.2933658489724,0.018239141279636672,6,2,3
2024-06-21,836.4249877929688,836.4249877929688,821.5750122070312,832.875,808.3967895507812,51630776,-0.0021564939254058446,-0.00215882250674765,760.6900665283204,736.1207995605469,778.6120869617845,758.3010268639212,0.017901615756629977,6,2,4
2024-06-24,823.5,837.5499877929688,822.875,836.2000122070312,811.6240234375,28544994,0.003992140899659047,0.003984193449715935,764.4560333251953,737.544052734375,783.6908464195868,762.250878461964,0.017092684288067726,6,2,0
2024-06-25,835.5499877929688,858.4749755859375,835.5499877929688,855.6749877929688,830.5266723632812,74521548,0.023289908110065705,0.02302283695900594,768.9123474121094,739.3266870117187,790.8963581032322,767.3083446768765,0.017400638952218734,6,2,1
2024-06-26,853.9749755859375,855.4500122070312,845.5499877929688,850.75,825.7464599609375,47596666,-0.005755639838443183,-0.005772267365485255,773.0617065429688,741.1305358886718,796.2579122351867,771.6370939571773,0.017489247202283023,6,2,2
2024-06-27,848.0499877929688,856.5,843.2999877929688,848.0750122070312,823.1500244140625,55074650,-0.003144349594908169,-0.0031493034492545363,777.6199340820312,743.0490686035156,800.3951602627061,775.4528665836133,0.017556912263674944,6,2,3
2024-06-28,848.7999877929688,853.2999877929688,839.5,841.9000244140625,817.1565551757812,26476046,-0.007281138383671393,-0.007307775248309864,781.7195495605469,745.0799340820313,802.9738364031791,778.5420287015517,0.017291337735946766,6,2,4
2024-07-01,840.0,853.6500244140625,840.0,852.5999755859375,827.5419921875,21187024,0.01270923783935718,0.012629153304580289,785.9332061767578,747.1791857910156,806.7535526776901,782.1716556264367,0.01725020010864686,7,3,0
2024-07-02,857.5,867.4500122070312,851.375,865.2999877929688,839.8687744140625,45921690,0.014895657674093732,0.014785806888345571,789.776821899414,749.6642956542969,811.8482021755935,786.4455162773719,0.017329280880897906,7,3,1
2024-07-03,895.5,897.0,882.3250122070312,884.3250122070312,858.3346557617188,123217802,0.02198662685196151,0.021748406423846456,796.7045501708984,752.1682641601562,818.9999642657666,791.7706377206569,0.017482512890861945,7,3,2
2024-07-04,879.875,879.875,862.4249877929688,863.5750122070312,838.1945190429688,45848658,-0.02346420080274736,-0.023743868613118297,800.9594604492188,754.4523205566406,821.9529726930284,795.2094437445318,0.018296474677388146,7,3,3
2024-07-05,842.5,842.5,821.0999755859375,824.0499877929688,799.8310546875,82242548,-0.04576916632582051,-0.04684967278336652,803.1045074462891,756.0131530761719,818.5496006921779,795.5517852958627,0.02027231264888892,7,3,4
2024-07-08,822.6500244140625,827.4749755859375,813.5750122070312,817.6749877929688,793.6434326171875,39087800,-0.00773616132313093,-0.0077662406519251725,804.6089538574219,757.4109741210938,814.7178825267948,795.4104258381831,0.02022007030043152,7,3,0
2024-07-09,812.5,823.3499755859375,810.1749877929688,818.25,794.2015991210938,48550878,0.0007032963179265384,0.0007030491209661517,806.4336975097656,758.8290551757813,811.56153123361,795.3208831183987,0.020207202715914207,7,3,1
2024-07-10,814.9749755859375,820.0,810.375,813.0499877929688,789.1544799804688,45507182,-0.006354959680527461,-0.00637523839606407,807.9211608886719,760.1552905273437,808.1142925792807,794.8641125155891,0.020271647625249224,7,3,2
2024-07-11,811.9749755859375,812.9249877929688,800.5,810.9500122070312,787.1161499023438,44177074,-0.0025829291093619755,-0.0025862706259277843,809.0798278808594,761.2521252441406,804.8838090905213,794.2901893590524,0.020048045171351735,7,3,3
2024-07-12,811.0,819.2000122070312,805.5750122070312,811.3499755859375,787.50439453125,56049960,0.0004932494765281792,0.0004931278689920572,810.0977569580078,762.4467333984375,802.2100530044795,793.7875378903262,0.02004895556915573,7,3,4
2024-07-15,811.75,814.9000244140625,807.5999755859375,811.0499877929688,787.2131958007812,33375694,-0.0003697741022030687,-0.0003698424855045009,810.7092407226562,763.5191760253906,799.9028442039105,793.300549587397,0.01998957113172617,7,3,0
2024-07-16,810.375,813.5,808.4000244140625,809.875,786.0726928710938,28950324,-0.0014487853300366726,-0.0014498358342622721,810.9992065429688,764.6899365234375,797.7751286142465,792.7651527935968,0.019456080300160935,7,3,1
2024-07-18,804.0,811.9749755859375,799.5750122070312,807.4000244140625,783.6705322265625,33717064,-0.0030559014023976427,-0.00306058020348947,809.9545928955079,765.7834497070312,795.605190708449,792.0914771960388,0.016142508911936172,7,3,3
2024-07-19,808.0,811.5,801.75,803.6500244140625,780.0307006835938,26002152,-0.004644594116136158,-0.004655413758284599,808.4489349365234,766.9621606445312,793.2091153200097,791.198086343265,0.013959884561732847,7,3,4
2024-07-22,808.5,825.5,806.3250122070312,821.2750244140625,797.1376953125,53744822,0.02193118118801518,0.02169415212483127,807.8859802246094,768.7080310058594,793.8135122419312,791.6380573780232,0.014448970196564406,7,3,0
2024-07-23,823.7750244140625,823.9000244140625,802.5,809.2000122070312,785.4176025390625,52002152,-0.014702720549230719,-0.014811876795478839,806.5756591796875,770.5560729980468,792.5218338261052,791.1772829455076,0.014693903728067543,7,3,1
2024-07-24,804.0750122070312,810.5,794.0250244140625,802.0250244140625,778.4534912109375,61728206,-0.00886676247847229,-0.00890630613993786,803.9720001220703,772.1687426757812,790.3574734237717,790.2347798540579,0.014720216241055732,7,3,2
2024-07-25,796.5,812.5,796.5,808.2999877929688,784.5440063476562,25535732,0.007823865144781506,0.007793417421353553,801.9118774414062,773.7348217773438,789.4630938736001,789.813241075806,0.014771563848279214,7,3,3
2024-07-26,802.5,810.875,798.2249755859375,809.0750122070312,785.2962646484375,43810540,0.0009588478080193585,0.0009583884071001434,800.019189453125,775.2606213378906,788.8220432235751,789.4786502293343,0.014743921184032262,7,3,4
2024-07-29,807.5,815.9249877929688,799.1500244140625,802.5250244140625,778.938720703125,51001148,-0.008095726710426465,-0.008128675053590044,798.1082977294922,776.8771716308594,787.3015320665828,788.6979147088744,0.014823367189760036,7,3,0
2024-07-30,801.0,817.375,799.5,807.7750244140625,784.0344848632812,54595834,0.006541932022016361,0.0065206264539644015,795.9329223632812,778.3845300292969,786.798909419921,788.3524754610527,0.014756323037992467,7,3,1
2024-07-31,807.0,813.9500122070312,804.5999755859375,807.875,784.1314697265625,37820484,0.00012369974172532494,0.0001236920915431507,793.1460571289062,779.8564599609375,786.3885340824812,788.039808369609,0.014707794757180346,7,3,2
2024-08-01,811.4500122070312,825.0250244140625,808.9749755859375,819.4000244140625,795.3178100585938,26215174,0.014265898977287694,0.014165098581546496,789.99521484375,781.6035583496093,787.762268848037,788.57891960583,0.013780729682658054,8,3,3
2024-08-02,815.5,835.25,815.5,829.5750122070312,805.1937255859375,44119238,0.012417571192849586,0.012341105516932217,788.3451751708984,783.5442932128906,790.4440314230986,789.8096459747269,0.013915545781186547,8,3,4
2024-08-05,820.0499877929688,823.0,800.5,807.875,784.1314697265625,41333634,-0.026157997994890048,-0.02650620409847862,787.5601959228516,784.739599609375,789.47286808517,789.3890403267147,0.014704847627304842,8,3,0
2024-08-06,815.0,816.4749755859375,796.6500244140625,800.5999755859375,777.0702514648438,45116050,-0.009005145864354969,-0.009045937263365224,786.7315368652344,785.5549108886719,787.5647732205045,788.4765374480576,0.014746846752684265,8,3,1
2024-08-07,808.5,815.0,801.0999755859375,811.75,787.8926391601562,42346264,0.013927167685175768,0.013831075848869749,786.4160888671875,786.484755859375,787.6152141342972,788.4332857230279,0.014299852790354945,8,3,2
2024-08-08,812.0,826.6500244140625,809.625,821.3499755859375,797.21044921875,33976950,0.011826243317269558,0.011756859796963346,786.8188873291016,787.573779296875,789.09140414729,789.0834459819703,0.014485095244296073,8,3,3
2024-08-09,826.0,831.2750244140625,822.9000244140625,825.0999755859375,800.8502197265625,26644618,0.004565633216899512,0.0045552423288821925,787.5055908203125,788.95107421875,790.9004526979472,789.9550588519401,0.01451537246749656,8,3,4
2024-08-12,826.0,837.9749755859375,823.6749877929688,830.0499877929688,805.65478515625,39316196,0.005999330850315454,0.005981406518594093,788.4131103515625,790.3608850097656,793.1703499992245,791.1180015411483,0.014513793356710603,8,3,0
2024-08-13,814.0,816.2000122070312,800.5750122070312,801.5999755859375,778.0409545898438,54055042,-0.03427501589412241,-0.03487618084565813,787.9544982910156,791.0563269042968,790.8427507054736,790.1493313966072,0.015551694819641798,8,3,1
2024-08-14,803.25,806.8499755859375,801.5999755859375,803.9000244140625,780.2733764648438,32334428,0.002869285815650713,0.0028651772722852803,787.6645324707031,791.401865234375,789.2166931299921,789.4177791794394,0.015255043708858686,8,3,2
2024-08-16,814.25,817.0750122070312,805.5,816.0499877929688,792.0662231445312,27849246,0.01511373710213837,0.015000662474181525,788.0843170166015,792.847587890625,789.6550823629981,789.6139602138907,0.014925210858292758,8,3,4
2024-08-19,818.8250122070312,818.8250122070312,811.8499755859375,815.7750244140625,791.7993774414062,19502164,-0.00033689822306226525,-0.00033695498601786706,788.6727508544922,793.6216491699219,789.9849739135224,789.7758429714844,0.014396459779743605,8,3,0
2024-08-20,813.7249755859375,823.0,813.7249755859375,818.8499755859375,794.783935546875,31134494,0.0037693362618103077,0.003762250115014318,788.555062866211,794.3787255859374,790.723275703269,790.1468127918837,0.011782348360103993,8,3,1
2024-08-21,814.0499877929688,817.2750244140625,808.9000244140625,812.9000244140625,789.0088500976562,47630904,-0.0072662332376471905,-0.007292760892579147,788.7346252441406,794.8878125,790.4595179177901,790.062519258978,0.011772214006139963,8,3,2
2024-08-22,816.0,819.1500244140625,814.0,815.6500244140625,791.6781005859375,21300638,0.0033830425196763603,0.0033773329049538226,789.3958557128906,795.5672399902344,790.6469921744282,790.1821919498639,0.011788892248811461,8,3,3
2024-08-23,817.0,817.0,811.5,812.5250244140625,788.6448974609375,20333422,-0.0038313591379565137,-0.00383871759565452,789.6009002685547,796.1520336914062,790.338977603122,790.0683182840176,0.011751209768931964,8,3,4
2024-08-26,816.0999755859375,823.9749755859375,816.0999755859375,819.9749755859375,795.8758544921875,22364266,0.0091688376537149,0.009127059041786421,790.1298797607421,796.7906945800781,791.1908048168244,790.4985061512895,0.01185596914418162,8,3,0
2024-08-27,821.7000122070312,823.7000122070312,816.0999755859375,818.875,794.8082275390625,35773244,-0.0013414491055344646,-0.0013423496538357367,790.9233551025391,797.3439428710938,791.7473313894765,790.817744772606,0.011860402244099994,8,3,1
2024-08-28,818.875,819.875,815.0999755859375,818.5499877929688,794.4927368164062,26921188,-0.00039693942730445464,-0.00039701822861251635,791.4462677001953,797.7341271972656,792.169701455158,791.0899664054801,0.011860462201314195,8,3,2
2024-08-29,821.0,822.2000122070312,815.5750122070312,819.2750244140625,795.1964721679688,49052604,0.0008857668786028672,0.0008853748186200027,791.9995178222656,798.0325891113281,792.6353584878982,791.3941520175164,0.01185573889114748,8,3,3
2024-08-30,828.0,831.0,810.5750122070312,818.4500122070312,794.395751953125,445342100,-0.001006946387300589,-0.001007453698399349,791.9534149169922,797.829248046875,792.9061882517792,791.6164927534874,0.01184071915913243,8,3,4
2024-09-02,823.4000244140625,823.4000244140625,811.5999755859375,813.4749755859375,789.56689453125,34049680,-0.006078654637820757,-0.006097204870766882,791.1720733642578,797.4177087402344,792.3924507563132,791.4646706629513,0.01186516358901606,9,3,0
2024-09-03,817.0,819.9749755859375,812.2999877929688,818.6749877929688,794.6140747070312,37282860,0.006392340168691613,0.00637199581493481,791.6962036132812,797.1420544433594,792.7342390564237,791.6979598514017,0.01121765520529361,9,3,1
2024-09-04,819.5,822.4000244140625,816.0,820.9000244140625,796.7737426757812,24682744,0.0027178828534422106,0.0027141960884591197,792.6813781738281,796.845048828125,793.3557011517095,792.0739437643188,0.010878454935472018,9,3,2
2024-09-05,823.0,824.9500122070312,821.0,822.7249755859375,798.5451049804688,22876318,0.0022231685230222897,0.002220700940439277,793.2140014648437,796.2054174804688,794.1540709715186,792.5532890395891,0.010735390020192944,9,3,3
2024-09-06,819.1500244140625,823.875,817.0499877929688,818.4749755859375,794.419921875,26029602,-0.0051658736366176905,-0.00517926289320958,793.0744750976562,795.57888671875,794.1949711105158,792.6915581385085,0.010708676425276809,9,3,4
2024-09-09,819.0,824.25,815.0499877929688,823.25,799.0546875,23792914,0.005834150802840998,0.005817198049700444,792.9846984863282,795.0969799804687,794.942619785821,793.1629010541745,0.01075320304283295,9,3,0
2024-09-10,827.0,827.0,819.0,825.1749877929688,800.9230346679688,26606646,0.0023381968683697796,0.0023354675397160092,792.7481109619141,794.7723095703125,795.8626836138437,793.7377257663074,0.01062908277351816,9,3,1
2024-09-11,825.2000122070312,826.25,819.5999755859375,821.9500122070312,797.7928466796875,22226684,-0.003908225700586687,-0.003915882771535491,793.7357055664063,794.1773266601563,796.1596317778198,794.0381050932245,0.01061185779283759,9,3,2
2024-09-12,827.0,835.0,823.5250244140625,833.2999877929688,808.8092651367188,32424046,0.013808620248827896,0.013714149928650412,795.1625,793.5561364746094,798.1057292176504,795.1322650964463,0.010879867551146886,9,3,3
2024-09-13,837.0,837.0,828.5250244140625,832.9749755859375,808.4937744140625,23860532,-0.00039006813627795456,-0.000390144232642579,795.9838775634765,792.5593188476563,799.7038900170984,796.1220065273808,0.010593158256449294,9,3,4
2024-09-16,833.5,838.9000244140625,832.0250244140625,835.4749755859375,810.9203491210938,15172820,0.003001352371315269,0.002996857305225748,796.9399261474609,792.0138354492187,801.4294991100207,797.218180052841,0.010368122499522582,9,3,0
2024-09-17,839.0,839.0,832.0750122070312,834.4000244140625,809.876953125,20127122,-0.0012866812347533951,-0.0012875097197936837,797.6945770263671,792.2147534179687,802.7291074200176,798.155866947075,0.00909693345216912,9,3,1
2024-09-18,835.9249877929688,849.4500122070312,835.5499877929688,847.4000244140625,822.494873046875,40917342,0.015580045676305998,0.015459922837628119,799.3688781738281,792.7917822265625,805.7699944395342,799.9587562878008,0.009259488249854442,9,3,2
2024-09-19,849.5999755859375,859.5,849.5750122070312,854.25,829.1435546875,30651776,0.008083553902282103,0.008051056989999842,801.2421508789063,793.4906213378906,809.3659267853751,802.120593206297,0.009057835463742116,9,3,3
2024-09-20,858.25,872.4749755859375,853.7750244140625,870.5999755859375,845.0130004882812,60623386,0.019139563602785792,0.018958706199615753,804.0605560302735,794.6077917480469,814.8500919704376,805.2978085605181,0.00942937387915796,9,3,4
2024-09-23,874.5,883.1749877929688,870.125,879.9000244140625,854.0396728515625,26965350,0.010682288151857122,0.010625635607197651,806.9687469482421,795.9462622070313,820.8792582598413,808.9083170265214,0.009552395603534842,9,3,0
2024-09-24,882.5,890.8250122070312,877.125,884.0250244140625,858.0435180664062,33039036,0.0046881255544901634,0.004677170519592464,810.1305114746094,797.3570446777344,826.5968366916205,812.5479615479944,0.009537353877247155,9,3,1
2024-09-25,880.0750122070312,894.0,880.0750122070312,889.5499877929688,863.4060668945312,31965312,0.006249739920195951,0.006230291286201133,813.5761779785156,798.8809020996093,832.259795184376,816.3152286107008,0.006626593449635986,9,3,2
2024-09-26,886.5250244140625,894.0,884.0250244140625,891.7249755859375,865.5171508789062,31899644,0.0024450650340783753,0.0024420807261293954,817.0922119140625,800.4697912597657,837.3763114450729,819.9598154453828,0.006628432225972518,9,3,3
2024-09-27,888.5,889.0999755859375,875.0,876.3250122070312,850.5697021484375,35613502,-0.017269962490390922,-0.017420827774180657,819.9009094238281,801.8077746582031,839.4060638609751,822.227214460424,0.007274456368364759,9,3,4
2024-09-30,874.4000244140625,875.7249755859375,862.2000122070312,866.0250244140625,840.572509765625,26383534,-0.011753525146217636,-0.01182314387086693,822.4511901855469,803.0186108398437,839.5855170770751,823.5861252237722,0.007708450011246596,9,3,0
2024-10-01,862.0,871.0,860.0499877929688,863.0999755859375,837.7334594726562,24572284,-0.0033775197975013382,-0.0033832364932909397,824.6071594238281,803.8305261230469,839.3005851379337,824.6340759088747,0.007762868387170187,10,4,1
2024-10-03,857.8250122070312,863.0750122070312,836.6749877929688,841.0,816.282958984375,48473398,-0.025605400197079464,-0.025938924116040256,825.5826202392578,804.4478332519532,835.75941188354,824.015474655208,0.009106075902866518,10,4,3
2024-10-04,837.25,845.3250122070312,826.5,828.8250122070312,804.4657592773438,48683232,-0.01447684234610791,-0.014582654285036767,825.8786529541015,804.9680786132812,830.9450037902791,822.567347590181,0.009530570554027642,10,4,4
2024-10-07,826.0999755859375,829.5,806.5,808.9000244140625,785.1264038085938,94458296,-0.024039998279258845,-0.024333675252326173,825.4139770507812,804.9797265625,823.8959884084813,819.7939443471005,0.010516201559548568,10,4,0
2024-10-08,815.0,828.4000244140625,811.0,825.5250244140625,801.2628173828125,29734406,0.020552631392782184,0.02034427606111851,825.5243835449219,805.2990576171875,820.4139620968399,818.4212682756718,0.011053658762390247,10,4,1
2024-10-09,824.75,828.375,814.3499755859375,816.5750122070312,792.5758056640625,41125642,-0.010841650866970975,-0.010900849828874213,825.1070220947265,805.5717993164062,816.1311687994896,816.5067895637007,0.011236409631027011,10,4,2
2024-10-10,819.5,832.7249755859375,816.25,831.2000122070312,806.7709350585938,21754766,0.017910122026293607,0.017751625454904604,825.5559265136719,806.0265283203125,814.6911328393519,815.7856151559151,0.01170335107453435,10,4,3
2024-10-11,832.2249755859375,832.2249755859375,821.625,825.5,801.238525390625,23672594,-0.006857472707004431,-0.006881093219583502,825.1773895263672,806.3686694335937,812.6215009241631,814.7080529510789,0.011781447715186365,10,4,4
2024-10-14,828.0250244140625,846.0250244140625,827.0,844.0499877929688,819.2433471679688,18527508,0.02247123822280761,0.022222479661745696,825.7148681640625,806.8471801757812,813.6402465001331,815.0440006708485,0.012451054430659877,10,4,0
2024-10-15,847.0,849.0,837.75,842.0499877929688,817.3021240234375,19651130,-0.0023695317773917424,-0.0023723435604314667,826.0339569091797,807.0893481445313,814.2036122729492,815.2112690673366,0.012395582564727937,10,4,1
2024-10-16,840.0499877929688,853.9749755859375,840.0499877929688,849.9000244140625,824.92138671875,20470682,0.00932245551718891,0.009279269620341132,826.7861785888672,807.905146484375,815.8525006492262,815.9305370415154,0.012449123765653712,10,4,2
2024-10-17,847.4749755859375,848.8250122070312,832.5999755859375,836.5750122070312,811.988037109375,14695732,-0.015678281370324676,-0.015802485539425426,826.2608367919922,808.6035021972656,815.2579677969413,815.638500009505,0.012825454190957956,10,4,3
2024-10-18,831.5499877929688,845.5,827.0499877929688,840.9249877929688,816.2101440429688,24809724,0.005199715686236228,0.005186243844279787,825.6141662597656,809.1698522949218,815.4044564501763,815.6808440119838,0.012849052935465751,10,4,4
2024-10-21,857.5,874.0750122070312,855.5250244140625,864.3499755859375,838.9466552734375,46548354,0.02785619781426263,0.027475271853412864,825.3108489990234,810.0045764160157,819.0263331922165,817.4042374387582,0.013705416809669385,10,4,0
2024-10-22,865.0250244140625,870.0,855.3499755859375,857.2750244140625,832.07958984375,38875280,-0.008185342162725817,-0.008219026011030783,824.2128448486328,810.6291638183594,821.0345265232216,818.4913005798686,0.013805655848069844,10,4,1
2024-10-23,852.5250244140625,873.25,852.5250244140625,867.9000244140625,842.3923950195312,38036090,0.012394012906527196,0.01231783590853166,823.430288696289,811.363916015625,824.3203524457308,820.2617520198437,0.013949467414012566,10,4,2
2024-10-24,869.0499877929688,884.3250122070312,869.0499877929688,874.8250122070312,849.1138916015625,30832258,0.00797905657953546,0.007947392230486,822.7156799316406,812.7853747558594,828.1347430850894,822.3989475444155,0.013951205527760703,10,4,3
2024-10-25,877.5,878.9249877929688,864.3499755859375,871.7000122070312,846.0807495117188,26130478,-0.003572126330571246,-0.0035785216082006624,821.7438598632813,814.1015222167969,830.8956671507248,824.1531550975491,0.013811595790794424,10,4,4
2024-10-28,871.0,875.5,864.4500122070312,867.0999755859375,841.6158447265625,22012142,-0.005277161533025043,-0.005291134931548436,821.2961669921875,815.0925146484375,832.5449252393151,825.4466876626611,0.01386453600995467,10,4,0
2024-10-29,863.0750122070312,882.0,862.5499877929688,875.9249877929688,850.1815185546875,35794926,0.01017765276378313,0.010126209211190737,821.7766174316406,816.2601574707031,835.258247287834,827.2788973583667,0.013954162130241888,10,4,1
2024-10-30,871.0,877.375,862.0999755859375,867.2999877929688,841.8099975585938,32715724,-0.009846745445990623,-0.009895545254376937,821.9804443359375,817.2006787109375,836.2662088679508,828.3552751509762,0.014103453187552437,10,4,2
2024-10-31,864.0,869.4500122070312,859.7000122070312,867.8499755859375,842.3438110351562,22895912,0.0006341258456310506,0.0006339248727938939,823.2834869384766,818.2673779296875,837.2012245859825,829.3914629942487,0.013846402037328034,10,4,3
2024-11-01,866.5,872.0499877929688,863.0499877929688,868.6500244140625,843.120361328125,1759692,0.0009218923232954257,0.0009214676415547327,825.2162170410156,819.2962231445313,838.1118610078505,830.4084184263878,0.013779639235177454,11,4,4
2024-11-04,872.5,872.5,855.4500122070312,857.0499877929688,831.8612060546875,28089248,-0.013354149407211025,-0.013444117926866709,827.5529571533203,820.1605493164062,837.1502217842869,830.5160323247803,0.013551272794512742,11,4,0
2024-11-05,851.5,881.3499755859375,848.9500122070312,878.9249877929688,853.0933227539062,44232406,0.025523628875443682,0.025203339586590403,830.144482421875,821.3048986816407,839.6030065488437,832.1884242084193,0.014225230943337386,11,4,1
2024-11-06,885.75,885.75,872.6749877929688,877.625,851.83154296875,27787910,-0.001479064190870738,-0.0014801590860577785,833.1072692871094,822.4453649902343,841.4843198442139,833.6434700425178,0.014200592792080965,11,4,2
2024-11-07,872.1500244140625,880.4749755859375,869.0,873.2750244140625,847.609375,18895456,-0.004956576219325215,-0.004968900785200324,835.1491912841797,823.5076977539062,842.4266360220272,834.6779815208499,0.014173947461629845,11,4,3
2024-11-08,876.0,880.9000244140625,872.9249877929688,877.2249755859375,851.4432983398438,19902986,0.004523219602005746,0.00451302058757836,837.6594299316406,824.6326342773438,843.8138148401529,835.9198568407754,0.01419399444864477,11,4,4
2024-11-11,877.2750244140625,891.4000244140625,875.5999755859375,883.1500244140625,857.1942138671875,24565362,0.006754314161092179,0.00673160597599576,839.5569732666015,825.888603515625,845.8723377673889,837.4957351390282,0.013886644063730509,11,4,0
2024-11-12,886.0,887.5,854.3250122070312,859.0999755859375,833.8509521484375,31395406,-0.027232173690765027,-0.02760984160125995,840.3844146728516,826.7742846679688,844.0228938260117,837.2257512137992,0.014620100419461315,11,4,1
2024-11-13,858.375,864.7000122070312,836.5,840.6749877929688,815.967529296875,35728500,-0.02144678590998239,-0.021680110293077856,839.9367218017578,827.2013537597657,839.7066838984522,835.6510681088419,0.015120673182269328,11,4,2
2024-11-14,836.5499877929688,852.4249877929688,836.0499877929688,846.375,821.5,27146470,0.006780258410395756,0.00675737583329886,840.412319946289,827.69587890625,836.9056556063825,834.6028408415202,0.014426314864941177,11,4,3
2024-11-18,850.0,859.4500122070312,847.5,852.5499877929688,827.4934692382812,27081968,0.007295762919392823,0.00726927758357515,840.9764862060547,828.2748461914063,835.457626934367,834.0762207227618,0.014202550960571738,11,4,0
2024-11-19,857.0,876.875,851.3499755859375,871.125,845.5225219726562,50981272,0.02178754685637707,0.021553590383233845,841.3052795410156,829.2968981933594,837.006072324873,834.9240948894206,0.013872864430464437,11,4,1
2024-11-21,874.7000122070312,879.5,867.0999755859375,870.5999755859375,845.0130004882812,35716512,-0.0006026113688684109,-0.0006027930120765296,841.9519500732422,830.216064453125,838.2379074269359,835.671421230077,0.013458553557687018,11,4,3
2024-11-22,871.7750244140625,877.1500244140625,864.7750244140625,872.7999877929688,847.1483764648438,24773612,0.002527033282716973,0.002523845703061571,842.1897491455078,831.1405712890624,839.6087488173832,836.5215660622821,0.013243052520083178,11,4,4
2024-11-25,892.5250244140625,901.7750244140624,882.4500122070312,892.7999877929688,866.5604858398438,427737274,0.02291465098004064,0.022656053361965297,843.0620788574219,832.5159240722656,843.7551698977618,838.7466712309904,0.013475854582906097,11,4,0
2024-11-26,905.0,905.0,884.9000244140625,892.7750244140625,866.5362548828125,30935566,-2.7962222403643544e-05,-2.7962613353872328e-05,844.0848541259766,833.6704638671876,847.2599522031543,840.8051589089032,0.013370060073475593,11,4,1
2024-11-27,894.9500122070312,908.6749877929688,892.5750122070312,906.1500244140624,879.5182495117188,32714976,0.014981478911879842,0.014870364949806954,845.9799743652344,835.0909533691406,852.2227671737028,843.6727952498525,0.01305436479668874,11,4,2
2024-11-28,909.5,918.0499877929688,894.0,896.5750122070312,870.224609375,35722392,-0.010566739396116298,-0.010622963810080975,846.98212890625,836.2770385742188,854.9922813585177,845.6395962961597,0.01324317506969654,11,4,3
2024-11-29,900.6500244140625,902.2999877929688,891.4500122070312,898.0250244140625,871.632080078125,27669536,0.0016173648595572132,0.0016160583335758463,848.4732330322265,837.5121411132812,857.5522503923034,847.5649654651942,0.013174380510572112,11,4,4
2024-12-02,901.75,904.0750122070312,887.5,902.3499755859376,875.8298950195312,15110876,0.00481603997529545,0.0048044799555938865,850.1475372314453,838.5788415527344,860.3641957195692,849.6586639507007,0.012754977488908402,12,4,0
2024-12-03,911.3499755859376,918.7000122070312,908.0499877929688,913.1500244140624,886.3125,43410242,0.011968768182130773,0.011897708908940595,852.3071441650391,839.7222204589843,864.3562425319433,852.3737629173154,0.01286189296187851,12,4,1
2024-12-04,919.0,932.5,915.5750122070312,930.0499877929688,902.7157592773438,44669084,0.01850730896534092,0.018338132864513076,855.8498718261719,840.8762756347656,870.2577066466204,856.1027996847249,0.012337185093401752,12,4,2
2024-12-05,930.0,939.9749755859376,917.5999755859376,932.875,905.457763671875,39682714,0.0030375058442828617,0.0030329019439658627,858.4680938720703,841.9046374511719,875.6731000351211,859.7587229430324,0.012170449526202486,12,4,3
2024-12-06,928.5,932.0999755859376,922.0,927.9249877929688,900.6531982421875,17783156,-0.005306228100804722,-0.005320356128989224,860.9091766357421,842.7568310546875,879.5161920669775,862.7879433355623,0.012122902037296171,12,4,4
2024-12-09,926.8250122070312,940.0,924.5,935.0,907.520263671875,26947912,0.007624538993577179,0.007595619103674054,863.9047210693359,843.6391149902344,883.8245107754233,866.1014485456595,0.012117349455082763,12,4,0
2024-12-10,938.8499755859376,938.8499755859376,929.2750244140624,934.0499877929688,906.5982055664062,13325480,-0.001016019302685356,-0.0010165358001743199,866.662466430664,844.4607360839843,887.3281561278823,869.1012083249741,0.01208364212782118,12,4,1
2024-12-11,930.8499755859376,935.9500122070312,928.375,931.5499877929688,904.1716918945312,14045426,-0.0026765039429555992,-0.002680092183691009,869.0113403320313,845.5327758789062,889.9194693227514,871.6990219227191,0.012036079555235172,12,4,2
2024-12-12,925.5,934.3250122070312,924.3499755859376,929.625,902.3032836914062,17293790,-0.002066430767380112,-0.0020685687813179147,872.4339569091796,846.7673913574218,891.8246715333137,873.9660042759552,0.011972878592729778,12,4,3
2024-12-13,931.25,937.5,914.625,935.875,908.36962890625,19009002,0.006723177588388918,0.006700677820271815,877.0540618896484,848.1801147460938,894.3700495906885,876.5144209152363,0.011785653107143895,12,4,4
2024-12-16,932.5499877929688,934.9749755859376,927.625,932.5999755859376,905.1907958984376,13107082,-0.003499492834915574,-0.003505630383020341,881.2386016845703,849.958271484375,896.0347797918806,878.6385968399179,0.011833578311099083,12,4,0
2024-12-17,928.1749877929688,931.1749877929688,913.25,916.625,889.6853637695312,21079532,-0.01712946287032957,-0.01727786930935988,884.3481964111328,851.6626635742188,895.0579465576731,879.4568758717411,0.012362098222162431,12,4,1
2024-12-18,914.9249877929688,918.0,903.5750122070312,905.3499755859376,878.74169921875,23422312,-0.012300600860076782,-0.01237687941093236,886.0091552734375,853.5349694824218,892.5477546593772,879.4038998233714,0.012318786265234333,12,4,2
2024-12-19,899.7999877929688,900.5499877929688,889.5,896.75,870.3944091796875,25380770,-0.009499139561128911,-0.009544544152468977,887.2782257080078,854.9176013183594,889.1395476625019,878.7365301460615,0.011644116088880095,12,4,3
2024-12-20,891.0999755859375,898.7750244140625,883.5250244140625,885.75,859.7177734375,25692348,-0.012266434193034192,-0.012342287837690173,887.9066955566407,856.2604406738282,884.6131208586554,877.3277333528347,0.01187904026376935,12,4,4
2024-12-23,891.0,903.0,890.6500244140625,900.5,874.0343017578125,11044592,0.01665259084160753,0.016515456781537985,888.280386352539,857.6057080078125,882.9856102277565,877.0837754569071,0.012195508799827826,12,4,0
2024-12-24,901.0250244140624,904.3499755859376,894.7750244140625,899.0499877929688,872.6268310546875,14485834,-0.001610315179043198,-0.0016116131301251585,888.5849151611328,859.0334741210937,881.3919518934382,876.7536314271131,0.012187479239911073,12,4,1
2024-12-26,899.2750244140625,906.0,890.375,895.375,869.0598754882812,10481678,-0.004087607026814766,-0.004095984128410219,888.0619964599609,860.0298046875,879.4947093695679,876.1837235797923,0.012168363388099866,12,4,3
2024-12-27,897.4000244140625,902.9749755859376,894.5499877929688,899.125,872.6996459960938,7259330,0.0041881700104582364,0.004179424037683392,888.1857482910157,861.1377551269532,878.449315004418,875.9256437587775,0.01099175231873343,12,4,4
2024-12-30,896.0999755859375,907.5,885.5,888.9500122070312,862.82373046875,22222218,-0.0113165114397078,-0.011381030369917696,887.7453308105469,861.8958020019531,876.0453789220077,874.9551316632198,0.010399702353046712,12,4,0
2024-12-31,885.1500244140625,890.9000244140625,882.7999877929688,886.4249877929688,860.3729248046875,14117236,-0.002840447680699576,-0.0028444894075698216,886.9724822998047,862.8634997558594,873.6342321347277,873.8749681922175,0.01039283378302573,12,4,1
2025-01-01,886.7249755859375,897.0,880.5499877929688,891.375,865.1774291992188,7313806,0.005584211515746951,0.005568677609534686,885.9157287597657,863.8428454589844,872.3331855292647,873.2307060445879,0.010365117135888497,1,1,2
2025-01-02,888.5499877929688,901.7249755859376,886.5,896.875,870.5157470703125,18558576,0.006170200112634472,0.006151242369997689,884.3057281494141,864.4742272949219,872.0535796125027,873.0295979724193,0.009682714767890324,1,1,3
2025-01-03,895.5,897.625,873.1500244140625,874.5999755859375,848.8954467773438,24426194,-0.02483619666356529,-0.025149818673300017,881.4776123046875,864.8105444335938,868.4907899455552,871.2418830690804,0.010772038804929763,1,1,4
2025-01-06,870.0499877929688,878.5999755859375,852.9000244140625,855.25,830.1141357421875,18816348,-0.022124410145508033,-0.022372825776775702,877.9506591796875,864.5649792480468,862.5866892988832,868.1953832670883,0.011504443279120901,1,1,0
2025-01-07,857.5,860.5,850.0,856.7000122070312,831.5215454101562,13527906,0.00169544115365583,0.0016940055157670562,874.1507232666015,864.2131323242188,857.8074363929252,865.4788026850933,0.010626888588318614,1,1,1
2025-01-08,854.125,855.8250122070312,841.6749877929688,847.1500244140625,822.252197265625,19738190,-0.011147453960389075,-0.01121005246936604,869.9334228515625,863.7365612792969,852.3373996041097,862.2768319132808,0.01077317450329532,1,1,2
2025-01-09,842.0750122070312,844.5,829.0499877929688,833.9000244140625,809.3916625976562,40420222,-0.015640620615835488,-0.015764225656164723,865.1944213867188,863.0920776367187,845.7303631415784,858.3594119639753,0.010588143220082677,1,1,3
2025-01-10,835.5,837.4500122070312,827.0,828.375,804.0289916992188,17453280,-0.006625557373826418,-0.006647603813005651,860.2807067871094,862.1690270996094,839.3147675350615,854.334936388808,0.010511491087871465,1,1,4
2025-01-13,820.0,823.375,812.1500244140625,815.4249877929688,791.4596557617188,21669066,-0.015632938696571452,-0.01575642170828724,854.4352081298828,861.1620202636718,831.9524426468548,849.6775081942088,0.01074322466174737,1,1,0
2025-01-14,819.9500122070312,828.0999755859375,818.5,823.2999877929688,799.1031494140625,26661432,0.009657464656221082,0.009611129426136497,849.130825805664,860.29720703125,826.8987052264252,845.9312593956795,0.010902279567077858,1,1,1
2025-01-15,828.25,831.3499755859375,818.1500244140625,821.5250244140625,797.3803100585938,14022892,-0.0021559661687380327,-0.002158293609656037,844.5155731201172,859.3824060058594,822.3574136621435,842.3348927781176,0.010532552968762567,1,1,2
2025-01-16,826.4249877929688,830.2750244140625,821.4249877929688,826.0250244140625,801.7481079101562,21212454,0.005477684608542033,0.005462736656141009,840.6658935546875,858.7801440429688,819.1867512387608,839.3284642693798,0.009841233380602055,1,1,3
2025-01-17,821.75,825.25,814.25,818.375,794.3229370117188,23112076,-0.00926122659371409,-0.009304378385043211,836.8623199462891,857.604736328125,815.3615490499851,835.9947215095531,0.009798389963174286,1,1,4
2025-01-20,813.0,830.4749755859375,813.0,825.625,801.3598022460938,17557618,0.008858947547011553,0.008819937295087222,833.9444213867188,856.5953015136719,813.2074341570788,833.429171934482,0.010085758489022878,1,1,0
2025-01-21,829.125,830.5250244140625,816.5250244140625,821.2000122070312,797.0648803710938,31158144,-0.005359542446429111,-0.005373956318286544,830.0959503173829,855.5844116210938,810.7239643438503,830.7355207075644,0.009852870731193735,1,1,1
2025-01-22,821.2000122070312,835.9500122070312,812.7249755859375,833.0250244140625,808.5423583984375,30619306,0.014399678507978075,0.014296987772519152,826.8917266845704,854.7263928222657,810.3883326599406,829.0915827587402,0.010414387278633279,1,1,2
2025-01-23,843.5,843.5,825.625,832.4500122070312,807.9842529296875,34909158,-0.0006902612620759419,-0.0006904996020651222,823.8379455566406,853.7421936035156,810.0184742399016,827.528076845477,0.010427789345486535,1,1,3
2025-01-24,830.0,835.1500244140625,822.25,824.9000244140625,800.6561889648438,24236200,-0.00906956285134608,-0.009110941718676506,820.2357727050781,853.0782983398437,808.5781226591234,825.5375666320969,0.010468510690331839,1,1,4
2025-01-27,820.5499877929688,821.7999877929688,813.0,814.9000244140625,790.9500122070312,22804166,-0.012122777406319063,-0.012196857586132757,816.6420867919921,852.5779479980469,805.8661056664939,822.9755255635735,0.01037264774301747,1,1,0
2025-01-28,823.5,842.1500244140625,823.5,835.2000122070312,810.6534423828125,30179312,0.02491109409152381,0.02460587135677538,814.1561126708984,852.3610168457031,806.6026190074659,822.0627786612949,0.011685786830277045,1,1,1
2025-01-29,837.5,840.5750122070312,834.4249877929688,838.6500244140625,814.0020141601562,12619890,0.004130706911576132,0.004122198962962336,811.5973419189453,852.0911877441406,807.7409874924952,821.465684994544,0.01148010880855276,1,1,2
2025-01-30,840.5,848.9500122070312,836.2750244140625,845.75,820.8933715820312,25744846,0.008466020110509342,0.00843038434970588,809.1162231445312,851.5986047363281,809.7644311985777,821.423291408432,0.01151946204762485,1,1,3
2025-01-31,843.625,852.3499755859375,841.9749755859375,849.375,824.4118041992188,15821686,0.004286101872654546,0.004276942700127697,807.892041015625,851.1865808105468,812.0178731986762,821.644662726268,0.011493306755569463,1,1,4
2025-02-01,848.75,856.5,838.0250244140625,845.4749755859375,820.6264038085938,5587528,-0.004591637785077429,-0.004602211734096874,807.4176544189453,850.6561413574219,813.3422625232788,821.5692361397737,0.011335336182634612,2,1,5
2025-02-03,835.0,843.4000244140625,831.7249755859375,839.0,814.341796875,20276540,-0.007658304563960439,-0.007687779962511411,806.5586669921875,849.611767578125,813.4960370389282,821.033870268309,0.010852466854290333,2,1,0
2025-02-04,844.3499755859375,862.9000244140625,840.0250244140625,860.4500122070312,835.161376953125,28616502,0.02556614453294581,0.025244796238619405,807.2041259765625,848.9842700195312,816.8291662564969,822.0803522449621,0.011986823540080932,2,1,1
2025-02-05,866.5,872.0999755859375,859.4500122070312,868.9000244140625,843.363037109375,23675506,0.009820449535359987,0.00977254231245471,808.9026947021484,848.2611657714843,820.9113002338628,823.6568474201038,0.012146870798113784,2,1,2
2025-02-06,867.75,874.5,862.0,871.9249877929688,846.299072265625,26760716,0.003481341992783049,0.00347529614944997,811.0161987304688,847.7826550292968,824.8171113156724,825.3340492605126,0.012137285228479941,2,1,3
2025-02-07,875.0,883.5,862.5,866.375,840.9122314453125,23509600,-0.006365173963728266,-0.0063855180586056375,813.4888275146484,847.1682580566406,827.2932836433093,826.487988681609,0.0120246325766096,2,1,4
2025-02-10,858.6500244140625,861.7249755859375,854.25,857.875,832.6619873046875,17195950,-0.009811064498901345,-0.009859510121385959,815.1667694091797,846.3048999023438,828.1192380527522,826.9453219129481,0.012132538537155181,2,1,0
2025-02-11,851.5,855.5,844.3499755859375,850.7000122070312,825.6979370117188,22724704,-0.008363598193681487,-0.008398769323142171,816.582650756836,845.0926086425782,827.7467302002856,826.8529230313756,0.012137994289294575,2,1,1
2025-02-12,846.5,856.0,840.5999755859375,853.4000244140625,828.3185424804688,22809570,0.003173806486951092,0.0031687805944750733,817.9111724853516,843.6046643066406,827.8347013203138,826.961487435012,0.012085046842657833,2,1,2
2025-02-13,849.5,857.125,846.7750244140625,848.8499755859375,823.9022216796875,12602434,-0.005331669610529555,-0.005345933684424658,819.39013671875,841.9735534667968,827.2297044525252,826.7348751568398,0.011289477383897937,2,1,3
2025-02-14,850.9500122070312,850.9500122070312,840.0,847.4249877929688,822.5191040039062,19959892,-0.0016787400730168267,-0.0016801507361120396,820.4481018066406,840.4108715820313,826.5049966911993,826.4225958121781,0.010559703899058134,2,1,4
2025-02-17,842.5999755859375,860.0,840.625,858.6749877929688,833.4384765625,12938946,0.01327552455066372,0.013188176981921183,822.2667816162109,838.9292358398437,827.5716859021686,826.9422906825722,0.010841269923460212,2,1,0
2025-02-18,856.5250244140625,865.7750244140625,853.0750122070312,861.5250244140625,836.2047119140625,16350910,0.003319063649391163,0.003313567715182815,823.6498992919921,837.5213659667969,828.8998437501523,827.6283959589789,0.010642106796186884,2,1,1
2025-02-19,858.5,868.9500122070312,856.2249755859375,863.5999755859375,838.2186889648438,11884112,0.0024084736932075135,0.002405577969027095,825.16162109375,836.2023059082031,830.3335122447202,828.4128621075615,0.010192073513867745,2,1,2
2025-02-20,855.5,857.3499755859375,842.6500244140625,843.5499877929688,818.758056640625,26390510,-0.023216652862096954,-0.02349040471558763,826.0667144775391,834.5314013671875,828.5526729210133,827.6976913322329,0.011046609206424314,2,1,3
2025-02-21,840.4500122070312,847.4749755859375,838.625,846.25,821.378662109375,15680940,0.0032007080083003014,0.003195596646170775,827.5881469726562,832.79158203125,827.448978949992,827.2296150935027,0.010615240439011252,2,1,4
2025-02-24,840.5499877929688,842.0999755859375,830.5499877929688,838.5499877929688,813.9049072265625,20693646,-0.009099037055113168,-0.009140686129596497,827.7507202148438,830.9658642578125,825.3652756079259,826.2425996959516,0.010657810185718462,2,1,0
2025-02-25,835.5499877929688,844.0,835.5499877929688,841.1749877929688,816.4527587890625,24138708,0.0031304044733948544,0.003125514958759508,827.873257446289,829.5012121582031,823.9941191742546,825.5174262954414,0.010653232725607474,2,1,1
2025-02-27,841.2750244140625,855.375,841.2750244140625,850.3499755859375,825.3580932617188,35786800,0.010907348131034889,0.010848292051481152,828.0964935302734,828.4335400390624,824.2039613415568,825.505623848499,0.010780056414952168,2,1,3
2025-02-28,842.5,868.625,842.5,866.2000122070312,840.7423095703125,54516728,0.01863944442320431,0.018467858872547507,828.9130187988281,827.840498046875,826.7483226075192,826.6342672353001,0.011061980570932016,2,1,4
2025-03-03,869.9000244140625,871.5250244140625,847.0499877929688,850.7750244140625,825.7706909179688,21205364,-0.017807618912381695,-0.017968082393824178,829.1702331542969,827.1615563964843,826.5979177322038,826.5702986192015,0.011548682343703291,3,1,0
2025-03-04,849.0,857.1500244140625,846.625,855.0,829.8714599609375,19920958,0.004965990060037173,0.00495370020214702,829.9467163085938,826.2782995605469,827.1015396135474,826.8148290889598,0.011504389689878802,3,1,1
2025-03-05,850.9749755859375,855.4000244140625,844.125,845.0,820.1654052734375,21583872,-0.011695853099896736,-0.011764787615578014,829.1969177246094,825.2290710449219,826.0344420227613,826.3222791766989,0.011474814238735117,3,1,2
2025-03-06,843.5,849.9500122070312,836.125,845.5999755859375,820.7477416992188,32966088,0.0007100231514729494,0.0007097712042869719,828.0661529541015,824.2628283691406,825.2211035114469,825.9093504746634,0.011472487783407377,3,1,3
2025-03-07,841.0,850.5750122070312,838.7999877929688,844.625,819.8014526367188,13372914,-0.0011529596908068651,-0.0011536248601559627,826.7412719726562,823.2048645019531,824.387311069181,825.4569135977787,0.011332933087081082,3,1,4
2025-03-10,844.5,849.9500122070312,841.5250244140625,843.75,818.9521484375,15604050,-0.0010359876729750805,-0.00103652467912423,825.6432678222657,822.3274328613281,823.5511322027685,824.9750791414618,0.011073102497898103,3,1,0
2025-03-11,841.2000122070312,847.0,835.0250244140625,842.75,817.9815063476562,19898430,-0.0011852244257440914,-0.0011859273596916643,824.9092437744141,821.4796044921875,822.6942666865974,824.4570367122911,0.010132882131405632,3,1,1
2025-03-12,845.7750244140625,859.25,845.7750244140625,855.5750122070312,830.4296875,18784106,0.015218169427724249,0.015103534645319758,825.1458312988282,820.7846496582031,823.8843314271209,824.8994552891585,0.010472070484376948,3,1,2
2025-03-13,858.0250244140625,860.4000244140625,850.0250244140625,853.2999877929688,828.2214965820312,15736264,-0.0026590943835551606,-0.002662636054844197,825.1409790039063,819.9387646484375,824.5515876047994,825.1455324219638,0.010384898211496229,3,1,3
2025-03-17,852.5,862.0,852.5,855.2000122070312,830.0656127929688,18950652,0.00222659785884316,0.002224122663326415,825.4491485595703,819.56216796875,825.39989917221,825.5099828198161,0.010364757491969426,3,1,0
2025-03-18,855.2000122070312,855.2000122070312,855.2000122070312,855.2000122070312,830.0656127929688,0,0.0,0.0,825.8264739990234,819.5611975097656,826.1177012677114,825.8474368919015,0.010324165334876954,3,1,1
2025-03-19,867.5,875.5,866.0999755859375,872.0499877929688,846.42041015625,15221406,0.01970301758225035,0.019511425668012967,826.4755706787109,819.8591748046875,829.2411949428712,827.3713608374087,0.010783107163790119,3,1,2
2025-03-20,877.0,887.0,874.6500244140625,884.375,858.3831787109375,17833978,0.01413336494624362,0.014034420136143871,827.5844940185547,820.5817944335937,833.7245770610352,829.6685325317442,0.010076437845493138,3,1,3
2025-03-21,877.7750244140625,887.0499877929688,877.7750244140625,885.1749877929688,859.1596069335938,33508264,0.000904524042307342,0.0009041152069514844,828.6315399169922,821.5771533203125,837.6376585798903,831.8530565615108,0.009936722418650713,3,1,4
2025-03-24,889.5,902.2000122070312,886.8250122070312,900.0,873.5489501953125,17393736,0.01674816081388575,0.016609456916308055,831.3710845947265,822.9675524902344,843.1624726745706,834.9416412751257,0.010352818268294229,3,1,0
2025-03-25,902.4500122070312,921.8499755859376,900.75,910.7249755859376,883.9586791992188,39101416,0.011916594944769487,0.011846151406402768,834.5000854492188,824.8175329589844,849.4388121399011,838.5725329732066,0.010435440963112195,3,1,1
2025-03-26,912.5,913.75,901.0,903.2750244140624,876.7277221679688,24478442,-0.008180198013102324,-0.008213839420731318,837.641226196289,826.3700244140625,853.637105990373,841.3988432839298,0.010377396439342764,3,1,2
2025-03-27,900.0,920.5,899.0499877929688,912.6749877929688,885.8513793945312,41658100,0.010406488805899228,0.010352714050446465,841.1111572265625,828.1394458007812,858.5931480525512,844.6916237365668,0.010310828381675451,3,1,3
2025-03-28,914.5,918.0,902.9249877929688,914.0999755859376,887.2345581054688,28773648,0.0015614117030362529,0.0015601939672095788,844.20498046875,829.8491748046876,862.9995188299231,847.8429522083374,0.010310848189457279,3,1,4
2025-04-01,901.0,904.9500122070312,882.6749877929688,883.9249877929688,857.9464111328125,28511006,-0.03301060210638762,-0.03356774750454939,845.065185546875,831.1216442871093,862.2221176457522,848.5913565731132,0.01210387699852063,4,2,1
2025-04-02,885.3499755859375,899.5999755859375,885.3499755859375,898.4500122070312,872.0444946289062,11573564,0.016432359076459013,0.0162988089075583,847.3788757324219,832.5353381347657,863.7332525662374,850.3286260587275,0.012392130306692457,4,2,2
2025-04-03,890.5499877929688,902.0,888.5,897.4249877929688,871.0496215820312,11250038,-0.0011408512444062158,-0.0011415025105661403,849.4377838134766,834.0150329589844,864.8588477994365,851.8635146160093,0.012219143225197356,4,2,3
2025-04-04,906.5,920.9749755859376,905.5499877929688,908.6500244140624,881.9447021484375,33540454,0.012507990700481919,0.012430412017273778,852.5267486572266,835.4830798339843,867.4874407762059,854.0917507295225,0.012379269205780384,4,2,4
2025-04-07,881.4000244140625,889.9249877929688,869.0999755859375,878.8499755859375,853.0205688476562,37995450,-0.03279585809668273,-0.03334569732583792,854.1403900146485,836.3838061523437,865.2617681718136,854.0124039234584,0.013899816156845225,4,2,0
2025-04-08,882.5,891.0,875.1500244140625,884.5750122070312,858.5773315429688,35563872,0.006514218880816713,0.006493093052882698,856.0791839599609,837.5422290039063,864.2333933058376,854.3505467100887,0.013178612756487722,4,2,1
2025-04-09,882.5,887.5,876.75,882.5,856.5632934570312,22454608,-0.002345785303134007,-0.002348540967786781,857.9597412109375,838.8544946289062,863.0533779444828,854.5144538765289,0.013195275693928447,4,2,2
2025-04-11,887.375,909.7000122070312,887.375,903.375,876.82470703125,32775766,0.02365430987877737,0.023378881612649925,860.9019012451172,840.177919921875,865.1720439578315,856.167065221323,0.013637060002230651,4,2,4
2025-04-15,932.5,938.4000244140624,927.5,932.4500122070312,905.0452270507812,49298344,0.032184905139226894,0.031677822656586245,864.6326782226563,841.9987841796875,871.3063798182852,859.7876698012828,0.014670369481098093,4,2,1
2025-04-16,941.9000244140624,941.9000244140624,930.25,939.0,911.4027709960938,19136820,0.0070245593869706635,0.007000002105333073,868.7917419433594,843.8089721679687,877.4750553841019,863.6110106305281,0.014620211103432909,4,2,2
2025-04-17,941.0,959.8499755859376,938.3499755859376,953.3499755859376,925.3309326171876,35703084,0.0152821146306934,0.015166519323029315,873.5550079345703,845.8273547363282,884.8374980353458,868.182856703614,0.014512104126818734,4,2,3
2025-04-21,962.0,975.3499755859376,955.0,963.5499877929688,935.231201171875,34247298,0.010699165245330766,0.010642334180785206,878.8132873535156,848.1194506835938,892.5903754409657,873.1494007383001,0.01400664977601782,4,2,0
2025-04-22,967.5,985.2999877929688,967.5,980.8499755859376,952.0227661132812,45961750,0.01795445331631984,0.017795175787839474,884.0934051513672,850.8730700683594,901.7338201597834,878.9918722475579,0.014228429148894193,4,2,1
2025-04-23,989.4500122070312,989.4500122070312,960.25,961.9500122070312,933.6782836914062,30570642,-0.01926895351123592,-0.019457019606858573,887.8581604003906,852.843408203125,906.6483530108022,883.0427175396949,0.014591637486448268,4,2,2
2025-04-24,955.0,961.9500122070312,952.5499877929688,958.4000244140624,930.2325439453124,25931754,-0.003690500042981326,-0.0036973267393895196,891.4118072509766,854.5807983398438,910.27669007765,886.5382602364073,0.014652351610025134,4,2,3
2025-04-25,962.4000244140624,966.5,945.9000244140624,955.5999755859376,927.5148315429688,18500878,-0.002921540877098616,-0.002925816908077238,894.1101013183594,856.2051135253906,912.9287118415451,889.573561814671,0.014678527638611159,4,2,4
2025-04-28,955.5999755859376,964.8499755859376,954.2000122070312,960.0999755859376,931.882568359375,13920492,0.004709074904107213,0.004698021896923962,896.5062957763672,858.0245202636719,915.844689767365,892.7075622994639,0.014644922092035204,4,2,0
2025-04-29,959.4000244140624,964.4000244140624,950.0999755859376,954.4000244140624,926.3501586914062,18918308,-0.005936809911262553,-0.005954502828301809,898.987417602539,859.8982836914063,917.460915755679,895.1996064766448,0.014733056322301924,4,2,1
2025-04-30,956.5,968.4500122070312,955.1500244140624,962.5,934.2120361328124,31936870,0.008486939164032758,0.00845112757371413,901.4054504394531,862.0685656738282,920.0380111983148,898.0894160808053,0.014611184629180074,4,2,2
2025-05-02,964.9000244140624,970.9500122070312,960.0,960.9500122070312,932.7076416015624,17840404,-0.0016103352055679698,-0.0016116331889511632,903.6791046142578,864.15634765625,921.9871851065068,900.6537290823428,0.014595858551325612,5,2,4
2025-05-05,969.5,976.0,966.1500244140624,968.4000244140624,939.9386596679688,15068024,0.007752716654052305,0.0077228187734021524,907.7787170410156,866.4770764160156,924.7489504236547,903.5637239405373,0.014606637451718208,5,2,0
2025-05-06,965.0,970.0499877929688,962.1500244140624,965.8499755859376,937.463623046875,17490156,-0.002633189512566747,-0.0026366624540196427,911.049673461914,868.775966796875,926.7050539041502,906.0748275780438,0.014640964326540653,5,2,1
2025-05-07,967.0,974.3499755859376,961.2000122070312,972.7999877929688,944.2094116210938,21420778,0.007195787024027789,0.0071700208798675365,914.7076629638672,870.9913854980468,929.3980320144492,908.8996115812328,0.014358699242541626,5,2,2
2025-05-08,977.4000244140624,977.4000244140624,959.5499877929688,964.25,935.91064453125,34803430,-0.008789117104431088,-0.008827969212175215,917.4059600830078,872.9855041503906,930.3999724016494,910.9004288367895,0.014397016377757465,5,2,3
2025-05-09,955.0499877929688,959.5,943.4000244140624,944.8499755859376,917.080810546875,17188796,-0.02011926469092129,-0.020324413387608146,920.6089721679688,874.5627465820312,928.3508705778379,911.3582348893884,0.015000897243950968,5,2,4
2025-05-12,958.7999877929688,979.9500122070312,956.1500244140624,978.5999755859376,949.8388671875,18618972,0.03571992376668609,0.03509676343325393,925.1720489501953,877.1843627929687,931.6567162100936,914.208652096656,0.015998325093289915,5,2,0
2025-05-13,975.0,980.8499755859376,960.0,961.2999877929688,933.04736328125,24242102,-0.017678265742030685,-0.01783639265993271,928.9962524414062,879.4177368164062,931.8706619133484,915.6041121844037,0.016333297386163136,5,2,1
2025-05-14,961.0499877929688,965.0999755859376,951.5,955.2999877929688,927.2236938476562,15445308,-0.006241558213201159,-0.006261118169879108,931.5162017822265,881.6841125488281,931.1557437493958,916.4648219372372,0.01629570079136815,5,2,2
2025-05-15,956.75,972.4000244140624,948.5,966.9000244140624,938.4827270507812,32241458,0.012142736728829595,0.012069605117924247,933.1880767822265,884.1247119140625,932.282971949609,918.0957778715738,0.016329645951274008,5,2,3
2025-05-16,966.9000244140624,971.9000244140624,964.2000122070312,967.3499755859376,938.9194946289062,15868010,0.0004653975673025723,0.00046528930344393526,934.5639129638672,886.3959399414063,933.3039754387316,919.638275409154,0.01633201341843744,5,2,4
2025-05-19,968.5,972.5,965.5,969.3499755859376,940.8607177734376,10202964,0.002067507550579384,0.0020653731981970084,935.3404022216797,888.3983081054688,934.4665511825325,921.2103081768786,0.014933507218485862,5,2,0
2025-05-20,964.0499877929688,967.2999877929688,956.5,957.4500122070312,929.3104858398438,23879090,-0.012276239952846213,-0.012352215422238588,935.0443664550781,890.4691040039063,933.6733103605804,921.8103213370982,0.014975269472737132,5,2,1
2025-05-21,963.5,973.4500122070312,960.5499877929688,963.4000244140624,935.0856323242188,15132040,0.0062144423982861685,0.0061952123792337185,934.197509765625,892.5733874511719,933.8905906626787,922.7936777065145,0.014978381364736547,5,2,2
2025-05-22,957.5999755859376,962.0999755859376,952.5999755859376,959.9500122070312,931.7369995117188,21306670,-0.0035810974917631633,-0.0035875249709270084,934.1004455566406,894.8048193359375,933.5592689471465,923.4561459883814,0.014894586289837888,5,2,3
2025-05-23,960.0499877929688,968.5,957.25,966.7999877929688,938.3856811523438,9566072,0.007135792229040261,0.007110452936214967,934.5081024169922,897.157578125,934.3017939017923,924.5620374820082,0.013391880531574045,5,2,4
2025-05-26,967.5,974.9500122070312,963.4500122070312,970.0999755859376,941.588623046875,10802860,0.0034132467692793433,0.0034074348637490185,935.2117919921875,899.5933215332032,935.4228445394973,925.8232660423687,0.013377939695299271,5,2,0
2025-05-27,965.7999877929688,974.0,958.1500244140624,963.1500244140624,934.8429565429688,26162148,-0.007164133400505701,-0.0071899190324741374,935.3598114013672,901.9111376953125,935.3336310015698,926.4913912646355,0.013474978869422564,5,2,1
2025-05-28,960.0999755859376,967.25,958.8499755859376,961.75,933.484130859375,18157594,-0.001453533638011928,-0.0014545910428035095,935.7165100097657,904.2211901855469,935.0490925181552,927.0093719753569,0.012916466485343158,5,2,2
2025-05-29,964.0,970.4000244140624,953.6500244140624,963.75,935.4253540039062,28917794,0.002079545950871342,0.0020773866881962284,935.7771759033203,906.321103515625,935.1069789005785,927.6327780515456,0.011607204935625764,5,2,3
2025-05-30,965.9500122070312,974.4000244140624,962.7000122070312,972.4500122070312,943.86962890625,28748078,0.009027203363902503,0.008986701725483787,936.3352752685547,908.6340661621093,936.4550789014511,928.8355077444867,0.011647748416310383,5,2,4
2025-06-02,965.0499877929688,968.0,954.0,966.0499877929688,937.6577758789062,14668822,-0.0065812616881655295,-0.006603013680430991,936.2212310791016,910.7859094238281,936.640109205675,929.489009087777,0.011420143069304592,6,2,0
2025-06-03,969.0,976.0,960.0,962.2999877929688,934.0179443359376,24377584,-0.0038818336887963545,-0.0038893875601083384,936.0489471435546,912.8649560546875,936.2366992257154,929.824485772826,0.011280706506956398,6,2,1
2025-06-04,960.5,971.6500244140624,960.4500122070312,970.5999755859376,942.0740356445312,12961542,0.008625199716394416,0.008588215195084476,935.9421783447266,914.7780285644532,937.1347509824562,930.7318598373968,0.010891059952706868,6,2,2
2025-06-05,974.0,979.4500122070312,970.0999755859376,974.7999877929688,946.1505126953124,22255418,0.004327130242998578,0.00431779513472659,936.4541717529297,916.5333752441406,938.5217912459725,931.8739822713164,0.01030992721425039,6,2,3
2025-06-06,972.0,998.1500244140624,971.3499755859376,989.3499755859376,960.27294921875,30127008,0.01492620501066666,0.014815905427667472,938.6137786865235,918.5556420898438,941.8681232417845,933.9776094526078,0.010605445993521893,6,2,4
2025-06-09,997.5,997.5,987.9500122070312,989.4500122070312,960.3700561523438,13202588,0.00010112430395214922,0.00010111919123440142,939.1403381347657,920.2920642089844,944.7145744587935,935.9326055044401,0.010580112604796073,6,2,0
2025-06-10,991.4000244140624,991.4000244140624,980.5499877929688,982.6500244140624,953.7698974609376,15533126,-0.006872516119306393,-0.006896240618696034,940.17646484375,921.6882885742187,946.1077010745081,937.2538863901065,0.010659216185220479,6,2,1
2025-06-11,983.7999877929688,983.7999877929688,973.5,975.2000122070312,946.5388793945312,11096394,-0.007581512150526382,-0.0076103979048511685,941.1422241210937,923.08451171875,946.1740362006656,937.9416636496935,0.010699367138966041,6,2,2
2025-06-12,975.0,980.5,967.6500244140624,971.7000122070312,943.1417236328124,16349130,-0.003589029289416956,-0.0035954853068898805,941.3751739501953,924.2303186035156,945.707526574842,938.3268532780727,0.010626091022013005,6,2,3
2025-06-13,960.0,966.5,956.5,958.7999877929688,930.620849609375,12117762,-0.013275707891714505,-0.013364617873794593,940.9602416992187,925.0980444335937,943.3864993493855,937.7560381915025,0.010910735030680073,6,2,4
2025-06-16,962.0,969.4500122070312,960.0499877929688,967.7000122070312,939.2592163085938,16513746,0.009282369616847364,0.00923955317871997,940.8801666259766,926.7243005371093,942.7515327277254,937.8673847186944,0.010951796058910867,6,2,0
2025-06-17,968.5,970.7999877929688,959.5499877929688,964.7999877929688,936.4444580078124,16978736,-0.0029967853941786915,-0.0030012847468394166,941.236865234375,928.0122998046875,941.7812135400465,937.7619827401106,0.010955049644938795,6,2,1
2025-06-18,958.5,968.1500244140624,958.5,966.9500122070312,938.5313110351562,18433816,0.002228485640016986,0.002226006248735105,941.4091491699219,929.36193359375,941.2812285392941,937.818970021225,0.010880157701242515,6,2,2
2025-06-19,966.9500122070312,973.4000244140624,962.7999877929688,967.6500244140624,939.210693359375,16876220,0.0007238781660565685,0.0007236162926256073,941.7828338623046,930.5072534179687,940.9626846654605,937.9220606388658,0.010757450067988037,6,2,3
2025-06-20,965.7999877929688,984.9500122070312,965.7999877929688,982.3499755859376,953.4786987304688,32900408,0.015191485224747447,0.015077250094399511,942.537484741211,932.516416015625,942.8882252908463,939.0744042012068,0.01038596946056071,6,2,4
2025-06-23,974.2000122070312,978.9500122070312,970.9000244140624,974.2000122070312,945.5681762695312,11739518,-0.008296485775162177,-0.008331093159311189,942.7364624023437,934.2562329101562,943.3005254414132,939.555424354416,0.008253230831053017,6,2,0
2025-06-24,982.5,989.5,977.7999877929688,980.4500122070312,951.634521484375,22625322,0.006415555606764212,0.006395063528572414,943.576040649414,936.1576574707032,944.582678678792,940.4501722899686,0.007634535334345312,6,2,1
2025-06-25,983.0,991.0,981.9500122070312,990.0999755859376,961.0009155273438,18405932,0.009842427771912687,0.009794306574996258,944.9518798828125,937.841181640625,947.1085612708769,941.9724495668112,0.007695785730676252,6,2,2
2025-06-26,990.7000122070312,1013.5499877929688,990.0,1010.9000244140624,981.1896362304688,50084830,0.02100801401635133,0.020790388335221698,947.2400939941406,939.3640698242187,952.3518035723525,944.8774263567118,0.008277790703284873,6,2,3
2025-06-27,1006.5,1009.9000244140624,996.7000122070312,1007.4500122070312,988.5983276367188,28213384,0.007550723257445657,0.007522359236359009,949.476528930664,940.9079809570312,957.9281918899474,948.1160116367123,0.008347521368172416,6,2,4
2025-06-30,1005.75,1006.9000244140624,997.75,1000.75,982.023681640625,13649020,-0.006650472504652782,-0.006672685436021602,951.69482421875,942.0418359375,961.6351903131285,950.6276908962614,0.00848680520109693,6,2,0
2025-07-01,1002.5,1008.0,1002.0,1006.0499877929688,987.2244873046876,14389386,0.005296008397041696,0.005282033862359038,954.3551513671875,943.0817016601562,965.5720052349068,953.3385647042928,0.008103596166146924,7,3,1
2025-07-02,1009.9500122070312,1009.9500122070312,988.9500122070312,993.0,974.418701171875,18878250,-0.012971503743565815,-0.013056368378365673,955.9723846435547,943.5296203613282,966.9330353790558,954.9000562944841,0.008510373758238342,7,3,2
2025-07-03,997.4500122070312,1004.0,992.1500244140624,993.5499877929688,974.9583740234376,16860506,0.0005538408190581823,0.0005536875058365564,957.4127777099609,944.3552221679688,968.1677028628069,956.3858576077398,0.008460099727800584,7,3,3
2025-07-04,993.5499877929688,1001.75,990.0,994.6500244140624,976.037841796875,7863944,0.001107193704058096,0.0011065812171616783,958.2010223388672,945.271328125,969.3784934680481,957.8415601402684,0.00839411552913541,7,3,4
2025-07-07,994.5,999.2000122070312,991.9000244140624,993.7000122070312,975.1055908203124,11349426,-0.0009551381479701027,-0.0009555945830731544,958.9377990722656,946.2231433105469,970.2595853683964,959.1203772276791,0.008394910487458317,7,3,0
2025-07-08,988.5,1002.5,988.5,1000.7000122070312,981.974609375,15224316,0.007044384340888721,0.00701968857533246,960.3480346679687,947.2249841308594,972.0618967540278,960.8132833126658,0.008307068519639001,7,3,1
2025-07-09,1003.5,1006.9000244140624,999.0499877929688,1005.5999755859376,986.7828979492188,13861428,0.0048965508153810955,0.00488460170086,962.3602355957031,948.4336389160156,974.3266661686725,962.736958470929,0.008305526551632622,7,3,2
2025-07-10,1008.0,1008.5,1000.0,1003.0999755859376,984.3296508789062,17030310,-0.002486106189528603,-0.0024892016830694993,964.4196319580078,949.4359912109375,975.8655868933239,964.3364171678163,0.008343597345423115,7,3,3
2025-07-11,999.0,1002.4000244140624,990.4500122070312,991.8499755859376,973.2901611328124,12516922,-0.011215236416211471,-0.011278601394408162,966.5530975341796,950.2476416015625,975.4693675455529,964.9996574615197,0.008549393966064791,7,3,4
2025-07-14,991.5,994.3499755859376,985.2999877929688,991.5,972.94677734375,13088850,-0.0003528072128693438,-0.00035286946397626037,968.2374755859375,950.9078039550782,975.0812767452755,965.5883330083516,0.008432285468975596,7,3,0
2025-07-15,986.5,1001.7999877929688,986.5,997.75,979.079833984375,14498168,0.006303589038414659,0.0062838045198200625,970.3692443847656,951.7401281738281,975.6964393974447,966.58770345102,0.00842289212377571,7,3,1
2025-07-16,1009.0,1011.3499755859376,996.2999877929688,998.1500244140624,979.4723510742188,17994612,0.00040090406953474655,0.00040082372897011747,972.4162963867187,952.4453869628907,976.2773488861792,967.5421217934792,0.008319767012725776,7,3,2
2025-07-17,1002.0,1002.4000244140624,991.3499755859376,993.4500122070312,974.8602905273438,22529158,-0.0047087194874023686,-0.004719840431010208,974.1987762451172,953.2243798828125,976.0593399078969,968.0842083663581,0.008370994747122985,7,3,3
2025-07-18,993.4500122070312,998.5,976.5,978.7000122070312,960.3862915039062,16129446,-0.01484725469288306,-0.014958578454587717,974.544155883789,954.0904895019531,973.6481016918983,967.5139923024727,0.008431484995112756,7,3,4
2025-07-21,989.0999755859376,1001.0,988.25,1000.25,981.5330200195312,22309078,0.022018982052014247,0.021780065045441714,976.342398071289,954.7243725585937,974.8611660499957,968.5524388000326,0.009337990875064843,7,3,0
2025-07-22,1006.5499877929688,1009.0,1001.5,1003.5499877929688,984.771240234375,14836814,0.0032991454681567944,0.00329371522790395,977.999234008789,955.7588500976562,976.3857928475925,969.7538314988728,0.00923506726746337,7,3,1
2025-07-23,1005.5,1014.9000244140624,1001.5,1012.1500244140624,993.2103881835938,13634916,0.00856965313813407,0.008533142103661719,979.6097076416015,957.078583984375,978.9741921300542,971.4913542162597,0.009181661505062536,7,3,2
2025-07-24,1018.8499755859376,1018.8499755859376,1004.2000122070312,1007.0999755859376,988.2548217773438,19107176,-0.004989442785946707,-0.005001931614452556,979.9629669189453,958.0740258789062,980.4019813065603,972.7330925541178,0.00921270350616272,7,3,3
2025-07-25,1007.5,1007.5,999.5,1002.2999877929688,985.9922485351562,9306598,-0.0022894633978292056,-0.0022920882262185117,979.8326629638672,959.0154809570313,981.2620224186519,973.7152522564169,0.00881059391991389,7,3,4
2025-07-28,1001.5,1010.7000122070312,1000.25,1004.25,987.9105224609376,12059580,0.001945526375720652,0.0019436362903582508,980.1270050048828,959.9564770507812,982.2848685790035,974.7667537530481,0.008701653019082978,7,3,0
2025-07-29,999.9500122070312,1013.25,998.1500244140624,1010.7999877929688,994.3539428710938,19895696,0.006522271262082713,0.006501093286664323,980.4834777832032,961.2573461914062,984.141649239325,976.2176566506811,0.008697233181825945,7,3,1
2025-07-30,1014.0,1016.2999877929688,1008.5,1012.9000244140624,996.4197998046876,15154036,0.002077587109102108,0.002075431909564431,981.5835327148437,962.4840295410156,986.03059548015,977.7141116991261,0.008697163171553892,7,3,2
2025-07-31,1007.2999877929688,1015.7000122070312,1004.0,1009.0999755859376,992.6815795898438,22183032,-0.0037516518796361087,-0.0037587069765886425,982.469692993164,963.7029211425781,987.0538238047184,978.8228130243645,0.008758570168761142,7,3,3
2025-08-01,1007.0,1014.1500244140624,1004.6500244140624,1006.0999755859376,989.7304077148438,11317258,-0.002972929019413595,-0.0029773569510193857,983.1543212890625,964.7298156738282,987.4656059447376,979.630783001437,0.008428559753503345,8,3,4
2025-08-04,1005.0499877929688,1009.25,994.0499877929688,996.0,979.7947387695312,13933946,-0.010038762947834123,-0.010089491112820342,983.3887786865234,965.4939379882812,986.2854725331674,979.6429278731476,0.008502490605128992,8,3,0
2025-08-05,993.25,997.2000122070312,982.75,988.7999877929688,972.7118530273438,23978058,-0.007228948535774382,-0.007255203993663643,982.9256408691406,966.2513159179688,984.1972233784253,979.1295149216065,0.008579615042371815,8,3,1
2025-08-06,985.5499877929688,994.0,985.0,992.6500244140624,976.499267578125,14080204,0.0038936654662875547,0.0038861047704312522,982.4114593505859,967.1116186523437,983.0129224860714,978.9346817850524,0.008430045901574605,8,3,2
2025-08-07,990.0499877929688,1000.7999877929688,988.4000244140624,997.7000122070312,981.4671020507812,13081186,0.00508739190862606,0.00507449485349862,982.2683319091797,968.0324536132813,982.7751039575653,979.1222684714027,0.0075545724085796405,8,3,3
2025-08-08,993.5499877929688,996.4000244140624,985.0,986.9500122070312,970.8920288085938,13895264,-0.010774760784228898,-0.01083322888502743,982.1484252929688,968.5729016113281,980.9469385500313,978.5126210889724,0.00766613273023572,8,3,4
2025-08-11,987.9500122070312,998.7999877929688,986.5499877929688,997.7999877929688,981.5654296875,9105854,0.01099339634295271,0.010933408209833581,982.5793579101562,969.4510546875,981.0420910327189,978.7387550592337,0.007858266671707892,8,3,0
2025-08-12,995.9500122070312,998.0,983.75,984.9500122070312,968.924560546875,12937802,-0.01287827459922819,-0.012961918479483438,982.0715942382812,970.1491870117187,979.1778555733583,978.0117776879479,0.00813279482994721,8,3,1
2025-08-13,997.0,997.0,984.5499877929688,990.1500244140624,974.0399169921876,13577396,0.005279416637375078,0.005265529373683404,981.7999725341797,970.7885046386718,978.3874034839474,977.7175657845582,0.007852586880037246,8,3,2
2025-08-14,989.0,998.0,985.5999755859376,995.5499877929688,979.35205078125,17511716,0.005453712621415141,0.005438894980426911,982.024560546875,971.4525354003906,978.5358107604555,977.8386387472761,0.007914852503259833,8,3,3
2025-08-18,1005.0,1013.2999877929688,997.7999877929688,1001.7999877929688,985.5003662109376,19284796,0.0062779420585099555,0.006258317870449775,983.2802642822265,971.9570837402343,979.6072808297604,978.4061741149548,0.007991664766972394,8,3,0
2025-08-19,999.1500244140624,1003.0499877929688,993.3499755859376,995.5499877929688,979.35205078125,12352438,-0.006238775388107354,-0.00625831787044977,983.1712158203125,972.3367236328126,979.568014668451,978.4762390531988,0.008079217200718424,8,3,1
2025-08-20,993.5,996.0,989.5,994.0999755859376,977.9256591796876,9950228,-0.001456464608844743,-0.0014575262844102915,982.8289367675782,972.8198388671875,979.3153445932567,978.4354553588647,0.007978476250674374,8,3,2
2025-08-21,998.75,998.75,991.5999755859376,995.5999755859376,979.4012451171876,12439850,0.0015088937729046403,0.0015077565365312104,982.1384796142578,973.4770861816406,979.3285600584768,978.5069953409627,0.007929037636200982,8,3,3
2025-08-22,994.9500122070312,998.0,978.5499877929688,982.2999877929688,966.317626953125,19833502,-0.013358792659587726,-0.013448824036257172,981.0416198730469,973.9406042480468,977.3268780422688,977.6040791640859,0.008277042240620558,8,3,4
2025-08-25,980.0999755859376,988.7000122070312,978.5,982.0499877929688,966.0717163085938,17518044,-0.0002544822092365173,-0.00025451459532849896,980.0455932617188,974.6496215820313,975.5953146986265,976.749830063679,0.008029724572569579,8,3,0
2025-08-26,979.5,985.7000122070312,968.0,973.4000244140624,957.5625,16917731,-0.008808058620231485,-0.008847078865943889,978.5281921386719,975.0156872558593,972.8210355142224,975.3285463552584,0.008181608759892408,8,3,1
2025-08-28,967.0,972.2000122070312,955.0,957.7999877929688,942.2162475585938,25438255,-0.016026371585568855,-0.016156182680858815,975.9213073730468,975.131123046875,968.1126065979719,972.8757834814314,0.008548913955301524,8,3,3
2025-08-29,954.0,963.2999877929688,950.0999755859376,951.5999755859376,936.1171264648438,14823813,-0.006473164848890711,-0.006494206634254011,972.9061737060547,975.0828393554688,963.1902250390292,970.1529199987212,0.008595325386473405,8,3,4
2025-09-01,949.5999755859376,957.4500122070312,946.3499755859376,950.5999755859376,935.1333618164062,20178344,-0.0010508991029281045,-0.0010514516845626573,970.0287628173828,975.0012927246094,958.8737845432411,967.5588786518831,0.008573749131368677,9,3,0
2025-09-02,951.0,954.7999877929688,944.0,944.5,929.1326904296876,14196320,-0.006416915096540743,-0.006437591998297236,966.998876953125,974.5143725585938,954.2982316026944,964.7124943391278,0.008248094676459443,9,3,1
2025-09-03,945.0,956.2999877929688,940.0,954.4500122070312,938.9207763671876,16083481,0.010534648106045319,0.010479545354908625,964.9551788330078,974.3814245605469,951.9324692587702,962.8019967115767,0.007358050284400889,9,3,2
2025-09-04,960.2000122070312,965.7000122070312,956.25,961.25,945.610107421875,17597657,0.0071244893318573865,0.007099230059721336,963.6000915527344,974.2609362792969,950.9597982069401,961.5285234308581,0.007475436737462299,9,3,3
2025-09-05,967.5,967.5,954.0499877929688,963.4000244140624,947.7251586914062,11602111,0.0022367054380347806,0.002234207736148733,962.1613861083985,973.9954211425782,950.4621613583965,960.5060519686765,0.007273076460507217,9,3,4
2025-09-08,969.0,973.1500244140624,960.4500122070312,966.0,950.2828369140624,11711307,0.0026987552237061063,0.002695120122524156,960.6021728515625,973.37728515625,950.4345729823451,959.7487767794458,0.007282630165711335,9,3,0
2025-09-09,974.0,974.4000244140624,962.7000122070312,965.1500244140624,949.4467163085938,13985539,-0.0008798649970190864,-0.0008802523054283165,959.5299072265625,972.5942529296875,950.2825950325372,958.9856611890124,0.007280436106444165,9,3,1
2025-09-10,973.9000244140624,973.9000244140624,961.7000122070312,965.9000244140624,950.1845092773438,18091100,0.0007770767501502629,0.0007767749823335012,957.9608612060547,971.9574694824219,950.2675049163536,958.3337240103702,0.007265959383701174,9,3,2
2025-09-11,960.2999877929688,969.25,959.9000244140624,967.7999877929688,952.0535278320312,15113633,0.0019670059198386713,0.0019650738968132954,957.1173095703125,971.2540502929687,950.5422776726117,957.8685242934562,0.0071440467938848435,9,3,3
2025-09-12,969.9000244140624,970.75,962.25,967.2999877929688,951.5617065429688,14363519,-0.0005165899549602893,-0.0005167234335221745,955.9933990478515,970.7969104003906,950.6991128834359,957.4013526082349,0.007115855097157431,9,3,4
2025-09-15,969.5999755859376,972.3499755859376,965.0,967.0499877929688,951.3157348632812,14486377,-0.00025849262112609406,-0.0002585260361021563,954.5915832519531,970.3240576171875,950.7939778034122,956.9505661086087,0.007106478895314805,9,3,0
2025-09-16,961.2000122070312,969.3499755859376,961.2000122070312,966.8499755859376,951.1190185546876,18661794,-0.00020678340679591845,-0.0002068047894323486,952.8725158691407,969.8256811523438,950.8439840728392,956.518599623133,0.007103221344860258,9,3,1
2025-09-17,965.1500244140624,974.4000244140624,964.3499755859376,966.5,950.7747192382812,17361476,-0.00036199393523805856,-0.00036205947085877517,951.4436492919922,969.3390637207032,950.8333279444457,956.0931270020328,0.0069098402686724415,9,3,2
2025-09-18,973.2999877929688,979.6500244140624,969.25,976.9000244140624,961.0055541992188,17791598,0.010760524816156192,0.010703042362250259,950.5976440429688,968.9196826171875,952.3982858297954,956.4570104981207,0.007125916632179158,9,3,3
2025-09-19,974.9000244140624,976.7000122070312,962.0999755859376,966.9000244140624,951.168212890625,31243267,-0.010236508275741407,-0.010289261642218276,949.1859924316407,968.2073889160156,952.2090438391538,956.0652477123803,0.007298663369975821,9,3,4
2025-09-22,964.0,971.2000122070312,961.9500122070312,964.2000122070312,948.5121459960938,10854415,-0.002792426048868313,-0.002796332143836392,948.2957183837891,967.4910388183594,951.6402903248369,955.5057586963591,0.007218979425425604,9,3,0
2025-09-23,967.0,968.2000122070312,955.5,957.2000122070312,941.6260375976562,21022298,-0.007259905344918827,-0.007286386703675075,947.0734344482422,966.8577563476563,950.0996360591168,954.4776312075662,0.0070840185293914275,9,3,1
2025-09-24,952.2000122070312,956.4500122070312,943.0,951.0499877929688,935.5761108398438,15117220,-0.006424978193304343,-0.006445707202353135,945.9741149902344,966.1103430175781,947.865247563844,953.0775185877349,0.006774576625467003,9,3,2
2025-09-25,952.5,958.0,947.4000244140624,949.8499755859376,934.3955688476562,31413279,-0.0012618342628776258,-0.001262631046073865,945.5830810546875,965.2166577148438,945.7929892998151,951.6936704588401,0.006429488744696346,9,3,3
2025-09-26,945.0999755859376,951.4500122070312,941.2999877929688,945.0499877929688,929.6737060546876,14874656,-0.005053387398649467,-0.0050661989400962535,945.2609100341797,964.2206848144531,943.3130995697954,950.0625619844584,0.00634727654003433,9,3,4
2025-09-29,946.0499877929688,956.7999877929688,939.0999755859376,950.2999877929688,934.8382568359376,32398179,0.005555229482790303,0.005539856104304532,945.2461547851562,963.420244140625,942.0092776107404,948.9348356771605,0.006351155779014146,9,3,0
2025-09-30,958.0499877929688,960.0,946.2999877929688,951.0,935.5269165039062,28296687,0.000736661837417163,0.0007363906352671525,945.5658660888672,962.923056640625,941.011991286612,947.9416564791417,0.006194909410241637,9,3,1
2025-10-01,952.7000122070312,969.5999755859376,946.0,965.25,949.5450439453124,25350832,0.014984205365028203,0.014873051155952683,946.0970794677735,962.2832971191406,942.3247686187198,948.0604259210803,0.006838774946716533,10,4,2
2025-10-03,952.0,966.75,952.0,965.1500244140624,949.4467163085938,26658296,-0.00010355236683678992,-0.0001035577287532913,946.2889099121094,961.576806640625,943.4204528787004,948.1631140979331,0.006840170300494433,10,4,4
2025-10-06,971.9000244140624,977.4000244140624,962.0,973.4500122070312,957.6116333007812,18542683,0.00859965793966011,0.008562891516726328,946.7832336425781,960.8648315429688,945.6037114051744,948.8630044092552,0.007047852118164236,10,4,0
2025-10-07,974.0,989.8499755859376,971.0,982.5,966.514404296875,25535736,0.009296849251305472,0.009253899541075247,947.5948120117188,960.4300231933594,948.8207410808207,950.1705155120418,0.006858772658460229,10,4,1
2025-10-08,976.0,985.9000244140624,974.5499877929688,978.7000122070312,962.7762451171876,15939710,-0.0038676704279506646,-0.003875169206668151,948.2612884521484,959.965703125,950.9677417018002,951.1042732605711,0.006895556726109255,10,4,2
2025-10-09,974.5,979.0,970.1500244140624,977.0999755859376,961.2022094726562,15370950,-0.0016348924815233756,-0.0016362303766450715,948.8121734619141,959.4315368652344,952.5422752050088,951.8522685355404,0.006704585588966536,10,4,3
2025-10-10,979.0,986.2000122070312,978.0999755859376,980.9000244140624,964.9404296875,13757080,0.003889109053228923,0.00388156601941051,949.4565185546875,958.8432666015625,954.4496835869305,952.821761954204,0.005996406636864569,10,4,4
2025-10-13,974.2999877929688,981.0,972.0,977.0,961.1038818359376,18634254,-0.003975942694001144,-0.00398386776755449,949.933627319336,958.1369482421875,955.47340639447,953.4352523158138,0.0059084761014612215,10,4,0
2025-10-14,970.0,980.4500122070312,967.0,977.1500244140624,961.25146484375,22934382,0.00015355572961639474,0.00015354394114212212,950.4304138183594,957.5083459472656,956.36233846359,954.0142310215869,0.005898880079658873,10,4,1
2025-10-15,975.0,984.9000244140624,973.3499755859376,978.25,962.3335571289062,23310447,0.0011257119752032807,0.0011250788365876566,950.9911407470703,956.9604089355469,957.2809874890233,954.6304773999068,0.00573311534866873,10,4,2
2025-10-16,982.6500244140624,996.5999755859376,981.5,994.3499755859376,978.1715698242188,22936566,0.016457924155284243,0.01632396036707134,952.3609832763672,956.9279455566407,960.4949232328996,956.3742620239299,0.006152780868334885,10,4,3
2025-10-17,993.9500122070312,1009.0,986.0,1002.5499877929688,986.2381591796876,25210511,0.008246599680788558,0.00821278226953513,953.6226135253906,957.1984716796875,964.455421070867,958.5864025539861,0.006192164401354685,10,4,4
2025-10-20,997.0,1020.0,997.0,1002.9500122070312,986.6316528320312,22195202,0.00039898441231578374,0.00039890483920006654,955.395785522461,957.4011193847656,967.867149034123,960.6638285005079,0.0061929136588204925,10,4,0
2025-10-21,1006.0,1010.0,1004.0,1007.7000122070312,991.3043823242188,3471600,0.0047360425532414485,0.004724862788373615,957.5353973388671,957.5978649902344,971.4728772325993,962.9334991541161,0.006219209631623191,10,4,1
2025-10-23,1016.0,1020.5,1006.0,1008.7999877929688,992.386474609375,43526526,0.0010915842847574186,0.0010909889398387712,960.0734191894531,958.02775390625,974.6903537521033,965.1152010396909,0.006204376958545285,10,4,3
2025-10-24,1011.0,1011.9500122070312,991.2999877929688,994.75,978.5650634765624,17707768,-0.013927448112644902,-0.014025345050669748,962.222866821289,957.9677465820313,975.2864629404817,966.1114871461258,0.006813869954063226,10,4,4
2025-10-27,996.5,1009.0499877929688,996.2000122070312,1002.9500122070312,986.6316528320312,15700796,0.008243283616534036,0.008209493322457349,964.8346710205078,958.3218884277344,977.0318767699507,967.6314994191558,0.006939650778029741,10,4,0
2025-10-28,997.6500244140624,1008.0,995.0,1003.5499877929688,987.2218627929688,33904289,0.0005982069997889639,0.0005980281453061134,967.7120788574218,958.58552734375,978.5995669273382,969.0826374468456,0.006933050869677833,10,4,1
2025-10-29,1004.9000244140624,1012.5,1000.0,1007.8499755859376,991.451904296875,17769445,0.004284793179051949,0.004275639590931182,970.5427612304687,958.8275244140625,980.5768495995746,970.7396201764774,0.006948560975481793,10,4,2
2025-10-30,1000.0,1009.5,997.0999755859376,998.1500244140624,981.9097900390624,19962917,-0.00962438441689184,-0.009670998131246436,972.8619049072265,958.755712890625,980.7819173594958,971.5670401662985,0.0072307385322095165,10,4,3
2025-10-31,994.0,1004.4500122070312,981.1500244140624,987.2999877929688,971.2362670898438,23221330,-0.010870166544315718,-0.010929678467287655,973.9464660644531,958.5933972167969,979.3133557795493,971.5425384569314,0.007550825829561667,10,4,4
2025-11-03,985.0,994.5499877929688,983.2999877929688,992.6500244140624,976.499267578125,16607180,0.005418867341157929,0.005404238104990927,975.2990936279297,958.5648693847656,978.8804191331762,971.9097035770199,0.007367069105340756,11,4,0
2025-11-04,987.0,997.0,983.7000122070312,985.25,969.2196655273438,20024544,-0.007454795197989084,-0.007482721057986358,975.8794952392578,958.3612377929687,977.3941493476635,971.710441499266,0.007242962969288664,11,4,1
2025-11-06,981.0,991.0499877929688,974.0,984.6500244140624,968.6294555664062,22279516,-0.0006089537613914731,-0.0006091392490393192,975.9852478027344,958.4074743652344,976.0457349197778,971.4822203190541,0.007218083190625349,11,4,3
2025-11-07,980.0,984.9000244140624,974.75,982.2999877929688,966.317626953125,15004568,-0.0023867007140820906,-0.002389553424178803,976.1623168945313,958.412392578125,974.5491029249081,971.0996578475039,0.0070858129182153175,11,4,4
2025-11-10,982.2999877929688,990.9500122070312,980.2000122070312,984.5,968.4818725585938,15988262,0.0022396834592501857,0.002237179106858712,976.5263000488281,958.6307800292968,973.6156828685521,970.9057478261032,0.0069528176459779335,11,4,0
2025-11-11,983.5,993.5,978.0,991.7000122070312,975.564697265625,10200530,0.007313327082023147,0.007286714378353791,977.0575134277344,959.2977490234375,973.9155312373325,971.2508551919937,0.007025021854079955,11,4,1
2025-11-12,998.7999877929688,999.0,987.7000122070312,989.5,973.4005126953124,13137263,-0.0022183916416599336,-0.002220855917558404,977.6723449707031,960.0434167480469,973.8362976154833,971.4100890811284,0.006953053613471644,11,4,2
2025-11-13,984.0,990.0999755859376,982.5999755859376,986.6500244140624,970.596923828125,14124839,-0.0028802007299383314,-0.00288435648959355,978.1396179199219,960.7526879882812,973.3379324174282,971.3498546179429,0.006956335770018213,11,4,3
2025-11-14,976.0499877929688,991.6500244140624,976.0499877929688,989.5999755859376,973.4988403320312,21386965,0.0029898266032626353,0.0029853659605243695,978.6978820800781,961.6400109863281,973.3626874812132,971.5090387449125,0.00696247928349561,11,4,4
2025-11-17,991.25,997.9500122070312,985.5999755859376,996.5499877929688,980.3357543945312,18396408,0.007023032569990706,0.0069984859376059005,978.8060913085938,962.468310546875,974.4354670063392,972.1628695337731,0.006565307209093211,11,4,0
2025-11-18,997.6500244140624,999.0,990.0,992.4500122070312,976.302490234375,20002640,-0.00411416613346649,-0.00412265259943847,978.3093078613281,963.082158203125,974.722701349114,972.469508104188,0.006630852812836575,11,4,1
2025-11-19,990.0,996.5499877929688,984.0,994.5999755859376,978.41748046875,19813847,0.002166326784506456,0.002163983681978141,977.8985992431641,963.6960046386719,975.291128905981,972.910098649711,0.0064772259835301094,11,4,2
2025-11-20,995.2999877929688,1011.5999755859376,992.4500122070312,1008.8499755859376,992.4356689453124,19850865,0.014327410084544301,0.014225742681081564,977.9551635742188,964.5390612792969,977.9287504504935,974.3564371901259,0.00676518448876603,11,4,3
2025-11-21,1003.0999755859376,1008.2999877929688,996.5499877929688,998.0499877929688,981.8114013671876,17499897,-0.010705245599863855,-0.010762959001864306,977.4264099121094,965.1863549804688,978.5260813607541,974.9086567587971,0.00704106333718882,11,4,4
2025-11-24,1000.0,1011.4500122070312,993.5999755859376,999.1500244140624,982.8934936523438,32204053,0.0011021386425633661,0.0011015317336605542,977.6428314208985,965.8405346679688,979.1979909440756,975.5001261583191,0.007027797221938202,11,4,0
2025-11-25,1004.0,1006.0999755859376,988.4000244140624,989.7999877929688,973.6956176757812,24989383,-0.009357957943524453,-0.00940201872670022,976.9960296630859,966.2733764648438,978.3514719797226,975.3664588633162,0.00723795622925185,11,4,1
2025-11-26,981.2999877929688,1006.9500122070312,981.2999877929688,1003.9000244140624,987.5662231445312,19494356,0.014245319807291823,0.01414480865679182,977.0132476806641,966.993466796875,979.7691260050779,976.2701451063692,0.007618964951910172,11,4,2
2025-11-27,1002.0999755859376,1016.7999877929688,1001.0,1009.5,993.0750732421876,25536848,0.005578208294847897,0.005562707707909698,977.0944061279297,967.8286535644531,981.816194810787,977.5149545979114,0.0076640471842703995,11,4,3
2025-11-28,1007.0,1012.0499877929688,1004.2000122070312,1007.5999755859376,991.2059936523438,15988807,-0.0018821130851081058,-0.0018838864854500168,977.5592163085937,968.6303930664062,983.2607792479496,978.5291056389804,0.007683546526270328,11,4,4
2025-12-01,1017.5,1017.5,999.2999877929688,1002.0999755859376,985.7954711914062,16746566,-0.005458524762346428,-0.005473476944698148,978.2871765136719,969.3308081054688,983.6507318546353,979.06735493916,0.007190639539554115,12,4,0
2025-12-02,988.0,994.4000244140624,985.0,989.7999877929688,973.6956176757812,27316662,-0.012274202782653676,-0.012350152934553141,978.1469940185547,969.584609375,982.1191758271193,978.6694484752061,0.00738057771006879,12,4,1
2025-12-03,986.0,1002.2999877929688,986.0,1000.5,984.2214965820312,15448777,0.01081023547315052,0.010752222591783489,978.897085571289,970.2456750488282,982.4426097894134,979.0807112979339,0.0076589750640089285,12,4,2
2025-12-04,1000.0,1004.7000122070312,993.0,997.2000122070312,980.9752197265624,14528169,-0.0032983193993856297,-0.0033037708451893522,979.5143737792969,970.8949365234375,982.2168574720516,979.2210452556101,0.007626134473155775,12,4,3
2025-12-05,992.0,1008.0,990.2000122070312,1003.2999877929688,986.9759521484376,12843366,0.006117109077992788,0.006098475516664647,980.5472900390625,971.8019348144531,982.9490258838033,979.795482803227,0.007712935056279023,12,4,4
2025-12-08,1000.0,1006.5,997.5,1003.0999755859376,986.7791748046876,12901022,-0.00019937400026992513,-0.000199393877908017,981.4621551513671,972.82599609375,983.5382795639393,980.3127933218536,0.00726158766929095,12,4,0
2025-12-09,994.9000244140624,1002.7999877929688,994.0,997.0999755859376,980.8768310546876,15294322,-0.005981423099213901,-0.005999383465204779,981.7277618408203,973.7556213378906,983.1288259471314,980.3545738946561,0.007189366277900152,12,4,1
2025-12-10,997.5,998.5,985.2999877929688,989.7999877929688,973.6956176757812,15322830,-0.00732121827282306,-0.007348149920145996,981.7425170898438,974.6360595703125,981.6775631361545,979.8613178784433,0.007304655132975049,12,4,2
2025-12-11,990.0,1002.7000122070312,988.5,1000.2999877929688,984.0247802734376,11844809,0.01060820487444758,0.010552332657722242,982.4139099121094,975.6197900390625,982.0386734649672,980.1697225002947,0.007533172571638189,12,4,3
2025-12-12,1003.0,1004.7000122070312,998.2000122070312,1001.5,985.2052612304688,11988618,0.001199645558420892,0.001198926558660436,982.9992309570313,976.6133569335938,982.5258408135059,980.5427253691965,0.00732367253903459,12,4,4
2025-12-15,992.0,1001.7999877929688,992.0,996.0999755859376,979.89306640625,9790060,-0.005391967575958834,-0.0054065566994817155,982.9770965576172,977.2203173828125,982.1207985970049,980.4946024830524,0.007104768177426309,12,4,0
2025-12-16,990.0999755859376,998.7000122070312,990.0999755859376,994.2999877929688,978.1223754882812,20049088,-0.001807024642456856,-0.0018086592810043257,983.0680908203125,977.7938305664062,981.5056565802781,980.3188819649213,0.007048214043285112,12,4,1
2025-12-17,996.0,996.0,980.7999877929688,984.0,967.989990234375,19080922,-0.010359015914392256,-0.010413043961905259,982.5467163085938,978.0013977050781,979.426323296293,979.4056307256216,0.007174084552102027,12,4,2
2025-12-18,973.2999877929688,987.4000244140624,973.2999877929688,979.7000122070312,963.7599487304688,14912404,-0.0043699227745961355,-0.00437949879495336,981.1129302978516,977.94630859375,977.0161118246277,978.2466913185733,0.007217506550540336,12,4,3
2025-12-19,987.0,988.0,978.7000122070312,985.5,969.465576171875,25952384,0.005920174882679152,0.005902719506065423,980.495639038086,978.0800952148437,975.8544909549735,977.5962383447437,0.0072874591815567545,12,4,4
2025-12-22,988.0,992.9000244140624,983.9000244140624,987.7000122070312,971.6298217773438,13540411,0.002232410988758149,0.0022299228616735464,979.9324554443359,978.2886474609375,975.2045418507228,977.1542815619733,0.007287386843530474,12,4,0
2025-12-23,990.5,998.9000244140624,987.7000122070312,996.5999755859376,980.3849487304688,17927849,0.009010763931792232,0.008970409235077708,980.2669219970703,978.5975378417969,976.0015275245298,977.3935902411212,0.007351361603781113,12,4,1
2025-12-24,993.0,999.4000244140624,993.0,997.2000122070312,980.9752197265624,13699996,0.0006020808426914215,0.0006018996647397218,979.9373718261719,978.9949645996094,976.7667109402271,977.6588961289317,0.00733751599798802,12,4,2
2025-12-26,996.0,997.2000122070312,987.7000122070312,992.0999755859376,975.9581909179688,9360853,-0.005114327770677107,-0.005127450707404752,979.0815277099609,979.2890991210937,976.642323244495,977.5329179651567,0.007381945139978177,12,4,4
2025-12-29,993.0999755859376,997.4000244140624,987.2000122070312,991.7000122070312,975.564697265625,13545749,-0.00040318699715369277,-0.00040326829888496466,978.299462890625,979.5537219238281,976.4765346323611,977.3871238392654,0.007363855542705094,12,4,0
2025-12-30,990.2000122070312,995.0,982.2000122070312,990.9000244140624,974.7777709960938,33155849,-0.0008066366810288716,-0.0008069621874518475,977.7485778808593,979.4858459472656,976.2151863806276,977.1938384434749,0.007247747062794087,12,4,1
2025-12-31,991.0,997.5999755859376,987.5999755859376,991.2000122070312,975.0728759765624,10963454,0.000302740777692323,0.000302694960949915,977.8174407958984,979.2625402832032,976.0394463184638,977.0367301125925,0.007209501329868733,12,4,2
2026-01-01,993.5,997.5499877929688,989.5,991.1500244140624,975.023681640625,7132074,-5.0451958155561805e-05,-5.0453230898411095e-05,977.3575500488281,979.030380859375,975.8831748295655,976.8876154109653,0.007197703451069285,1,1,3
2026-01-02,991.1500244140624,1003.2000122070312,988.7999877929688,1001.5999755859376,985.3035888671876,11751459,0.010543238508079256,0.0104880461673621,977.5739685058594,978.9103649902344,977.332469296892,977.5110208521669,0.006965733015050524,1,1,4
2026-01-05,1005.75,1006.4000244140624,976.2999877929688,977.5,961.5957641601562,27647379,-0.02406144154441625,-0.024355646952696024,976.3049591064453,978.29455078125,974.9114377373942,976.332112949055,0.008008036259652804,1,1,0
2026-01-06,962.7000122070312,966.7000122070312,956.0,962.2000122070312,946.544677734375,31988783,-0.015652197094406572,-0.015775986144139123,974.2932342529297,977.6541430664063,970.5473208138528,974.1256362664861,0.008452631078373393,1,1,1
2026-01-07,956.0,956.4500122070312,946.0,949.0499877929688,933.608642578125,52884712,-0.013666586966833316,-0.013760834445883531,971.9298248291016,976.5936828613281,964.8644472391255,971.1243774747556,0.008630397447712247,1,1,2
2026-01-08,944.7000122070312,953.0,941.4000244140624,946.7000122070312,931.296875,21928849,-0.002476163429401379,-0.002479234192253767,969.8098876953125,975.4751831054688,959.7002053561832,968.1741921062552,0.00811190296404705,1,1,3
2026-01-09,945.0,950.5999755859376,933.2999877929688,939.0,923.72216796875,38183839,-0.008133504186030871,-0.008166761586769525,966.7947570800782,974.1205883789063,954.1651226811936,964.8814495775512,0.00806088585010879,1,1,4
2026-01-12,937.5,942.0,929.5999755859376,936.9500122070312,921.7055053710938,21071666,-0.0021831917297068237,-0.0021855783670618194,963.6197692871094,972.9165026855469,949.1713354027167,961.683231488184,0.008060433682423747,1,1,0
2026-01-13,947.7000122070312,947.7000122070312,932.5999755859376,937.3499755859376,922.0989990234376,32042827,0.0004269190647672172,0.00042682796075172477,960.7300659179688,971.9337573242187,945.0063605751353,958.751066120425,0.008054762646465492,1,1,1
2026-01-14,930.0,940.0499877929688,920.2000122070312,925.4500122070312,910.3926391601562,36688248,-0.012695339519595117,-0.012776613946010143,957.3435791015625,970.6116247558593,939.6811726651385,955.1689604196644,0.008073284565728431,1,1,2
2026-01-15,925.4500122070312,925.4500122070312,925.4500122070312,925.4500122070312,910.3926391601562,0,0.0,0.0,954.4637115478515,969.4350842285156,935.1752444336028,951.852195881923,0.007705116207927238,1,1,3
2026-01-16,922.0,935.9500122070312,919.2000122070312,931.0999755859376,915.95068359375,37780235,0.006105106955523132,0.006086546294957257,952.0732482910156,968.3815087890625,932.21761968901,949.1928246013175,0.007863967448726777,1,1,4
2026-01-19,935.9000244140624,936.1500244140624,919.5,927.9000244140624,912.8027954101562,38191942,-0.003436744182823248,-0.003442663353787753,949.2401092529296,967.3112121582031,929.2307236461095,946.4972668834537,0.007705144360196503,1,1,0
2026-01-20,929.2999877929688,934.5,919.5999755859376,931.2000122070312,916.049072265625,36022727,0.003556383560383569,0.0035500745820425173,946.4610717773437,966.2625561523438,927.202777279881,944.2418450599108,0.007775215678465259,1,1,1
2026-01-21,925.0,932.1500244140624,915.5,920.3499755859376,905.3755493164062,32766854,-0.011651693421642073,-0.01172010633821507,942.7106018066406,964.8587731933594,923.8447422085771,941.3628601900216,0.007931453443186642,1,1,2
2026-01-22,928.0,928.2999877929688,913.2000122070312,918.7000122070312,903.75244140625,44444755,-0.0017927454649970809,-0.0017943543563241806,938.849462890625,963.4658117675781,920.7536190082192,938.5769032430755,0.007882912697187376,1,1,3
2026-01-23,920.0,926.0999755859376,909.25,916.0999755859376,901.1947021484376,30985247,-0.0028301326122367465,-0.0028341450097376553,935.1112884521484,962.0777673339844,917.7445548759451,935.8078513101394,0.007487086305492741,1,1,4
2026-01-27,906.0,931.2000122070312,905.0,926.4000244140624,911.3272094726562,44753093,0.011243416433832643,0.01118067904436115,931.8994140625,960.8343347167969,916.7572709677468,933.9944704332888,0.007890396662816908,1,1,1
2026-01-28,932.5,941.4500122070312,928.4000244140624,932.7000122070312,917.524658203125,35347138,0.006800464932957384,0.006777446071683697,929.0367584228516,959.5781127929688,916.8753305424203,932.7744843421656,0.008052090161245279,1,1,2
2026-01-29,930.0999755859376,939.2999877929688,924.3499755859376,935.5,920.2791137695312,37175628,0.0030020507261359075,0.0029975535700671337,926.2970703125,958.4576452636719,917.3989895004373,931.8489013367853,0.008107005641847877,1,1,3
2026-01-30,930.0,938.9000244140624,927.75,929.25,914.1307983398438,29691233,-0.006680924664804744,-0.0067033419432125435,923.2524261474609,957.1719116210937,916.896190860346,930.5364492629377,0.008003349125363143,1,1,4
2026-02-02,915.0,929.7999877929688,909.2999877929688,928.0999755859376,912.9994506835938,28032106,-0.0012376212007129128,-0.001238387686308956,919.6372192382812,955.5831872558593,916.2966923716149,929.2374123311345,0.007990103488383105,2,1,0
2026-02-03,983.75,994.0,945.0,948.7000122070312,933.2643432617188,50336968,0.02219595265139751,0.021953207895365222,918.2206481933594,954.61224609375,918.9071002008617,929.5357035111778,0.009016915846688877,2,1,1
2026-02-04,952.5,957.2000122070312,947.9500122070312,953.0999755859376,937.5927124023438,24366770,0.0046378811875502635,0.004627159354871773,917.7730499267578,953.70623046875,921.7818097703205,930.1325189845975,0.009059347303921033,2,1,2
2026-02-05,956.0,956.0499877929688,946.7000122070312,949.7000122070312,934.248046875,28103169,-0.0035672904482948464,-0.00357366840139119,917.8050201416015,952.9172790527343,923.6996924018097,930.4373729024051,0.008861881552136316,2,1,3
2026-02-06,945.0,948.0999755859376,937.5999755859376,941.0999755859376,925.7879638671876,18120272,-0.009055499806620793,-0.009096750061614246,917.529574584961,951.6817138671875,924.0209649349447,930.0929722331297,0.008955272329482795,2,1,4
2026-02-09,945.0,950.0,935.3499755859376,937.25,922.0006103515624,23947829,-0.004090951344630556,-0.004099342178229241,917.4434967041016,950.260224609375,923.7101411528859,929.4935380196803,0.008944506885206644,2,1,0
2026-02-10,930.0,940.9000244140624,929.9500122070312,932.4000244140624,917.2295532226562,31525385,-0.005174678926825105,-0.00518811394580435,917.2196990966797,948.7806958007812,922.7131276251582,928.5850947013822,0.008960204950358997,2,1,1
2026-02-11,931.25,936.0,925.2999877929688,927.0999755859376,912.0157470703124,24869804,-0.005684298040796176,-0.005700515147348551,916.7155364990234,947.3051013183593,921.0673767705666,927.3577356175992,0.00898176329326579,2,1,2
2026-02-12,927.0,928.5999755859376,918.5,920.5999755859376,905.6215209960938,33872203,-0.007011091743491238,-0.007035784932371021,916.4769805908203,945.9436193847656,918.6910912668015,925.7476456456359,0.009011348509044548,2,1,3
2026-02-13,913.0,928.2000122070312,901.0,903.9000244140624,889.1932373046875,50188359,-0.01814034153399624,-0.01830689482658746,915.4170104980469,944.0430541992188,914.1529598880147,923.0399116944545,0.009442217032210041,2,1,4
2026-02-16,903.9000244140624,929.5,902.0999755859376,925.7999877929688,910.7368774414062,18806989,0.024228299578640033,0.02393945057518973,915.1563201904297,942.6382873535156,913.6274087423826,922.1285758238583,0.01040204787160385,2,1,0
2026-02-17,923.0,928.0999755859376,918.5999755859376,925.7000122070312,910.6385498046876,22599629,-0.00010796492285991555,-0.00010797075149172858,915.0481079101562,941.1115393066407,913.1675842904294,921.2774627854012,0.009582331244243146,2,1,1
2026-02-18,923.2000122070312,925.5,919.5499877929688,924.7000122070312,909.6548461914062,12738702,-0.001080234977414829,-0.0010808188517368942,914.7283966064454,939.569052734375,912.6271630444259,920.4165282228831,0.009216676549126918,2,1,2
2026-02-19,929.0,929.2000122070312,912.4500122070312,915.5999755859376,900.702880859375,21209234,-0.009841057154273192,-0.009889800410988185,914.4947631835937,937.9655737304688,910.7926580928795,918.9562580478084,0.00906465026657588,2,1,3
2026-02-20,911.0,917.8499755859376,908.4000244140624,911.8499755859376,897.0138549804688,22654907,-0.004095718973815776,-0.004104129403130474,914.1578338623046,936.4319384765626,908.6728422294316,917.3308948576351,0.009077598181958732,2,1,4
2026-02-23,916.5,925.6500244140624,915.25,923.5999755859376,908.5726928710938,23270122,0.012885907866915458,0.012803590954059018,914.5267333984375,934.9228967285156,908.6574346358411,916.6821391549283,0.009332379220239212,2,1,0
2026-02-24,927.9500122070312,927.9500122070312,909.1500244140624,910.5,895.6858520507812,31313985,-0.014183610096832222,-0.014285158856812093,913.7446655273437,933.1325085449218,906.6618065458318,915.1268586286951,0.009658109606101825,2,1,1
2026-02-25,910.5499877929688,916.0,903.0999755859376,907.5999755859376,892.8330078125,27884303,-0.0031850946754928833,-0.003190177886079909,912.5100830078125,931.3913073730469,904.5342990483962,913.4754622719399,0.009663391735088536,2,1,2
2026-02-26,912.0,912.0,895.0,898.5999755859375,883.9794311523438,41165937,-0.009916273908654127,-0.009965767620055025,910.6950988769531,929.5084484863281,901.3720116797728,911.2905710778957,0.009560477245478663,2,1,3
2026-02-27,898.5999755859375,898.9500122070312,885.0,887.75,873.3060302734375,34620755,-0.012074263837782429,-0.012147749887076642,908.6538604736328,927.6147692871094,897.0541683864905,908.4769013886767,0.009771494989565997,2,1,4
2026-03-02,876.2000122070312,887.75,871.5499877929688,879.4000244140625,865.0918579101562,38378924,-0.009405834929033241,-0.009450349143180468,906.2584808349609,925.6414074707031,892.1368898516698,905.2631944643417,0.009774364016898102,3,1,0
2026-03-04,848.0,879.2999877929688,848.0,868.6500244140625,854.5167846679688,39862322,-0.0122242200588204,-0.012299550369187607,902.3211029052734,923.342431640625,886.3491813618697,901.5042011460919,0.009953385801235674,3,1,2
2026-03-05,873.8499755859375,881.4000244140625,863.5,877.75,863.4686889648438,31324582,0.010475984155599027,0.010421491280846561,898.6149017333985,921.179208984375,882.8291056084811,898.6867557993327,0.01016802753174686,3,1,3
2026-03-06,868.0499877929688,871.7000122070312,855.0999755859375,857.0499877929688,843.10546875,34439647,-0.023583044150976562,-0.023865574935064714,894.0577728271485,918.4336193847656,876.7177768610225,894.569623425308,0.010776957660525473,3,1,4
2026-03-09,825.0,842.4500122070312,821.5,840.7000122070312,827.0215454101562,35592613,-0.01907700037065352,-0.019261314210614097,889.1194519042969,915.3545458984376,869.0722027916584,889.5660620908524,0.011201640775866627,3,1,0
2026-03-10,850.0499877929688,856.7999877929688,840.5999755859375,849.4500122070312,835.629150390625,52866024,0.010407957360046627,0.010354167478444453,884.80087890625,912.5479650878906,863.927117806884,885.570735298243,0.011461907779370693,3,1,1
2026-03-11,845.0,848.8499755859375,827.5999755859375,833.9500122070312,820.38134765625,42261076,-0.018247092896708117,-0.01841562438422919,879.9584686279297,909.4442980957032,857.2277685529402,880.7418917692064,0.011511398419647672,3,1,2
2026-03-12,820.0999755859375,836.4000244140625,820.0999755859375,832.75,819.2008666992188,46107561,-0.0014389417316761355,-0.001439978002537935,875.317724609375,906.3327600097656,851.37747596006,876.1832973195777,0.011356031805257601,3,1,3
2026-03-13,820.0,823.7999877929688,812.0,817.0,803.7071533203125,41700464,-0.01891320432964705,-0.019094346602420296,870.2220062255859,902.9054455566406,844.0435801693296,870.814694060373,0.011611448090778027,3,1,4
2026-03-16,817.0,844.5,815.6500244140625,840.5999755859375,826.9231567382812,52182605,0.028886147550208685,0.028476806950271483,867.1085021972656,899.9434350585938,841.4096688722452,867.5634690735513,0.013095605908301569,3,1,0
2026-03-17,847.7000122070312,848.9000244140625,835.0999755859375,845.3499755859375,831.5958251953125,38826979,0.0056506682863521895,0.0056347631486199715,863.1514495849609,896.8692797851562,839.8998467681017,864.8991991566448,0.013192208200828079,3,1,1
2026-03-18,845.3499755859375,846.7999877929688,831.5999755859375,843.0499877929688,829.333251953125,23507063,-0.0027207607032612158,-0.00272446869990493,859.0861846923829,894.2240295410156,838.2742167965669,862.2646845489767,0.012304096244131691,3,1,2
2026-03-19,770.0,815.6500244140625,770.0,798.2000122070312,785.2130126953125,171637393,-0.053199650627666184,-0.05466703233906636,852.8640930175782,890.9973962402344,830.1109546271431,856.5571533005572,0.015133439946419741,3,1,3
2026-03-20,785.0,793.75,778.2000122070312,780.4500122070312,767.7518310546875,103129469,-0.022237509259669497,-0.022488490444394726,846.2165405273438,887.6802600097657,820.5172433083037,849.9789812823446,0.015420362627759511,3,1,4
2026-03-23,763.1500244140625,768.7000122070312,741.0499877929688,744.1500244140625,732.04248046875,72341738,-0.04651157983808685,-0.0476279985755421,837.9679718017578,883.6951721191406,806.9057413329878,841.2429441850413,0.017070420909354227,3,1,0
2026-03-24,755.0,772.75,747.7000122070312,764.9000244140625,752.454833984375,61269986,0.027884110635976178,0.027502427833767513,830.1620788574219,880.2698254394531,798.5286786639704,834.6660471331401,0.018257486125869558,3,1,1
2026-03-25,768.2000122070312,794.7999877929688,768.2000122070312,782.2999877929688,769.5717163085938,59230640,0.022748052841367272,0.02249317397942538,823.8563720703125,877.2271496582031,794.0737613785278,829.8442448498404,0.019027516347331505,3,1,2
2026-03-27,773.2000122070312,774.9000244140625,754.5499877929688,756.2000122070312,743.8963623046875,65485199,-0.03336317260600907,-0.03393242036522728,816.4095397949219,873.6630969238281,786.3541615210139,823.4777350316808,0.019688466628077102,3,1,4
2026-03-30,745.2000122070312,751.0,726.6500244140625,731.5499877929688,719.6473999023438,103500135,-0.03259723212950971,-0.03314035745356986,808.1929382324219,869.8481921386718,776.0915828104493,815.7865990961743,0.020253855157205743,3,1,0
2026-04-01,743.0,755.9000244140625,739.0999755859375,742.25,730.17333984375,78862761,0.014626523965534544,0.01452058809687678,801.0363037109375,866.2438061523437,769.0272377386494,809.4448761885874,0.020538020440853514,4,2,2
2026-04-02,730.0,755.0,726.6500244140625,750.9000244140625,738.6826171875,49310300,0.011653777095683715,0.01158639483534907,794.7158416748047,862.6984448242188,764.3588345769342,804.203227373692,0.02001428322393602,4,2,3
2026-04-06,759.0,772.75,745.0,771.0,758.45556640625,42976659,0.026767855041769595,0.02641586356626505,789.9127807617188,859.6115002441406,763.4506394737521,800.8145117464741,0.02090399803965082,4,2,0
2026-04-07,766.0,774.0,761.0,772.0,759.4392700195312,51309793,0.0012969825219191211,0.0012961421666269769,784.7113098144531,856.4793041992187,762.8335057115643,797.7496790259598,0.020927248330113873,4,2,1
2026-04-08,800.0,817.7999877929688,796.0,816.0999755859375,802.82177734375,70269512,0.05712439300525385,0.055552384926165856,782.6971252441406,854.4282287597656,768.9855475011314,798.1253900124628,0.023847301249377582,4,2,2
2026-04-09,815.0,819.0,793.0999755859375,797.7000122070312,784.72119140625,48879392,-0.022546206951919445,-0.022804258778951383,780.5821075439453,852.0476037597656,771.4064157942265,797.1324864120025,0.024098396897158217,4,2,3
2026-04-10,804.0,812.25,801.0,810.2999877929688,797.1161499023438,38156026,0.015795366089045526,0.015671917540624757,778.6564575195313,849.9660327148438,775.3617595031676,797.131276300176,0.02417512451485706,4,2,4
2026-04-13,791.5,798.5,787.3499755859375,794.7000122070312,781.7699584960938,47549328,-0.019252139613693764,-0.019439875504534927,776.7258880615234,847.3748876953125,776.3476362713101,795.9934009072809,0.024265781435821986,4,2,0
2026-04-15,804.9500122070312,814.7999877929688,804.0,809.9000244140625,796.72265625,39769515,0.01912672339401622,0.018946107052142572,775.6019775390625,844.95884765625,779.4822547295701,796.0474198215564,0.02463826345490391,4,2,2
2026-04-16,818.0,820.0499877929688,792.2000122070312,795.4500122070312,782.5077514648438,62861293,-0.01784172280484997,-0.01800280520904854,774.5420074462891,842.2034204101562,779.9477157657659,795.0444814247629,0.024751712944139182,4,2,3
2026-04-17,790.0999755859375,803.9500122070312,788.2000122070312,799.9000244140625,786.8853759765625,37282544,0.005594352903883548,0.005578762629647865,772.5401184082032,839.6585119628907,781.0150481058885,794.4401032434147,0.02475725566585006,4,2,4
2026-04-20,797.0999755859375,809.9500122070312,790.0,795.4500122070312,782.5077514648438,52148044,-0.005563230230687499,-0.005578762629647836,770.0857147216797,837.0486779785156,781.244694776497,793.556225333891,0.024733813580116733,4,2,0
2026-04-21,795.2000122070312,814.9000244140625,795.2000122070312,811.75,798.5425415039062,49135752,0.020491541469136454,0.020284414619140687,768.5461791992187,834.3542419433594,783.9059019653292,793.9255820872254,0.025034431726900664,4,2,1
2026-04-22,810.0,813.0499877929688,798.0,799.9000244140625,786.8853759765625,23876412,-0.014598051977781523,-0.01470565198949276,768.6297973632812,831.3400952148437,784.364282582442,793.4040853382874,0.02502375966516565,4,2,2
2026-04-23,792.0,796.6500244140625,782.5,784.3499755859375,771.5883178710938,37677616,-0.01944000812886426,-0.019631450239249663,768.8216217041015,828.0869006347656,782.3987495499268,791.7881025629397,0.024916239103185373,4,2,3
2026-04-24,777.2999877929688,787.5999755859375,777.0,784.8499755859375,772.0802001953125,27720358,0.0006374932238164543,0.000637290111328554,770.8235076904297,825.0127453613281,780.8112804184477,790.3282579431154,0.024727303716762003,4,2,4
2026-04-27,787.5,793.0,785.0,789.7999877929688,776.9496459960938,18115375,0.006306917078756191,0.006287111707506324,772.0482482910156,822.1117260742187,780.2171828150088,789.3372496507434,0.02466764900419864,4,2,0
2026-04-28,785.0,794.5,778.2999877929688,782.5499877929688,769.817626953125,35366803,-0.009179512571661053,-0.009221903917875435,772.0605438232421,819.1634875488281,778.6172511439497,787.891351673142,0.024518449229088638,4,2,1
2026-04-29,785.5,790.0,777.3499755859375,779.0,766.3253784179688,25799963,-0.004536462160496746,-0.004546783130585717,773.1819946289063,816.2496801757812,776.726193801491,786.2938721727588,0.024523279990629653,4,2,2
2026-04-30,770.0,778.7999877929688,762.25,771.7000122070312,759.1441650390625,47998755,-0.009370971627915337,-0.00941515542928,775.1568328857422,813.3201330566407,774.021266299579,784.282782755448,0.024356728406153424,4,2,3
2026-05-01,771.7000122070312,771.7000122070312,771.7000122070312,771.7000122070312,759.1441650390625,0,0.0,0.0,776.6053741455078,810.7191516113281,771.7324814902688,782.4206629246047,0.02367079545047099,5,2,4
2026-05-04,772.5999755859375,786.5999755859375,772.5999755859375,779.4000244140625,766.7189331054688,29028060,0.009978036340457797,0.009928584419149563,778.0071899414063,807.8387927246093,770.9611663541457,781.257571826891,0.023735746398437944,5,2,0
2026-05-05,774.4000244140625,776.9000244140625,763.7000122070312,772.2999877929688,759.734375,38887657,-0.009109672141757286,-0.009151418931474852,778.0711303710938,804.8207092285156,769.2339676842771,779.6632609508249,0.023767077937462407,5,2,1
2026-05-06,775.1500244140625,798.9500122070312,773.5,796.5499877929688,783.58984375,35530831,0.031399749089936924,0.030916859363349022,779.2786590576172,802.2994091796875,771.4425640020806,779.954118935949,0.02254944913143992,5,2,2
2026-05-07,794.0,801.5499877929688,788.5499877929688,796.0499877929688,783.0979614257812,46137553,-0.0006277293256695682,-0.0006279264302125718,778.2924682617188,799.9473107910156,773.2357020672654,780.1869961574181,0.02215039517225229,5,2,3
2026-05-08,784.0,788.75,777.2000122070312,780.8499755859375,768.145263671875,38016841,-0.019094287675940236,-0.0192789378748839,777.463671875,797.3699389648438,772.4525576987438,779.2950159733039,0.02064111256027864,5,2,4
2026-05-11,771.9500122070312,774.8499755859375,761.9000244140625,763.6500244140625,751.2251586914062,41123422,-0.022027220345781418,-0.022273441999053685,775.1691223144531,794.22298828125,769.1868040053073,777.2157672857559,0.02047788065015368,5,2,0
2026-05-12,756.5999755859375,759.7000122070312,747.7999877929688,750.4500122070312,738.2399291992188,43937132,-0.017285402840883424,-0.017436539588413902,772.9926208496094,791.0740698242188,764.4257463428322,774.3286681682347,0.020257477521034226,5,2,1
2026-05-13,752.0,759.9500122070312,747.3499755859375,749.5999755859375,737.4037475585938,28960919,-0.001132669214373161,-0.0011333111689416557,770.0266754150391,787.9654846191406,760.2685157606418,771.5934888638169,0.01932544917045585,5,2,2
2026-05-14,751.0,778.2999877929688,747.0,769.5499877929688,757.0291748046875,50992358,0.026614222277917543,0.026266224815799998,768.7527465820312,785.4264794921875,759.7701556135719,770.5146507853628,0.018912702968367234,5,2,3
2026-05-15,773.0,781.9000244140625,765.4000244140625,767.5,755.0125122070312,24347873,-0.0026639166161285255,-0.0026674711560660653,767.1591033935547,783.0606091308593,759.0382104741041,769.3663442240049,0.01877318889359343,5,2,4
2026-05-18,759.0,774.0999755859375,751.3499755859375,768.6500244140625,756.143798828125,29812079,0.0014983680439768499,0.0014972466106527192,765.8409057617188,780.8816479492187,758.5929163747227,768.3868964169027,0.018671036700760757,5,2,0
2026-05-19,766.7000122070312,770.7999877929688,760.25,762.4500122070312,750.044677734375,40307830,-0.008066086243387116,-0.008098793113384338,763.4160125732421,778.7922058105469,757.2778027377461,767.0282135515303,0.018083697649623805,5,2,1
2026-05-20,759.5999755859375,762.25,755.1500244140625,759.5,747.1427001953125,24013451,-0.003869072903534665,-0.0038765771286175276,761.4288787841797,776.4656860351563,755.7185561927563,765.5552125621808,0.018093390649558765,5,2,2
2026-05-21,767.0,768.25,755.1500244140625,759.1500244140625,746.7984008789062,34664725,-0.0004608213615903134,-0.0004609275723846843,760.1893829345703,774.5395446777344,754.3462246060101,764.1658191041605,0.014474184202501267,5,2,3
2026-05-22,759.1500244140625,775.0,759.1500244140625,766.7999877929688,754.3239135742188,25604071,0.010077033756975995,0.010026598991190589,759.3015686035156,773.0855920410156,754.3427921395806,763.4367890649056,0.014122430404302742,5,2,4
2026-05-25,776.0,787.8499755859375,775.2000122070312,786.8499755859375,774.0476684570312,26043952,0.026147593265809732,0.025811589488299386,759.1564697265625,771.8539624023438,757.3743115730346,764.222780130989,0.014668448189468183,5,2,0
2026-05-26,784.0499877929688,790.8499755859375,776.75,778.9000244140625,766.22705078125,31528062,-0.01010353495589067,-0.01015492208597672,758.9769409179687,770.7708764648437,758.7362714512216,764.371244623601,0.014365178962828469,5,2,1
2026-05-27,769.5,773.9000244140625,756.9000244140625,758.6500244140625,746.3065185546875,63680153,-0.025998210590779114,-0.026342138165498092,757.9759979248047,769.3129895019531,756.8240017748317,763.0331167666444,0.014592340076689473,5,2,2
2026-05-28,758.6500244140625,758.6500244140625,758.6500244140625,758.6500244140625,746.3065185546875,0,0.0,0.0,757.334115600586,768.1649768066407,755.205927433271,761.7941094916846,0.014287960529371055,5,2,3
2026-05-29,746.0499877929688,760.5,737.75,744.5499877929688,732.4359130859375,101299431,-0.01858566838678044,-0.01876055219960015,755.9987030029297,766.2752319335938,751.7028483029119,759.6194282764441,0.014554684883937739,5,2,4
2026-06-01,749.0,752.3499755859375,739.2000122070312,742.7000122070312,730.6160278320312,47996441,-0.0024847023765377507,-0.0024877943723425385,754.1935577392578,764.2556359863281,748.4587220766225,757.4710282435246,0.01454162427732832,6,2,0
2026-06-02,737.0,753.5999755859375,733.1500244140625,748.25,736.0757446289062,47314447,0.007472758041013217,0.007444975307888749,753.0106262207031,762.3904858398438,746.5536486231276,755.8861924202196,0.01402677428108211,6,2,1
2026-06-03,744.4500122070312,756.9000244140625,742.5999755859375,753.6500244140625,741.3878784179688,36109480,0.007216830370820881,0.007190913666789286,750.9005279541016,761.5139831542969,745.7589147454108,754.8122432348677,0.01394947195566562,6,2,2
2026-06-04,749.1500244140625,757.2999877929688,745.0,754.2000122070312,741.9288940429688,42673538,0.0007297335723297493,0.000729467446246012,748.842074584961,760.9975244140625,745.169680791189,753.8579210725047,0.013554904087322267,6,2,3
2026-06-05,753.9500122070312,758.7000122070312,744.6500244140625,747.0499877929688,734.8952026367188,22116568,-0.009480276968216628,-0.009525500844115454,747.1795715332031,761.0545788574219,743.5889918443474,752.4532752624466,0.013632811270441907,6,2,4
2026-06-08,738.0,741.5,734.5,738.6500244140625,726.6319580078125,21550700,-0.011244112901075853,-0.01130780583564831,745.9499114990234,760.5381213378906,740.9802174079574,750.5405850954367,0.013660377567150842,6,2,0
2026-06-09,739.4500122070312,743.9500122070312,732.2999877929688,738.3499755859375,726.3367919921875,38539563,-0.0004062111669768109,-0.0004062936930823397,745.3547546386719,759.6734228515625,738.7273827286082,748.7477115322331,0.013598236385328432,6,2,1
2026-06-10,736.5,755.9500122070312,736.4000244140625,746.8499755859375,734.698486328125,44458159,0.011512144817837466,0.011446384293906518,745.2194915771485,759.4894653320313,738.1075525131492,747.7070281837807,0.013802923389896141,6,2,2
2026-06-11,743.0,756.0,740.0999755859375,744.5999755859375,732.485107421875,32632007,-0.003012635723958046,-0.003017182845804936,743.9922882080078,759.7462194824219,737.2425609606455,746.5794784977136,0.013723500345039647,6,2,3
2026-06-12,754.7000122070312,774.4500122070312,753.0999755859375,772.4500122070312,759.8819580078125,36088159,0.03740260424183384,0.03672009328658465,744.2357604980468,760.3403918457032,740.7255451217482,747.5648473503135,0.015420902143297041,6,2,4
2026-06-15,790.0,793.5,775.5999755859375,777.3499755859375,764.7022094726562,39990334,0.006343421388081083,0.0063233865721772555,744.6636810302734,760.8607836914063,744.4142627141955,748.8342815815981,0.01535513537727529,6,2,0
2026-06-16,780.5,787.7000122070312,779.4500122070312,784.9000244140625,772.1294555664062,27820970,0.009712599233722363,0.00966573514551492,745.767919921875,761.1342614746094,748.6781385376125,750.5598500249172,0.015353543934163064,6,2,1
2026-06-17,787.6500244140625,794.2999877929688,783.0999755859375,787.0999755859375,774.2935791015625,32405604,0.002802798830629616,0.0027988783138918135,747.1254638671875,761.43134765625,752.618975547451,752.3179040305946,0.014225035091181863,6,2,2
2026-06-18,786.5,802.9500122070312,786.2000122070312,799.0,786.0,41492071,0.015118840210480489,0.015005689591172117,749.0855438232422,761.094912109375,757.7545177709201,754.8128741024024,0.01450039027659339,6,2,3
2026-06-19,788.7000122070312,789.0499877929688,776.2000122070312,779.7999877929688,779.7999877929688,33798761,-0.00788805624304234,-0.007919331534763678,750.3593475341797,760.9964880371094,761.1461285435429,756.6637714128146,0.01412504612164678,6,2,4
2026-06-22,789.9000244140625,789.9000244140625,783.0999755859375,786.4000244140625,786.4000244140625,25194765,0.008463755737895706,0.008428138983862457,750.9769653320312,760.7821655273438,765.0313432928535,758.8664568203144,0.01352516139311026,6,2,0
2026-06-23,783.0499877929688,790.9000244140625,772.5499877929688,774.6500244140625,774.6500244140625,28289062,-0.014941505131252697,-0.015054253919755725,751.3981140136718,760.6397668457031,766.5111403884242,760.0356099754068,0.013418569422120193,6,2,1
2026-06-24,773.0,794.9000244140625,772.6500244140625,793.2000122070312,793.2000122070312,34701292,0.02394628181545566,0.023664066076691862,753.742788696289,760.5693139648438,770.61712066821,762.4922323629346,0.014004883236710466,6,2,2
2026-06-25,798.5,804.4500122070312,794.75,796.2999877929688,796.2999877929688,46707966,0.003908189029538711,0.0039005718984687016,756.2424621582031,760.8451586914063,774.568330995096,764.9965105429371,0.01325162408882983,6,2,3
2026-06-26,796.2999877929688,796.2999877929688,796.2999877929688,796.2999877929688,796.2999877929688,0,0.0,0.0,759.4356658935546,761.0334509277344,777.9116628101533,767.3152866355321,0.013229784675537808,6,2,4
2026-06-29,800.0,805.9000244140625,793.2999877929688,798.9000244140625,798.9000244140625,46695977,0.0032651471316733627,0.003259828113883163,762.8498657226562,761.3612963867188,781.140641518447,769.6548968413491,0.01323204973383146,6,2,0
2026-06-30,806.0999755859375,806.0999755859375,792.75,797.9500122070312,797.9500122070312,45778356,-0.0011891503041673301,-0.0011898579044079326,765.9435791015625,761.3494458007813,783.7266985474598,771.7508313128811,0.013112122919415395,6,2,1
2026-07-01,793.5,802.25,793.5,796.1500244140625,796.1500244140625,26094378,-0.0022557651048719096,-0.002258313175596629,768.6816864013672,761.5347387695313,785.6379794500141,773.5581789500056,0.01308988130107871,7,3,2
2026-07-02,795.0,805.4500122070312,794.0,795.9000244140625,795.9000244140625,34143823,-0.0003140111691687375,-0.0003140604809991661,771.3802429199219,762.0209729003906,787.2167555983292,775.2131304658618,0.013088878760626204,7,3,3
2026-07-03,803.0,807.0,798.5499877929688,801.0499877929688,801.0499877929688,25871958,0.0064706159328209445,0.006449771367345385,774.6879821777344,762.6003686523437,789.3449451667353,777.1269717493512,0.013030537783855482,7,3,4
2026-07-06,805.0,831.0,805.0,830.5,830.5,45206376,0.03676426272494071,0.03610457719941454,779.8813842773437,763.6713757324219,795.6764920641606,781.0805293975474,0.013826381811454102,7,3,0
