Date,Open,High,Low,Close,Adj Close,Volume,Daily Return,Log Return,SMA_20,SMA_50,EMA_12,EMA_26,Rolling Volatility,Month,Quarter,Day of Week
2021-09-16,1709.5999755859375,1728.5,1709.25,1721.25,1635.876953125,2128381,0.0024752366001983273,0.002472178247809071,1575.5716918945313,1532.410234375,1600.2635067711,1574.0639757626172,0.01209989523012313,9,3,3
2021-09-17,1724.0,1741.699951171875,1706.0999755859375,1716.199951171875,1631.0775146484375,3473932,-0.0029338627623515245,-0.0029381749740625767,1579.5324951171874,1536.7355078125,1605.0041233676134,1578.2872008652705,0.012024957772833461,9,3,4
2021-09-20,1700.199951171875,1735.0,1699.949951171875,1704.3499755859375,1619.815185546875,1820374,-0.006904839899034454,-0.006928788611066231,1584.7953369140625,1540.6297290039063,1607.282748318269,1581.3633478787228,0.012131428866481615,9,3,0
2021-09-21,1698.5999755859375,1730.75,1692.4000244140625,1720.9000244140625,1635.5443115234375,2029747,0.009710444819204467,0.00966360145240466,1591.4552612304688,1545.1345532226562,1611.6306811190639,1585.3767525931462,0.011996892499606912,9,3,1
2021-09-22,1720.9000244140625,1730.0,1706.0,1710.9000244140625,1626.0404052734375,1487933,-0.005810852193388505,-0.005827800884447052,1596.4496215820313,1549.4699755859374,1613.8475617581985,1588.3888750139085,0.011938375064188152,9,3,2
2021-09-23,1718.300048828125,1775.0,1715.050048828125,1769.699951171875,1681.9237060546875,3702946,0.03436771964584273,0.03379034114966801,1604.8083801269531,1554.9014477539063,1624.320814726889,1595.3173810169292,0.01318387008143923,9,3,3
2021-09-24,1780.0,1810.0,1750.0,1768.75,1681.02099609375,3612494,-0.0005367127876775291,-0.0005368568695417831,1613.0293395996093,1560.073349609375,1633.0439195525598,1601.6657969485454,0.013144002244806682,9,3,4
2021-09-27,1772.0,1782.75,1737.0,1739.5999755859375,1653.3167724609375,1650711,-0.016480593459088144,-0.01661790922679221,1617.8526184082032,1564.1066357421876,1636.1628200000025,1605.4917951346488,0.01299447645229027,9,3,0
2021-09-28,1745.300048828125,1759.050048828125,1719.0,1737.1500244140625,1650.98828125,1442615,-0.0014083757267348007,-0.001409368419994829,1621.5140319824218,1566.8782373046874,1638.4436601923098,1608.8619052172673,0.012095718055745037,9,3,1
2021-09-29,1732.0,1742.0,1716.5999755859375,1721.0,1635.6395263671875,1698747,-0.00929670734621546,-0.00934019144575582,1623.8330200195312,1569.1661865234375,1638.012254988445,1610.845432709854,0.01214892143812112,9,3,2
2021-09-30,1719.949951171875,1734.25,1697.0,1702.949951171875,1618.484619140625,1792078,-0.010488195565109715,-0.010543584313969205,1624.6194702148437,1571.2830151367189,1635.0080033195497,1611.4112983713926,0.012149318473297812,9,3,3
2021-10-01,1697.5,1712.5,1687.5,1696.9000244140625,1612.7347412109375,1563937,-0.003552630566696746,-0.003558956144740172,1625.1279357910157,1573.6466552734375,1631.5813476105325,1611.509331174322,0.012148649747239277,10,4,4
2021-10-04,1696.5,1723.949951171875,1684.050048828125,1715.25,1630.1744384765625,1588493,0.010813741913025421,0.01075569152558535,1626.2565307617188,1575.3854956054688,1631.3649000514602,1612.8919317152286,0.011271487472750459,10,4,0
2021-10-05,1714.5,1740.0,1706.0,1716.699951171875,1631.552734375,1705242,0.0008454898236078812,0.0008451325984262923,1627.3257385253905,1577.7232739257813,1631.3937976396971,1614.27421339373,0.011099188747876295,10,4,1
2021-10-06,1716.699951171875,1735.9000244140625,1690.0,1695.050048828125,1610.9765625,1845661,-0.012611404732119857,-0.012691603489544082,1627.9601440429688,1579.9154858398438,1628.2526845412822,1614.0299429571573,0.011162747211068217,10,4,2
2021-10-07,1710.0,1729.300048828125,1700.0,1712.449951171875,1627.513427734375,1378863,0.010265118450086153,0.010212789922709839,1630.14130859375,1582.23826171875,1628.1389527248348,1615.0287196073216,0.011120816074590782,10,4,3
2021-10-08,1740.0,1741.0,1720.0,1726.9000244140625,1641.2467041015625,1755402,0.008438195429395279,0.008402792874710246,1632.8428161621093,1584.760625,1630.155529859716,1616.970792532821,0.011171148650520202,10,4,4
2021-10-11,1733.75,1746.8499755859375,1715.0,1716.9000244140625,1631.74267578125,1528151,-0.00579073718567813,-0.00580756851290258,1634.9907165527343,1587.0586938476563,1630.3997061553364,1618.0650061067786,0.010318603539555075,10,4,0
2021-10-12,1710.5,1725.550048828125,1700.0,1718.199951171875,1632.978271484375,1671988,0.0007572246049969422,0.0007569380550917041,1636.0242797851563,1589.277880859375,1630.79640851365,1619.169692431045,0.010074898802161295,10,4,1
2021-10-13,1727.0,1763.9000244140625,1724.050048828125,1752.050048828125,1665.1492919921875,2105025,0.019700825828238955,0.019509276261441555,1637.6898559570313,1591.9028881835939,1636.0814675103481,1622.5755886948334,0.010576123011026643,10,4,2
2021-10-14,1775.0,1817.9000244140625,1767.449951171875,1789.300048828125,1700.5517578125,4440909,0.021260835884545193,0.021037977549048896,1640.9235961914062,1594.8481811523438,1645.9999737106793,1628.351601222068,0.011106294819643148,10,4,3
2021-10-18,1807.1500244140625,1810.5,1782.0,1788.449951171875,1699.743896484375,1918546,-0.0004750583593904345,-0.0004751712353627129,1644.356915283203,1597.9892553710938,1654.2682695220171,1633.6399193896464,0.011108868637853944,10,4,0
2021-10-19,1809.800048828125,1885.0,1802.050048828125,1846.050048828125,1754.487060546875,6639827,0.032206713126446074,0.031698950418418866,1651.090509033203,1602.1453588867187,1669.686545064303,1642.591559475367,0.012401918034643295,10,4,1
2021-10-20,1855.0,1868.6500244140625,1796.300048828125,1806.699951171875,1717.0887451171875,3295376,-0.02131581148169337,-0.02154627427675201,1655.1677307128907,1605.8775854492187,1676.9791912262851,1648.109869522909,0.013172403738018493,10,4,2
2021-10-21,1815.0,1826.5,1791.050048828125,1805.75,1716.1859130859375,2774633,-0.000525792294555183,-0.0005259305717958859,1659.6750061035157,1609.8369580078124,1683.0109945893087,1653.1525394164669,0.013058999357693054,10,4,3
2021-10-22,1816.0,1831.5,1781.3499755859375,1792.25,1703.3553466796875,1520637,-0.007476210070492262,-0.007504297005785498,1660.7465881347657,1613.7107934570313,1686.1408949109054,1656.871265880409,0.013015531060375526,10,4,4
2021-10-25,1792.25,1812.800048828125,1760.3499755859375,1784.1500244140625,1695.6572265625,2488386,-0.004519385888677507,-0.0045296291870128395,1661.4783996582032,1617.5285522460938,1687.6049459342275,1659.7443000050084,0.013078641335601892,10,4,0
2021-10-26,1785.0,1811.9000244140625,1781.550048828125,1796.25,1707.156982421875,1930107,0.006781887093235017,0.006758993546308512,1664.17041015625,1620.813134765625,1690.6129515477119,1663.2563505544058,0.013101550515991389,10,4,1
2021-10-27,1801.0,1814.0,1775.0999755859375,1784.550048828125,1696.0374755859375,1408879,-0.006513464754812848,-0.006534769930433165,1666.422869873047,1623.0209155273437,1691.4474937074388,1665.684582038223,0.012987674305505358,10,4,2
2021-10-28,1799.550048828125,1862.0,1791.0,1814.25,1724.2642822265625,6379424,0.0166427965460334,0.016505822868398794,1670.8541076660156,1626.0270336914064,1696.4962304026885,1670.023819089211,0.01313752086589023,10,4,3
2021-10-29,1822.0,1824.9000244140625,1735.800048828125,1766.6500244140625,1679.025146484375,3984689,-0.026236776002672713,-0.026587101404332868,1673.8811340332031,1628.4581567382813,1693.8083713383326,1670.6905840814454,0.014105886026453855,10,4,4
2021-11-01,1776.0,1805.0,1751.199951171875,1795.3499755859375,1706.3016357421875,2316925,0.016245432246756675,0.016114887155643465,1678.5594787597656,1631.5469604492187,1695.7304120158487,1673.3284397600187,0.014355558972185031,11,4,0
2021-11-02,1800.0,1824.449951171875,1795.4000244140625,1815.6500244140625,1725.594970703125,1687119,0.011307106877703754,0.011243659368618153,1683.3305053710938,1635.7676928710937,1700.324959506199,1677.2000346446932,0.014368436615668442,11,4,1
2021-11-03,1818.0,1915.0,1818.0,1889.5,1795.7818603515625,11580233,0.04067402307033774,0.03986860233384642,1691.5419616699219,1641.6364135742188,1715.010636559332,1685.9838735859428,0.01595074691503933,11,4,2
2021-11-04,1900.0,1920.8499755859373,1900.0,1908.949951171875,1814.2672119140625,764191,0.010293762271816886,0.010241142297892709,1701.706494140625,1647.3986938476562,1730.2808789215983,1695.4863430917294,0.015906496610110298,11,4,3
2021-11-08,1944.550048828125,1953.9000244140625,1912.199951171875,1924.550048828125,1829.093505859375,3674523,0.008172056380642445,0.008138845936962538,1711.785498046875,1653.6855932617189,1745.4828215274101,1705.383169963407,0.014853587841957084,11,4,0
2021-11-09,1933.5,1964.0999755859373,1930.300048828125,1943.5999755859373,1847.1986083984373,3550645,0.009898401848272842,0.009849733563997626,1722.0830932617187,1660.297529296875,1761.1314041229525,1715.8880172548907,0.014892322269168118,11,4,1
2021-11-10,1932.699951171875,1954.0,1932.0,1950.1500244140625,1853.4237060546875,3208195,0.0033700207589737463,0.003364354964676984,1733.1671447753906,1666.2289794921876,1775.330219804758,1726.0758460548757,0.014418727008543762,11,4,2
2021-11-11,1947.8499755859373,1981.75,1925.6500244140625,1931.699951171875,1835.888671875,7061537,-0.009460888043249294,-0.009505926539076639,1743.3126647949218,1671.391552734375,1784.6469047386413,1734.210129448959,0.014595125084599796,11,4,3
2021-11-12,1940.0,1965.0,1928.0999755859373,1959.949951171875,1862.7376708984373,2026320,0.014624524588419785,0.014518617540186731,1753.1920837402345,1676.8611108398438,1796.6608687632252,1743.7306880748463,0.014516820220774393,11,4,4
2021-11-15,1961.25,1974.5,1943.0,1947.050048828125,1850.4775390625,1127678,-0.006581781228498951,-0.006603536662783991,1760.6883728027344,1681.8155493164063,1804.940356501575,1751.6378622220798,0.014395269403806995,11,4,0
2021-11-16,1950.0,1979.949951171875,1944.0,1955.300048828125,1858.3182373046875,2279531,0.004237121541156297,0.004228170218000546,1768.61708984375,1686.93060546875,1813.1523381635925,1759.540112228199,0.014313640568286073,11,4,1
2021-11-17,1949.0,1978.9000244140625,1943.550048828125,1952.9000244140625,1856.037353515625,2166686,-0.001227391381774634,-0.0012281452434953824,1773.6946044921874,1691.8993017578125,1819.750032833136,1766.6880560272675,0.014309010265745587,11,4,2
2021-11-18,1952.9000244140625,1954.0,1893.0,1897.0,1802.9097900390625,1883794,-0.028624188719009624,-0.029041850264825392,1777.9856567382812,1695.7541259765626,1817.1592262494323,1769.3711474355487,0.015523772665710653,11,4,3
2021-11-22,1898.25,1900.0,1837.8499755859373,1864.5,1772.0218505859375,2407464,-0.017132271189484016,-0.017280726575968672,1780.7774536132813,1699.2287939453124,1810.2150146088948,1769.567495817059,0.01570594339206582,11,4,0
2021-11-23,1850.0,1895.5999755859373,1844.5,1886.3499755859373,1792.7880859375,2028470,0.01171894993546263,0.011650814839563598,1785.249090576172,1703.4067529296874,1807.5339486594494,1771.2875395296842,0.015730399764290273,11,4,1
2021-11-24,1894.0,1902.4000244140625,1845.949951171875,1862.5,1770.12109375,1361828,-0.012643430846790094,-0.012724039183273134,1788.9722839355468,1707.06484375,1801.7781248272263,1771.2011361385964,0.015964329119469458,11,4,2
2021-11-25,1855.0,1866.8499755859373,1838.199951171875,1849.9000244140625,1758.14599609375,1930012,-0.006765129062939246,-0.006788116281551494,1791.5217346191407,1710.4520703125,1795.0654896374608,1770.2340887278672,0.01598306511471331,11,4,3
2021-11-26,1820.0,1841.75,1768.5999755859375,1778.1500244140625,1689.9549560546875,2796595,-0.03878576647819321,-0.03955796715434016,1791.2176086425782,1712.005029296875,1778.8946383170342,1764.2874863076315,0.017681663909104396,11,4,4
2021-11-29,1778.0,1790.050048828125,1735.1500244140625,1767.25,1679.595458984375,2111420,-0.00613004330866751,-0.006148909162666251,1788.9841674804688,1712.9601831054688,1763.6178414966253,1758.0140028022051,0.017380839184081353,11,4,0
2021-11-30,1767.25,1798.9000244140625,1751.300048828125,1764.75,1677.2196044921875,3385628,-0.001414539721144581,-0.0014155411269194953,1788.8938903808594,1713.7870361328125,1750.325805034404,1752.0292325570185,0.01693113316419193,11,4,1
2021-12-01,1764.0,1794.0,1762.050048828125,1786.0,1697.4154052734375,1359786,0.012041238205872773,0.011969319250336384,1788.4495788574218,1715.1137939453124,1742.185743532717,1747.983763869346,0.017080776737165557,12,4,2
2021-12-02,1785.949951171875,1794.0,1763.0,1789.199951171875,1700.4566650390625,2813690,0.0017917003440504065,0.0017900971636492444,1787.1926635742188,1716.7266235351562,1735.765885302924,1744.4632380300657,0.015975993441357007,12,4,3
2021-12-03,1799.949951171875,1844.800048828125,1796.550048828125,1801.25,1711.9091796875,3612772,0.006734964132810939,0.006712385582333439,1782.9990295410157,1718.2539208984374,1732.0956229005512,1742.051826300987,0.015556386282534071,12,4,4
2021-12-06,1799.0,1821.0,1778.0,1782.6500244140625,1694.2315673828125,1566109,-0.010326255922007754,-0.010379941603880685,1776.997247314453,1719.617744140625,1726.2703835901298,1738.5095848996407,0.015670653016334232,12,4,0
2021-12-07,1790.199951171875,1810.0,1772.0999755859375,1798.0999755859375,1708.915283203125,2097201,0.00866688834218543,0.008629546468868501,1770.9883361816405,1720.1575756835937,1723.6003681459752,1736.3174144036025,0.01569324335438231,12,4,1
2021-12-08,1802.0,1841.0,1802.0,1825.050048828125,1734.528564453125,3433206,0.014988034516252524,0.014876823770325528,1765.354833984375,1721.2277270507811,1725.2816291163058,1736.1849069998634,0.015892630682488754,12,4,2
2021-12-09,1835.0,1884.1500244140625,1827.949951171875,1879.800048828125,1786.5631103515625,3791595,0.02999924415476163,0.029558068410946634,1762.0118041992187,1723.8926538085936,1734.7095493063453,1739.916625766656,0.016733105296107637,12,4,3
2021-12-10,1879.800048828125,1890.8499755859373,1861.050048828125,1873.4000244140625,1780.48046875,1771926,-0.003404660919235858,-0.003410469966194525,1759.2413940429688,1726.4824975585936,1741.7512292207539,1742.921354876533,0.016690364268444176,12,4,4
2021-12-13,1893.699951171875,1896.25,1855.050048828125,1861.5,1769.1705322265625,1857829,-0.006352182302442055,-0.006372443258876108,1754.563037109375,1729.1531176757812,1745.9695835293396,1744.8657383839425,0.01651015286891433,12,4,0
2021-12-14,1850.0,1874.0,1846.199951171875,1865.699951171875,1773.162353515625,1685243,0.002256323636613322,0.0022537819609473337,1750.6972778320312,1732.2466723632813,1750.1530866041528,1746.9617839492523,0.015689063966528603,12,4,1
2021-12-15,1866.0,1898.75,1863.6500244140625,1880.800048828125,1787.513427734375,2176709,0.008093491377310302,0.008060914730471143,1747.1570373535155,1735.74224609375,1755.9008313934178,1749.9656094148168,0.015502218334586785,12,4,2
2021-12-16,1892.0,1908.0,1866.300048828125,1873.9000244140625,1780.95556640625,2469902,-0.0036687060507494262,-0.003675452257747452,1743.4029479980468,1738.7578686523439,1759.7554060107766,1752.2611617845525,0.015422012927503696,12,4,3
2021-12-17,1866.5,1874.699951171875,1831.699951171875,1847.0999755859373,1755.48486328125,2352938,-0.014301706120830815,-0.014404961184546499,1741.0317016601562,1741.2365112304688,1759.098399437003,1752.4999544880116,0.01374041415332376,12,4,4
2021-12-20,1821.0,1829.6500244140625,1771.5,1799.3499755859375,1710.103271484375,2488158,-0.025851314782658008,-0.026191332762822348,1737.935772705078,1743.2190454101562,1751.560687444291,1749.3594594507051,0.014318929348676844,12,4,0
2021-12-21,1817.9000244140625,1852.199951171875,1812.5,1827.550048828125,1736.904541015625,2077840,0.015672310542968804,0.015550768139487105,1735.1415954589843,1745.4068676757813,1749.3058956860348,1748.4368728999584,0.014563681417642476,12,4,1
2021-12-22,1827.550048828125,1879.550048828125,1827.550048828125,1871.0,1778.199462890625,1692505,0.023775009449197304,0.023496785141157932,1735.5455139160156,1748.1459228515625,1753.7510598713563,1750.6415091955635,0.01515064205684336,12,4,2
2021-12-23,1883.0,1887.8499755859373,1862.0999755859373,1878.449951171875,1785.280029296875,1677127,0.003981874111433914,0.003973967432697318,1736.9022155761718,1751.216669921875,1758.6016705522054,1753.2073254993643,0.015157356161613235,12,4,3
2021-12-24,1888.75,1888.75,1850.0,1859.4000244140625,1767.1749267578125,1203991,-0.010141323625399656,-0.010193097180182055,1740.7632141113281,1753.9006030273438,1759.9206330453758,1754.2419626296196,0.015170745667130258,12,4,4
2021-12-27,1859.4000244140625,1875.6500244140625,1845.800048828125,1866.199951171875,1773.6376953125,1139744,0.0036571187474601086,0.003650447748170874,1745.4653259277343,1756.07037109375,1762.0309503172411,1755.6786835690923,0.014907138769718916,12,4,0
2021-12-28,1872.0999755859373,1909.0,1872.0999755859373,1899.5,1805.285888671875,1916098,0.017843663022621303,0.01768633366551042,1751.8686401367188,1758.1650537109374,1768.685556217954,1759.3532913544836,0.015283669468731203,12,4,1
2021-12-29,1895.0,1908.949951171875,1890.050048828125,1894.8499755859373,1800.8663330078125,1287946,-0.0024481195426138136,-0.002451121087021662,1757.0411865234375,1760.1875024414062,1773.6364449548553,1762.4283314769523,0.015257760520928362,12,4,2
2021-12-30,1892.300048828125,1901.699951171875,1880.9000244140625,1885.699951171875,1792.17041015625,1805349,-0.004828744195044421,-0.0048404402469801955,1761.6268737792968,1760.9411694335938,1776.4878242166083,1764.6314484161596,0.015274313310246097,12,4,3
2021-12-31,1887.3499755859373,1907.0999755859373,1887.300048828125,1895.9000244140625,1801.864501953125,1145546,0.005409135058774828,0.00539455822946546,1766.1246398925782,1762.6366845703126,1780.3919284837646,1767.3894523818608,0.014394481443044957,12,4,4
2022-01-03,1895.0,1937.449951171875,1893.6500244140625,1922.8499755859373,1827.477783203125,1906676,0.01421487643617847,0.01411479241967559,1772.7869506835937,1764.8625219726562,1787.635906132897,1771.8404398501027,0.014238770208073221,1,1,0
2022-01-04,1922.8499755859373,1943.0,1914.550048828125,1937.550048828125,1841.44873046875,1643920,0.007644934123980152,0.007615859702438366,1779.413623046875,1767.6243896484375,1795.9148021845667,1776.9966095255581,0.014153430413717603,1,1,1
2022-01-05,1940.699951171875,1951.0,1927.6500244140625,1948.5999755859373,1851.9505615234373,1711667,0.005703026579520376,0.005686825889562712,1785.2847229003905,1770.7502563476562,1804.5356882367007,1782.5487541179937,0.013938757364983106,1,1,2
2022-01-06,1944.5,1953.0,1919.5999755859373,1924.5,1829.0458984375,1372015,-0.012367858819673727,-0.012444977305640235,1787.4088623046875,1773.1880346679689,1808.3064898060545,1785.9929870305496,0.014091425325242725,1,1,3
2022-01-07,1929.050048828125,1934.949951171875,1897.1500244140625,1904.9000244140625,1810.4180908203125,1447123,-0.010184439675953838,-0.010236655912989428,1788.905743408203,1775.4756469726562,1808.6313515005556,1787.8022539779395,0.012105359737544043,1,1,4
2022-01-10,1910.0,1959.949951171875,1907.25,1953.0999755859373,1856.227294921875,2397846,0.025303107792524315,0.024988283794868515,1793.2585815429688,1778.1149072265625,1815.9538043346047,1792.8707755293422,0.012690603030068389,1,1,0
2022-01-11,1949.0,1970.0,1937.6500244140625,1961.1500244140625,1863.8780517578125,2232435,0.004121670259276788,0.004113199444373806,1797.794366455078,1781.8119653320311,1823.3267654766366,1798.1305737684881,0.012658144902554066,1,1,1
2022-01-12,1978.5,1984.0,1960.300048828125,1974.199951171875,1876.28076171875,1585970,0.006654249696883552,0.006632207904399923,1802.232733154297,1785.2115478515625,1831.4735341292694,1803.9194765796187,0.012572198835867809,1,1,2
2022-01-13,1975.550048828125,2029.0,1975.550048828125,2018.4000244140625,1918.28857421875,2373324,0.02238887343358953,0.02214192179004277,1809.099383544922,1789.065419921875,1844.8296941430356,1812.3912615899246,0.013034067844074269,1,1,3
2022-01-14,2014.0,2049.949951171875,2007.0,2044.75,1943.33154296875,3124945,0.01305484956047298,0.012970369467527146,1818.491717529297,1792.0164135742189,1859.983824731607,1822.09054169206,0.013128722617411099,1,1,4
2022-01-17,2044.75,2071.949951171875,2042.0,2069.39990234375,1966.7587890625,1858651,0.012055197775445503,0.011983112634213554,1831.3244934082031,1795.0662451171875,1876.4107423209753,1832.8067081639447,0.012901790534156365,1,1,0
2022-01-18,2075.64990234375,2078.550048828125,2010.550048828125,2022.199951171875,1921.9000244140625,1460676,-0.022808472954540804,-0.023072610281394474,1840.574267578125,1796.9223754882812,1883.4090934122196,1839.4062130713608,0.013844121793722896,1,1,1
2022-01-19,2019.9000244140625,2027.0,1987.0,2020.9000244140625,1920.66455078125,2336679,-0.0006428396987970819,-0.0006430464088286135,1847.6975219726562,1798.3916943359375,1889.1407022382243,1845.4253491980191,0.013710410393216788,1,1,2
2022-01-20,2020.0,2035.0,1984.0999755859373,2003.5,1904.127685546875,2031107,-0.008609970558184354,-0.00864725049504006,1853.6399047851562,1799.4057739257812,1891.446391978017,1849.7736704090455,0.012926311620118569,1,1,3
2022-01-21,1982.1500244140625,1994.800048828125,1943.050048828125,1956.050048828125,1859.0311279296875,2209132,-0.02368357855383818,-0.023968542809859477,1858.23271484375,1799.868623046875,1886.4594282782741,1850.459408003167,0.013734844443293717,1,1,4
2022-01-24,1955.0,1959.0,1881.550048828125,1899.9000244140625,1805.666015625,2307120,-0.028705873453618636,-0.02912594559472843,1859.834130859375,1798.7271899414063,1874.0296724854627,1847.1413789381174,0.014746379903439931,1,1,0
2022-01-25,1895.0,1931.300048828125,1850.0999755859373,1925.300048828125,1829.8062744140625,2998042,0.01336917158553641,0.013280592820886818,1861.0601501464844,1798.3137646484374,1867.2260727821704,1845.8572971215208,0.014923100259357376,1,1,1
2022-01-27,1914.550048828125,1922.0,1867.0,1910.8499755859373,1816.0728759765625,2932713,-0.007505383837366986,-0.007533690956780903,1861.8204772949218,1797.468857421875,1859.3563501966923,1843.6510437033758,0.014944805425283815,1,1,3
2022-01-28,1916.0999755859373,1948.0,1891.300048828125,1897.550048828125,1803.4327392578125,2233620,-0.006960148398204025,-0.006984483212750384,1862.38359375,1796.4167651367188,1850.752717744557,1840.6719100407415,0.014989517571188377,1,1,4
2022-01-31,1890.199951171875,1924.0,1850.449951171875,1909.199951171875,1814.504638671875,3161064,0.006139347020293728,0.006120578009847811,1863.0156005859376,1796.648662109375,1845.1760901949135,1838.7335936430477,0.014754969310251597,1,1,0
2022-02-01,1928.6500244140625,1999.9000244140625,1917.0,1990.5,1891.7723388671875,5392787,0.042583357765273444,0.04170163098130292,1866.2303283691406,1799.043671875,1852.3447438368016,1842.6623895855766,0.015687817391935765,2,1,1
2022-02-02,1995.0999755859373,2008.0,1970.5999755859373,1982.699951171875,1884.359130859375,3579380,-0.003918657576022944,-0.003926355631899664,1868.3758483886718,1800.8750927734375,1857.2700341479667,1845.7510370873395,0.015570515060658305,2,1,2
2022-02-03,1981.5,1985.0,1930.0,1933.6500244140625,1837.7420654296875,2262217,-0.024738949527326803,-0.02505009974680136,1867.6654235839844,1802.2275122070312,1854.2657312682315,1845.1577799275133,0.01583788009977872,2,1,3
2022-02-04,1948.0,1957.800048828125,1923.300048828125,1947.949951171875,1851.3328857421875,1440816,0.0073953905546164656,0.00736817873289827,1868.7797729492188,1804.09125,1853.814524264225,1845.6151951730446,0.015870639300761796,2,1,4
2022-02-07,1932.5,1947.5,1874.550048828125,1884.5,1791.0299072265625,2641464,-0.03257273663750104,-0.033115036891438236,1867.8103637695312,1806.1127490234376,1844.155352412277,1841.5718405103423,0.01692336739700938,2,1,0
2022-02-08,1890.0,1896.949951171875,1848.0,1875.5999755859373,1782.5712890625,2040523,-0.004722767682400542,-0.004733955187581367,1864.1275634765625,1808.172265625,1834.6808811276958,1837.2014292919835,0.01694006789187004,2,1,1
2022-02-09,1884.5,1899.9000244140625,1875.5999755859373,1888.800048828125,1795.1165771484375,1390810,0.007037748314983494,0.0070130989474343165,1860.6894897460938,1810.530205078125,1828.594065130887,1834.084032836906,0.016666989178870453,2,1,2
2022-02-10,1892.0,1911.0,1881.0,1901.0,1806.71142578125,1288856,0.0064591062109353725,0.0064383355762603,1857.2110229492187,1812.7161254882812,1825.2275052309428,1832.0564323142648,0.016702171635531615,2,1,3
2022-02-11,1889.0,1889.0,1850.0,1871.25,1778.4371337890625,1744894,-0.015649589407982667,-0.015773336996183353,1850.2184509277345,1814.2757348632813,1818.0289865475766,1828.0846324235092,0.016930749180706507,2,1,4
2022-02-14,1843.25,1846.949951171875,1795.0,1799.0,1709.7706298828125,2290199,-0.03861058825281727,-0.0393757369517794,1838.5404052734375,1814.2329638671874,1801.3738547529974,1819.3206322353094,0.018288308719393354,2,1,0
2022-02-15,1810.0,1882.0,1806.1500244140625,1876.050048828125,1782.9990234375,2602134,0.042829366860575036,0.04193756422707027,1829.3524169921875,1816.0083129882812,1798.5469576275361,1816.630142694731,0.019822596834154323,2,1,1
2022-02-16,1876.050048828125,1887.300048828125,1842.1500244140625,1860.699951171875,1768.410400390625,1898439,-0.008182070127413232,-0.00821572697739637,1821.6779357910157,1817.1982153320312,1793.9105642064728,1813.058309931464,0.019805336828858378,2,1,2
2022-02-17,1869.0,1884.9000244140625,1854.0999755859373,1868.699951171875,1776.0135498046875,1459905,0.004299425864258133,0.004290209739464373,1814.4453857421875,1818.0279150390625,1791.1571773754288,1810.314253625777,0.019790219654216953,2,1,3
2022-02-18,1870.0,1896.0,1865.1500244140625,1883.0999755859373,1789.6993408203125,1912482,0.007705904618312109,0.007676365787213767,1808.7239685058594,1818.0906396484374,1790.9328948284879,1808.7872230475944,0.019739095484994463,2,1,4
2022-02-21,1874.949951171875,1883.9000244140625,1848.8499755859373,1863.949951171875,1771.4991455078125,1262585,-0.010169414994676051,-0.010221476754518583,1804.3473693847657,1817.9110131835937,1787.9430872406917,1806.0251432298326,0.019738842448060543,2,1,0
2022-02-22,1813.0,1855.0,1800.5,1844.449951171875,1752.96630859375,2288298,-0.010461668559681891,-0.010516776498493948,1801.712384033203,1817.5869287109374,1782.5620443719313,1802.0948591827153,0.019197024769788393,2,1,1
2022-02-23,1849.0,1852.0,1816.1500244140625,1820.300048828125,1730.01416015625,1583872,-0.013093319777441992,-0.013179792932000821,1796.7227783203125,1816.72396484375,1774.4777544925957,1796.7555481437178,0.019273270730842396,2,1,2
2022-02-24,1783.25,1800.0,1751.0,1757.3499755859375,1670.186279296875,3616355,-0.03458230703381726,-0.0351944288404198,1789.428448486328,1814.377421875,1758.4329121547926,1787.3800467476553,0.02006663115670045,2,1,3
2022-02-25,1782.0,1798.699951171875,1765.0,1777.050048828125,1688.9093017578125,2476882,0.011210140265802915,0.011147772312908656,1783.7022766113282,1812.5364965820313,1747.7369720937186,1780.0859174891484,0.01966570585710138,2,1,4
2022-02-28,1764.9000244140625,1822.25,1752.800048828125,1816.75,1726.6402587890625,2553662,0.022340428223102116,0.022094536338621667,1779.3090576171876,1811.9596044921875,1744.4913238930023,1776.1269798076605,0.020014177372774642,2,1,0
2022-03-02,1800.0,1826.949951171875,1768.5,1784.5,1695.9898681640625,3152628,-0.01775146297497776,-0.01791090995671858,1769.5199340820313,1811.6773364257813,1737.0295614731654,1770.1908974636904,0.019942747581005022,3,1,2
2022-03-03,1810.0,1813.550048828125,1745.550048828125,1752.300048828125,1665.386962890625,2259979,-0.018044273640953845,-0.018209056818125593,1758.5713256835938,1810.2469848632813,1726.0076232296976,1762.4276430508708,0.019812392721729032,3,1,3
2022-03-04,1740.0,1754.050048828125,1703.0,1711.75,1626.84814453125,3906819,-0.023141059236156614,-0.02341301733874163,1748.026629638672,1807.2199584960938,1710.752318814552,1752.3847172346027,0.02008240031951515,3,1,4
2022-03-07,1658.25,1666.800048828125,1605.550048828125,1634.449951171875,1553.3822021484375,6318251,-0.04515845110053618,-0.04620986964997883,1733.1290954589845,1802.582001953125,1686.5415316351496,1737.6437901911831,0.02135674456930674,3,1,0
2022-03-08,1627.9000244140625,1666.0,1595.0,1658.5,1576.239501953125,4421730,0.0147145369459456,0.014607328548899871,1722.3895751953125,1798.7632934570313,1669.5719886071458,1725.6879169883641,0.02144449430734286,3,1,1
2022-03-09,1676.5,1699.800048828125,1650.050048828125,1690.949951171875,1607.079833984375,3306502,0.01956576522351816,0.019376816282436444,1713.6150024414062,1795.4321362304688,1659.9578109728732,1716.9021330621429,0.021435818050719473,3,1,2
2022-03-10,1740.0,1758.0,1707.0,1728.199951171875,1642.482177734375,2776325,0.022028988853794784,0.021789856206826427,1705.9832824707032,1792.1760620117188,1657.2692520131043,1711.3895437786045,0.021729257582986397,3,1,3
2022-03-11,1720.0,1735.449951171875,1705.800048828125,1728.6500244140625,1642.909912109375,1577597,0.00026041949239896667,0.00026038558912887656,1697.7932067871093,1789.01693359375,1655.0601227971458,1706.3169784697727,0.021724490216496035,3,1,4
2022-03-14,1735.0,1754.0,1715.5,1746.75,1660.1121826171875,1558334,0.01047061094526236,0.01041617376246215,1691.8769592285157,1786.3757690429688,1655.83736276946,1702.8944009992108,0.021850591195905617,3,1,0
2022-03-15,1748.0,1765.0,1726.5999755859375,1743.449951171875,1656.9759521484375,2062332,-0.001889167793351021,-0.0018909545214675018,1689.2372253417968,1783.477998046875,1656.0125303662257,1699.493034417672,0.021789892396693582,3,1,1
2022-03-16,1761.0,1770.6500244140625,1746.199951171875,1756.199951171875,1669.0933837890625,2101909,0.0073129797839934785,0.007286369601728483,1683.541943359375,1780.3103100585938,1658.0249693543547,1697.2412084451826,0.020146741248802086,3,1,2
2022-03-17,1781.1500244140625,1804.5999755859373,1768.449951171875,1787.9000244140625,1699.2213134765625,3383036,0.018050475773324193,0.01788950017350634,1680.0824890136719,1777.46576171875,1664.3628684500788,1697.3878828919514,0.020543973028212648,3,1,3
2022-03-21,1805.0,1805.0,1745.0,1756.300048828125,1669.1885986328125,2301462,-0.01767439862339293,-0.017832455954787087,1674.7412414550781,1773.8105224609376,1665.1052884781916,1695.2990470209043,0.020328356282900237,3,1,0
2022-03-22,1756.300048828125,1777.0,1721.1500244140625,1774.050048828125,1686.05810546875,3986030,0.010106411492239342,0.010055683216521219,1669.5591796875,1770.9507666015625,1668.3287987844312,1694.6145328318557,0.020382119335300215,3,1,1
2022-03-23,1780.0,1791.550048828125,1759.1500244140625,1767.25,1679.595458984375,1574226,-0.0038329915578907414,-0.0038403562953734133,1664.9639953613282,1768.3343139648437,1670.0621311228842,1693.5020088431534,0.019600277460128566,3,1,2
2022-03-24,1755.0,1779.699951171875,1751.0,1771.550048828125,1683.682373046875,1580887,0.002433272869748926,0.002430317254893615,1661.4997985839843,1764.8834155273437,1672.1575529573443,1692.7746284137993,0.019608941726391885,3,1,3
2022-03-25,1775.5999755859375,1777.9000244140625,1739.0,1751.0999755859375,1664.2464599609375,1483897,-0.01154369339316974,-0.011610839061257669,1658.2114135742188,1760.8907836914063,1670.940461727128,1690.6614307506243,0.019616437527510973,3,1,4
2022-03-28,1752.0,1755.0,1725.0999755859375,1741.5999755859375,1655.2176513671875,1799629,-0.0054251631660144906,-0.005439932806396532,1657.4629821777344,1756.469521484375,1668.5215678255986,1688.0359656111104,0.019552653271735644,3,1,0
2022-03-29,1748.699951171875,1754.0999755859375,1733.0,1746.6500244140625,1660.0172119140625,2071779,0.0028996552464932712,0.0028954593553539285,1656.018377685547,1751.3040942382813,1667.21320537767,1685.9605023742922,0.019422849766690394,3,1,1
2022-03-30,1766.9000244140625,1777.050048828125,1754.0999755859375,1773.5999755859375,1685.6304931640625,1712835,0.015429527517047292,0.015311702798174922,1653.9678894042968,1746.1500732421875,1670.0466342678842,1685.9360572476087,0.01840003497715179,3,1,2
2022-03-31,1779.949951171875,1781.3499755859375,1758.0,1767.6500244140625,1679.9754638671875,1401916,-0.003354845157232611,-0.00336048526824615,1653.167169189453,1740.4144067382813,1671.5741465139308,1685.494531812022,0.016500230016938514,3,1,3
2022-04-01,1759.0,1794.0,1759.0,1790.0999755859375,1701.31201171875,2050573,0.012700511591072328,0.012620536531320104,1654.9634216308593,1736.002646484375,1676.1492026992876,1686.6661969902982,0.016663528790431557,4,2,4
2022-04-04,1784.0,1829.8499755859373,1776.5999755859375,1826.3499755859373,1735.763916015625,1955281,0.020250197529652514,0.02004788891282814,1660.4092102050781,1732.3046337890626,1685.3206970556473,1690.3030650662483,0.017092459454874087,4,2,0
2022-04-05,1840.0,1845.0,1827.0,1836.050048828125,1744.9830322265625,1718581,0.005311273109133152,0.0052972180430114766,1669.9892517089843,1729.1217407226563,1694.4995178511726,1694.3534330040495,0.017057786511947566,4,2,1
2022-04-06,1833.0,1858.0,1827.699951171875,1852.800048828125,1760.90234375,2245496,0.009122903334552568,0.009081541024507341,1679.222393798828,1727.1591650390626,1704.715337220223,1699.282981948194,0.017052186748391922,4,2,2
2022-04-07,1849.9000244140625,1855.8499755859373,1810.1500244140625,1826.300048828125,1735.7166748046875,2003954,-0.014302706243026098,-0.014405975818242095,1685.6542358398438,1725.7601782226564,1709.484773771679,1701.981774011638,0.01714714961778239,4,2,3
2022-04-08,1835.4000244140625,1838.9000244140625,1818.050048828125,1830.75,1739.946044921875,1903321,0.002436670787681061,0.002433706919088929,1690.5274291992187,1723.9629736328125,1714.1711231794015,1704.7939422272111,0.01697763594834929,4,2,4
2022-04-11,1820.25,1829.75,1779.0,1781.5,1693.138671875,2262446,-0.026901623290839893,-0.027270095320049103,1693.0388671875,1721.5042895507813,1710.9353614402628,1703.930588867788,0.016483708348304132,4,2,0
2022-04-12,1780.0,1781.5,1733.5999755859375,1747.699951171875,1661.01513671875,4215141,-0.018972772691250417,-0.01915506515488365,1693.0840148925781,1718.6559375,1703.2553268677223,1700.7516664863779,0.01673223534711764,4,2,1
2022-04-13,1754.199951171875,1772.8499755859375,1747.0999755859375,1760.800048828125,1673.46533203125,1673417,0.007495533928182363,0.007467582003250549,1693.9084838867188,1715.8351513671876,1698.672250739034,1698.7304565267389,0.016248477663679758,4,2,2
2022-04-18,1746.300048828125,1749.949951171875,1715.0,1738.3499755859375,1652.1287841796875,1808707,-0.012749919250292563,-0.012831897022818988,1693.06025390625,1711.0422802734374,1691.5117174222116,1695.2784807973276,0.016094684314183,4,2,0
2022-04-19,1748.300048828125,1760.75,1687.0,1705.75,1621.145751953125,2737766,-0.018753400172702772,-0.018931475035678182,1689.156475830078,1705.7780126953126,1680.6861842731214,1689.787167549609,0.01612146293911341,4,2,1
2022-04-20,1709.949951171875,1712.4000244140625,1671.3499755859375,1691.5999755859375,1607.697509765625,3832617,-0.008295517026336352,-0.008330116306513183,1686.0819213867187,1701.1771215820313,1669.457157425814,1683.7064521582026,0.015631509489739306,4,2,2
2022-04-21,1702.949951171875,1725.800048828125,1700.0,1714.5,1629.4617919921875,1797489,0.013537548011588019,0.013446734089067509,1683.2521057128906,1696.7396997070311,1663.3040242821794,1679.6883291829424,0.013322858973077008,4,2,3
2022-04-22,1701.0,1716.4000244140625,1690.4000244140625,1694.3499755859375,1610.311279296875,1474689,-0.011752661393734765,-0.011822269845886949,1679.7878967285155,1693.1253271484375,1655.1512942844402,1674.5492884506411,0.013306337913812286,4,2,4
2022-04-25,1675.0,1675.0,1652.0,1657.3499755859375,1575.146484375,1964344,-0.021837265486477464,-0.022079227581366115,1674.361102294922,1688.9768310546874,1642.84286199068,1667.1861177783715,0.013439201572336334,4,2,0
2022-04-26,1680.0,1703.0999755859375,1664.0,1699.949951171875,1615.6334228515625,2440990,0.025703602095539235,0.025378818166281628,1671.9304504394531,1685.38716796875,1638.6567944308158,1663.367399635645,0.013667193147046812,4,2,1
2022-04-27,1675.0,1691.5999755859375,1666.699951171875,1677.050048828125,1593.8692626953125,1346726,-0.013470976676031254,-0.013562533451512877,1668.8630310058593,1681.1303247070311,1631.766404933046,1658.2193894919167,0.013870692029683185,4,2,2
2022-04-28,1690.0,1731.0,1680.0,1719.25,1633.9761962890625,3117433,0.025163251800167874,0.024851869957188095,1667.5609802246095,1678.2411059570313,1632.1063728339718,1656.4235974028163,0.014530323941396459,4,2,3
2022-04-29,1731.0,1739.0,1687.1500244140625,1694.3499755859375,1610.311279296875,2404830,-0.014483024321855553,-0.014588927090590668,1663.79501953125,1676.2519189453126,1628.7532815205723,1653.0078701357095,0.014754229997648503,4,2,4
2022-05-02,1668.5999755859375,1685.949951171875,1655.050048828125,1679.449951171875,1596.1502685546875,1399802,-0.008793958611760355,-0.0088328536613241,1659.603759765625,1672.5149438476562,1623.7374333719747,1648.7961959445227,0.014740124322225623,5,2,0
2022-05-04,1679.5,1681.9000244140625,1625.050048828125,1633.949951171875,1552.906982421875,1777673,-0.0270922399881367,-0.027466000866603682,1652.1835083007813,1668.2048754882812,1612.8404409181132,1641.6932912391412,0.014989882242897217,5,2,2
2022-05-05,1650.699951171875,1671.199951171875,1633.0,1637.6500244140625,1556.4234619140625,1707752,0.002264449533676105,0.002261889531765845,1643.216485595703,1663.8130737304687,1604.1609056867208,1635.3770075854318,0.01475181787244417,5,2,3
2022-05-06,1616.0,1633.0,1612.0999755859375,1622.449951171875,1541.977294921875,1439520,-0.009281643039755982,-0.009324985892245589,1633.0661987304688,1658.8586328125,1594.594196338283,1628.4585103510942,0.014617095270683991,5,2,4
2022-05-09,1607.550048828125,1629.8499755859375,1591.25,1616.1500244140625,1535.989990234375,1400010,-0.003882874739607245,-0.0038904326683998082,1621.8205810546874,1654.1484497070312,1585.5781646299895,1621.6089903424484,0.014617211446002202,5,2,0
2022-05-10,1611.0,1629.5999755859375,1601.0,1607.949951171875,1528.1966552734375,1176030,-0.005073818846793587,-0.005086734371515755,1611.444580078125,1649.653056640625,1576.7502401135969,1614.6895581151143,0.01458749327897406,5,2,1
2022-05-11,1600.5,1609.0,1557.3499755859375,1570.800048828125,1492.88916015625,2988788,-0.02310402590880556,-0.023375107438094508,1599.0917358398438,1644.910556640625,1563.8485355047742,1605.6673064144577,0.014965432567424298,5,2,2
2022-05-12,1550.0,1554.949951171875,1513.0999755859375,1526.1500244140625,1450.453857421875,3407191,-0.02842495201045847,-0.02883676354500553,1586.9574951171876,1640.515908203125,1546.4032004150974,1594.1700138964886,0.01564095847804764,5,2,3
2022-05-13,1530.0,1574.9000244140625,1502.0,1534.5,1458.3896484375,4328846,0.0054712467928696995,0.005456333892180346,1576.826220703125,1635.9055151367188,1532.8626539570055,1584.1122090476747,0.01568860202089991,5,2,4
2022-05-16,1550.0,1567.5,1539.449951171875,1542.9000244140625,1466.373046875,1775914,0.005474118968173736,0.005459190434533949,1566.4716064453125,1630.7001708984376,1522.6334836366968,1575.3907896274766,0.01536121319229161,5,2,0
2022-05-17,1545.0,1607.9000244140625,1545.0,1604.0999755859375,1524.5374755859375,1608711,0.03966550587852957,0.03889903245664106,1560.092041015625,1627.271123046875,1522.9264054750415,1571.6238774762514,0.017352670536344192,5,2,1
2022-05-18,1623.0,1623.0,1565.0,1572.5,1494.5047607421875,2984009,-0.01969955827567127,-0.0198961811133863,1553.759991455078,1623.8534790039062,1518.55384474691,1565.911350310765,0.0173445327803834,5,2,2
2022-05-19,1550.0,1562.75,1540.3499755859375,1547.949951171875,1471.172607421875,1798843,-0.0156119631955709,-0.01573511331800395,1546.9337463378906,1620.7399682617188,1511.2644236199815,1558.893665652329,0.016831978286960605,5,2,3
2022-05-20,1569.4000244140625,1613.449951171875,1561.050048828125,1610.0999755859375,1530.239990234375,2175224,0.040149865837980414,0.03936480453890782,1541.97265625,1620.2771240234374,1514.1837415606574,1556.771171176925,0.018692662806627833,5,2,4
2022-05-23,1629.0,1660.0,1605.5999755859375,1644.1500244140625,1562.6011962890625,4177811,0.021147797901772902,0.020927286690209202,1539.5871520996093,1620.0043579101562,1521.6325807496428,1557.2030248889353,0.01911241244436399,5,2,0
2022-05-24,1644.800048828125,1653.699951171875,1610.0999755859375,1626.300048828125,1545.6365966796875,1970395,-0.010856640612885271,-0.010916003984430997,1538.1116577148437,1618.7754931640625,1525.325506277342,1556.346252428991,0.019057384118945243,5,2,1
2022-05-25,1633.0,1639.699951171875,1571.0999755859375,1574.75,1496.643310546875,1417130,-0.031697804152709064,-0.03221105463274918,1532.1621520996093,1615.8587158203125,1520.9128607803468,1551.9238122895752,0.019687895480027025,5,2,2
2022-05-26,1575.0,1588.9000244140625,1536.6500244140625,1564.550048828125,1486.9493408203125,3578710,-0.0064771409849286865,-0.006498208684177225,1526.8161560058593,1612.7395043945312,1515.6877038634184,1547.1108884770372,0.019246238413915776,5,2,3
2022-05-27,1575.199951171875,1606.0,1574.0,1600.300048828125,1520.926025390625,1279218,0.022849927457224917,0.022592777730429277,1521.1636474609375,1609.95578125,1516.4935994829887,1545.1712689891547,0.019645446018282275,5,2,4
2022-05-30,1620.0,1663.699951171875,1613.5999755859375,1660.8499755859375,1578.4727783203125,2119326,0.037836654754400456,0.03713840699861992,1519.5717224121095,1608.3857177734376,1526.0288577656538,1547.6380474581292,0.020929943540467743,5,2,0
2022-05-31,1660.5,1674.4000244140625,1645.0,1654.5,1572.437744140625,3534742,-0.0038233375086198507,-0.003830665146791158,1518.3860961914063,1606.4526049804688,1533.1686864387261,1549.475062027203,0.020831181257868446,5,2,1
2022-06-01,1653.550048828125,1661.0,1638.449951171875,1648.0,1566.2601318359375,1425466,-0.003928684825651896,-0.003936422380138853,1519.0537536621093,1603.7933813476564,1538.2596780382971,1550.7184005315537,0.0205805973944775,6,2,2
2022-06-02,1632.0,1649.449951171875,1623.699951171875,1637.1500244140625,1555.9483642578125,1852251,-0.006583687708399899,-0.006605455775695652,1519.0299987792969,1601.5285766601562,1540.981014379761,1551.1058052520173,0.020561876969300886,6,2,3
2022-06-03,1657.949951171875,1673.699951171875,1644.949951171875,1652.050048828125,1570.1092529296875,2928263,0.009101130215609432,0.009059964511115336,1520.4365966796875,1599.209599609375,1545.4622818489806,1552.5134680429558,0.020470307489913186,6,2,4
2022-06-06,1652.1500244140625,1662.300048828125,1634.0999755859375,1640.199951171875,1558.846923828125,1538005,-0.007172958875662938,-0.007198808230255861,1521.579443359375,1596.79462890625,1547.5214575380799,1552.9826129159312,0.02040459543352176,6,2,0
2022-06-07,1630.0,1638.4000244140625,1586.0999755859375,1589.449951171875,1510.6141357421875,2157491,-0.03094132422411966,-0.03143011600833947,1520.7003173828125,1593.3332641601562,1541.8434080310196,1549.8442071993577,0.02079103710172755,6,2,1
2022-06-08,1595.0,1607.800048828125,1570.0999755859375,1584.550048828125,1505.957275390625,2122442,-0.003082759681230285,-0.0030875211730644796,1521.3537231445312,1590.16748046875,1536.322464547882,1546.5933233616738,0.020162005901361198,6,2,2
2022-06-09,1556.199951171875,1600.0,1556.199951171875,1595.0999755859375,1515.984130859375,1361104,0.0066581274466430695,0.006636060013792926,1524.6302368164063,1587.3828100585938,1533.1934901342656,1544.325975768911,0.020106965598927776,6,2,3
2022-06-10,1570.0,1594.5,1569.050048828125,1585.0999755859375,1506.4798583984375,1337799,-0.0062693746375496184,-0.006289109694270408,1527.0347473144532,1584.3120629882812,1529.0837006364459,1541.5225596673945,0.019480236706709987,6,2,4
2022-06-13,1560.1500244140625,1565.949951171875,1518.300048828125,1532.050048828125,1456.0611572265625,2460367,-0.03346788932543443,-0.034040757218220995,1526.5191528320313,1579.7206762695312,1517.8494631887716,1535.192085412518,0.020178063460379255,6,2,0
2022-06-14,1532.050048828125,1554.300048828125,1525.199951171875,1544.6500244140625,1468.036376953125,1983405,0.008224393369144156,0.008190757344086825,1523.6940979003907,1575.48189453125,1510.1859114602105,1530.2175884896,0.020253147238682382,6,2,1
2022-06-15,1547.949951171875,1567.0,1539.050048828125,1560.3499755859375,1482.95751953125,1461683,0.010164014197722837,0.01011270796406652,1523.1167358398438,1571.1148046875,1505.9969280865243,1526.7168426408334,0.019836722749824495,6,2,2
2022-06-16,1568.4000244140625,1575.0,1516.75,1527.4000244140625,1451.6419677734375,2329325,-0.021116958068840064,-0.021343110461538747,1522.140203857422,1565.4323657226562,1497.6346264998956,1521.1557407988041,0.02014688692799907,6,2,3
2022-06-17,1522.0,1529.949951171875,1481.4000244140625,1489.949951171875,1416.04931640625,4548572,-0.02451889112973249,-0.02482448469309084,1516.4306701660157,1558.85369140625,1485.0830403316425,1513.370079732689,0.020522098722277973,6,2,4
2022-06-20,1490.0,1497.8499755859375,1456.3499755859375,1471.800048828125,1398.7996826171875,1837431,-0.012181520508649957,-0.012256323324997513,1508.2405944824218,1551.6116381835936,1471.8086776063417,1504.8833836500594,0.02059532503527296,6,2,0
2022-06-21,1480.0,1515.199951171875,1476.9000244140625,1500.300048828125,1425.885986328125,1458922,0.019363961864974355,0.019178865998499064,1502.2530639648437,1545.4150244140626,1464.7436481789236,1499.0317245891754,0.020986350201641486,6,2,1
2022-06-22,1490.0,1490.949951171875,1468.0,1478.75,1405.4049072265625,1906619,-0.01436375649802435,-0.014467913845332789,1497.691143798828,1538.7242016601563,1455.6146111093296,1492.0964047845375,0.020743905082268248,6,2,2
2022-06-23,1481.5,1511.75,1481.5,1494.300048828125,1420.18359375,1828491,0.010515607599949073,0.010460703165266825,1494.3528564453125,1533.2651000976562,1450.1636853617406,1486.7695298930903,0.020232707248930747,6,2,3
2022-06-24,1501.75,1512.0,1489.0,1494.8499755859375,1420.706298828125,1731440,0.00036805458141131453,0.00036798686593868274,1489.3418701171875,1528.4589233398438,1445.6317797411843,1481.8759572216113,0.020202152496217547,6,2,4
2022-06-27,1524.0,1544.699951171875,1509.75,1535.800048828125,1459.625244140625,2389778,0.027394082326940072,0.027025579181357024,1483.3994934082032,1524.1821215820312,1447.7846204180214,1480.2277562526494,0.020819225384520766,6,2,0
2022-06-28,1530.0,1557.5,1524.0999755859375,1551.5,1474.5465087890625,2072405,0.01022266825566076,0.010170770174101658,1478.504931640625,1520.6304760742187,1451.9018340135663,1479.8069231071986,0.019542391974526025,6,2,1
2022-06-29,1531.25,1554.0,1525.4000244140625,1547.9000244140625,1471.1251220703125,1480197,-0.002320297595468701,-0.002322993657185538,1473.7481811523437,1517.6300634765626,1454.8592629453733,1479.163826734096,0.019221663309467972,6,2,2
2022-06-30,1549.050048828125,1566.9000244140625,1542.0999755859375,1558.25,1480.9617919921875,3308971,0.006686494421380029,0.006664238969775651,1469.9988525390625,1515.0953491210937,1458.875036644883,1479.2970093458064,0.01904132322240745,6,2,3
2022-07-01,1560.949951171875,1576.0,1534.5999755859375,1572.1500244140625,1494.1722412109375,1294305,0.008920182337033289,0.00888063253088744,1466.202001953125,1512.3895581054687,1464.3053758088915,1480.3988783728532,0.01759150388951945,7,3,4
2022-07-04,1572.0999755859375,1587.449951171875,1550.199951171875,1581.699951171875,1503.2486572265625,1269969,0.006074544664455228,0.0060561689963441355,1463.4220886230469,1510.2483056640624,1470.2966498731487,1482.0914545842393,0.017157507799186237,7,3,0
2022-07-05,1584.0,1597.25,1561.5999755859375,1564.9000244140625,1487.2818603515625,1445200,-0.010621527448731016,-0.010678338509665316,1462.2554748535156,1508.4910131835939,1472.90975917752,1482.4759290855225,0.017152973056933148,7,3,1
2022-07-06,1565.550048828125,1590.5,1551.800048828125,1556.1500244140625,1478.9659423828125,2422594,-0.005591353051790926,-0.005607043179628152,1460.905908203125,1505.7576635742187,1473.841479670642,1482.2159300705068,0.01618407712071928,7,3,2
2022-07-07,1565.9000244140625,1614.1500244140625,1565.6500244140625,1611.0999755859375,1531.1903076171875,1697912,0.0353114049064811,0.03470225576951417,1461.6662170410157,1504.5040844726564,1482.6643762778028,1485.8436617406312,0.01738514364123724,7,3,3
2022-07-08,1621.0,1702.0,1618.0,1687.449951171875,1603.75341796875,6516138,0.047390001092995515,0.046301356410384485,1466.5298950195313,1503.89962890625,1501.2934596148716,1494.577717757529,0.018949595431167168,7,3,4
2022-07-11,1684.949951171875,1688.8499755859375,1653.4000244140625,1663.0,1580.51611328125,1316037,-0.014489325121396446,-0.014595320506268154,1472.7526428222657,1503.3037255859374,1513.4815601789298,1500.9435248333602,0.017911446699856018,7,3,0
2022-07-12,1655.0,1672.9000244140625,1649.050048828125,1653.75,1571.7249755859375,781516,-0.005562194286688804,-0.005577720890755433,1477.9370727539062,1502.8152197265624,1522.4420856261618,1506.1865952594771,0.017927712567221827,7,3,1
2022-07-13,1664.0,1683.25,1644.4000244140625,1647.25,1565.54736328125,1914814,-0.003930466462419457,-0.003938211045602657,1482.0665649414063,1503.06802734375,1529.0736668038676,1510.583689187016,0.017927726510940913,7,3,2
2022-07-14,1651.8499755859375,1667.3499755859375,1634.5999755859375,1646.1500244140625,1564.5020751953125,1170472,-0.0006676821860864823,-0.0006679051851044638,1487.7095703125,1503.229599609375,1534.5241911717821,1514.577643706149,0.0178837080852792,7,3,3
2022-07-15,1653.9000244140625,1687.8499755859375,1649.199951171875,1684.8499755859375,1601.282470703125,1345141,0.0235093299593232,0.02323724181710528,1496.9712280273438,1504.415703125,1544.7946957150657,1521.0002234837027,0.018315457509424815,7,3,4
2022-07-18,1696.050048828125,1734.5999755859375,1690.0,1727.6500244140625,1641.9595947265625,3200640,0.025402841015037314,0.025085551004386898,1509.1292236328125,1506.5350952148438,1559.7431417168345,1529.9601769090996,0.01878506987931848,7,3,0
2022-07-19,1719.949951171875,1734.949951171875,1714.0,1729.800048828125,1644.0029296875,1351783,0.001244448991010616,0.001243675306172692,1520.0350708007813,1508.851220703125,1572.7061860200138,1538.4077882260183,0.0177343039309825,7,3,1
2022-07-20,1740.3499755859375,1746.8499755859375,1727.949951171875,1739.949951171875,1653.6495361328125,1509911,0.00586775502106085,0.005850606794928246,1532.4473022460938,1512.0664282226562,1585.1590091142907,1546.944213996892,0.01770413168909969,7,3,2
2022-07-21,1726.9000244140625,1768.949951171875,1715.0999755859375,1765.1500244140625,1699.0830078125,2827327,0.027474667810168052,0.027104012884983025,1546.3922729492188,1517.0390112304688,1602.6857781447843,1558.2137542795294,0.018241136180833277,7,3,3
2022-07-22,1765.5,1779.550048828125,1752.550048828125,1767.75,1701.5855712890625,1495629,0.0014728906504599681,0.001471807010950363,1560.4362365722657,1521.9029296875,1617.9011309362115,1568.8338888728283,0.018145826507454416,7,3,4
2022-07-25,1765.0,1785.5,1760.050048828125,1782.449951171875,1715.7353515625,1916615,0.008315644250978194,0.008281259769224898,1573.2417419433593,1526.89017578125,1632.9525494941022,1579.7154787016927,0.016698722435260323,7,3,0
2022-07-26,1780.75,1780.75,1741.9000244140625,1751.25,1685.7032470703125,1585897,-0.017503925920065444,-0.017658931094099026,1583.799578857422,1530.1134912109376,1641.0680414289038,1587.5664245067755,0.01721303686403627,7,3,1
2022-07-27,1754.0,1819.5,1750.0,1796.6500244140625,1729.4039306640625,5369460,0.02592430409664348,0.025593966343287273,1596.7135192871094,1534.811474609375,1654.6581782343128,1598.0729064443524,0.017619330189439755,7,3,2
2022-07-28,1805.0,1816.0,1786.949951171875,1801.25,1733.831787109375,1831059,0.0025603367534918764,0.0025570646752376956,1609.3570190429687,1540.064658203125,1666.8387334458607,1608.1291198269466,0.016911933814654775,7,3,3
2022-07-29,1814.949951171875,1832.5,1794.0,1808.050048828125,1740.377197265625,1747781,0.0037751125598881607,0.003768004705485537,1621.6672668457031,1544.26740234375,1678.1523432642862,1617.9252737112931,0.01590594712003745,7,3,4
2022-08-01,1808.0,1817.8499755859373,1790.300048828125,1814.699951171875,1746.7781982421875,1341943,0.0036779388896954757,0.0036711918109588984,1633.8437438964843,1547.9509423828124,1688.7101671070402,1627.4699347876556,0.015504284432988734,8,3,0
2022-08-02,1809.0,1811.6500244140625,1775.699951171875,1793.050048828125,1725.9384765625,1749346,-0.01193037656449969,-0.012002114652825536,1645.7765747070312,1551.5569799804687,1694.437599330957,1634.7639008450515,0.015732910627319747,8,3,1
2022-08-03,1793.050048828125,1804.0,1773.0,1789.800048828125,1722.8104248046875,1264299,-0.0018123773241572882,-0.0018140216670200163,1657.968798828125,1556.080322265625,1698.8026494038386,1641.2858655828022,0.015320316986459788,8,3,2
2022-08-04,1793.800048828125,1814.800048828125,1775.0,1780.0999755859375,1713.473388671875,1856927,-0.005419653839087379,-0.005434393442777017,1667.0829528808595,1560.6108032226562,1701.0596862143057,1646.6330895153262,0.0154669940074479,8,3,3
2022-08-05,1782.949951171875,1807.0,1775.300048828125,1787.449951171875,1720.5482177734375,1430542,0.0041289401681612325,0.004120439485877319,1672.9226928710937,1564.6032470703126,1704.0579218387875,1652.1082842011122,0.015431690839127482,8,3,4
2022-08-08,1796.4000244140625,1832.050048828125,1790.25,1829.6500244140625,1761.1685791015625,2625195,0.023608964229256957,0.023334582816201693,1681.9553161621093,1568.2571630859375,1712.8441768022913,1660.1868245641085,0.015269734631271332,8,3,0
2022-08-10,1830.0,1867.0,1822.25,1855.1500244140625,1785.7142333984375,3422074,0.013937140707675377,0.013840911834895456,1692.6547790527343,1572.5226928710938,1724.05495474016,1669.485151144429,0.0153168651418239,8,3,2
2022-08-11,1870.050048828125,1878.800048828125,1855.199951171875,1867.1500244140625,1797.26513671875,1918049,0.00646850604888205,0.006447675045687313,1704.2406677246095,1577.14279296875,1735.3180596599432,1678.9503352610454,0.015225838743969712,8,3,3
2022-08-12,1865.0,1869.0,1838.0,1846.449951171875,1777.3399658203125,1041383,-0.011086383690062984,-0.011148295653511784,1714.8825622558593,1581.570625,1741.7829683,1686.2384560432133,0.015572525732184298,8,3,4
2022-08-16,1860.0,1864.0,1842.0,1848.9000244140625,1779.6982421875,1426893,0.0013268572206437401,0.0013259777234938875,1723.8033508300782,1585.7624047851561,1747.6160873596152,1693.1614031650124,0.015588741505875713,8,3,1
2022-08-17,1861.449951171875,1867.3499755859373,1850.050048828125,1855.699951171875,1786.2435302734375,1748371,0.0036777516158539303,0.0036710052233576763,1731.0175476074219,1590.3103369140624,1753.5587708848186,1700.0563755434143,0.015594285034524553,8,3,2
2022-08-18,1857.0,1898.550048828125,1850.0,1894.550048828125,1823.6396484375,2519639,0.02093562133621152,0.020719482675617004,1739.9993835449218,1596.5708471679689,1764.3404443544619,1709.2106920540873,0.015506751506908896,8,3,3
2022-08-19,1894.0999755859373,1942.0,1892.75,1936.050048828125,1863.58642578125,4134598,0.021904973045511866,0.021668506094007847,1750.4962280273437,1603.7234301757812,1779.60905688166,1720.6459315894326,0.015553435043327683,8,3,4
2022-08-22,1937.0999755859373,1944.0,1875.0,1880.6500244140625,1810.2598876953125,3175874,-0.028615006714047042,-0.02903239773218106,1756.0550720214844,1609.6089453125,1784.3245693145298,1727.2840024120903,0.01603312833370643,8,3,0
2022-08-23,1870.0,1911.949951171875,1865.699951171875,1877.050048828125,1806.7947998046875,1811509,-0.001914138358905193,-0.0019159726628484924,1761.3155334472656,1615.615244140625,1787.7815278514772,1733.1736911078383,0.014014268743308283,8,3,1
2022-08-24,1876.0,1898.0,1851.5999755859373,1893.3499755859373,1822.4844970703125,1534933,0.008683718409705943,0.008646231786199632,1766.6529907226563,1622.9437109375,1793.1204461928364,1739.789306364318,0.013587834795320896,8,3,2
2022-08-25,1900.0,1918.0,1873.0,1877.9000244140625,1807.61279296875,1121363,-0.008160126533569456,-0.008193602603113935,1772.748468017578,1629.7352392578125,1795.3500380045155,1744.8132683350166,0.013664534140585815,8,3,3
2022-08-26,1890.199951171875,1912.0,1887.199951171875,1905.4000244140625,1834.08349609375,1119310,0.014644011830390768,0.01453782371386148,1777.9824462890624,1636.7577587890626,1801.3090315567053,1751.4258777986265,0.01367789946619437,8,3,4
2022-08-29,1870.0,1890.0,1861.0,1881.5,1811.078125,1183546,-0.012543251789107202,-0.012622582446185155,1781.8447631835938,1643.9464819335938,1802.8119690095198,1755.844562776506,0.014026398761330659,8,3,0
2022-08-30,1893.9000244140625,1928.0,1889.1500244140625,1922.5,1850.54345703125,1394462,0.0217910710126048,0.021557039388030545,1787.353076171875,1652.6363647460937,1810.1552748590168,1762.859295684265,0.013951457171400894,8,3,1
2022-09-01,1905.0,1930.5,1892.0999755859373,1912.949951171875,1841.3509521484373,2014905,-0.00496746231377887,-0.00497984116603457,1792.0817138671875,1661.4873901367187,1814.95460982662,1768.6734924593889,0.01350938869960456,9,3,3
2022-09-02,1900.5,1958.800048828125,1900.25,1940.5,1867.8697509765625,3201140,0.014401816664652456,0.014299095575258325,1799.1782775878905,1670.3270654296875,1823.095400772765,1776.021363460661,0.013632692828100843,9,3,4
2022-09-05,1947.949951171875,1972.75,1942.0999755859373,1968.3499755859373,1894.6773681640625,2474746,0.014351973510724925,0.014249958854795807,1807.7716247558594,1680.1125146484376,1834.108011140657,1784.8106971423945,0.013752648285698952,9,3,0
2022-09-06,1973.800048828125,1985.0999755859373,1951.300048828125,1962.300048828125,1888.8538818359373,1172733,-0.003073603150581916,-0.0030783363699257156,1816.5406494140625,1689.4859204101563,1842.5304527860849,1792.5175997122865,0.013119755487956386,9,3,1
2022-09-07,1941.0999755859373,1961.3499755859373,1934.0,1958.0999755859373,1884.8109130859373,1238549,-0.002140434889579823,-0.0021427288943678957,1824.7537841796875,1698.7680126953126,1849.035138986062,1799.354141443668,0.01315666808121968,9,3,2
2022-09-08,1967.9000244140625,1977.0,1947.550048828125,1974.4000244140625,1900.5009765625,1632797,0.00832447614114984,0.008290018783867514,1831.7204040527345,1707.58552734375,1856.9529601516679,1806.8464996006182,0.013156779691302242,9,3,3
2022-09-09,1977.3499755859373,1987.4000244140625,1944.0,1949.75,1876.7734375,980869,-0.012484886540504059,-0.012563477554867088,1836.2733642578125,1715.6300659179688,1860.0022643591035,1812.0262727783502,0.012910101857440836,9,3,4
2022-09-12,1949.75,1967.0,1947.9000244140625,1961.9000244140625,1888.4688720703125,791708,0.006231670982029591,0.006212334411599499,1840.8335510253905,1723.9769409179687,1864.3817424685203,1817.6886875407176,0.012221616770403301,9,3,0
2022-09-13,1968.9000244140625,1995.0,1963.0999755859373,1991.3499755859373,1916.81640625,1761021,0.015010855936751666,0.014899307940742991,1847.807373046875,1732.694033203125,1872.4486138195173,1825.031481519183,0.012415694607352935,9,3,1
2022-09-14,1964.6500244140625,1972.949951171875,1949.4000244140625,1953.9000244140625,1880.768310546875,2322752,-0.018806232869035377,-0.01898531891010608,1852.8608764648438,1740.4259545898437,1873.7285671621878,1829.1601355212342,0.01306141733578718,9,3,2
2022-09-15,1959.0999755859373,1984.699951171875,1954.800048828125,1957.5,1884.2335205078125,1566565,0.0018424438254862618,0.001840748607770782,1857.7603759765625,1748.0456518554688,1875.3447138307454,1833.2396455202402,0.013060840490257776,9,3,3
2022-09-16,1947.0,1956.9000244140625,1915.0,1920.0,1848.1370849609373,3881617,-0.019157092342326543,-0.019342967145268553,1858.9852478027344,1755.2627563476562,1871.1589247738518,1834.3431595528843,0.013400504504143582,9,3,4
2022-09-19,1921.0999755859373,1931.949951171875,1905.0,1910.699951171875,1839.18505859375,1755456,-0.0048438107973881595,-0.0048555800697081776,1857.7651794433593,1762.467138671875,1866.2398684384516,1834.7018187410965,0.013444484296952677,9,3,0
2022-09-20,1931.0,1955.800048828125,1925.0,1932.699951171875,1860.3616943359373,1666658,0.011514140811027973,0.011448357568504763,1860.2702697753907,1769.05056640625,1865.3355339611417,1836.6025502666403,0.01346602636159188,9,3,1
2022-09-21,1921.0999755859373,1946.300048828125,1891.5999755859373,1895.6500244140625,1824.6983642578125,1618385,-0.019170105569634943,-0.01935623462524252,1861.1654479980468,1773.4694653320312,1859.083661699091,1835.7207587104308,0.014048006785228665,9,3,2
2022-09-22,1882.0,1905.5999755859373,1873.0,1888.199951171875,1817.5272216796875,1875115,-0.003930042750403762,-0.003937785661719997,1860.9175842285156,1778.2096875,1852.6903632345673,1834.373089300746,0.013479352788062577,9,3,3
2022-09-23,1890.0,1895.449951171875,1852.550048828125,1856.8499755859373,1787.3507080078125,1948766,-0.01660306008731305,-0.016742435751373665,1859.9044799804688,1782.5222021484376,1842.6381085842972,1830.8899499457139,0.013631811298824414,9,3,4
2022-09-26,1849.0,1876.800048828125,1818.0,1851.449951171875,1782.1527099609375,1529101,-0.002908213829321049,-0.0029124509000252987,1857.3079406738282,1786.8543090820312,1833.332662642242,1827.2797840209155,0.01358867022320798,9,3,0
2022-09-27,1856.0,1864.0,1832.5,1841.199951171875,1772.2864990234375,1443698,-0.005536119818663754,-0.005551500924015534,1855.368359375,1791.0099975585938,1823.940945162426,1823.2062073544355,0.01347251721293639,9,3,1
2022-09-28,1829.699951171875,1856.0,1825.5999755859373,1835.449951171875,1766.7515869140625,1853503,-0.003123034629234467,-0.0031279214790687106,1851.1787658691405,1794.3193798828124,1815.1425823549855,1819.0243836181116,0.013481817477721541,9,3,2
2022-09-29,1844.6500244140625,1857.4000244140625,1797.4000244140625,1815.5,1747.5482177734375,2377718,-0.010869309122380377,-0.01092881162298197,1846.4886291503906,1796.43115234375,1804.7434493424396,1813.7298528148024,0.013600283308202158,9,3,3
2022-09-30,1823.949951171875,1882.949951171875,1816.050048828125,1847.699951171875,1778.5430908203125,2339518,0.017736204776292785,0.017580753680044622,1842.0222961425782,1799.1219555664063,1800.7126249544199,1811.1234260003957,0.013436822514653104,9,3,4
2022-10-03,1852.0,1852.0,1814.0,1819.300048828125,1751.2061767578125,1850414,-0.01537039737951551,-0.015489746478793821,1834.8487365722656,1801.0730883789063,1793.096248308788,1806.6851112416857,0.01298582526985401,10,4,0
2022-10-04,1835.300048828125,1880.949951171875,1835.300048828125,1871.550048828125,1801.50048828125,1637532,0.02871981163094839,0.028315127869900984,1830.4810668945313,1803.1214379882813,1794.3892083045516,1806.3010650964682,0.013150170074290016,10,4,1
2022-10-06,1882.0,1919.0,1878.0999755859373,1912.949951171875,1841.3509521484373,2771898,0.022120706670031076,0.02187959309497966,1828.3080688476562,1805.9167456054688,1801.6140919728418,1808.8973530262438,0.013752808142735414,10,4,3
2022-10-07,1905.0,1928.949951171875,1903.050048828125,1924.550048828125,1852.5167236328125,1469264,0.006063901871257826,0.006045590406967421,1825.9088562011718,1808.652373046875,1809.445266074376,1812.1284175156193,0.01370876247403861,10,4,4
2022-10-10,1905.0,1917.0,1883.5,1909.6500244140625,1838.1744384765625,1656954,-0.0077420543487048965,-0.007772179639968057,1823.97890625,1811.701796875,1813.8651387516356,1814.057752401615,0.013699722383295775,10,4,0
2022-10-11,1923.800048828125,1923.800048828125,1871.25,1878.949951171875,1808.6234130859373,1047963,-0.016076290025617168,-0.016206915449367854,1819.9866333007812,1813.2861865234374,1813.0587194184513,1813.6552087486018,0.013765568112058386,10,4,1
2022-10-12,1880.0,1916.0,1858.050048828125,1911.25,1839.714599609375,1907748,0.017190525290385894,0.017044440022236807,1816.13154296875,1815.4038427734374,1817.1596240632089,1815.585533997548,0.013928659870614759,10,4,2
2022-10-13,1901.0,1912.0,1868.25,1876.1500244140625,1805.9283447265625,1303645,-0.018364943611354878,-0.018535672705783216,1812.3895446777344,1816.7148657226562,1815.4317349344942,1814.8701866441418,0.01375200113775826,10,4,3
2022-10-14,1900.0,1936.75,1898.449951171875,1911.5999755859373,1840.051513671875,1819114,0.01889508464992784,0.01871878981326753,1810.1804443359374,1818.58033203125,1819.2193932017835,1816.7354701276777,0.014181376321956256,10,4,4
2022-10-17,1902.9000244140625,1914.0,1878.4000244140625,1883.199951171875,1812.71435546875,2588147,-0.014856735259858533,-0.014968201949663787,1808.4093078613282,1820.315849609375,1818.2186181659322,1816.4376097825718,0.014168086342091856,10,4,0
2022-10-18,1893.0999755859373,1931.199951171875,1893.0999755859373,1918.0999755859373,1846.30810546875,1401849,0.018532291035623816,0.018362660684477044,1808.7654602050782,1822.7858032226563,1822.540077750981,1818.650239092659,0.014342761472033982,10,4,1
2022-10-19,1920.0,1947.0,1901.6500244140625,1904.9000244140625,1833.6021728515625,1636141,-0.006881805143763686,-0.006905593967636501,1807.4274841308593,1825.18837890625,1824.2419385356857,1819.7577897414665,0.01438072328820871,10,4,2
2022-10-20,1898.6500244140625,1917.800048828125,1886.300048828125,1904.1500244140625,1832.8802490234373,1374019,-0.00039371889868700105,-0.0003937964263226574,1807.8365783691406,1827.43501953125,1825.570909379955,1820.7298237623531,0.014379019474506897,10,4,3
2022-10-21,1913.699951171875,1925.0,1867.0999755859373,1876.75,1806.505859375,2225676,-0.014389586915178776,-0.014494121034645799,1807.2855102539063,1828.3417651367188,1822.637824763808,1819.6761967706973,0.014477969057819843,10,4,4
2022-10-24,1906.0,1919.9000244140625,1900.0,1909.75,1838.2706298828125,269400,0.01758354136686946,0.01743073950168379,1809.8315063476562,1829.3928930664063,1825.0428717051934,1821.0535621864096,0.01473609754285445,10,4,0
2022-10-25,1915.0,1954.6500244140625,1891.550048828125,1949.0999755859373,1876.14794921875,2136147,0.020604865638500725,0.020395457065823845,1814.531268310547,1830.9705493164063,1832.9051913226635,1825.134627892509,0.015192003032636113,10,4,1
2022-10-27,1952.0999755859373,1971.8499755859373,1949.9000244140625,1964.050048828125,1890.538330078125,2245395,0.00767017380765056,0.007640907580631104,1820.4438598632812,1833.2345166015625,1841.7718280542729,1829.979346572925,0.014997989860780861,10,4,3
2022-10-28,1972.0,1986.0,1963.800048828125,1975.050048828125,1901.126708984375,2013794,0.005600721623989724,0.0055850958990426225,1827.162615966797,1835.6630859375,1850.9033481973656,1835.2495215663657,0.014619605057972211,10,4,4
2022-10-31,1986.0,2034.6500244140625,1978.199951171875,2023.0999755859373,1947.378173828125,3176507,0.02432844934804934,0.02403722650406411,1837.1541137695312,1838.8857788085938,1865.7456290636362,1843.5553476598293,0.015255415469782324,10,4,0
2022-11-01,2032.0,2056.0,1990.050048828125,2024.449951171875,1948.6776123046875,4464211,0.0006672758758552444,0.0006670533462948974,1845.66083984375,1841.3865380859374,1878.5043957161056,1851.342182077967,0.014764146886944891,11,4,1
2022-11-02,2036.5,2042.0,2000.0,2013.300048828125,1937.945068359375,1889651,-0.0055076036577539345,-0.005522826426493029,1854.997784423828,1842.8737109375,1887.649114584301,1857.7572106914047,0.014775052469067284,11,4,2
2022-11-03,2006.0,2022.5,1993.0,2008.699951171875,1933.5169677734373,1052241,-0.0022849463889533794,-0.0022875608623338464,1861.5986083984376,1845.3388525390626,1894.7057073826297,1863.369044549333,0.014678300182777609,11,4,3
2022-11-04,2010.0,2029.3499755859373,2004.75,2015.0999755859373,1939.677490234375,2312753,0.003186174501500272,0.0031811094035288138,1866.5149353027343,1847.9965063476564,1901.6244432059752,1869.0215220074842,0.01415671189528862,11,4,4
2022-11-07,2021.4000244140625,2032.0,1993.0,2017.6500244140625,1942.1322021484373,1395070,0.001265525803346712,0.0012647257005299424,1870.9957092285156,1850.3894604492189,1907.8564061202003,1874.437127943851,0.014111660124782379,11,4,0
2022-11-09,2025.050048828125,2036.949951171875,1996.25,2003.5,1928.5118408203125,1301233,-0.007013096900951199,-0.007037804249472968,1875.5125793457032,1852.80744140625,1911.0341653048329,1878.4426622309963,0.013773046541841511,11,4,2
2022-11-10,1995.0,2001.8499755859373,1970.199951171875,1977.6500244140625,1903.6292724609373,1261210,-0.01290247113483689,-0.012986430990500265,1880.262872314453,1854.1983569335937,1909.8949510211564,1880.3083370628437,0.014030052490311392,11,4,3
2022-11-11,2003.5999755859373,2018.800048828125,1991.949951171875,2011.0999755859373,1935.8272705078125,1203125,0.01691400658346187,0.016772557526234848,1885.068505859375,1856.69333984375,1913.884538634488,1884.4208506513598,0.014195692348522896,11,4,4
2022-11-14,2013.050048828125,2021.9000244140625,1995.25,1999.800048828125,1924.9503173828125,1175155,-0.0056187622163969,-0.005634606840141646,1891.0196044921875,1858.1814770507813,1915.5869661342304,1887.423033372208,0.014240318530353884,11,4,0
2022-11-15,2003.0,2017.0,1978.0999755859373,1996.550048828125,1921.822021484375,1450841,-0.0016251307216545996,-0.001626452679015645,1895.1081298828126,1859.7908984375,1916.5462054188679,1889.971106565702,0.014029198585480022,11,4,1
2022-11-16,1986.0,2009.8499755859373,1985.050048828125,2003.5999755859373,1928.6080322265625,1195832,0.003531029755266424,0.0035248103061068614,1900.902813720703,1861.0056640625,1918.4018710815901,1892.8331010590991,0.013761213702601988,11,4,2
2022-11-17,2002.0,2059.0,2001.0999755859373,2029.550048828125,1953.586669921875,3786182,0.012951640394484265,0.012868485128469288,1906.2667419433594,1862.1838500976562,1923.8149170570186,1897.3333654193048,0.013439780576966397,11,4,3
2022-11-18,2039.0,2050.949951171875,2006.8499755859373,2024.449951171875,1948.6776123046875,1248459,-0.002512843526611408,-0.0025160060169124327,1912.0205139160157,1863.3803247070311,1927.6399470951214,1901.1366429663701,0.012622816015709503,11,4,4
2022-11-21,2019.0,2033.0,2007.0,2011.449951171875,1936.1640625,714687,-0.00642155979299619,-0.00644226670279082,1917.1847045898437,1864.4073876953125,1928.9513494651028,1903.7312666355278,0.012176136579860308,11,4,0
2022-11-22,2021.550048828125,2033.1500244140625,2019.5999755859373,2029.800048828125,1953.827392578125,1337869,0.009122847810385304,0.00908148600230082,1924.55078125,1865.473916015625,1932.7784330209522,1907.4420907794238,0.012226243219901395,11,4,1
2022-11-23,2038.949951171875,2044.0,2018.0,2025.0,1949.20703125,1046988,-0.0023647745679460375,-0.0023675750632224553,1930.0976013183595,1866.922587890625,1935.305909671575,1910.5357900735405,0.01211974684700326,11,4,2
2022-11-24,2030.5,2060.0,2028.4000244140625,2052.199951171875,1975.3890380859373,1611889,0.013432132357509063,0.013342721034313974,1935.0596557617187,1868.6609912109375,1941.472544812246,1915.3397343707552,0.011792814238521628,11,4,3
2022-11-25,2061.0,2095.800048828125,2058.449951171875,2062.75,1985.5440673828125,2652761,0.005140774349297272,0.005127605680995513,1939.8099426269532,1870.0355444335937,1948.2527790538718,1920.5400553346115,0.011494657460003103,11,4,4
2022-11-28,2064.35009765625,2072.0,2052.0,2064.449951171875,1987.180419921875,1105372,0.0008241330756357801,0.0008237936644397955,1944.1126281738282,1872.1637866210938,1954.2416468797185,1925.4763786373717,0.010800174060494189,11,4,0
2022-11-29,2070.0,2072.0,2038.5999755859373,2050.550048828125,1973.80078125,1413764,-0.006732976300360849,-0.0067557450437812075,1945.4337585449218,1873.9551318359374,1957.2507444751463,1929.055964016085,0.010530135259805316,11,4,1
2022-11-30,2053.0,2086.0,2045.0,2074.85009765625,1997.191162109375,2104550,0.01185042638627487,0.011780759928213074,1947.8594360351562,1876.9362133789064,1963.3954241111815,1934.103015726699,0.010143175794174139,11,4,2
2022-12-01,2085.25,2110.0,2079.449951171875,2104.25,2025.49072265625,2614357,0.01416968044109801,0.014070228882712442,1952.23671875,1880.6623266601562,1972.9485469642689,1940.8724754992584,0.009946408762671527,12,4,3
2022-12-02,2096.10009765625,2098.89990234375,2069.14990234375,2085.5,2007.4423828125,1957264,-0.008910601091315362,-0.00895053791496104,1955.9329895019532,1883.6039404296876,1978.2552909409196,1945.8035797446837,0.010023494441854816,12,4,4
2022-12-05,2095.949951171875,2096.800048828125,2068.85009765625,2085.60009765625,2007.5389404296875,1767537,4.8099819957014844e-05,4.8098663197768024e-05,1959.3260620117187,1887.260751953125,1982.7604677853456,1950.3765694250542,0.010018549838394942,12,4,0
2022-12-06,2081.0,2100.0,2067.0,2093.5,2015.1431884765625,1530731,0.0037878458513225244,0.0037806900276381346,1962.976611328125,1891.2130712890626,1987.7424248147636,1955.174096762203,0.009459201814274995,12,4,1
2022-12-07,2096.300048828125,2144.0,2096.300048828125,2124.0,2044.5015869140625,3438327,0.014568889498961513,0.014463782856527722,1968.7760986328126,1896.3560888671875,1996.4746035992712,1961.7909478845627,0.009321558763636991,12,4,2
2022-12-08,2120.0,2175.0,2120.0,2167.699951171875,2086.566162109375,3743754,0.020574488894774534,0.02036569315148582,1977.9229431152344,1902.4443579101562,2010.3348433700562,1971.03355634566,0.009319648500301519,12,4,3
2022-12-09,2168.0,2194.35009765625,2137.5,2154.050048828125,2073.4267578125,2573609,-0.006297142422549418,-0.0063170530546293475,1984.8029174804688,1908.4671630859375,2020.0412917458168,1978.6182379357963,0.009456727812815171,12,4,4
2022-12-12,2148.89990234375,2169.0,2134.550048828125,2163.699951171875,2082.715576171875,1536090,0.004479935606297891,0.004469930564944658,1992.691180419922,1914.7864428710936,2029.6834893498258,1986.3291518792093,0.009448823625040315,12,4,0
2022-12-13,2170.0,2175.699951171875,2152.5,2172.89990234375,2091.571044921875,1233124,0.004251885783788545,0.00424287205861672,2001.1786315917968,1921.6668994140625,2039.2046517455256,1994.1248476601477,0.008561955583662701,12,4,1
2022-12-14,2176.949951171875,2210.0,2175.050048828125,2195.449951171875,2113.27734375,1516631,0.010377987819646828,0.010324506206825375,2010.4120971679688,1928.3615844726562,2050.6004505154447,2002.9509584816183,0.0086762377487688,12,4,2
2022-12-15,2196.699951171875,2209.0,2173.60009765625,2177.550048828125,2096.04736328125,1323412,-0.008153203610357873,-0.008186622747558306,2017.5351318359376,1935.258408203125,2057.5922832486453,2009.8469884667763,0.008775861587998379,12,4,3
2022-12-16,2161.0,2211.60009765625,2161.0,2175.0,2093.592529296875,2822390,-0.0011711729550482053,-0.0011718593140425863,2024.7808776855468,1941.1002490234375,2063.1307826406805,2016.0503618615985,0.008756578953298677,12,4,4
2022-12-19,2171.0,2187.449951171875,2155.050048828125,2184.0,2102.256103515625,1592779,0.004138137721412027,0.0041295991771874265,2033.0854797363281,1946.3183520507812,2069.1500627752876,2022.4359723544892,0.008760156406023484,12,4,0
2022-12-20,2179.89990234375,2179.89990234375,2138.0,2163.25,2082.282470703125,1747181,-0.009501046413468828,-0.009546469293830845,2039.508233642578,1950.9136669921875,2071.170433225724,2026.8690463062399,0.009038080873525341,12,4,1
2022-12-21,2153.10009765625,2174.949951171875,2142.85009765625,2146.300048828125,2065.967041015625,1979681,-0.007835358515019708,-0.007866216229743237,2045.3462341308593,1955.4695190429688,2070.3699113472476,2029.7651940624905,0.009068695209789677,12,4,2
2022-12-22,2144.0,2148.35009765625,2096.89990234375,2109.949951171875,2030.9776611328125,1993744,-0.016936078450511816,-0.017081133940499794,2048.125665283203,1959.9166040039063,2064.3095651604112,2029.85500643807,0.009328608844339071,12,4,3
2022-12-23,2094.5,2104.14990234375,2050.10009765625,2062.75,1985.5440673828125,2026125,-0.022370306980461163,-0.022624317642742718,2048.125665283203,1962.833193359375,2052.1917962715497,2026.5727146561992,0.009930169232478239,12,4,4
2022-12-26,2052.75,2108.0,2051.0,2091.050048828125,2012.7850341796875,1154610,0.013719648555965858,0.013626386227114852,2049.405895996094,1966.9703271484375,2046.1292174881864,2025.5514049912724,0.010118746780009787,12,4,0
2022-12-27,2101.550048828125,2128.0,2085.0,2124.10009765625,2044.5980224609373,1059351,0.015805457483548446,0.015681851967098613,2052.9457580566404,1971.0612573242188,2045.893649022456,2026.9622655445808,0.010426611383717033,12,4,1
2022-12-28,2129.0,2136.0,2113.64990234375,2121.10009765625,2041.710205078125,1153883,-0.0014124132719919302,-0.0014134116678264654,2055.171710205078,1975.6411743164062,2045.2500422617895,2028.0547055100285,0.01044257584947279,12,4,2
2022-12-29,2109.64990234375,2120.550048828125,2094.14990234375,2110.89990234375,2031.891845703125,1517150,-0.004808889797670579,-0.004820489711626848,2055.4917663574215,1979.3528491210936,2043.194935098918,2028.3389381169245,0.010300073192841779,12,4,3
2022-12-30,2115.0,2133.0,2081.10009765625,2085.800048828125,2007.7315673828125,1189427,-0.011890533628256206,-0.011961791448866558,2055.506225585937,1982.8354370117188,2037.7390323733632,2026.812466210694,0.010560727663644614,12,4,4
2023-01-02,2092.89990234375,2097.60009765625,2075.050048828125,2089.449951171875,2011.24462890625,807344,0.0017497665427539388,0.0017482374846801343,2055.6915100097654,1986.402724609375,2033.6629703014996,2025.6592930770316,0.010466345626059788,1,1,0
2023-01-03,2088.0,2096.800048828125,2067.949951171875,2088.949951171875,2010.7635498046875,1260225,-0.00023919472283395748,-0.0002392233344542633,2055.4725280761713,1990.4878784179687,2030.1399825327594,2024.5559046864878,0.010364808441626579,1,1,1
2023-01-04,2090.949951171875,2101.449951171875,2058.0,2070.550048828125,1993.05224609375,1015547,-0.008808247848265283,-0.008847269775538652,2052.900061035156,1993.5835107421874,2024.434176926758,2022.222300346285,0.010502990408705505,1,1,2
2023-01-05,2080.0,2099.199951171875,2068.5,2087.35009765625,2009.2235107421875,1881403,0.008113818732114142,0.008081078683555338,2049.032928466797,1996.2450219726563,2022.094074436824,2021.2594270422778,0.010325725071739908,1,1,3
2023-01-06,2090.199951171875,2121.699951171875,2071.85009765625,2086.550048828125,2008.453369140625,1877917,-0.00038330310064804696,-0.00038337658005872067,2045.7842590332032,1998.6033227539062,2019.995504391255,2020.310830160674,0.010291484610385409,1,1,4
2023-01-09,2108.0,2127.300048828125,2100.75,2121.699951171875,2042.28759765625,1844365,0.016845911901903987,0.01670559319975324,2043.7628601074218,2001.4265405273438,2023.4250572012543,2021.9387388640498,0.010719267286972223,1,1,0
2023-01-10,2131.89990234375,2131.89990234375,2097.199951171875,2106.64990234375,2027.8009033203125,1425414,-0.007093366454637762,-0.007118643984583752,2040.5743530273437,2003.0349951171875,2024.098264296494,2022.3729732682173,0.01072839304699107,1,1,1
2023-01-11,2106.10009765625,2140.0,2097.10009765625,2125.35009765625,2045.8011474609373,1455621,0.008876731493289824,0.00883756492239586,2037.2005432128906,2004.9774658203125,2027.437169398716,2024.108393578789,0.010637615500786906,1,1,2
2023-01-12,2118.10009765625,2164.64990234375,2118.10009765625,2159.75,2078.91357421875,2726901,0.01618555488587381,0.016055965242644427,2036.3438537597656,2007.7968359375,2035.3566162941058,2028.1680365891566,0.010730572515003967,1,1,3
2023-01-13,2161.89990234375,2164.85009765625,2117.199951171875,2153.39990234375,2072.80126953125,2180210,-0.002940143718960009,-0.0029444744322000456,2035.3042907714844,2010.5825219726562,2041.1173321767433,2031.4742019922746,0.010596416262737109,1,1,4
2023-01-16,2147.0,2161.0,2132.300048828125,2137.199951171875,2057.20751953125,1009649,-0.007523031864760665,-0.007551472599131604,2033.0518615722656,2012.9331225585938,2043.5927456158981,2033.3803736618283,0.010712418933256425,1,1,0
2023-01-17,2139.89990234375,2217.800048828125,2136.39990234375,2213.10009765625,2130.266845703125,4645453,0.03551383391235219,0.034897761409218776,2035.4510803222656,2016.6958154296874,2056.9272225523946,2040.5571493685911,0.012437464374758246,1,1,1
2023-01-18,2221.0,2274.800048828125,2200.0,2266.5,2181.66796875,4090049,0.024128959782927728,0.02384245597589688,2041.2361267089843,2021.7589379882813,2076.1181065827955,2051.009802656103,0.012886868476278837,1,1,2
2023-01-19,2259.85009765625,2283.800048828125,2241.0,2273.10009765625,2188.021240234375,2176835,0.0029121165894070433,0.0029078845919478153,2049.0883056640623,2027.44677734375,2093.333973298423,2061.1587980322715,0.012415512482799311,1,1,3
2023-01-20,2282.449951171875,2297.64990234375,2238.449951171875,2249.949951171875,2165.737548828125,1962410,-0.010184403604721393,-0.01023661947061245,2058.097979736328,2032.0449829101562,2104.4729849183773,2068.9053721652976,0.012521233192942011,1,1,4
2023-01-23,2255.0,2273.300048828125,2227.0,2233.5,2149.9033203125,1466706,-0.007311240701438071,-0.007338098812551159,2064.953894042969,2036.54404296875,2111.462267286704,2074.9052201762015,0.012610132916116656,1,1,0
2023-01-24,2244.699951171875,2252.300048828125,2200.0,2207.5,2124.87646484375,1036962,-0.011640921353204048,-0.011709207336654547,2068.9678161621096,2040.6051318359375,2113.5259899877883,2078.606793855279,0.012806983909879395,1,1,1
2023-01-25,2201.0,2205.0,2155.0,2174.699951171875,2093.303955078125,2134447,-0.01485851544218908,-0.014970008980176693,2071.547503662109,2043.8990502929687,2110.414907693994,2079.695472464379,0.01297072468904559,1,1,2
2023-01-27,2174.699951171875,2195.0,2127.10009765625,2159.85009765625,2079.009765625,1647900,-0.006828530285078238,-0.006851951380003418,2073.903399658203,2046.4075122070312,2105.583347375687,2079.6446793651658,0.012945071441285328,1,1,4
2023-01-30,2129.39990234375,2173.25,2083.800048828125,2112.89990234375,2033.81689453125,3441304,-0.021737690626077444,-0.021977434915404177,2075.207666015625,2048.1102978515623,2094.542354630389,2076.2500286367276,0.013530104533412402,1,1,0
2023-01-31,2119.949951171875,2132.75,2072.64990234375,2124.39990234375,2044.886474609375,4516463,0.005442761395035189,0.0054280030956167635,2076.889758300781,2050.28474609375,2086.90298847331,2073.9268024124794,0.01354886362461536,1,1,1
2023-02-01,2133.0,2215.949951171875,2080.300048828125,2145.550048828125,2065.2451171875,6868872,0.009955879131145373,0.009906645870424181,2079.613836669922,2052.5131005859375,2083.571008275493,2073.2837146180364,0.013585298186724788,2,1,2
2023-02-02,2135.60009765625,2166.949951171875,2107.85009765625,2144.89990234375,2064.619384765625,3488506,-0.00030298215774360315,-0.0003030280661107369,2083.1921936035155,2054.82134765625,2080.6553738893595,2072.6419124067465,0.013508420181017135,2,1,3
2023-02-03,2176.949951171875,2181.85009765625,2131.050048828125,2166.550048828125,2085.459228515625,2045634,0.010093794480364071,0.010043192363547207,2087.0039794921877,2057.0227514648436,2081.3944284472464,2073.5913432296265,0.01323393767149813,2,1,4
2023-02-06,2164.25,2181.60009765625,2142.300048828125,2156.10009765625,2075.400146484375,1332484,-0.004823437396284991,-0.004835107712927242,2090.351318359375,2058.819873046875,2080.4722312221893,2073.7253286559044,0.012536308172656515,2,1,0
2023-02-07,2162.25,2172.0,2150.050048828125,2165.300048828125,2084.255615234375,1089248,0.004266872952187528,0.00425779566172879,2092.4497192382814,2060.761376953125,2081.0542903009873,2074.5053498839393,0.01233714656385595,2,1,1
2023-02-08,2160.550048828125,2175.25,2125.550048828125,2130.85009765625,2051.095458984375,1452145,-0.015909831792042972,-0.016037751770375013,2093.6144470214845,2062.3072705078125,2076.445239329201,2072.771283891379,0.012404371059444707,2,1,2
2023-02-09,2150.0,2151.949951171875,2135.699951171875,2147.39990234375,2067.025634765625,1563181,0.0077666671784930585,0.007736661879603839,2094.675671386719,2063.7039599609375,2074.996069396343,2072.3456802524342,0.012476742466455576,2,1,3
2023-02-10,2140.199951171875,2169.949951171875,2137.550048828125,2163.85009765625,2082.8603515625,1454665,0.0076606291332572685,0.00763143551343555,2094.873010253906,2064.8513525390626,2076.2059589603673,2073.1245447939204,0.01250195859943736,2,1,4
2023-02-13,2173.0,2210.39990234375,2160.199951171875,2203.300048828125,2120.83349609375,2978938,0.01823124843812196,0.01806705189743852,2097.274621582031,2067.1191748046876,2083.0717339039647,2076.6585411865003,0.012647916967043836,2,1,0
2023-02-14,2215.0,2216.0,2182.14990234375,2191.64990234375,2109.619384765625,1874906,-0.005287596291165597,-0.005301625102748215,2099.89521484375,2069.1607836914063,2087.1559878826815,2079.1000851553245,0.012715978796824162,2,1,1
2023-02-15,2186.0,2187.85009765625,2157.25,2175.050048828125,2093.640869140625,1946344,-0.007574122488818169,-0.007602951818057453,2098.063916015625,2070.7307373046874,2088.1536619223652,2080.1771802653466,0.012824026097920872,2,1,2
2023-02-16,2186.800048828125,2202.300048828125,2171.699951171875,2178.300048828125,2096.76904296875,2464602,0.0014941310490412807,0.0014930159458474402,2093.8189697265625,2071.776086425781,2089.4791051602706,2081.406207132265,0.012677614630012353,2,1,3
2023-02-17,2169.800048828125,2249.0,2160.0,2226.35009765625,2143.02099609375,3753179,0.02205867798368155,0.021818904990174148,2091.568957519531,2072.905183105469,2097.7163191500367,2085.9702655738565,0.013164541461728619,2,1,4
2023-02-20,2233.699951171875,2252.0,2215.0,2225.5,2142.20263671875,1779752,-0.00038187184189597545,-0.0003819447735154042,2090.3922119140625,2074.2807006835938,2104.5603680067616,2090.135626399404,0.013164531650240998,2,1,0
2023-02-21,2239.0,2262.0,2222.699951171875,2229.449951171875,2146.0048828125,1882604,0.0017749236363437948,0.001773350320787913,2090.1972900390624,2075.5464868164063,2110.9364472076445,2094.274089837411,0.012872035580225037,2,1,1
2023-02-22,2229.0,2241.0,2182.050048828125,2194.75,2112.603515625,2103097,-0.015564441374301574,-0.015686838986683608,2089.583642578125,2075.967136230469,2111.192919271853,2095.631825080936,0.013161962433743374,2,1,2
2023-02-23,2204.0,2208.199951171875,2153.5,2159.14990234375,2078.336181640625,2000556,-0.016220428362885286,-0.016353419588353568,2088.83525390625,2075.268312988281,2106.1380365593564,2094.3506663075796,0.013467665634085867,2,1,3
2023-02-24,2160.0,2172.300048828125,2118.75,2134.050048828125,2054.17529296875,1479060,-0.011625110935037708,-0.011693210830877921,2087.5935302734374,2074.430871582031,2098.143768314648,2091.3747127269253,0.013315095169106393,2,1,4
2023-02-27,2134.050048828125,2139.89990234375,2082.10009765625,2113.699951171875,2034.5869140625,1398112,-0.009535884777360115,-0.00958164245222377,2087.63203125,2073.2507592773436,2088.3657907373945,2087.168209122153,0.013414043268004074,2,1,0
2023-02-28,2115.0,2138.300048828125,2085.0,2109.14990234375,2030.2076416015625,2108587,-0.0021524135590714755,-0.0021547333304721456,2086.898089599609,2071.8097900390626,2079.4183831780356,2082.9489078243314,0.013353247891962204,2,1,1
2023-03-01,2100.0,2130.0,2100.0,2115.300048828125,2036.1273193359373,1389077,0.002915799159195931,0.002911556462061875,2085.4421997070312,2070.8866870117185,2072.7582195100204,2079.480642010376,0.01153659175511674,3,1,2
2023-03-02,2129.949951171875,2149.0,2107.550048828125,2121.60009765625,2042.191650390625,1727640,0.002978365349307177,0.002973938806293747,2084.3208129882814,2070.4111791992186,2068.055670414729,2076.718494482987,0.010521705106703807,3,1,3
2023-03-03,2140.0,2159.89990234375,2132.25,2152.050048828125,2071.501708984375,1821066,0.014352256600473234,0.014250237939094157,2083.622937011719,2071.22166015625,2068.5858301946746,2076.332065927534,0.010911451123032693,3,1,4
2023-03-06,2158.25,2184.85009765625,2139.800048828125,2141.14990234375,2061.009521484375,1821012,-0.0050650151310491776,-0.005077885798665753,2082.9034057617187,2072.7309692382814,2067.420244239244,2075.197062635448,0.010814840472886701,3,1,0
2023-03-08,2152.0,2189.60009765625,2140.60009765625,2170.800048828125,2089.550048828125,2965342,0.013847838666555257,0.013752833422158212,2083.1681274414063,2074.26626953125,2070.82482956061,2076.2602467978686,0.011114938331153287,3,1,2
2023-03-09,2174.949951171875,2199.0,2171.5,2193.199951171875,2111.111572265625,1873933,0.010318739888327766,0.010265865114845934,2086.1689331054686,2075.5965405273437,2077.022789976766,2078.841826462147,0.011105524606025085,3,1,3
2023-03-10,2171.5,2182.0,2133.0,2157.85009765625,2077.084716796875,1900535,-0.016117980648570174,-0.016249288151447067,2086.6718872070314,2076.304030761719,2077.03231717986,2078.7116701906452,0.01116523724316318,3,1,4
2023-03-13,2164.050048828125,2178.949951171875,2107.0,2133.85009765625,2053.98291015625,2334468,-0.011122226481089736,-0.011184540923073583,2085.2280151367186,2076.745852050781,2073.486254560843,2076.8799101880973,0.011280078858602985,3,1,0
2023-03-14,2144.35009765625,2171.0,2134.39990234375,2144.199951171875,2063.94580078125,2871343,0.0048505226483321895,0.004838796765836384,2082.3836303710937,2077.87013671875,2072.0184924409054,2075.921828009812,0.010562771010523202,3,1,1
2023-03-15,2164.199951171875,2212.449951171875,2160.0,2176.64990234375,2095.180908203125,3044201,0.015133685879760828,0.01502031404708568,2081.6617065429687,2079.5488623046876,2075.581941019708,2077.34842654265,0.010861699064760403,3,1,2
2023-03-16,2184.89990234375,2187.0,2132.0,2173.60009765625,2092.245361328125,2946792,-0.001401094704283845,-0.0014020771552474848,2081.591931152344,2081.1784985351565,2078.14554414408,2078.451903193426,0.010731135690353435,3,1,3
2023-03-17,2186.699951171875,2228.89990234375,2186.699951171875,2195.75,2113.56591796875,3286473,0.010190275497655277,0.010138704691539381,2082.431774902344,2083.588771972656,2083.5948324247984,2081.0529413249315,0.010874496177649086,3,1,4
2023-03-20,2191.10009765625,2205.0,2152.0,2177.550048828125,2096.04736328125,1996773,-0.008288624706976888,-0.008323166357685492,2080.0830932617187,2085.3252490234377,2085.510606402714,2082.1636392476216,0.010852876646622791,3,1,0
2023-03-21,2182.699951171875,2227.0,2182.0,2208.449951171875,2125.790771484375,3178680,0.014190236692248837,0.014090497722554813,2079.2625,2087.6719970703125,2091.7075548768157,2085.3952786725663,0.011100213443252323,3,1,1
2023-03-22,2219.5,2246.25,2207.89990234375,2213.949951171875,2131.084716796875,1956033,0.0024903416570969394,0.0024872458949175336,2078.516491699219,2089.447939453125,2097.765579787594,2088.779681496589,0.011086138559379248,3,1,2
2023-03-23,2214.0,2242.0,2200.550048828125,2206.64990234375,2124.05810546875,2455799,-0.003297199436860687,-0.00330264717707731,2079.089221191406,2091.373083496094,2101.810583738541,2091.3928980871196,0.010661615089782448,3,1,3
2023-03-24,2206.0,2219.35009765625,2153.050048828125,2166.14990234375,2085.073974609375,1449544,-0.018353608481332828,-0.01852412557887051,2079.4261108398437,2092.1585400390627,2099.2357207955924,2090.9248296813607,0.011163350531043373,3,1,4
2023-03-27,2175.050048828125,2190.0,2150.0,2154.0,2073.378662109375,1540581,-0.005609063583555174,-0.005624853452631883,2080.386279296875,2092.047841796875,2095.2577117669434,2089.6251135649172,0.011126524929509905,3,1,0
2023-03-28,2167.75,2169.800048828125,2122.449951171875,2133.60009765625,2053.742431640625,1627243,-0.009470643654050592,-0.009515775376668542,2081.3440551757812,2091.6666650390625,2088.8707455936637,2086.9671371260806,0.010694515266376778,3,1,1
2023-03-29,2137.64990234375,2159.300048828125,2121.0,2147.449951171875,2067.07373046875,2372385,0.006491222376642014,0.00647024512241577,2083.187359619141,2091.8639892578126,2085.5173586513692,2085.4935514477597,0.01074835603189961,3,1,2
2023-03-31,2156.5,2176.949951171875,2150.550048828125,2164.199951171875,2083.197021484375,1489542,0.00780005607829426,0.007769792908628078,2085.5408447265627,2090.9225927734374,2085.160383702601,2085.3234381171387,0.010771996372005401,3,1,4
2023-04-03,2180.0,2183.5,2155.0,2170.14990234375,2088.92431640625,1231654,0.0027492814471259397,0.0027455090854956433,2087.877478027344,2089.0677197265627,2085.7394502723932,2085.590169842258,0.010780877964339375,4,2,0
2023-04-05,2170.0,2262.5,2165.0,2257.75,2173.24560546875,2763363,0.04036588994644141,0.039572468536295695,2092.9646728515627,2088.77220703125,2099.2019356872174,2092.08316507385,0.012463406959247239,4,2,2
2023-04-06,2257.75,2291.64990234375,2254.449951171875,2274.25,2189.1279296875,2389899,0.007308112888291918,0.007281538027474374,2099.3705932617186,2089.2400146484374,2113.0367039949533,2099.2716661563427,0.012522700377731268,4,2,3
2023-04-10,2284.89990234375,2319.89990234375,2278.050048828125,2309.699951171875,2223.2509765625,1955914,0.01558750697583533,0.015467269646136973,2106.0556396484376,2090.7069677734376,2129.9927459284218,2108.455318779021,0.012810480582966287,4,2,0
2023-04-11,2320.0,2330.0,2287.300048828125,2301.5,2215.358154296875,1342440,-0.0035501265258988113,-0.003556443179451221,2111.26796875,2092.5166015625,2143.1258856774143,2116.3740473358994,0.012449139196917017,4,2,1
2023-04-12,2304.0,2312.699951171875,2281.949951171875,2288.5,2202.8447265625,1165839,-0.005648489708133253,-0.005664502754278259,2117.5559692382812,2094.7074169921875,2152.3133996597353,2122.779282834166,0.012069421893256327,4,2,2
2023-04-13,2294.800048828125,2295.0,2242.449951171875,2258.75,2174.2080078125,1956668,-0.012999880747240455,-0.013085118725198184,2123.5672241210937,2096.6113818359377,2155.681800914007,2126.5888180177467,0.012125461473974555,4,2,3
2023-04-17,2258.75,2273.800048828125,2201.14990234375,2214.0,2131.133056640625,4125850,-0.019811789404277524,-0.020010674128784312,2126.9265869140627,2098.557705078125,2151.9050710257943,2126.925428286108,0.012597511330107216,4,2,0
2023-04-18,2220.0,2230.0,2188.0,2216.60009765625,2133.6357421875,2848601,0.001174345045738212,0.001173656041961013,2128.849328613281,2100.3326904296873,2149.0944050506723,2127.4224885751,0.012577760713531934,4,2,1
2023-04-19,2208.10009765625,2235.0,2208.10009765625,2219.60009765625,2136.5234375,1970015,0.0013534153254948222,0.0013525002845004668,2131.063232421875,2101.7582568359376,2147.1604100428767,2128.0966329399075,0.012575931481611007,4,2,2
2023-04-20,2225.0,2251.449951171875,2222.25,2232.75,2149.180908203125,1898996,0.005924330377548248,0.005906850535932031,2132.8439819335936,2103.4494873046874,2147.471255913684,2129.658431107553,0.012597889424675377,4,2,3
2023-04-21,2240.14990234375,2243.0,2202.0,2215.199951171875,2132.2880859375,1009316,-0.007860121128541286,-0.007891174710932824,2134.6560180664064,2104.386064453125,2145.135383609656,2129.853220354216,0.012485730221093014,4,2,4
2023-04-24,2220.0,2232.699951171875,2186.550048828125,2228.89990234375,2145.475341796875,1239073,0.006184556367568428,0.006165510485386359,2135.640246582031,2105.787568359375,2145.187684869228,2131.010414535154,0.012464988462782786,4,2,0
2023-04-25,2231.050048828125,2254.0,2218.10009765625,2247.949951171875,2163.8125,1350118,0.008546897671528164,0.00851057973204493,2137.2766357421874,2107.3787060546874,2148.053041043193,2133.440198643661,0.012319380251407426,4,2,1
2023-04-26,2247.85009765625,2287.300048828125,2244.050048828125,2276.14990234375,2190.95654296875,1894812,0.012544544857167717,0.012466513951468488,2140.6215576171876,2110.175927734375,2154.653579800971,2137.7006685936676,0.01238249799242485,4,2,2
2023-04-27,2275.75,2310.0,2267.10009765625,2305.60009765625,2219.3046875,1252989,0.012938706895956109,0.012855716916659966,2147.3330932617187,2113.2215087890627,2164.59990406236,2143.7454107348776,0.012105435359380568,4,2,3
2023-04-28,2312.300048828125,2369.0,2312.300048828125,2364.39990234375,2275.90380859375,2884961,0.02550308725635486,0.02518330901465495,2157.4593505859375,2117.0823779296875,2181.723581682574,2153.534921687387,0.012545993599997368,4,2,4
2023-05-02,2373.199951171875,2416.35009765625,2373.199951171875,2384.449951171875,2295.203369140625,1840153,0.008479954413714852,0.00844420157969789,2169.5323974609373,2120.569775390625,2199.182010522274,2164.0288807579973,0.012576914878380013,5,2,1
2023-05-03,2384.10009765625,2390.0,2348.5,2356.300048828125,2268.107177734375,998235,-0.011805573210009412,-0.011875812345558503,2179.5840698242187,2123.73953125,2209.7858824010586,2171.738384237729,0.012687892121897831,5,2,2
2023-05-04,2361.800048828125,2381.64990234375,2342.85009765625,2356.89990234375,2268.684326171875,1230912,0.00025446259469830146,0.000254430224583457,2188.858435058594,2127.240400390625,2218.847181442723,2178.9195651217397,0.012672922141072653,5,2,3
2023-05-05,2357.0,2406.949951171875,2357.0,2377.5,2288.513427734375,2425866,0.008740352870493462,0.008702377106966483,2198.837890625,2131.0752880859377,2229.5650654875926,2187.037629018972,0.012646421778070368,5,2,4
2023-05-08,2377.449951171875,2385.0,2354.050048828125,2365.39990234375,2276.8662109375,1583576,-0.005089424713756507,-0.005102419946639177,2204.0189208984375,2133.7521923828126,2236.8421647875784,2193.691598049974,0.012563511501244422,5,2,0
2023-05-09,2367.64990234375,2401.89990234375,2367.64990234375,2374.35009765625,2285.4814453125,1417301,0.0037838123002635893,0.003776671689321231,2208.8365966796873,2136.6177685546877,2244.3251310221817,2200.4908459953463,0.012381602495889451,5,2,1
2023-05-10,2387.0,2388.949951171875,2350.0,2364.449951171875,2275.951904296875,1675409,-0.004169598941689112,-0.004178315958771409,2211.471643066406,2139.216708984375,2249.190788449058,2206.0805540176816,0.012441173544325924,5,2,2
2023-05-11,2300.0,2314.050048828125,2237.35009765625,2242.14990234375,2158.229248046875,9470848,-0.051724579956081596,-0.05311029144956129,2208.615197753906,2140.1292236328127,2235.1967053102603,2202.536012834659,0.01586020337251048,5,2,3
2023-05-12,2222.64990234375,2235.0,2197.35009765625,2221.10009765625,2137.96728515625,5367292,-0.009388234780416171,-0.009432582036441643,2205.3713256835936,2141.321845703125,2220.238332978874,2197.75314411774,0.015571529030244734,5,2,4
2023-05-15,2220.89990234375,2260.0,2215.0,2246.85009765625,2162.753662109375,2662740,0.01159343135192703,0.011526742467094099,2204.7986083984374,2143.4934130859374,2211.3945374604896,2195.160589894898,0.015638129750596162,5,2,0
2023-05-16,2254.60009765625,2255.0,2223.10009765625,2227.199951171875,2143.8388671875,2528855,-0.008745700101336129,-0.008784168187593581,2205.4338989257812,2145.6784521484374,2201.001357418491,2191.358980805461,0.015621100739837008,5,2,1
2023-05-17,2224.35009765625,2244.0,2210.199951171875,2219.60009765625,2136.5234375,1961004,-0.0034123038813532736,-0.00341813906831157,2205.5782836914063,2147.8047680664063,2191.0816774310306,2187.2970887087604,0.01561774456939605,5,2,2
2023-05-18,2230.0,2233.550048828125,2181.0,2188.199951171875,2106.298583984375,2290757,-0.01414674558917639,-0.01424776465361336,2204.067041015625,2149.208193359375,2178.038124593084,2181.297199469917,0.015811746109227625,5,2,3
2023-05-19,2192.0,2199.050048828125,2168.5,2190.050048828125,2108.07958984375,1729803,0.0008455619126923608,0.0008452046266090802,2202.0119750976564,2150.5259521484377,2167.2752730931866,2175.873672830942,0.015806182639389724,5,2,4
2023-05-22,2190.0,2222.0,2178.39990234375,2216.60009765625,2133.6357421875,1112099,0.01212295421239018,0.012050059742503843,2202.0793579101564,2151.7686328125,2162.099960646158,2172.7449372277238,0.014093597531389267,5,2,0
2023-05-23,2225.60009765625,2228.60009765625,2194.0,2197.64990234375,2115.39501953125,2265389,-0.008549126870901036,-0.00858588027897933,2200.575341796875,2152.8563427734375,2154.914585090018,2168.496795176133,0.014087414453790857,5,2,1
2023-05-24,2200.0,2208.5,2176.0,2185.14990234375,2103.363037109375,2648479,-0.005687818261263189,-0.005704055498457849,2197.552868652344,2153.1326025390626,2146.983577708381,2163.6720723563735,0.013752826444225328,5,2,2
2023-05-25,2190.0,2207.300048828125,2178.0,2204.699951171875,2122.18115234375,1689521,0.008946679627990672,0.008906895206050362,2194.1140991210937,2153.353994140625,2143.167819959976,2160.598670873957,0.013885147374706499,5,2,3
2023-05-26,2209.0,2220.75,2201.0,2218.449951171875,2135.416259765625,1249128,0.006236558743940357,0.006217191891423109,2189.919677734375,2154.520625,2141.975272237768,2158.7333070881546,0.013927370069642139,5,2,4
2023-05-29,2225.0,2241.800048828125,2220.199951171875,2224.550048828125,2141.2880859375,1369656,0.002749733755665673,0.002745960153819591,2183.1888916015623,2156.266728515625,2141.8695512684963,2157.4410684844024,0.013752868852525944,5,2,0
2023-05-30,2230.0,2237.0,2207.199951171875,2210.800048828125,2128.052978515625,1716729,-0.0061809092895038775,-0.006200090187096567,2174.8313720703127,2157.5488720703124,2139.7439246911313,2155.2641729311595,0.01330793589812561,5,2,1
2023-05-31,2201.10009765625,2224.0,2200.0,2205.64990234375,2123.095458984375,2809284,-0.002329603436239669,-0.0023323211839948402,2167.5807861328126,2158.1071630859374,2137.1826222747072,2152.8813052313976,0.013313001189977596,5,2,2
2023-06-01,2217.0,2222.0,2202.14990234375,2207.800048828125,2125.1650390625,1049488,0.0009747937000981199,0.0009743188972507422,2160.404821777344,2158.765556640625,2135.333763318983,2150.828248478146,0.013311776803667994,6,2,3
2023-06-02,2221.0,2237.300048828125,2212.14990234375,2234.550048828125,2150.913818359375,1399950,0.012116131605587555,0.012043318832449837,2153.5248413085938,2159.5125146484374,2137.7306948636588,2150.8345869878667,0.013455477228738582,6,2,4
2023-06-05,2245.0,2272.800048828125,2240.0,2268.300048828125,2183.400634765625,2344944,0.015103727601243344,0.014990801953257903,2148.8515625,2161.259580078125,2144.756839463961,2153.2468868232563,0.013638046672451836,6,2,0
2023-06-06,2269.0,2280.699951171875,2263.699951171875,2277.949951171875,2192.689453125,1677680,0.0042542894837860334,0.004245265578763273,2144.211962890625,2162.5975537109375,2152.1310877195056,2156.1685584011634,0.013616700170782,6,2,1
2023-06-07,2278.0,2318.0,2278.0,2315.5,2228.834228515625,2128603,0.016484220024459928,0.016349830133461335,2141.8560791015625,2164.5525439453127,2163.9315709189086,2161.5512006318645,0.013847237612820324,6,2,2
2023-06-08,2316.949951171875,2345.050048828125,2312.75,2340.300048828125,2252.7060546875,2556995,0.01071045386258862,0.010653503235440199,2146.5799194335937,2167.1255029296876,2177.589183806384,2168.303412043393,0.013798846432959219,6,2,3
2023-06-09,2345.0,2368.85009765625,2338.25,2363.0,2274.55615234375,2501720,0.00969948902600204,0.009652750962844401,2153.4093627929688,2170.915146484375,2192.5071789659787,2176.173985398975,0.013714788060733868,6,2,4
2023-06-12,2365.0,2370.0,2333.10009765625,2339.949951171875,2252.368896484375,1172382,-0.009754543028763107,-0.009802430250052252,2157.8901245117186,2174.494951171875,2201.716673968809,2181.8180528867824,0.013028360975734794,6,2,0
2023-06-13,2345.85009765625,2357.89990234375,2327.10009765625,2354.39990234375,2266.27783203125,1688768,0.006175247566499786,0.006156258858465061,2164.012072753906,2178.7456591796877,2211.6491598245693,2188.07433282341,0.01298174129098736,6,2,1
2023-06-14,2352.89990234375,2360.0,2340.0,2355.050048828125,2266.904052734375,1013564,0.0002763212410561433,0.00027628307137324813,2170.531103515625,2182.742265625,2220.149912579924,2193.913571335333,0.012799907209209363,6,2,2
2023-06-15,2355.0,2369.5,2349.0,2361.300048828125,2272.919921875,2561534,0.002653781986656556,0.002650266924672319,2178.862170410156,2186.5367236328125,2228.268375548397,2199.7658935975305,0.012808637674723677,6,2,3
2023-06-16,2363.75,2380.0,2352.25,2366.800048828125,2278.2138671875,1794542,0.0023291385066188663,0.002326430267954128,2187.3688842773436,2190.3225146484374,2235.9522973390285,2205.576854604195,0.01271337732650609,6,2,4
2023-06-19,2379.0,2419.89990234375,2361.0,2366.35009765625,2277.781005859375,3111256,-0.00019000030434346282,-0.0001900183566879583,2194.5761474609376,2192.41322265625,2242.3874832652355,2210.925310252727,0.01267810470735054,6,2,0
2023-06-20,2364.949951171875,2389.64990234375,2354.449951171875,2382.0,2292.84521484375,1771306,0.006613545791111397,0.006591772244654187,2203.4486572265623,2194.487568359375,2250.1502112003914,2216.9934513335434,0.012716981263094956,6,2,1
2023-06-21,2382.0,2412.0,2382.0,2394.449951171875,2304.828857421875,1607299,0.005226537971487755,0.0052129270267186525,2213.5219482421876,2196.1191259765624,2258.562310619081,2223.499777710457,0.012721693095471517,6,2,2
2023-06-22,2394.60009765625,2424.0,2380.0,2416.25,2325.81298828125,1741775,0.009104420396248925,0.009063225012146561,2223.7035400390623,2198.32822265625,2268.908568720953,2231.078534049034,0.00812972594241682,6,2,3
2023-06-23,2418.949951171875,2427.0,2383.25,2389.550048828125,2300.112548828125,1212955,-0.011050088542207903,-0.011111594286254033,2231.9383544921875,2200.2735791015625,2273.7091810451334,2236.1921647734107,0.008218892804240983,6,2,4
2023-06-26,2398.10009765625,2403.85009765625,2367.949951171875,2377.550048828125,2288.561767578125,793572,-0.0050218330645971365,-0.005034484842780152,2239.302038574219,2202.560654296875,2275.9941943579015,2240.071394610797,0.008142527427795794,6,2,0
2023-06-27,2387.449951171875,2396.949951171875,2371.550048828125,2388.050048828125,2298.668701171875,1012317,0.00441628176129405,0.004406558605283591,2247.8328247070312,2205.9113671875,2279.48258002159,2244.4119358375438,0.007899063818518702,6,2,1
2023-06-28,2400.0,2432.89990234375,2390.050048828125,2421.449951171875,2330.818603515625,1734938,0.013986314046630532,0.013889408082472758,2258.2189819335936,2209.8550244140624,2287.380429789903,2250.8124297396234,0.00809708067615016,6,2,2
2023-06-30,2420.0,2483.5,2415.050048828125,2475.550048828125,2382.8935546875,2690699,0.02234191502218552,0.02209599064675742,2271.1054077148438,2214.7824267578126,2302.0747566972254,2260.5962167727994,0.008182447473555055,6,2,4
2023-07-03,2478.199951171875,2492.39990234375,2448.0,2454.050048828125,2362.198486328125,1078456,-0.008684848015415914,-0.00872278109633025,2281.669641113281,2219.0427783203127,2311.3245612558253,2268.1223108139347,0.008494366349124254,7,3,0
2023-07-04,2458.199951171875,2484.39990234375,2458.199951171875,2461.85009765625,2369.70654296875,1441581,0.0031784190380612642,0.003173378541985485,2290.9849365234377,2223.7911474609373,2320.306404596275,2275.6470687513283,0.008349193212316733,7,3,1
2023-07-05,2461.0,2484.949951171875,2454.35009765625,2470.800048828125,2378.3212890625,1191896,0.0036353640999604586,0.003628772135188314,2300.2665283203123,2228.44806640625,2329.2317714372325,2283.252566552156,0.008031259308957431,7,3,2
2023-07-06,2468.10009765625,2499.949951171875,2467.550048828125,2488.60009765625,2395.455322265625,1796824,0.007204255069288346,0.007178428390871961,2308.5975830078123,2233.0809228515627,2339.420010026216,2291.563881790191,0.007840775841663615,7,3,3
2023-07-07,2482.75,2504.0,2444.60009765625,2449.35009765625,2357.67431640625,1837661,-0.015771951790627292,-0.015897652470890637,2313.84599609375,2236.4152783203126,2342.2283648539137,2296.4609510210103,0.00860516033696781,7,3,4
2023-07-10,2450.0,2463.35009765625,2420.0,2438.75,2347.470947265625,1178479,-0.00432772629774314,-0.004337118011503117,2317.491735839844,2238.978603515625,2343.034915994177,2300.239469261352,0.008706966183985962,7,3,0
2023-07-11,2447.199951171875,2479.0,2447.199951171875,2474.550048828125,2381.93115234375,1219658,0.014679715256227022,0.014573011225211574,2323.9698486328125,2241.099150390625,2349.01895235565,2306.2907050452336,0.008954722998792256,7,3,1
2023-07-12,2480.300048828125,2485.949951171875,2447.800048828125,2454.949951171875,2363.064697265625,1822435,-0.007920655078364036,-0.007952190095841565,2328.809191894531,2242.456376953125,2351.1798361879537,2310.496185950448,0.00902556943686478,7,3,2
2023-07-13,2466.0,2484.89990234375,2446.25,2450.14990234375,2358.444091796875,1141663,-0.001955344461832431,-0.0019572586434779752,2333.386193847656,2244.263115234375,2352.2974139739417,2314.0478826798126,0.009017435737777316,7,3,3
2023-07-14,2450.25,2477.050048828125,2448.64990234375,2472.25,2379.717041015625,845623,0.009019908206745919,0.008979471807891886,2338.7260498046876,2246.48376953125,2356.515818134201,2318.9122647787617,0.009057760608486742,7,3,4
2023-07-17,2475.0,2494.0,2465.0,2468.800048828125,2376.396240234375,878697,-0.0013954603526445952,-0.0013964349141893384,2343.6351684570313,2248.24142578125,2359.5743446111505,2323.170337034733,0.008966367745575896,7,3,0
2023-07-18,2469.0,2489.949951171875,2468.10009765625,2474.699951171875,2382.0751953125,720865,0.002389734078002359,0.0023868832045036035,2348.8498779296874,2250.34560546875,2363.03601394982,2327.5336598701233,0.00868868087825414,7,3,1
2023-07-19,2474.60009765625,2502.949951171875,2466.39990234375,2494.14990234375,2400.79736328125,1431080,0.007859604098809259,0.007828878300580697,2354.2474853515623,2252.651923828125,2368.8454523085015,2332.96060086354,0.0087322593823077,7,3,2
2023-07-20,2494.0,2495.699951171875,2469.050048828125,2489.699951171875,2396.513916015625,1045704,-0.0017841769285228404,-0.001785770467898521,2358.83173828125,2255.0631640625,2373.102139032674,2337.6682538377686,0.00839455246221611,7,3,3
2023-07-21,2522.0,2595.0,2521.10009765625,2586.25,2489.4501953125,4610417,0.03877977869262206,0.038046734591405555,2367.0135986328123,2261.6875830078125,2391.001839998801,2348.9113606136743,0.010616630602306625,7,3,4
2023-07-24,2637.64990234375,2638.0,2583.89990234375,2605.25,2507.7392578125,2155297,0.007346627192798438,0.007319772176229473,2377.3949340820313,2269.0830224609376,2408.9614427393703,2360.6763900358096,0.010577033173384511,7,3,0
2023-07-25,2616.0,2617.75,2553.0,2560.89990234375,2465.049072265625,2068876,-0.017023374903862076,-0.017169938267100865,2386.2192993164062,2275.1289306640624,2417.5903088203327,2368.4076998306105,0.010962895346602407,7,3,1
2023-07-26,2591.0,2673.85009765625,2585.0,2646.25,2547.20458984375,5820099,0.03332814689267671,0.03278480367427566,2398.64609375,2283.1962451171876,2437.53096743932,2381.6519139056577,0.012270963099861889,7,3,2
2023-07-27,2668.949951171875,2676.35009765625,2646.449951171875,2660.199951171875,2560.63232421875,2117794,0.005271557074189914,0.005257711055930738,2410.1367797851562,2291.6784228515626,2456.4696377130786,2394.909722076998,0.012252924348858645,7,3,3
2023-07-28,2660.14990234375,2668.14990234375,2625.0,2649.550048828125,2550.381103515625,1325724,-0.004003394242182989,-0.0040114292770233335,2418.5111572265623,2300.5600732421876,2470.917555528855,2406.426120702082,0.012340760645030072,7,3,4
2023-07-31,2655.0,2690.0,2631.10009765625,2681.35009765625,2580.990966796875,1284981,0.012002074215126113,0.011930620482863169,2429.45078125,2310.01830078125,2487.8519264931656,2419.3568500424367,0.012423862462921978,7,3,0
2023-08-01,2681.35009765625,2689.0,2655.35009765625,2666.64990234375,2566.8408203125,1298745,-0.005482447116789357,-0.005497530885889308,2439.3074951171875,2318.68240234375,2500.0040640038324,2430.28158858096,0.012526118000302278,8,3,1
2023-08-02,2638.0,2644.949951171875,2602.699951171875,2622.14990234375,2552.724853515625,1479486,-0.005499354180893978,-0.005514531297565841,2448.0276733398437,2327.4289990234374,2508.114954697954,2439.351460057602,0.01263589139429557,8,3,2
2023-08-03,2615.0,2642.75,2586.300048828125,2598.10009765625,2529.311767578125,1612618,-0.009171801616322028,-0.009214121554236237,2454.720495605469,2335.9479736328126,2511.376002833365,2446.0151865406033,0.012846098920267439,8,3,3
2023-08-04,2605.0,2635.0,2598.5,2626.89990234375,2557.34912109375,1101278,0.01108497334137315,0.011023985310954885,2464.704235839844,2344.6513330078124,2518.4487902580395,2454.262144655651,0.012882623607381237,8,3,4
2023-08-07,2628.0,2654.0,2623.10009765625,2635.89990234375,2566.110595703125,1163125,0.003425998639414507,0.003420143275909593,2475.6362182617186,2353.2652197265625,2525.78137571113,2462.547215103612,0.01259654627902945,8,3,0
2023-08-08,2639.050048828125,2649.5,2628.300048828125,2632.199951171875,2562.508544921875,767310,-0.0014037005214356801,-0.0014046866319231822,2484.665087890625,2361.68962890625,2531.43170943586,2469.9517580531133,0.012526989209787062,8,3,1
2023-08-09,2635.0,2655.0,2615.25,2651.60009765625,2581.395263671875,906865,0.0073704022518978896,0.007343373564169404,2495.5816162109377,2370.756474609375,2539.1184100875544,2478.206832543392,0.012543187130760162,8,3,2
2023-08-10,2640.10009765625,2661.60009765625,2621.64990234375,2643.5,2573.509521484375,1040041,-0.0030548371644112393,-0.0030595127038976037,2506.3348876953123,2379.764755859375,2544.40935030245,2485.266290983465,0.012458555819343726,8,3,3
2023-08-11,2642.050048828125,2656.89990234375,2631.25,2638.5,2568.64208984375,1320121,-0.0018913594840004322,-0.0018931503628360092,2515.781140136719,2388.634296875,2548.1374640780346,2491.4422760842267,0.011962548439621001,8,3,4
2023-08-14,2637.0,2663.550048828125,2616.0,2659.89990234375,2589.475341796875,1364413,0.0081106091173615,0.008077894896365468,2526.435095214844,2397.40552734375,2554.4971375732407,2498.703984655534,0.011809521865168093,8,3,0
2023-08-16,2669.0,2695.0,2652.050048828125,2691.050048828125,2619.800537109375,1703875,0.011710941912834283,0.011642899544192455,2538.3213623046877,2406.133525390625,2564.5438144249533,2507.674099652115,0.01191293853453122,8,3,2
2023-08-17,2691.050048828125,2691.050048828125,2642.0,2652.5,2582.271484375,1629067,-0.014325156515840543,-0.014428752109325151,2547.395068359375,2413.925166015625,2567.271148263422,2513.1998318538103,0.012345092077017394,8,3,3
2023-08-18,2650.0,2674.699951171875,2632.75,2641.949951171875,2572.00048828125,1898966,-0.003977504362302153,-0.003985435670973917,2556.169396972656,2420.7884912109375,2567.998739035396,2517.5554360336205,0.01237688976969231,8,3,4
2023-08-21,2641.85009765625,2666.60009765625,2623.449951171875,2662.25,2591.76318359375,1376318,0.007683783654997001,0.007654413741468262,2561.285046386719,2427.5696337890627,2571.6548074289885,2523.0523062232596,0.01191871561823561,8,3,0
2023-08-22,2668.0,2685.64990234375,2662.0,2678.800048828125,2607.875,1497180,0.006216546522552768,0.006197303506112786,2566.2918334960937,2434.2360107421873,2577.227144747606,2529.3354687252404,0.01184344532305763,8,3,1
2023-08-23,2689.550048828125,2726.0,2682.449951171875,2717.60009765625,2645.647705078125,1990672,0.014484093400996878,0.014380200910931795,2575.3217651367186,2442.1015869140624,2587.753384798455,2537.9511899365652,0.011837175380284889,8,3,2
2023-08-24,2747.5,2766.800048828125,2680.60009765625,2688.14990234375,2616.977294921875,2619182,-0.010836820828872717,-0.010895966863158921,2578.810400390625,2449.115576171875,2592.249370971289,2543.8049754910326,0.011946287084587481,8,3,3
2023-08-25,2677.449951171875,2682.699951171875,2631.0,2638.39990234375,2568.544677734375,1408427,-0.01850708345138541,-0.01868048225690611,2579.206018066406,2455.148388671875,2588.6024950886867,2545.6375460275763,0.012571621000459728,8,3,4
2023-08-28,2653.550048828125,2700.0,2650.050048828125,2695.35009765625,2623.98681640625,1551734,0.02158503963449787,0.02135538157503019,2582.8863037109377,2462.1697265625,2594.04623682985,2551.441195685256,0.012984245860157999,8,3,0
2023-08-29,2710.0,2722.10009765625,2696.300048828125,2718.949951171875,2646.9619140625,1101830,0.00875579767116208,0.008717687967078681,2586.184851074219,2469.5446875,2602.1871102502573,2558.516804453941,0.012988770595961586,8,3,1
2023-08-30,2722.949951171875,2737.64990234375,2707.0,2709.0,2637.275390625,1920079,-0.0036594872733296535,-0.0036661995776132183,2589.706579589844,2476.7345751953126,2607.585307230987,2564.3507737999453,0.01305629486140176,8,3,2
2023-08-31,2720.0,2724.60009765625,2678.35009765625,2702.699951171875,2631.142333984375,2439625,-0.002325527573808439,-0.002328235812594057,2593.6274536132814,2483.500517578125,2611.2094651930465,2569.2982967765697,0.01307089485782621,8,3,3
2023-09-01,2710.0,2715.949951171875,2688.300048828125,2702.10009765625,2630.558349609375,1263430,-0.00022195088705656563,-0.00022197552179990107,2598.6897827148437,2490.015107421875,2614.1862166417127,2573.8360784678885,0.013053699760260646,9,3,4
2023-09-04,2733.0,2742.0,2705.0,2711.10009765625,2639.31982421875,1548282,0.003330652068856743,0.0033251177324827314,2602.7883178710936,2496.285244140625,2618.052925499718,2578.6867263012855,0.011193046124679607,9,3,0
2023-09-05,2720.5,2739.0,2720.0,2732.949951171875,2660.591064453125,1066447,0.008059364401080682,0.008027061170077574,2607.512341308594,2503.494814453125,2624.597254569473,2584.753714312533,0.0112055117867847,9,3,1
2023-09-06,2740.0,2742.800048828125,2712.0,2730.449951171875,2658.157470703125,1747425,-0.0009146816218824627,-0.0009151001983794519,2612.294787597656,2510.886728515625,2629.760364743881,2590.1910296007245,0.010632068406657431,9,3,2
2023-09-07,2733.0,2855.949951171875,2730.0,2846.39990234375,2771.037353515625,4100519,0.042465461153677,0.04158854335414298,2621.776892089844,2520.3341015625,2651.49528609338,2603.587053594421,0.011627789761923033,9,3,3
2023-09-08,2888.0,2928.699951171875,2872.449951171875,2901.60009765625,2824.776123046875,3638510,0.019393015205324327,0.019207367031901963,2634.340222167969,2530.213251953125,2678.1538763939175,2619.9714291094174,0.012007731990659722,9,3,4
2023-09-11,2905.0,2926.0,2890.050048828125,2894.199951171875,2817.57177734375,1545803,-0.002550412984712702,-0.0025536708283189695,2646.7867065429687,2538.90681640625,2699.6027842323533,2634.60849194159,0.011979961181293524,9,3,0
2023-09-12,2951.60009765625,3009.0,2932.449951171875,2944.10009765625,2866.151123046875,7788759,0.017241564560574574,0.017094615469678876,2660.620495605469,2548.985869140625,2725.2256055884336,2651.7597979493885,0.012146793049901955,9,3,1
2023-09-13,2943.5,2943.699951171875,2888.449951171875,2906.75,2829.78955078125,2458417,-0.012686550954427944,-0.01276771241196178,2671.1199462890627,2558.187529296875,2741.3123663873284,2664.9471870480447,0.012400486191526668,9,3,2
2023-09-14,2924.89990234375,2931.64990234375,2906.0,2918.60009765625,2841.326171875,1910041,0.00407684772550132,0.004068559899646036,2684.0726806640623,2567.447626953125,2756.6991056931242,2678.0122970352263,0.012288119117979533,9,3,3
2023-09-15,2933.0,2934.949951171875,2900.0,2908.550048828125,2831.5419921875,1655275,-0.003443525697383598,-0.003449468278206386,2697.049755859375,2576.1693603515623,2768.2133959230277,2689.384867046506,0.01212545932116735,9,3,4
2023-09-18,2910.0,2930.0,2907.0,2919.85009765625,2842.54296875,736631,0.0038851539524586975,0.0038776262331077314,2709.5887451171875,2585.8667333984376,2779.6487148194847,2700.7299116171353,0.01204812040249537,9,3,0
2023-09-20,2926.949951171875,2944.949951171875,2886.050048828125,2890.0,2813.483154296875,1399240,-0.010223175083929892,-0.010275790644229869,2719.8691528320314,2595.1869775390624,2784.8540132006215,2709.0820036674863,0.012309788393906843,9,3,2
2023-09-21,2885.050048828125,2905.10009765625,2846.050048828125,2899.35009765625,2822.585693359375,2444711,0.0032353273729748278,0.0032301049624763913,2728.7160522460936,2604.000068359375,2790.6588870711994,2717.489684385404,0.0122797797383566,9,3,3
2023-09-22,2908.699951171875,2936.449951171875,2902.25,2918.5,2841.228759765625,1965569,0.0066049602852134015,0.006583243109965493,2739.9286254882813,2613.563349609375,2798.4388674857264,2726.655541820976,0.012271822353876135,9,3,4
2023-09-25,2917.949951171875,2923.800048828125,2871.0,2902.5,2825.65234375,1049532,-0.005482281552334434,-0.005497364408746031,2752.7840087890627,2622.9075146484374,2802.6255561417684,2733.988638260163,0.012322887506971945,9,3,0
2023-09-26,2915.0,2944.0,2910.0,2912.550048828125,2835.43603515625,953456,0.003462454051677888,0.0034564735584606803,2763.3564697265624,2632.02189453125,2807.6733221439963,2741.5032602524657,0.012285424907526377,9,3,1
2023-09-27,2922.0,2994.89990234375,2911.64990234375,2965.050048828125,2886.54638671875,2903693,0.018025570292818704,0.017865035978708855,2775.335693359375,2642.2248974609374,2819.8076397708815,2752.2471955462647,0.012547870277673985,9,3,2
2023-09-28,2989.0,3050.5,2978.25,3010.0,2930.30615234375,4081102,0.015159903830523014,0.01504614080524176,2789.9872314453123,2653.1895166015624,2836.807410935938,2765.436747901634,0.012639246144181248,9,3,3
2023-09-29,3040.0,3058.35009765625,3005.25,3023.550048828125,2943.497314453125,2698016,0.004501632738553418,0.004491530695675819,2805.60498046875,2664.043515625,2853.2212422462744,2778.626419498041,0.012165921832821006,9,3,4
2023-10-03,3040.5,3077.449951171875,2995.10009765625,3073.25,2991.88134765625,3254492,0.016437600593535606,0.016303965673294025,2823.6711303710936,2675.9508642578126,2874.5535661555014,2794.4230808430934,0.012249260937534756,10,4,1
2023-10-04,3064.10009765625,3064.10009765625,2990.050048828125,3027.75,2947.586181640625,3100946,-0.014805121215894612,-0.014915810897756922,2839.0844482421876,2685.113583984375,2885.7893531532127,2805.7684957169845,0.012764574243380237,10,4,2
2023-10-05,3032.550048828125,3114.89990234375,3032.550048828125,3096.050048828125,3014.07763671875,3413447,0.022557934180949424,0.02230726667541147,2856.7587768554686,2695.2403515625,2905.5260121632955,2821.198802457856,0.013187516430561291,10,4,3
2023-10-06,3114.949951171875,3114.949951171875,3073.14990234375,3093.699951171875,3011.7900390625,1898118,-0.0007589710458620891,-0.0007592592102011363,2874.4404052734376,2706.1751708984375,2921.874323993942,2835.3166718359776,0.013099679834971373,10,4,4
2023-10-09,3075.0,3085.0,3055.550048828125,3074.699951171875,2993.29296875,1181760,-0.0061415537180864455,-0.006160490633657809,2885.553186035156,2715.0969384765626,2932.8618078025665,2847.018619755535,0.012938264564126691,10,4,0
2023-10-10,3073.85009765625,3099.0,3072.14990234375,3076.0,2994.55859375,1551789,0.00042282028963192,0.00042273092632211744,2894.0423095703127,2723.7754638671877,2942.3536210252487,2857.947506718088,0.012215475877982145,10,4,1
2023-10-11,3090.0,3110.0,3084.39990234375,3088.699951171875,3006.92236328125,2066921,0.00412874523712925,0.004120245356375514,2903.5098388671877,2732.9062890625,2952.287273680018,2868.982681278322,0.011817322476877513,10,4,2
2023-10-12,3094.0,3105.050048828125,3067.050048828125,3081.75,3000.15625,1870280,-0.002250178908465905,-0.0022527143652275776,2910.210095214844,2741.2895947265624,2959.6517315754,2878.699241924372,0.011855205188037237,10,4,3
2023-10-13,3067.75,3099.0,3063.5,3089.60009765625,3007.798828125,1437808,0.0025473933649289293,0.0025441542581377003,2919.110559082031,2750.1087548828127,2967.0589771984155,2888.2621742355295,0.01176622126709656,10,4,4
2023-10-16,3098.949951171875,3113.25,3074.699951171875,3101.89990234375,3019.772705078125,818794,0.003980943419872762,0.003973040431905246,2928.0328857421873,2759.4497119140624,2975.1687814876013,2898.003695038685,0.011696984149369481,10,4,0
2023-10-17,3109.89990234375,3114.199951171875,3063.0,3066.300048828125,2985.115478515625,1847182,-0.011476766613665812,-0.011543132969034047,2935.711560058594,2768.5657861328127,2976.699042568836,2904.4564197406803,0.012034837963957693,10,4,1
2023-10-18,3068.64990234375,3079.14990234375,3037.14990234375,3045.60009765625,2964.96337890625,1350839,-0.0067508609815644105,-0.006773751120489463,2941.8325805664062,2776.7180712890627,2974.893555851515,2908.938416715908,0.012202220440056744,10,4,2
2023-10-19,3025.60009765625,3069.89990234375,3007.14990234375,3054.39990234375,2973.530517578125,1599104,0.002889458511637688,0.0028852920503409244,2949.8349487304686,2784.8664697265626,2974.683857655609,2913.7230167797757,0.012178766287615723,10,4,3
2023-10-20,3039.949951171875,3056.25,2977.300048828125,3012.35009765625,2932.593994140625,1667471,-0.01376697605607291,-0.013862619701319702,2955.3353637695313,2792.2681787109377,2968.2084940379186,2915.1208669546536,0.012569547340365278,10,4,4
2023-10-23,3003.0,3006.89990234375,2949.0,2958.300048828125,2879.974853515625,1614030,-0.01794286584850613,-0.018105790903144292,2957.272668457031,2798.2397705078124,2954.63408780372,2912.5174585517625,0.010802724142287124,10,4,0
2023-10-25,2959.0,2965.5,2910.300048828125,2916.10009765625,2838.89208984375,2108353,-0.014264973050623908,-0.01436769584077548,2957.9346557617187,2803.547421875,2936.827626579109,2907.063727536354,0.010609478824710498,10,4,2
2023-10-26,2906.0,2916.14990234375,2857.050048828125,2864.60009765625,2788.755859375,3286109,-0.017660491798231592,-0.01781829901262553,2955.6006469726562,2807.949697265625,2914.0473547015536,2898.300181746624,0.011093195651776912,10,4,3
2023-10-27,2864.64990234375,2910.550048828125,2857.64990234375,2901.89990234375,2825.068115234375,2399538,0.013020951883365273,0.012936908056965197,2952.5267333984375,2812.661552734375,2900.358240937372,2892.875584227198,0.010888146048833253,10,4,4
2023-10-30,2899.199951171875,2932.0,2856.14990234375,2926.35009765625,2848.87109375,1693052,0.008425629947563351,0.008390332458023718,2948.45498046875,2817.2429638671874,2892.4371413700837,2889.6159923399982,0.010749632769729584,10,4,0
2023-10-31,2929.949951171875,2951.550048828125,2907.949951171875,2929.050048828125,2851.499267578125,1556467,0.0009225316771583891,0.0009221064063411448,2943.855078125,2822.62751953125,2886.1390069405516,2886.7925312465263,0.01072661489323326,10,4,1
2023-11-01,2947.449951171875,2983.14990234375,2871.050048828125,2895.300048828125,2818.642822265625,3875595,-0.011522515781813958,-0.01158941435654082,2935.193151855469,2827.5603662109374,2875.7549785290244,2881.7444046553483,0.01092025249314588,11,4,2
2023-11-02,2935.0,2937.85009765625,2903.199951171875,2918.10009765625,2840.83935546875,1451606,0.007874901008309898,0.007844055804822626,2929.855810546875,2832.5418896484375,2870.383344212059,2878.7144010118964,0.01099443330699904,11,4,3
2023-11-03,2934.0,2948.050048828125,2905.0,2911.25,2834.170654296875,1136175,-0.0023474404348269307,-0.002350199992568608,2920.860461425781,2837.067802734375,2864.8121611481843,2875.414864218191,0.010833813720995232,11,4,4
2023-11-06,2933.0,2979.0,2927.25,2975.449951171875,2896.6708984375,1235499,0.022052392662336162,0.021812755303461263,2915.1045043945314,2842.0882666015623,2869.7135053465404,2876.9893852714727,0.011531795557300297,11,4,0
2023-11-07,2970.0,2983.60009765625,2956.10009765625,2961.300048828125,2882.8955078125,1112206,-0.0047555939587167195,-0.0047669377743431145,2909.5846313476563,2847.406630859375,2871.7415057259186,2877.4268758300673,0.011525479867944643,11,4,1
2023-11-08,2974.699951171875,3002.75,2961.0,2996.449951171875,2917.11474609375,1013438,0.011869746297955563,0.011799853389791464,2905.712438964844,2854.3780322265625,2878.7220042440467,2880.3667180718217,0.011647101014552146,11,4,2
2023-11-09,3003.0,3028.699951171875,2997.0,3024.85009765625,2944.76318359375,1719911,0.00947800820554745,0.00943337369497517,2902.6044799804686,2860.7935595703125,2888.8821856824625,2885.1368266290015,0.011740090633565285,11,4,3
2023-11-10,3021.050048828125,3044.0,3005.25,3033.25,2952.9404296875,947753,0.0027768773187970552,0.002773028917687548,2900.243688964844,2866.9131298828124,2898.737300144776,2890.159315744446,0.01131464385735036,11,4,4
2023-11-13,3050.0,3054.35009765625,3031.64990234375,3048.5,2967.786376953125,531769,0.005027513293655028,0.005014917547909,2898.24306640625,2873.523349609375,2909.360235038368,2895.90946842657,0.01101920594016136,11,4,0
2023-11-15,3062.35009765625,3071.050048828125,3055.0,3064.949951171875,2983.80126953125,1160184,0.005396241691279169,0.005381734146493617,2896.4444946289063,2880.5765283203127,2920.8127018834266,2902.419972212102,0.011031661473542698,11,4,2
2023-11-16,3057.949951171875,3082.10009765625,3045.0,3051.14990234375,2970.366455078125,1597607,-0.004502583530047066,-0.00451275068973888,2895.7070434570314,2887.3726904296873,2928.4363562210724,2907.4530450169927,0.010644962413242616,11,4,3
2023-11-17,3050.0,3115.449951171875,3045.14990234375,3109.0,3026.684814453125,1325050,0.01896007116519871,0.01878256914037766,2898.793115234375,2895.119990234375,2943.551503641388,2916.285027938188,0.010829366552012795,11,4,4
2023-11-20,3095.10009765625,3111.949951171875,3076.199951171875,3088.800048828125,3007.019775390625,1231164,-0.00649722064504199,-0.00651841945521736,2900.467578125,2902.048564453125,2953.315853141271,2923.0061203420723,0.01010428162093132,11,4,0
2023-11-21,3088.5,3099.0,3062.449951171875,3074.85009765625,2993.43896484375,1884782,-0.004516368883909605,-0.004526598489927106,2903.5098266601562,2908.7541943359374,2959.4886395570365,2928.2233680829377,0.010136878790266679,11,4,1
2023-11-22,3074.85009765625,3088.64990234375,3062.5,3082.300048828125,3000.69189453125,1104208,0.0024229422322223915,0.0024200116405070984,2909.5456787109374,2913.34728515625,2965.8276018607617,2933.5914070791086,0.010082896211592965,11,4,2
2023-11-23,3080.0,3088.0,3031.050048828125,3045.64990234375,2965.011962890625,1514688,-0.011890568207169716,-0.01196182644389018,2915.851672363281,2916.152001953125,2965.702118942279,2935.9188556577396,0.010318493885600263,11,4,3
2023-11-24,3050.0,3067.0,3039.60009765625,3054.25,2973.384521484375,915121,0.0028237857717063886,0.0028198063782071355,2925.08310546875,2919.2682568359373,2966.8840270256783,2938.694090163416,0.010302009130306941,11,4,4
2023-11-28,3054.0,3059.14990234375,3035.0,3050.0,2969.2470703125,1210508,-0.0013914954967915172,-0.0013924645256875254,2932.2920532226562,2921.33017578125,2967.2475721467276,2940.957273878163,0.010297660693799103,11,4,1
2023-11-29,3050.0,3089.89990234375,3049.0,3083.75,3002.103515625,1801107,0.011065581453631568,0.011004805841161014,2939.9536743164062,2924.776455078125,2972.610024989539,2945.4866251186695,0.010494266194960711,11,4,2
2023-11-30,3076.300048828125,3124.550048828125,3058.699951171875,3109.199951171875,3026.87939453125,3131624,0.008252839643036802,0.008218971175047902,2948.7226806640624,2928.48751953125,2980.9591587651867,2951.515719149231,0.01057892734429638,11,4,3
2023-12-01,3129.949951171875,3197.949951171875,3121.050048828125,3190.64990234375,3106.1728515625,2112908,0.02619643755034029,0.025859188023249064,2963.0991821289062,2933.98013671875,3000.2228038109274,2962.9718030316953,0.011360469597984405,12,4,4
2023-12-04,3285.0,3347.550048828125,3250.0,3313.550048828125,3225.819091796875,3095974,0.038518860975231606,0.037795525917043465,2982.3481689453124,2941.6456591796873,3034.9299250395347,2982.4419725698567,0.013113401974394116,12,4,0
2023-12-05,3319.050048828125,3325.0,3279.050048828125,3315.449951171875,3227.668701171875,1659309,0.0005733766594981926,0.000573212341908944,3002.0230712890625,2949.9293701171873,3064.5820444445103,3000.606915429266,0.013120265012945246,12,4,1
2023-12-06,3330.0,3401.0,3321.0,3392.300048828125,3302.484130859375,2057233,0.023179401795585974,0.022914839918393364,3022.3137329101564,2959.5273388671876,3101.182365431412,3022.9681906463106,0.013243054871532229,12,4,2
2023-12-07,3392.300048828125,3409.89990234375,3337.050048828125,3355.60009765625,3266.755859375,2128823,-0.01081860504658283,-0.010877551686623292,3041.5067504882813,2968.037880859375,3126.6552106535028,3041.0265364780653,0.012894334714010119,12,4,3
2023-12-08,3377.0,3430.0,3366.0,3378.449951171875,3289.0009765625,2428891,0.006809543824237929,0.0067864635986537875,3060.1010620117186,2977.304853515625,3151.6314823318103,3059.3950135213568,0.01241377231692612,12,4,4
2023-12-11,3377.949951171875,3405.0,3360.0,3385.800048828125,3296.156005859375,1534238,0.0021754415239951808,0.0021730786772857324,3077.670703125,2986.5192529296874,3173.8660244129737,3076.9328648056544,0.011671735470284184,12,4,0
2023-12-12,3375.0,3375.0,3332.0,3342.39990234375,3253.9052734375,1888423,-0.012818183467884547,-0.012901045234730641,3092.7189453125,2993.8664306640626,3186.1797550321317,3090.041932111717,0.012056303760864725,12,4,1
2023-12-13,3352.949951171875,3410.0,3346.199951171875,3399.800048828125,3309.78564453125,1509107,0.017173324481789987,0.0170275297644201,3109.8189086914062,3001.4560205078124,3205.1960457243035,3106.3192441427937,0.012251436652744214,12,4,2
2023-12-14,3425.949951171875,3440.0,3400.10009765625,3433.10009765625,3342.203857421875,2425646,0.009794656322891893,0.009746999611377975,3127.7390380859374,3009.4301513671876,3226.2741706008533,3123.7921784597625,0.012254626343433304,12,4,3
2023-12-15,3435.14990234375,3498.89990234375,3432.85009765625,3488.0,3395.650146484375,2632935,0.015991331271973275,0.015864816907265888,3149.00322265625,3017.50552734375,3252.3320130444718,3143.929805720845,0.011972443335936956,12,4,4
2023-12-18,3496.0,3506.0,3466.0,3491.60009765625,3399.155029296875,1767429,0.0010321684099667827,0.001031636090417642,3167.6267333984374,3026.536904296875,3274.9201693909954,3162.835377837588,0.012006456063906976,12,4,0
2023-12-19,3488.949951171875,3525.0,3476.050048828125,3498.949951171875,3406.310302734375,1311700,0.002105015327582782,0.002102802887088175,3187.591259765625,3034.3815576171874,3295.1340360592076,3180.8705574595724,0.011926096650587475,12,4,1
2023-12-20,3505.0,3514.60009765625,3412.550048828125,3418.5,3327.990478515625,1876048,-0.022992568867222563,-0.023261020895836693,3204.3188354492186,3040.70556640625,3300.188873360195,3191.7683293896503,0.012675595204317713,12,4,2
2023-12-21,3390.050048828125,3439.949951171875,3333.0,3424.14990234375,3333.49072265625,2292802,0.0016527223188085305,0.0016513580762129365,3220.958776855469,3047.509521484375,3305.3122347903573,3202.2662844464353,0.012564003716783938,12,4,3
2023-12-22,3424.0,3496.0,3408.60009765625,3477.949951171875,3385.866455078125,1681707,0.01571197785729561,0.01558982260550652,3242.001501464844,3055.3356787109374,3317.7051917577064,3215.8662970858195,0.01265644665151949,12,4,4
2023-12-26,3477.949951171875,3508.35009765625,3477.949951171875,3490.050048828125,3397.646240234375,1072263,0.0034791050717852823,0.0034730669864377747,3263.2145874023436,3063.15015625,3330.0038146002707,3229.3314780597866,0.012631543305934577,12,4,1
2023-12-27,3510.0,3549.0,3504.14990234375,3544.0,3450.167724609375,1389266,0.015458196840226979,0.015339936090284327,3287.2606201171875,3072.1503857421876,3348.490569986287,3245.689718544941,0.01277097217016027,12,4,2
2023-12-28,3545.0,3559.949951171875,3500.5,3518.050048828125,3424.904541015625,3371121,-0.0073223059312602645,-0.007349245600896999,3308.400671386719,3080.4925,3360.246565529262,3258.9648905798063,0.012976746215280756,12,4,3
2023-12-29,3531.0,3540.0,3495.0,3526.0,3432.644287109375,968577,0.002259842866001449,0.0022572932615264364,3328.688916015625,3088.749931640625,3371.3846765415874,3271.830031063478,0.01298497054703995,12,4,4
2024-01-01,3538.0,3538.0,3496.050048828125,3525.449951171875,3432.108642578125,777080,-0.00015604428727478137,-0.00015605646345127525,3344.985705566406,3097.689794921875,3380.7268251625933,3283.7025208053037,0.012902006666134457,1,1,0
2024-01-02,3525.050048828125,3525.449951171875,3432.0,3438.10009765625,3347.071533203125,1511464,-0.024776928189290115,-0.025089042552368677,3351.0483276367186,3105.3319580078123,3375.5490879380595,3288.396521723661,0.013705450647920475,1,1,1
2024-01-03,3433.0,3465.85009765625,3411.60009765625,3440.35009765625,3349.26220703125,1283859,0.0006545046337951277,0.00065429053904954,3357.1280029296877,3112.846591796875,3371.504952413935,3292.9050910057044,0.013588162213701798,1,1,2
2024-01-04,3441.050048828125,3480.10009765625,3423.0,3458.699951171875,3367.1259765625,1651616,0.0053336431808019835,0.005319469681267954,3360.3600952148436,3121.5372314453125,3370.831263821406,3298.4029343802817,0.013501805184175882,1,1,3
2024-01-05,3464.949951171875,3555.0,3460.0,3521.89990234375,3428.652587890625,2069018,0.018272738161979163,0.018107797925077985,3368.454931640625,3132.5107861328124,3379.7268521397477,3308.0510568625295,0.013745202819185162,1,1,4
2024-01-08,3540.0,3559.949951171875,3490.0,3501.10009765625,3408.40380859375,1993855,-0.005905754163717303,-0.005923262095564437,3374.4250732421874,3143.9010205078125,3384.13869159421,3315.484594027805,0.013540341667693757,1,1,0
2024-01-09,3527.449951171875,3593.75,3520.10009765625,3555.949951171875,3461.80126953125,1807271,0.015666412765666715,0.015544961350856111,3382.7073364257812,3157.3619287109377,3396.0867805076005,3326.3228662873194,0.01367982157838002,1,1,1
2024-01-10,3549.949951171875,3558.949951171875,3520.0,3545.5,3451.627685546875,1534821,-0.0029388122518518855,-0.00294313903973517,3392.59345703125,3169.8931201171877,3404.6315351290273,3335.60470475099,0.013708310595164206,1,1,2
2024-01-11,3545.5,3559.550048828125,3500.550048828125,3504.85009765625,3412.054443359375,1105348,-0.011465095830934025,-0.011531326758068138,3397.706896972656,3181.156787109375,3405.7735210106193,3341.2676483516116,0.013985771042116638,1,1,3
2024-01-12,3505.050048828125,3578.64990234375,3494.050048828125,3568.800048828125,3474.31103515625,1782631,0.01824607222139729,0.018081610157552896,3404.312255859375,3193.6130224609374,3416.317753956101,3351.122714040844,0.014198826939703481,1,1,4
2024-01-15,3576.10009765625,3605.699951171875,3538.050048828125,3543.050048828125,3449.242919921875,1783518,-0.007215276634910617,-0.00724143263449328,3406.99189453125,3206.2250244140623,3421.383164104682,3358.390877439439,0.013758334159499229,1,1,0
2024-01-16,3548.0,3589.0,3538.0,3573.5,3478.886474609375,1791818,0.00859422063789328,0.008557500560681311,3410.978466796875,3218.985966796875,3430.2298272592498,3367.3164772298046,0.012126610894848115,1,1,1
2024-01-17,3555.0,3614.449951171875,3547.699951171875,3570.949951171875,3476.404052734375,2699076,-0.0007135679456969912,-0.0007138226564797289,3414.483154296875,3231.830634765625,3437.3335542554228,3375.397038378291,0.01213626979192393,1,1,2
2024-01-18,3570.800048828125,3616.949951171875,3525.0,3596.0,3500.791015625,2148898,0.007014996680677399,0.006990506059175959,3423.123181152344,3243.913037109375,3447.0962406199733,3384.6854811373064,0.01153256453147111,1,1,3
2024-01-19,3603.0,3655.85009765625,3603.0,3646.0,3549.466796875,1913923,0.013904223654810144,0.01380844671859335,3433.921984863281,3257.244462890625,3462.8455569669004,3396.891504525284,0.0114673783704291,1,1,4
2024-01-23,3637.60009765625,3661.35009765625,3536.199951171875,3551.0,3456.982177734375,1742142,-0.0260559189402898,-0.026401388630721417,3437.4777709960936,3268.0418115234374,3461.943498623435,3401.342665503735,0.012589476107410907,1,1,1
2024-01-24,3570.0,3617.949951171875,3521.699951171875,3589.199951171875,3494.170654296875,3711521,0.010757497334531463,0.01070004710661409,3442.303991699219,3279.0299609375,3466.9015225731946,3408.2188128217454,0.012696789915502814,1,1,2
2024-01-25,3599.89990234375,3618.25,3564.800048828125,3593.449951171875,3498.308349609375,2206540,0.0011841709297775171,0.0011834703523964218,3444.7110229492187,3289.9373193359374,3471.7333421172225,3414.892111843051,0.012385899108380614,1,1,3
2024-01-29,3604.0,3733.85009765625,3600.10009765625,3708.0,3609.825439453125,2072982,0.03187743294732792,0.031379893482161865,3453.957067871094,3302.7781005859374,3492.9782801689,3429.331617591946,0.013247868932506917,1,1,0
2024-01-30,3715.949951171875,3737.89990234375,3624.89990234375,3633.300048828125,3537.103271484375,1454989,-0.02014561900249867,-0.020351309177105082,3459.1800170898437,3313.844140625,3499.7667403712803,3437.314703065459,0.013831805015084481,1,1,1
2024-01-31,3520.0,3538.0,3387.050048828125,3479.75,3387.618896484375,9637606,-0.04226180677423863,-0.043180823093379644,3456.955529785156,3322.189189453125,3482.5132259271413,3433.6335322076006,0.015753021346400595,1,1,2
2024-02-01,3480.0,3493.75,3371.0,3398.0,3308.033203125,6149780,-0.023493107043997208,-0.023773469851604376,3455.00361328125,3327.8161572265626,3455.6701454960426,3424.329804127408,0.016325816427954908,2,1,3
2024-02-02,3402.699951171875,3436.35009765625,3361.0,3376.050048828125,3286.664306640625,7579802,-0.0064596983078006875,-0.0064806524459323995,3451.8737182617188,3333.4090478515627,3429.6692472105938,3414.132359869128,0.01634857465428751,2,1,4
2024-02-05,3375.5,3407.949951171875,3318.449951171875,3341.75,3253.272705078125,2954238,-0.010159723795044484,-0.010211686036453744,3446.1810546875,3338.60572265625,3402.5313176517525,3402.216829884609,0.01591714390055756,2,1,0
2024-02-06,3346.0,3427.75,3337.550048828125,3424.25,3333.588134765625,2545192,0.024687579852169517,0.024387765985141557,3441.42783203125,3345.2636474609376,3391.9246741308098,3397.1332228387587,0.016573293140293793,2,1,1
2024-02-07,3445.0,3447.0,3389.0,3394.699951171875,3304.82080078125,2099940,-0.008629540549524917,-0.008666990641619368,3436.248681640625,3352.05982421875,3378.5240782308774,3390.2952656493135,0.016379070198994837,2,1,2
2024-02-08,3413.0,3417.800048828125,3293.85009765625,3335.5,3247.187744140625,3471727,-0.01743908675078565,-0.017592938942500965,3425.5180053710938,3357.535888671875,3358.3184883708386,3379.6947085005218,0.01663922964656154,2,1,3
2024-02-09,3336.25,3390.0,3308.949951171875,3324.550048828125,3236.528076171875,3121873,-0.003282738421264586,-0.0032881384281477776,3414.7630249023437,3362.8815087890625,3339.5815018786907,3369.089772772474,0.016334498615678483,2,1,4
2024-02-12,3330.0,3339.14990234375,3287.0,3299.550048828125,3212.18994140625,1922273,-0.007519828097524717,-0.007548244552367943,3404.7697998046874,3367.0832373046874,3319.982800267546,3357.4675630416427,0.016336757995728615,2,1,0
2024-02-13,3312.0,3338.550048828125,3284.10009765625,3321.5,3233.55859375,2151493,0.006652362635316322,0.006630333315049576,3392.732177734375,3371.2168212890624,3306.6867684956155,3348.289120871891,0.016395881052340317,2,1,1
2024-02-14,3290.050048828125,3316.949951171875,3263.050048828125,3309.0,3221.3896484375,2502138,-0.0037633291495074994,-0.003770428289181051,3381.3395141601563,3373.5211572265625,3293.564134640521,3338.889159950825,0.016396188121944193,2,1,2
2024-02-15,3309.0,3321.949951171875,3290.199951171875,3300.300048828125,3212.919677734375,1999189,-0.0026292909667829933,-0.0026327536231628436,3368.0411743164063,3373.2631689453124,3281.1572951164985,3329.558087194051,0.01582289485597884,2,1,3
2024-02-16,3304.949951171875,3398.0,3304.050048828125,3386.75,3297.080810546875,2768329,0.02619459596072038,0.025857393443571172,3359.0750122070312,3374.6514111328124,3283.607066721172,3327.152362997964,0.01659656778880403,2,1,4
2024-02-19,3400.550048828125,3408.0,3335.5,3339.85009765625,3251.423095703125,1216447,-0.01384792107542454,-0.013944698012780634,3346.6066162109373,3373.6301904296874,3278.6556865645493,3321.5427876427907,0.01673735946811251,2,1,0
2024-02-20,3339.85009765625,3367.75,3328.449951171875,3356.75,3267.87548828125,1578162,0.005060058963063829,0.005047299887724281,3332.52705078125,3373.6525830078126,3276.997194520965,3317.567432134528,0.016382006402312275,2,1,1
2024-02-21,3356.89990234375,3356.89990234375,3290.050048828125,3296.39990234375,3209.123046875,2430672,-0.01797878824237309,-0.018142370293111894,3320.1340942382812,3372.0550244140627,3266.5550179600477,3309.5345147078965,0.016640986295003362,2,1,2
2024-02-22,3310.0,3369.0,3276.949951171875,3363.75,3274.68994140625,2521388,0.020431405581377904,0.02022548452786717,3309.16005859375,3371.625703125,3267.8065446440787,3306.953435204071,0.016835757625643297,2,1,3
2024-02-23,3363.75,3399.89990234375,3340.75,3387.949951171875,3298.249267578125,2107176,0.007194368503101067,0.007168612492398177,3299.1571044921875,3372.5125830078123,3272.490040480086,3306.3086820465937,0.016911797818453228,2,1,4
2024-02-26,3400.0,3491.64990234375,3393.0,3470.14990234375,3378.272705078125,4122419,0.024262398323447565,0.02397274215405372,3287.5794677734375,3373.88232421875,3288.764296572092,3311.6393504192997,0.01742689458697971,2,1,0
2024-02-27,3475.0,3512.0,3451.89990234375,3506.449951171875,3413.611572265625,2122286,0.010460631888710381,0.010406298061260099,3281.4048828125,3375.310478515625,3307.9715697557126,3319.1928483338424,0.017199454673504054,2,1,1
2024-02-28,3505.0,3513.0,3446.14990234375,3470.199951171875,3378.321533203125,1666903,-0.010338035923366018,-0.010391844588614271,3280.9400146484377,3374.96390625,3318.7946410553145,3323.5727509167523,0.01725121968951167,2,1,2
2024-02-29,3485.0,3496.0,3436.449951171875,3477.550048828125,3385.47705078125,2119512,0.002118068842115406,0.0021158288966535883,3284.81220703125,3374.6903466796875,3329.053473320843,3328.158254610419,0.01717321657775824,2,1,3
2024-03-01,3501.64990234375,3658.35009765625,3500.0,3633.5,3537.298095703125,4407803,0.04484480108551914,0.043868358679587376,3297.343896484375,3377.3101025390624,3361.0911075335016,3343.65009469136,0.019085678792916273,3,1,4
2024-03-04,3670.0,3679.800048828125,3622.050048828125,3644.449951171875,3547.9580078125,1307501,0.0030135747174726557,0.003009043003340443,3312.078161621094,3381.709453125,3389.839861422578,3358.784014181815,0.01905437607302103,3,1,0
2024-03-05,3631.199951171875,3644.449951171875,3590.300048828125,3612.60009765625,3516.95166015625,1981370,-0.0087392093108134,-0.008777620151158886,3321.246337890625,3385.378671875,3409.39552276622,3370.500136105847,0.01895830272277143,3,1,1
2024-03-06,3618.0,3652.449951171875,3586.050048828125,3642.199951171875,3545.767578125,1500196,0.008193435893705026,0.008160051926794535,3333.2936767578126,3388.5766943359376,3430.375838975263,3383.482909588747,0.018365414245890915,3,1,2
2024-03-07,3660.75,3705.14990234375,3643.25,3676.949951171875,3579.59765625,2344401,0.009540974522331602,0.009495746874567066,3349.914172363281,3392.21572265625,3453.3330416329145,3398.009927859951,0.01834447654839761,3,1,3
2024-03-11,3700.0,3700.0,3631.449951171875,3640.60009765625,3544.2099609375,1748541,-0.00988594213953431,-0.009935132529592841,3365.2982666015623,3394.0965673828123,3467.314106141312,3408.8395599397695,0.0184509998206327,3,1,0
2024-03-12,3639.050048828125,3672.0,3613.14990234375,3621.64990234375,3525.761474609375,1470377,-0.005205246453075518,-0.005218840944031542,3380.976843261719,3396.1137060546876,3476.3060089825526,3417.5004425078882,0.017500959812277873,3,1,1
2024-03-13,3634.89990234375,3636.800048828125,3511.89990234375,3538.550048828125,3444.86181640625,2503293,-0.02294530097561065,-0.02321264178762755,3391.5420043945314,3396.358056640625,3471.468440893891,3419.527210944804,0.017615661432967313,3,1,2
2024-03-14,3527.050048828125,3636.0,3522.0,3608.199951171875,3512.667724609375,4528490,0.019683201189724775,0.019491991985129565,3406.105908203125,3397.96923828125,3477.8067922347345,3426.4265082532906,0.016149128815653616,3,1,3
2024-03-15,3598.0,3603.0,3524.050048828125,3537.14990234375,3443.4990234375,4054210,-0.019691216646335885,-0.01988767189163141,3417.634875488281,3399.8977880859375,3472.528673958237,3427.6911390076766,0.01596140711120727,3,1,4
2024-03-18,3537.14990234375,3572.199951171875,3526.699951171875,3561.199951171875,3466.912353515625,1354787,0.0067992846574855825,0.006776273767731988,3426.1264526367186,3402.250791015625,3471.6646246593737,3430.596414156413,0.015918039395801192,3,1,0
2024-03-19,3541.0,3549.5,3481.0,3501.699951171875,3408.987548828125,1447405,-0.016707894166623882,-0.016849045466454837,3434.004675292969,3403.0880224609373,3462.021997608412,3428.995757465429,0.016132595477555436,3,1,1
2024-03-20,3502.75,3524.949951171875,3487.75,3509.699951171875,3416.77587890625,1442811,0.0022846460911252198,0.0022820402554312117,3441.4496948242186,3402.85048828125,3455.061056269618,3428.09058127586,0.015538655710637415,3,1,2
2024-03-21,3525.14990234375,3596.0,3525.14990234375,3560.0,3465.744140625,2504962,0.01433171605461725,0.014229987820166264,3454.2807495117186,3403.997294921875,3456.7046077089076,3430.8797338202407,0.015616458241524966,3,1,3
2024-03-22,3546.199951171875,3647.300048828125,3546.199951171875,3617.800048828125,3522.013671875,3020545,0.01623591614580433,0.016105523132736253,3466.646936035156,3405.20154296875,3466.752156042153,3437.6303958983713,0.015401882370342707,3,1,4
2024-03-26,3605.0,3676.89990234375,3600.0,3670.10009765625,3572.928955078125,2320963,0.014456299136402784,0.01435280309806547,3480.3809204101562,3407.627568359375,3483.0870482015334,3447.6525113931675,0.015499494121836925,3,1,1
2024-03-27,3683.0,3727.199951171875,3670.10009765625,3706.39990234375,3608.267822265625,2387693,0.009890727644408903,0.009842134549078773,3491.8806762695312,3411.5518359375,3502.345628826778,3459.5499418281643,0.015401512311978694,3,1,2
2024-03-28,3706.550048828125,3813.35009765625,3697.550048828125,3763.89990234375,3664.245361328125,4278668,0.015513687403434506,0.01539458043435608,3504.4123657226564,3415.3505224609376,3527.2532799808314,3474.712565494828,0.015538553662805623,3,1,3
2024-04-01,3780.85009765625,3851.85009765625,3780.85009765625,3838.0,3736.383544921875,1905190,0.019687050532992467,0.019495767016430965,3522.315466308594,3421.0933349609377,3559.427166894838,3494.0956010079426,0.015708238429042454,4,2,0
2024-04-02,3849.800048828125,3860.0,3771.25,3807.39990234375,3706.59375,3608162,-0.007972895331466279,-0.008004848815967296,3538.371301269531,3425.64748046875,3582.068179680248,3509.836204636984,0.015828439826822017,4,2,1
2024-04-03,3799.699951171875,3799.699951171875,3770.14990234375,3782.449951171875,3682.304443359375,1684618,-0.006552999405620041,-0.006574564568853927,3545.621618652344,3429.76548828125,3597.4891433231905,3522.611629727531,0.015433235372328163,4,2,2
2024-04-04,3804.89990234375,3819.75,3731.050048828125,3797.85009765625,3697.296630859375,2339529,0.004071414444570598,0.004063148664795414,3553.0885498046873,3433.6956005859374,3612.84414140568,3535.551259441001,0.015068939937445498,4,2,3
2024-04-05,3770.10009765625,3790.0,3716.25,3743.10009765625,3643.99609375,1645597,-0.014416083541824443,-0.01452100486466717,3559.440771484375,3435.5861865234374,3617.6367494586525,3543.5842101305566,0.015454219126800737,4,2,4
2024-04-08,3745.0,3819.800048828125,3743.10009765625,3807.85009765625,3707.031982421875,1083395,0.017298560989126965,0.017150644277222696,3567.5039916992187,3440.5871826171874,3631.3898622222255,3555.691452522506,0.015081280784528929,4,2,0
2024-04-09,3820.0,3827.949951171875,3775.0,3785.25,3685.0302734375,1997057,-0.005935127910604354,-0.005952810783719574,3572.7756225585936,3444.404375,3639.6422331784215,3565.272105923617,0.01491402392488953,4,2,1
2024-04-10,3800.0,3800.0,3750.10009765625,3753.199951171875,3653.82861328125,1951581,-0.008467138080562986,-0.00850318793114445,3578.256555175781,3447.5147802734373,3641.824753194241,3571.8318472093674,0.015073407938625156,4,2,2
2024-04-12,3749.949951171875,3802.10009765625,3663.5,3679.25,3581.836669921875,3437544,-0.019703152769041332,-0.019899847846366413,3581.0603149414064,3446.9550048828123,3632.595817306185,3572.5729451880716,0.01512514312156254,4,2,4
2024-04-15,3626.050048828125,3679.85009765625,3586.199951171875,3600.800048828125,3505.4638671875,1719910,-0.02132224603531152,-0.02155284899702067,3584.0904174804687,3446.322216796875,3613.037055749464,3567.601902373214,0.015621548839026946,4,2,0
2024-04-16,3580.050048828125,3598.14990234375,3529.449951171875,3543.449951171875,3449.632080078125,2291042,-0.01592707533858273,-0.01605527424765616,3580.9386352539063,3447.56248046875,3587.897828723104,3558.863397018022,0.015793838348880176,4,2,1
2024-04-18,3561.949951171875,3617.64990234375,3539.699951171875,3550.949951171875,3456.93359375,3273257,0.0021166064966875453,0.002114369640962771,3581.6103637695314,3450.54048828125,3567.749484881088,3551.313041220391,0.015793834195221124,4,2,3
2024-04-19,3525.0,3542.89990234375,3472.39990234375,3518.35009765625,3425.197021484375,2759031,-0.00918055594790812,-0.009222956961095338,3579.5245971679688,3453.311142578125,3545.818336666209,3541.971113832538,0.013516340817316935,4,2,4
2024-04-22,3568.75,3620.0,3540.949951171875,3612.699951171875,3517.048583984375,2605754,0.02681643185015803,0.026463172857349483,3584.9276489257813,3458.58666015625,3541.3922208690033,3540.125000510452,0.014427074557261851,4,2,0
2024-04-23,3632.75,3632.75,3588.0,3610.14990234375,3514.56591796875,1434580,-0.0007058947172156049,-0.0007061439781997455,3589.8171508789064,3462.2062158203125,3537.2650973458876,3538.231735136993,0.01433721605911395,4,2,1
2024-04-24,3616.550048828125,3654.949951171875,3601.10009765625,3634.85009765625,3538.612060546875,1501234,0.006841852774815083,0.006818553513158844,3593.460546875,3466.882041015625,3537.472322453732,3538.259907389577,0.014312933842149482,4,2,2
2024-04-25,3616.10009765625,3666.0,3611.60009765625,3652.300048828125,3555.600341796875,2420380,0.004800831783570603,0.004789344541536751,3595.1398803710936,3473.05029296875,3540.261248506523,3539.54438401234,0.014230262905683331,4,2,3
2024-04-26,3652.0,3660.89990234375,3585.0,3605.199951171875,3509.747314453125,1973113,-0.012896001500713572,-0.012979876812485847,3591.9807983398437,3478.514677734375,3535.5667971136927,3537.3371936746203,0.014311827066636874,4,2,4
2024-04-29,3606.10009765625,3649.89990234375,3605.199951171875,3634.300048828125,3538.076904296875,1396979,0.008071689299992801,0.008039287457540036,3588.4712524414062,3485.0324169921873,3535.952967449567,3537.3919870540467,0.014357773951446136,4,2,0
2024-04-30,3639.0,3648.949951171875,3584.050048828125,3594.300048828125,3499.135986328125,1571996,-0.01100623842332471,-0.011067255188545448,3580.215783691406,3490.34396484375,3530.2888165078066,3534.558209222497,0.013850144812781523,4,2,1
2024-05-02,3590.050048828125,3634.14990234375,3576.050048828125,3599.5,3504.197998046875,3748847,0.0014466461830944244,0.0014456007985844523,3568.6065063476562,3496.0001318359373,3526.274844436894,3532.30930469097,0.013376428530226863,5,2,3
2024-05-03,3610.0,3622.0,3488.449951171875,3499.800048828125,3407.137939453125,4079696,-0.027698223287567658,-0.028089052838736892,3553.6337158203123,3499.8844970703126,3507.946089824007,3523.0373517103885,0.013854343674269028,5,2,4
2024-05-06,3522.800048828125,3527.0,3441.10009765625,3463.300048828125,3371.604248046875,2614667,-0.010429190727732407,-0.010483955840669383,3538.0987060546877,3501.3749658203124,3486.9704218582942,3511.8200847723506,0.01390856211047298,5,2,0
2024-05-07,3479.39990234375,3496.0,3425.0,3427.75,3336.995361328125,3376013,-0.010264812882116447,-0.01031785939444666,3520.083642578125,3503.0864111328124,3463.8973356228835,3498.8701052579636,0.013703242225150966,5,2,1
2024-05-08,3429.0,3497.39990234375,3367.800048828125,3486.85009765625,3394.531005859375,4116670,0.017241751426454233,0.01709479916828991,3507.610388183594,3505.619521484375,3453.225592582344,3491.1412830802906,0.014079513272453959,5,2,2
2024-05-09,3312.75,3377.0,3266.64990234375,3275.449951171875,3188.727783203125,12120574,-0.060627881230428726,-0.06254358565770302,3481.695178222656,3505.2116162109373,3412.5336219086175,3468.7402830893893,0.017629833220711665,5,2,3
2024-05-10,3281.60009765625,3306.14990234375,3234.60009765625,3271.449951171875,3184.833740234375,4132191,-0.0012211901527819924,-0.0012219364130889787,3456.6853515625,3503.4144921875,3377.502870881811,3447.7101688038324,0.017270418824968003,5,2,4
2024-05-13,3267.050048828125,3315.0,3225.199951171875,3293.85009765625,3206.640869140625,3557067,0.006847179691284344,0.0068238442173176195,3434.325964355469,3501.58232421875,3351.216409075475,3429.853183643595,0.01705668791714549,5,2,0
2024-05-14,3300.0,3384.89990234375,3293.39990234375,3379.449951171875,3289.974365234375,2870328,0.02598778581527994,0.02565584201424688,3419.7328491210938,3499.816357421875,3341.7945561768443,3419.4917896873567,0.017730894652268788,5,2,1
2024-05-15,3390.0,3417.39990234375,3353.14990234375,3411.300048828125,3320.98095703125,2718682,0.009424569420517726,0.00938043524649883,3410.5087036132813,3497.9637451171875,3338.592464000599,3412.1946909720896,0.017546501548616034,5,2,2
2024-05-16,3428.949951171875,3468.5,3378.699951171875,3460.60009765625,3368.975830078125,3398714,0.014452016939530798,0.014348581914842885,3406.4758911132812,3497.7768310546876,3343.2668280125263,3408.993293868833,0.01733661318366978,5,2,3
2024-05-17,3475.949951171875,3475.949951171875,3412.14990234375,3450.75,3359.386474609375,2676919,-0.00284637110873176,-0.0028504297263602795,3401.59853515625,3497.25501953125,3345.7467736428107,3405.3187146644286,0.017314185290589233,5,2,4
2024-05-21,3458.0,3470.300048828125,3434.0,3440.949951171875,3349.845947265625,2100848,-0.002839961229783583,-0.0028440015710985093,3397.8309814453123,3493.5059765625,3346.3774157386283,3401.209620783036,0.017302110693118763,5,2,1
2024-05-22,3450.050048828125,3472.699951171875,3435.050048828125,3460.85009765625,3369.21923828125,1409992,0.005783337896908103,0.005766678598334423,3390.4395141601562,3489.931201171875,3349.891542283647,3398.839962819941,0.017329047169893814,5,2,2
2024-05-23,3460.89990234375,3601.64990234375,3455.0,3585.39990234375,3490.471435546875,4525637,0.03598821824592213,0.03535577142312965,3389.2347900390623,3489.4015966796874,3371.5192181702973,3405.627479318232,0.01857708095085015,5,2,3
2024-05-24,3586.0,3659.0,3582.300048828125,3625.89990234375,3529.899169921875,2740360,0.011295819233318793,0.01123249786554767,3388.7991455078127,3489.084228515625,3395.885364593617,3414.8327897333165,0.018401739062845413,5,2,4
2024-05-27,3644.89990234375,3695.0,3600.0,3652.0,3555.30810546875,2570708,0.00719820434628371,0.007172420928980349,3388.784533691406,3488.5984375,3420.4119401128683,3425.238368676682,0.01844789600030694,5,2,0
2024-05-28,3652.0,3685.25,3646.050048828125,3658.199951171875,3561.343994140625,1440187,0.0016977118417924597,0.0016962723580323754,3391.364367675781,3488.9411181640626,3442.0937945786773,3435.320266859196,0.01839982590179244,5,2,1
2024-05-29,3611.0,3661.85009765625,3610.35009765625,3634.800048828125,3538.5634765625,1506146,-0.00639660690335031,-0.006417152856408974,3391.3886962890624,3489.197158203125,3456.9352841146497,3442.9679120224037,0.018083313241936363,5,2,2
2024-05-30,3626.050048828125,3643.949951171875,3607.75,3634.699951171875,3538.466064453125,2701849,-2.7528716107561024e-05,-2.7529095029620464e-05,3393.3552001953126,3491.0692431640623,3469.4784810897995,3450.0418492394942,0.017639946903777955,5,2,3
2024-05-31,3636.39990234375,3744.800048828125,3636.39990234375,3669.300048828125,3572.150390625,6432341,0.00951947130714692,0.00947444665522008,3396.752819824219,3492.258896484375,3485.2741594798304,3459.086926379161,0.017435175343138227,5,2,4
2024-06-03,3855.39990234375,3919.89990234375,3801.10009765625,3897.14990234375,3793.96728515625,5767666,0.06209618024857,0.06024448392477622,3416.094287109375,3499.26826171875,3532.7654095838952,3483.8928788811677,0.020669490322523767,6,2,0
2024-06-04,3852.0,3898.0,3320.0,3403.199951171875,3313.095703125,9920882,-0.1267463701947672,-0.1355292386416728,3413.1688598632813,3496.1919287109376,3498.9700701286806,3471.2412362325626,0.03145224688463435,6,2,1
2024-06-05,3441.5,3441.5,3175.050048828125,3409.0,3318.741943359375,10372458,0.0017042188757327992,0.0017027683425281394,3412.2561889648437,3494.3870166015627,3471.242666010326,3459.94499231603,0.031028557486668117,6,2,2
2024-06-06,3438.0,3538.199951171875,3385.300048828125,3482.550048828125,3390.3447265625,8374602,0.02157527895364031,0.021345827081661425,3412.046875,3493.8583935546876,3458.796829172199,3454.789417075028,0.031312191853301474,6,2,3
2024-06-07,3465.050048828125,3548.0,3446.0,3532.5,3438.97216796875,5879660,0.014342919475198501,0.014241032884155484,3424.5590942382814,3493.3229541015626,3455.7468812947454,3453.617768993081,0.031404313100851663,6,2,4
2024-06-10,3521.050048828125,3585.0,3521.050048828125,3543.75,3449.92431640625,3151257,0.003184715636698199,0.0031796551711042466,3437.813623046875,3491.8811669921874,3454.851102081131,3453.3441799125753,0.03139637886050573,6,2,0
2024-06-11,3570.0,3639.0,3551.199951171875,3598.699951171875,3503.41943359375,2548176,0.01550617123196063,0.015387179057710794,3452.652551269531,3490.4909765625,3462.3231530830726,3457.0534579630325,0.03143804136688808,6,2,1
2024-06-12,3615.0,3648.949951171875,3578.0,3630.300048828125,3534.182861328125,2242274,0.008780971938269655,0.008742643415215325,3464.8629760742188,3489.00927734375,3473.378492813081,3462.766747101188,0.031444243183708,6,2,2
2024-06-13,3665.5,3715.89990234375,3635.0,3703.64990234375,3605.5908203125,2965500,0.02020494178887522,0.020003530436219014,3479.093469238281,3487.8361865234374,3493.7188508899144,3473.3463080798033,0.03156768212036856,6,2,3
2024-06-14,3718.0,3720.0,3675.0,3687.800048828125,3590.16015625,1746508,-0.004279649253478679,-0.004288833164322758,3490.152685546875,3484.91171875,3508.555974791466,3481.99918572204,0.03158536067947293,6,2,4
2024-06-18,3708.0,3710.0,3675.0,3689.199951171875,3591.523193359375,1936792,0.0003796591377691616,0.0003795870854750135,3501.759521484375,3482.6103076171876,3521.320162263452,3490.112075176657,0.03110839625179078,6,2,1
2024-06-19,3690.0,3699.0,3575.0,3589.949951171875,3494.901123046875,2936151,-0.026902811178040387,-0.027271316047525345,3509.0122802734377,3478.8622412109376,3517.2556946916707,3490.4668194633396,0.03148308269390581,6,2,2
2024-06-20,3584.949951171875,3613.300048828125,3564.60009765625,3594.449951171875,3526.7890625,2618715,0.009124132079972869,0.009082758660801353,3516.890771484375,3475.45208984375,3518.7223666621826,3493.1573559845738,0.03142791721729527,6,2,3
2024-06-21,3604.050048828125,3610.0,3516.0,3535.0,3468.45849609375,4508508,-0.01653928413992012,-0.016677585153540012,3515.7901245117187,3471.941337890625,3510.9894634978086,3491.3278108074755,0.031481022199567575,6,2,4
2024-06-24,3520.35009765625,3567.0,3505.0,3531.60009765625,3465.122314453125,2330559,-0.0009618629268253187,-0.0009623258138166808,3512.5512817382814,3467.10314453125,3503.932979029396,3489.3866629293757,0.029244073016447946,6,2,0
2024-06-25,3556.5,3591.949951171875,3528.0,3587.800048828125,3520.264404296875,2158039,0.015913461297960785,0.015788169640784347,3510.7990966796874,3463.8078271484374,3506.4455059936236,3491.673903030672,0.029321745448215055,6,2,1
2024-06-26,3601.0,3624.89990234375,3592.25,3602.949951171875,3535.12939453125,2480187,0.004222691402449907,0.004213800860332902,3509.4883666992187,3461.4338427734374,3510.858411922489,3494.892828327011,0.029316200271801506,6,2,2
2024-06-27,3597.449951171875,3601.300048828125,3550.0,3564.39990234375,3497.304931640625,5519875,-0.010699597856061116,-0.01075725015962432,3507.425439453125,3459.7432080078124,3508.7732611098945,3495.071502646538,0.029118722227440476,6,2,3
2024-06-28,3540.0,3575.949951171875,3538.10009765625,3548.449951171875,3481.655029296875,3141514,-0.0044748463887615,-0.0044848884829470905,3504.5848876953123,3459.26703125,3504.601225446353,3494.0776898058225,0.02911485889293426,6,2,4
2024-07-01,3535.199951171875,3541.39990234375,3514.0,3526.550048828125,3460.16748046875,2961120,-0.0061716478649708195,-0.006190771205939761,3498.9857421875,3459.4777392578126,3497.7652646805677,3491.5658224475205,0.029054331634362704,7,3,0
2024-07-02,3535.050048828125,3634.0,3535.050048828125,3626.5,3558.23583984375,5087748,0.02834208457496823,0.027947878774555585,3487.199169921875,3461.5037841796875,3507.068430090288,3496.5043422546487,0.02945529411681145,7,3,1
2024-07-03,3650.35009765625,3650.5,3605.0,3614.35009765625,3546.314697265625,1923801,-0.00335029579676438,-0.0033559206044207323,3498.8601196289064,3463.9261376953127,3513.106317348032,3500.1939981813875,0.029458548361166466,7,3,2
2024-07-04,3616.10009765625,3644.0,3565.800048828125,3573.300048828125,3506.03759765625,1851947,-0.01135745218562545,-0.011422440582670028,3508.22490234375,3463.70591796875,3512.018822010835,3500.6268574017477,0.02955560013575446,7,3,3
2024-07-05,3573.300048828125,3638.0,3568.0,3627.14990234375,3558.873779296875,1635209,0.01507005563087671,0.014957630437944456,3516.6513549804686,3464.5920751953126,3519.227276977918,3504.941444208794,0.028961321967294867,7,3,4
2024-07-08,3640.10009765625,3645.699951171875,3594.0,3632.0,3563.63232421875,1706210,0.0013370929167415557,0.0013361998040353608,3522.8843627929687,3465.09248046875,3526.0588227072767,3509.2889168021243,0.02889713331066055,7,3,0
2024-07-09,3650.0,3685.0,3646.10009765625,3666.10009765625,3597.0908203125,2425176,0.00938887434216018,0.009345072812717195,3530.2426879882814,3465.9222900390623,3536.98682233885,3515.7927615065964,0.028916768976016895,7,3,1
2024-07-10,3685.050048828125,3694.0,3601.0,3650.050048828125,3581.3427734375,2231438,-0.004377995347260022,-0.004387606831838691,3534.1388549804688,3467.35419921875,3543.810814815565,3520.6483179459224,0.02893165376368933,7,3,2
2024-07-11,3660.0,3684.60009765625,3603.0,3621.10009765625,3552.937744140625,2942924,-0.007931390848022857,-0.00796301163728648,3535.0765991210938,3467.651416015625,3545.214957788651,3523.040127293678,0.028945830704136137,7,3,3
2024-07-12,3630.0,3667.699951171875,3612.699951171875,3649.35009765625,3580.656005859375,2001185,0.007801505040290202,0.007771230655079454,3533.8298583984374,3469.28181640625,3550.6674267226085,3527.307970150396,0.028975605519522742,7,3,4
2024-07-15,3670.0,3674.0,3637.0,3651.60009765625,3582.863525390625,943302,0.0006165125964732177,0.0006163226306559488,3533.4650268554688,3470.855126953125,3555.6206726715345,3531.4231964644873,0.028929023927615524,7,3,0
2024-07-16,3646.10009765625,3651.60009765625,3621.0,3636.550048828125,3568.096923828125,2220953,-0.0041214524242561,-0.004129969017843709,3532.2937133789064,3474.074306640625,3557.5400959263948,3534.139768861794,0.026492938236294925,7,3,1
2024-07-18,3640.0,3679.25,3598.64990234375,3656.199951171875,3587.376708984375,3240772,0.005403380448411488,0.005388834562719827,3536.9174926757814,3478.389755859375,3562.1303440891606,3538.083245907911,0.01200722043106341,7,3,3
2024-07-19,3651.0,3658.949951171875,3610.0,3618.5,3550.386474609375,2432533,-0.01031122108875826,-0.010364750012572714,3538.09736328125,3482.657578125,3560.3235949384243,3538.9945961820936,0.012240548673343229,7,3,4
2024-07-22,3617.89990234375,3661.85009765625,3567.60009765625,3651.449951171875,3582.71630859375,3639057,0.009106004153514702,0.009064794479082726,3543.81025390625,3486.4212841796875,3563.7686278084743,3542.23324154592,0.011766839431683948,7,3,0
2024-07-23,3669.60009765625,3714.0,3460.0,3538.050048828125,3471.450927734375,6957691,-0.031056151611135396,-0.03154861676952872,3544.1266845703126,3492.0757470703124,3549.565904720151,3536.990107189509,0.012970283666495698,7,3,1
2024-07-24,3549.0,3557.949951171875,3501.0,3519.449951171875,3453.200927734375,3184060,-0.005257167789466832,-0.005271035320026036,3540.7735107421877,3497.4430908203126,3534.7405236454165,3530.783501303944,0.01299921290899895,7,3,2
2024-07-25,3539.0,3630.89990234375,3532.050048828125,3619.14990234375,3551.0244140625,4691483,0.028328350529057245,0.027934523162808783,3541.56826171875,3504.33076171875,3537.245737555737,3532.282828174948,0.013713911869660849,7,3,3
2024-07-26,3629.0,3701.0,3596.10009765625,3679.89990234375,3610.630615234375,2617659,0.016785635417156497,0.016646313548191377,3547.2345458984373,3510.74388671875,3548.535718737066,3538.086367957128,0.013955504246374179,7,3,4
2024-07-29,3701.0,3790.0,3686.60009765625,3774.949951171875,3703.8916015625,4159919,0.025829556181855784,0.025501608369273582,3558.3463745117188,3518.402099609375,3572.4366237871327,3550.3682371130812,0.014259555067817275,7,3,0
2024-07-30,3774.85009765625,3795.0,3738.60009765625,3784.64990234375,3713.408935546875,1979989,0.0025695498162958685,0.002566254167515244,3571.008447265625,3525.29076171875,3594.12467175017,3562.445325885955,0.014226981601437068,7,3,1
2024-07-31,3777.050048828125,3822.0,3763.10009765625,3815.0,3743.187744140625,2703636,0.008019264538492,0.007987281111881071,3580.2560424804688,3532.966787109375,3617.0574521179324,3575.8336531640784,0.014279630860148414,7,3,2
2024-08-01,3810.0,3838.949951171875,3765.85009765625,3779.300048828125,3708.15966796875,1998663,-0.009357819742465745,-0.009401879220154768,3588.348291015625,3540.1330615234374,3631.0731776334424,3585.6355801866466,0.013409988178855308,8,3,3
2024-08-02,3730.35009765625,3748.89990234375,3657.10009765625,3665.699951171875,3596.6982421875,2512525,-0.03005842136304404,-0.030519437507823727,3592.8813232421876,3544.6826416015624,3625.7847260263743,3586.455036631154,0.014557562306042706,8,3,4
2024-08-05,3597.0,3607.89990234375,3511.5,3528.0,3461.590087890625,2900685,-0.03756449532299455,-0.0382882231931292,3588.017138671875,3544.1050146484376,3600.524012467028,3577.205781168893,0.015866243283713596,8,3,0
2024-08-06,3548.0,3634.89990234375,3546.0,3576.199951171875,3508.8828125,2125532,0.013662138903972165,0.013569653299587502,3585.2796630859375,3543.6846875,3586.4253663182544,3572.1448205267525,0.016057389225722522,8,3,1
2024-08-07,3630.0,3655.75,3610.35009765625,3638.25,3569.764892578125,1613097,0.017350844508468466,0.017202037425557478,3583.913366699219,3543.9738232421873,3583.8622165120805,3571.9685295675945,0.016106900265323715,8,3,2
2024-08-08,3621.0,3628.75,3547.449951171875,3553.550048828125,3486.6591796875,2038088,-0.023280444340580964,-0.0235557145530241,3579.1791870117186,3542.480126953125,3568.9079031544525,3565.649318465365,0.016666094373007305,8,3,3
2024-08-09,3600.0,3605.550048828125,3575.699951171875,3592.050048828125,3524.4345703125,848232,0.010834265317663183,0.010775995163572838,3577.7540283203125,3542.197548828125,3562.065851947998,3562.5963741577457,0.01666759820860149,8,3,4
2024-08-12,3579.0,3611.0,3563.0,3571.949951171875,3504.712890625,1965035,-0.005595700329812381,-0.005611414911045985,3573.9568725585937,3541.5224853515624,3553.2423194367675,3558.308708710875,0.016680136467968173,8,3,0
2024-08-13,3580.0,3607.0,3545.199951171875,3551.800048828125,3484.9423828125,1316218,-0.005641120522421494,-0.005657091734805839,3569.0608154296874,3539.7783251953124,3542.7346368791877,3552.8741660517367,0.016673258012475954,8,3,1
2024-08-14,3558.949951171875,3578.699951171875,3536.5,3545.199951171875,3478.46630859375,1584372,-0.0018583016610803638,-0.001860030445679674,3564.5792846679688,3533.4683056640624,3532.847201758351,3547.3624729067005,0.015815992829190106,8,3,2
2024-08-16,3578.0,3580.89990234375,3533.0,3568.35009765625,3501.1806640625,2808865,0.006529991511670774,0.0065087634795657845,3560.269482421875,3537.2300048828124,3527.97542672822,3543.9415981775005,0.015860285886578774,8,3,4
2024-08-19,3599.85009765625,3599.89990234375,3547.0,3555.050048828125,3488.131103515625,1898535,-0.0037271885683651806,-0.003734151843354667,3557.1567138671876,3540.6177880859377,3521.8455308493594,3539.807487461806,0.015737631484297153,8,3,0
2024-08-20,3562.0,3580.0,3548.0,3572.699951171875,3505.44873046875,1285569,0.004964729374899557,0.004952445745836236,3553.2933349609375,3542.9198681640623,3519.3229461754195,3537.262394351209,0.01550933185676351,8,3,1
2024-08-21,3590.0,3615.300048828125,3581.89990234375,3596.050048828125,3528.359375,1714248,0.006535723752601141,0.006514458515636309,3556.1387573242187,3544.7076123046877,3520.7131659945853,3536.6029114363046,0.015558225478352125,8,3,2
2024-08-22,3607.050048828125,3612.14990234375,3583.949951171875,3606.5,3538.6123046875,1734927,0.00290586320660724,0.0029016493474113597,3560.409326171875,3546.4813720703123,3523.466879639649,3536.7517553808375,0.015464992294018,8,3,3
2024-08-23,3606.5,3622.0,3587.050048828125,3598.550048828125,3530.81201171875,1825180,-0.002204336699563658,-0.0022067698259836837,3559.3987060546874,3547.0292236328123,3524.5968999595107,3536.3117743688313,0.015450942476926037,8,3,4
2024-08-26,3611.0,3648.0,3594.699951171875,3641.89990234375,3573.34619140625,1606911,0.012046571594955813,0.011974589169019978,3557.5344848632812,3547.812490234375,3532.0967909513165,3539.055064519751,0.015543494203996486,8,3,0
2024-08-27,3642.64990234375,3737.0,3636.0,3702.699951171875,3633.00146484375,3315435,0.016694512717790433,0.01655669113460585,3553.9899780273436,3548.360703125,3547.6205869347677,3546.0140571363436,0.015774407055287973,8,3,1
2024-08-28,3705.0,3724.39990234375,3685.0,3689.050048828125,3619.608642578125,1278175,-0.0036864345900287088,-0.0036932462356321525,3549.2999633789063,3548.9496728515624,3558.695672418361,3551.465507909809,0.015793849145788203,8,3,2
2024-08-29,3690.5,3710.0,3651.550048828125,3683.449951171875,3614.114013671875,2165489,-0.001518017401554328,-0.0015191707573272346,3542.8462768554687,3549.4014892578125,3567.221571072748,3556.1061379662583,0.015774940150746954,8,3,3
2024-08-30,3718.35009765625,3745.0,3666.39990234375,3704.64990234375,3634.9150390625,2592912,0.005755497837626855,0.005738998238613345,3539.184045410156,3552.201767578125,3577.635950763479,3561.9438343437573,0.015778807615381134,8,3,4
2024-09-02,3706.0,3721.949951171875,3666.35009765625,3683.10009765625,3613.770751953125,1277813,-0.00581699623846732,-0.005833980859432107,3540.0376708984377,3553.9414013671876,3583.195150946501,3565.782865277785,0.01569313619430568,9,3,0
2024-09-03,3693.949951171875,3713.949951171875,3666.89990234375,3690.14990234375,3620.687744140625,1211993,0.0019140650202456033,0.001912235531929147,3547.9925537109375,3556.985986328125,3588.9632422071354,3569.849893341699,0.015615191513818688,9,3,1
2024-09-04,3650.0,3681.0,3631.10009765625,3650.800048828125,3582.07861328125,1930121,-0.010663479865629433,-0.010720742208085535,3551.65234375,3559.3251123046875,3587.9040685262303,3570.7557244483323,0.014606777699789238,9,3,2
2024-09-05,3668.0,3668.0,3608.39990234375,3624.14990234375,3555.93017578125,2958770,-0.007299794427472861,-0.007326568302240218,3550.9606079101563,3560.038427734375,3582.985008103926,3569.6575356581784,0.014642390491157958,9,3,3
2024-09-06,3615.10009765625,3623.800048828125,3536.199951171875,3574.75,3507.460205078125,3096557,-0.01363074309873813,-0.013724494587226247,3552.0006591796873,3559.4850439453126,3571.3658076384177,3565.050325985582,0.013937034879756274,9,3,4
2024-09-09,3584.0,3594.0,3553.85009765625,3578.300048828125,3510.943359375,1454589,0.0009930702255245283,0.0009925774574966375,3551.3260986328123,3559.7578125,3562.070046367123,3561.042402532946,0.013561984283077965,9,3,0
2024-09-10,3585.0,3625.0,3571.0,3596.14990234375,3528.457275390625,1203483,0.0049883789691049785,0.004975978229363673,3552.513317871094,3560.693857421875,3556.8988508322773,3558.6286894112927,0.012651816992436267,9,3,1
2024-09-11,3595.0,3603.949951171875,3516.39990234375,3536.949951171875,3470.37158203125,1865165,-0.0164620650969749,-0.016599070566908312,3551.784777832031,3560.897939453125,3543.586963324427,3552.09112590166,0.012913197676636203,9,3,2
2024-09-12,3558.0,3638.050048828125,3534.0,3622.0,3553.82080078125,3751523,0.024046191244211368,0.023761634236877237,3555.5525024414064,3560.809638671875,3545.1613998562457,3552.219249966815,0.013659341011767903,9,3,3
2024-09-13,3622.0,3634.75,3600.050048828125,3613.0,3544.989990234375,1752455,-0.002484877837659605,-0.0024879702705344797,3557.74296875,3560.78314453125,3545.135029145189,3551.6837492458935,0.01358282247791475,9,3,4
2024-09-16,3619.14990234375,3670.0,3613.0,3662.25,3593.31298828125,1045964,0.013631349645554236,0.013539278557504818,3563.002062988281,3562.52865234375,3552.547022858429,3554.767396581846,0.012719923055590866,9,3,0
2024-09-17,3668.0,3705.0,3659.699951171875,3695.199951171875,3625.642822265625,1289060,0.008997221808902056,0.008956987957276959,3569.011767578125,3563.864033203125,3563.7925304595365,3560.0174281139775,0.010643572971629675,9,3,1
2024-09-18,3689.0,3757.949951171875,3684.199951171875,3730.449951171875,3660.229248046875,2249929,0.009539391351196969,0.00949417866444389,3575.605261230469,3565.7959716796877,3578.628948549896,3567.4405258867846,0.010508208037779975,9,3,2
2024-09-19,3750.0,3750.39990234375,3674.0,3683.699951171875,3614.359375,1711564,-0.012531967245317133,-0.01261115462483322,3579.392614746094,3566.1413427734374,3584.1259372345276,3570.915996191467,0.010365487589540878,9,3,3
2024-09-20,3700.0,3809.89990234375,3680.25,3793.89990234375,3722.48486328125,5401701,0.02991553331114183,0.029476792384790968,3588.9762573242188,3568.9641845703127,3605.4119258571004,3582.1433196795992,0.010707598739594962,9,3,4
2024-09-23,3800.0,3838.800048828125,3749.0,3787.699951171875,3716.401611328125,1937874,-0.0016341911858743785,-0.0016355279328222603,3596.1290283203125,3572.2334619140624,3622.487262083412,3592.0883783202307,0.010603950962423116,9,3,0
2024-09-24,3787.699951171875,3831.800048828125,3775.0,3791.60009765625,3720.228271484375,2676546,0.0010296680920021117,0.0010291383474218103,3600.490368652344,3575.0249072265624,3637.524340452791,3601.5802222583156,0.010512706423730814,9,3,1
2024-09-25,3787.550048828125,3813.199951171875,3778.0,3793.85009765625,3722.43603515625,2113862,0.0005934484420748731,0.0005932724211842786,3605.63173828125,3577.816357421875,3650.5876780994768,3610.5325046951993,0.010416725324129376,9,3,2
2024-09-26,3801.0,3802.949951171875,3736.39990234375,3762.14990234375,3691.332275390625,2750597,-0.008355753993317339,-0.008390858994996893,3609.4926513671876,3580.281064453125,3656.8560776827308,3616.5176728948604,0.010571530868741403,9,3,3
2024-09-27,3738.0,3738.0,3651.0,3705.64990234375,3635.89599609375,4095425,-0.015017959685303173,-0.01513187115932358,3609.54169921875,3581.2514501953124,3653.6314497459643,3617.953104242926,0.010979768378054493,9,3,4
2024-09-30,3699.0,3715.64990234375,3665.0,3675.550048828125,3606.36279296875,1837697,-0.008122675444162675,-0.008155844106642192,3609.1713012695313,3582.3709765625,3646.359348703316,3617.0945626670614,0.01107828863139659,9,3,0
2024-10-01,3667.0,3724.0,3639.35009765625,3653.5,3584.727783203125,1674100,-0.0059991218320591955,-0.00601718885719995,3607.3733032226564,3582.4112060546877,3636.877569395594,3614.6970234475107,0.011129537253230968,10,4,1
2024-10-03,3582.5,3617.0,3485.39990234375,3497.64990234375,3431.811279296875,5315877,-0.04265777296194351,-0.04359434744374915,3599.8599365234377,3581.6184130859374,3605.328909380407,3601.1499312882042,0.013604845266952686,10,4,3
2024-10-04,3515.0,3553.550048828125,3468.5,3493.949951171875,3428.180908203125,3445879,-0.0010578586053524575,-0.001058418532684378,3593.4724731445312,3581.1180126953127,3578.075370737748,3588.3374110596797,0.013586502410094669,10,4,4
2024-10-07,3505.0,3512.949951171875,3429.0,3468.35009765625,3403.06298828125,2304227,-0.0073268945234983285,-0.0073538680507321845,3588.2526123046873,3578.1587841796877,3551.150388821364,3574.613379742759,0.013634697954200272,10,4,0
2024-10-08,3492.949951171875,3538.5,3469.0,3532.39990234375,3465.9072265625,2249452,0.018466962997058856,0.01829851923871262,3586.0008056640627,3575.26431640625,3538.036056166154,3566.561072099777,0.013896643638379991,10,4,1
2024-10-09,3542.050048828125,3557.699951171875,3481.0,3487.10009765625,3421.4599609375,1645791,-0.012824135996589492,-0.012907075072954632,3580.6509399414062,3569.61568359375,3520.1012722848227,3555.812841643312,0.013649020969237476,10,4,2
2024-10-10,3515.0,3554.89990234375,3455.5,3460.35009765625,3395.213623046875,2686116,-0.007671093097764481,-0.007700667273674434,3576.8930419921876,3563.25177734375,3500.887787786677,3543.916603228761,0.013686267865758717,10,4,3
2024-10-11,3469.39990234375,3497.10009765625,3447.0,3482.550048828125,3416.995849609375,1280465,0.006415568792090376,0.006395076629846539,3570.051794433594,3556.727939453125,3487.9813357594003,3534.5150659236215,0.013773077782068823,10,4,4
2024-10-14,3510.0,3573.85009765625,3501.300048828125,3555.050048828125,3488.131103515625,1974378,0.02081806857166124,0.020604333855011252,3567.208850097656,3552.3273681640626,3488.0043769526656,3531.0792168563626,0.014320746038453276,10,4,0
2024-10-15,3570.0,3570.0,3520.14990234375,3551.89990234375,3485.040283203125,1231552,-0.0008860963710294323,-0.0008864891864841835,3561.79521484375,3550.094208984375,3487.5483625296592,3527.668925474641,0.014295075892617113,10,4,1
2024-10-16,3550.0,3581.89990234375,3513.550048828125,3532.60009765625,3466.103515625,1961835,-0.005433729896723083,-0.005448546303627843,3553.818249511719,3550.1844775390623,3484.249155313558,3523.1085247450383,0.01430443341057202,10,4,2
2024-10-17,3549.89990234375,3583.0,3521.800048828125,3570.300048828125,3503.093994140625,2968537,0.010672063990262881,0.01061551945751465,3545.9614868164062,3550.068701171875,3487.148361286953,3521.625966922489,0.014355920978058677,10,4,3
2024-10-18,3569.949951171875,3592.449951171875,3540.25,3577.800048828125,3510.452880859375,2102609,0.0021006820630729006,0.00209847871565654,3540.766162109375,3548.8824609375,3490.7336719904024,3520.798330917814,0.014308124864899815,10,4,4
2024-10-21,3580.0,3621.949951171875,3571.300048828125,3585.60009765625,3518.10595703125,1750549,0.0021800822946813625,0.0021777093634400015,3530.547216796875,3549.511396484375,3494.9447927659176,3520.598895815105,0.014090835178126945,10,4,0
2024-10-22,3585.0,3591.64990234375,3500.0,3511.89990234375,3445.793212890625,1363574,-0.02055445316992277,-0.02076863596566982,3517.016796875,3547.9385693359377,3487.3830112466417,3515.0577341169956,0.014589233751758222,10,4,1
2024-10-23,3501.050048828125,3513.949951171875,3443.0,3455.39990234375,3390.356689453125,2125268,-0.016088174772099895,-0.016218994453197463,3500.5232177734374,3545.6514453125,3472.45588481687,3505.8206196974497,0.014820429022977113,10,4,2
2024-10-24,3444.0,3474.60009765625,3416.75,3442.64990234375,3377.8466796875,1924421,-0.0036898801251625812,-0.0036967045254831872,3483.29375,3543.50953125,3457.9006224892746,3496.3410685856015,0.014548536914924193,10,4,3
2024-10-25,3425.0,3435.0,3315.050048828125,3326.39990234375,3263.784912109375,3236774,-0.03376759764261339,-0.034350891554360115,3461.9163818359375,3539.2159033203125,3428.036667046213,3479.1146866244,0.014967229613437855,10,4,4
2024-10-28,3316.0,3373.0,3262.550048828125,3340.800048828125,3277.9140625,2991674,0.00432906909343278,0.004319725629785768,3444.01728515625,3534.7505712890625,3404.940881731411,3464.210936689259,0.015022595439631163,10,4,0
2024-10-29,3316.0,3384.39990234375,3316.0,3380.89990234375,3317.259033203125,2253467,0.012003051316457514,0.011931585995567732,3429.5620971679687,3531.3331298828125,3391.451366573213,3453.325610505101,0.014965143510192189,10,4,1
2024-10-30,3379.949951171875,3438.39990234375,3353.0,3408.35009765625,3344.192626953125,1785128,0.008119231413771466,0.008086447786751959,3417.5353393554688,3528.1080078125,3384.1807912470454,3445.2416857975472,0.014942620290529564,10,4,2
2024-10-31,3530.0,3654.949951171875,3508.35009765625,3622.300048828125,3554.114990234375,7637083,0.06277221042512404,0.060880787050495044,3423.650524902344,3528.6231201171877,3410.3245141681728,3453.30637501509,0.01903253003204425,10,4,3
2024-11-01,3624.949951171875,3641.89990234375,3620.0,3626.35009765625,3558.0888671875,212796,0.0011181059037324026,0.0011174812888734404,3430.1459228515623,3529.0126513671876,3433.0574915557613,3461.0680411019353,0.018905293387328888,11,4,4
2024-11-04,3624.949951171875,3624.949951171875,3530.89990234375,3574.449951171875,3507.16552734375,1724189,-0.01431199212401979,-0.014415396483990256,3435.3510498046876,3528.5397216796873,3444.4587278308363,3464.48266971244,0.01817393691723117,11,4,0
2024-11-05,3556.0,3585.0,3541.89990234375,3574.800048828125,3507.50927734375,1251506,9.801362305816852e-05,9.800882003685448e-05,3437.43115234375,3527.2229833984375,3454.1588123712845,3467.6698258332776,0.018177318818995997,11,4,1
2024-11-06,3594.0,3659.89990234375,3557.39990234375,3645.449951171875,3576.8291015625,1819732,0.01976326182984356,0.019570504112426473,3445.199609375,3526.0995361328123,3473.0311645545485,3475.7556981095163,0.01859376415331918,11,4,2
2024-11-07,3647.35009765625,3663.0,3620.0,3646.550048828125,3577.90869140625,1581009,0.0003018287463827374,0.00030178320525018406,3454.334362792969,3525.265537109375,3489.1661686855796,3483.322586501867,0.018592900800603933,11,4,3
2024-11-08,3640.39990234375,3667.0,3620.64990234375,3660.300048828125,3591.39990234375,1622142,0.0037706973824973566,0.003763606123526465,3463.0545654296875,3524.8112548828126,3504.8944354022215,3491.328313601266,0.018562715705510064,11,4,4
2024-11-11,3646.0,3661.0,3606.0,3628.85009765625,3560.5419921875,926127,-0.008592167677042073,-0.008629293161631484,3466.6751098632812,3523.3237939453124,3513.455597984572,3496.455252755802,0.018428986013797256,11,4,0
2024-11-12,3650.0,3651.0,3580.0,3591.35009765625,3523.747802734375,1116206,-0.01033387319510859,-0.010387638385229787,3468.610485839844,3521.5233349609375,3515.039014099926,3498.476923124585,0.018464765754987643,11,4,1
2024-11-13,3585.0,3604.85009765625,3535.64990234375,3547.949951171875,3481.16455078125,1568694,-0.012084648033006462,-0.01215826105144762,3469.3635375976564,3518.73287109375,3509.8275582047454,3497.194525173227,0.018559209938806723,11,4,2
2024-11-14,3558.0,3565.75,3500.14990234375,3526.25,3459.873291015625,1291765,-0.006116131385069612,-0.00613491153034276,3467.202502441406,3516.2887646484373,3502.142286329496,3494.4299893097004,0.016837374814217827,11,4,3
2024-11-18,3521.10009765625,3568.300048828125,3510.85009765625,3542.14990234375,3475.4736328125,1233217,0.004508934427565503,0.004498799636050201,3465.4535400390623,3514.6796337890623,3498.039416557651,3493.0258147543523,0.01685135108623308,11,4,0
2024-11-19,3559.89990234375,3607.0,3495.0,3505.89990234375,3439.906005859375,1826460,-0.01023389348068282,-0.01028661980745015,3461.5435424804687,3513.3285498046876,3489.0958149117623,3489.091014095465,0.01690672358844496,11,4,1
2024-11-21,3530.0,3530.550048828125,3452.449951171875,3483.5,3417.927978515625,1510581,-0.006389136013110197,-0.006409633898437011,3460.150280761719,3511.4682421875,3478.1469170046644,3483.819678126588,0.016601918669721934,11,4,3
2024-11-22,3500.0,3613.5,3473.10009765625,3603.5,3535.6689453125,2534018,0.034448053773212806,0.03386800309370634,3467.4158935546875,3511.6124755859373,3486.996459821254,3487.6603645848036,0.017589517650380873,11,4,4
2024-11-25,3660.0,3761.0,3654.0,3753.0,3682.35498046875,4753829,0.04148749145496855,0.040649971521917336,3482.64130859375,3515.8521435546877,3517.051616843946,3502.0821879836144,0.01896641959400518,11,4,0
2024-11-26,3754.89990234375,3754.89990234375,3690.0,3702.60009765625,3632.903564453125,1141534,-0.0134292908418433,-0.013520279293238053,3501.0972412109377,3517.433798828125,3534.874993399204,3511.7726603146893,0.019183708186395365,11,4,1
2024-11-27,3704.0,3720.0,3685.0,3698.699951171875,3629.076904296875,971816,-0.0010533338109198764,-0.0010538889568487127,3518.655383300781,3519.115537109375,3549.367595075769,3520.461863572629,0.018865473789896847,11,4,2
2024-11-28,3700.0,3720.5,3648.0,3666.050048828125,3597.041748046875,2124283,-0.008827356679068976,-0.008866548603233425,3532.6445190429686,3519.1901123046873,3556.7020801482468,3526.1344476077584,0.01895546620158579,11,4,3
2024-11-29,3635.10009765625,3750.0,3635.10009765625,3724.800048828125,3654.685791015625,2094305,0.01602540281887177,0.01589835161820608,3548.1691772460936,3519.7709716796876,3571.7764972047667,3535.6567693416746,0.019099846727518546,11,4,4
2024-12-02,3706.85009765625,3717.85009765625,3672.89990234375,3704.050048828125,3634.326171875,1158369,-0.005570826140697371,-0.005586401063031687,3552.179736328125,3519.25291015625,3581.3995240771105,3542.9656139737726,0.019074009955190083,12,4,0
2024-12-03,3721.0,3798.85009765625,3701.5,3787.050048828125,3715.763916015625,3252670,0.0224079348658488,0.022160565630039444,3560.0634887695314,3521.2810009765626,3602.070968990728,3555.765488199095,0.019456260905524617,12,4,1
2024-12-04,3775.0,3835.0,3758.050048828125,3789.89990234375,3718.56005859375,2510166,0.0007525081359645025,0.0007522251436775892,3570.6332153320313,3521.2025048828127,3619.9923673911926,3567.824345265366,0.019457744172147715,12,4,2
2024-12-05,3810.0,3884.0,3760.0,3831.550048828125,3759.42626953125,2765170,0.010989794515502416,0.010929845541789078,3583.2290649414062,3522.062998046875,3641.4437369512016,3582.0170803961723,0.019043181938499628,12,4,3
2024-12-06,3832.0,3883.949951171875,3800.0,3866.699951171875,3793.914306640625,1856562,0.009173750098223188,0.00913192684226599,3594.0833251953127,3523.53671875,3664.900747672651,3597.7131712290948,0.0187221710748308,12,4,4
2024-12-09,3867.5,3959.0,3867.5,3947.300048828125,3872.99755859375,3332753,0.020844764947564265,0.02063048545601633,3608.8377685546875,3526.54794921875,3696.9156416605124,3618.10460733018,0.018913077238621942,12,4,0
2024-12-10,3955.0,3963.5,3901.300048828125,3923.14990234375,3849.302001953125,2349493,-0.006118143965272327,-0.006136936497548662,3621.732873535156,3529.70734375,3720.3596970901453,3635.230340265213,0.017599964983594125,12,4,1
2024-12-11,3923.14990234375,3947.64990234375,3902.0,3916.75,3843.0224609375,1237958,-0.001631345374418225,-0.0016326774672162797,3635.856896972656,3533.849873046875,3739.2308915282,3650.6223492039007,0.017649102313244902,12,4,2
2024-12-12,3930.0,3959.0,3846.949951171875,3859.89990234375,3787.242431640625,1899867,-0.01451462484642041,-0.014620992526285587,3649.031628417969,3537.4674658203126,3746.617282314727,3660.7423553103245,0.017971368353538294,12,4,3
2024-12-13,3859.0,3898.0,3794.199951171875,3887.0,3813.83251953125,2300361,0.007020962711147716,0.006996430511956967,3665.6650268554686,3542.049560546875,3756.9580880403464,3672.0823674748376,0.017965025843971225,12,4,4
2024-12-16,3882.0,3914.39990234375,3857.25,3877.85009765625,3804.854736328125,918660,-0.002354005624827127,-0.0023567806518762138,3682.914099121094,3549.5104296875,3764.326803161543,3681.917357760266,0.014233293585245575,12,4,0
2024-12-17,3863.050048828125,3875.39990234375,3797.0,3807.199951171875,3735.534423828125,1690180,-0.018218911707230556,-0.018386919824445073,3695.917138671875,3555.6575,3759.8972063410174,3685.888992283811,0.014721495175583684,12,4,1
2024-12-18,3807.199951171875,3819.0,3745.0,3758.14990234375,3687.407958984375,1318341,-0.012883421589361399,-0.012967132632327382,3708.292236328125,3561.3443994140625,3748.7450144399954,3686.001508335705,0.014670045665890287,12,4,2
2024-12-19,3702.14990234375,3762.199951171875,3700.0,3716.35009765625,3646.394775390625,1856838,-0.011122496900247025,-0.011184814383759529,3719.715576171875,3564.954150390625,3732.9988238170154,3683.067676265699,0.014856123395964687,12,4,3
2024-12-20,3716.35009765625,3725.0,3607.10009765625,3629.85009765625,3561.523193359375,2796593,-0.02327547818026865,-0.023550630035510056,3721.0082885742186,3567.7554150390624,3706.6179575927627,3674.064381235601,0.015097859583911619,12,4,4
2024-12-23,3670.0,3700.0,3617.050048828125,3640.5,3571.97265625,1217612,0.002933987039620778,0.0029296913000248035,3715.4891723632813,3571.290595703125,3685.9032958477223,3666.502031236668,0.015107522957562599,12,4,0
2024-12-24,3647.949951171875,3679.0,3632.39990234375,3639.75,3571.236572265625,627922,-0.00020607212182521817,-0.00020609335760236614,3712.4058227539062,3574.37541015625,3668.2622614504767,3659.4453305721463,0.015091223317799867,12,4,1
2024-12-26,3658.0,3665.14990234375,3610.35009765625,3629.5,3561.1796875,1124705,-0.002816079126128801,-0.00282005173682801,3709.0109619140626,3575.8363818359376,3651.7880193042492,3652.1663940482836,0.015015518228136036,12,4,3
2024-12-27,3632.39990234375,3643.64990234375,3603.5,3608.10009765625,3540.1826171875,1309122,-0.005896099650967157,-0.005913550274065413,3706.168005371094,3576.939228515625,3634.617957440134,3643.8712994660036,0.014930663018538492,12,4,4
2024-12-30,3607.89990234375,3623.0,3566.0,3578.949951171875,3511.5810546875,1591690,-0.008079120653590066,-0.008111933601537457,3699.0127685546877,3577.848779296875,3615.689203170498,3634.072022075003,0.014834045270851045,12,4,0
2024-12-31,3562.550048828125,3620.60009765625,3550.0,3607.64990234375,3539.74072265625,1267628,0.008019085286714578,0.007987103286119535,3694.28349609375,3578.5817138671873,3604.0048215529214,3627.084518414355,0.014844576865688843,12,4,1
2025-01-01,3600.0,3689.0,3599.949951171875,3667.5,3598.46435546875,1202029,0.016589811913804153,0.016453704254895566,3688.4185180664062,3580.341943359375,3603.1524421553568,3624.9645063443104,0.015108314997880014,1,1,2
2025-01-02,3676.60009765625,3724.10009765625,3650.050048828125,3713.5,3643.598388671875,1882900,0.012542581708370415,0.012464575122495108,3684.6704345703124,3582.8517919921874,3609.3748954655903,3626.34479392413,0.015082592349194164,1,1,3
2025-01-03,3708.0,3719.89990234375,3651.449951171875,3659.89990234375,3591.007080078125,1290107,-0.014433892812462212,-0.014539074793819814,3676.249475097656,3585.7560693359374,3606.549077713673,3623.7271854910923,0.015307252285365789,1,1,4
2025-01-06,3684.75,3692.25,3585.5,3603.199951171875,3535.37451171875,1212012,-0.01549219122067691,-0.015613449213414185,3663.3224853515626,3588.65642578125,3595.5991444836845,3617.1825429894375,0.014313076874039128,1,1,0
2025-01-07,3607.10009765625,3649.85009765625,3595.699951171875,3643.300048828125,3574.719970703125,1453540,0.011129078080400312,0.011067605558774988,3648.4086059570313,3592.5938916015625,3592.38696390206,3614.0371672645256,0.0122034244431333,1,1,1
2025-01-08,3662.0,3663.85009765625,3590.0,3596.35009765625,3528.65380859375,1813201,-0.012886649160469554,-0.012970402333652785,3632.3761962890626,3597.89126953125,3582.581863085397,3607.712474029653,0.01218462587780338,1,1,2
2025-01-09,3599.89990234375,3606.300048828125,3486.0,3527.89990234375,3461.491943359375,2921681,-0.01903328262772841,-0.019216747237706812,3613.299670410156,3601.5628271484375,3563.952644666009,3596.8813236096325,0.012626687760243711,1,1,3
2025-01-10,3499.949951171875,3552.199951171875,3492.300048828125,3536.14990234375,3469.586669921875,1794238,0.0023385079887385807,0.0023357779342729444,3597.416882324219,3604.6093798828124,3549.4348023976804,3587.452090003132,0.012567610691368412,1,1,4
2025-01-13,3505.550048828125,3534.5,3448.60009765625,3464.300048828125,3399.089111328125,2137212,-0.020318719576858824,-0.020527984272351803,3576.6797119140624,3605.7073095703126,3526.304696079287,3573.4992767679464,0.012608970487163768,1,1,0
2025-01-14,3465.85009765625,3491.949951171875,3448.60009765625,3462.60009765625,3397.42138671875,2924491,-0.0004906386842925547,-0.0004907590868361912,3556.3080444335938,3602.5734375,3506.4764946392047,3560.4564700976357,0.012598150700676698,1,1,1
2025-01-15,3471.300048828125,3526.14990234375,3471.300048828125,3501.39990234375,3435.49072265625,1155446,0.011205361833042327,0.011143046842049044,3541.305859375,3600.121474609375,3495.555606641827,3551.1997480649406,0.011996241174393902,1,1,2
2025-01-16,3535.0,3543.449951171875,3483.75,3507.89990234375,3441.868408203125,2305460,0.0018564118088910675,0.0018546908060864164,3529.0288818359377,3598.8155322265625,3487.296037651258,3543.1011302973984,0.0120083789050163,1,1,3
2025-01-17,3524.0,3579.85009765625,3511.949951171875,3568.64990234375,3501.474853515625,1600246,0.017318048874395586,0.017169800599032656,3521.7828857421873,3598.69484375,3489.4773939380834,3540.017702387637,0.01230549775756351,1,1,4
2025-01-20,3574.89990234375,3617.14990234375,3556.5,3593.0,3525.366455078125,1593334,0.006823296628422737,0.006800123292624542,3519.975048828125,3597.6655908203124,3494.9987879596283,3538.932424809155,0.012237263535797755,1,1,0
2025-01-21,3612.75,3643.300048828125,3528.10009765625,3541.10009765625,3474.44384765625,2576596,-0.01444462811760272,-0.014549967379847215,3515.0986083984376,3595.5962939453125,3491.836489451416,3534.155493168199,0.011608575869780589,1,1,1
2025-01-22,3563.0,3582.35009765625,3490.10009765625,3518.199951171875,3451.974609375,1626055,-0.006467002854689152,-0.006488004511800096,3509.1355102539064,3592.8077880859373,3485.7038925165825,3528.0680202946287,0.011611413662336364,1,1,2
2025-01-23,3492.0,3527.800048828125,3460.60009765625,3503.25,3437.305908203125,1993204,-0.004249365314575981,-0.0042584195262365745,3502.9418212890623,3590.34306640625,3478.2580487760506,3521.344900880443,0.011606258886890009,1,1,3
2025-01-24,3514.5,3521.10009765625,3446.050048828125,3458.199951171875,3393.10400390625,1206454,-0.012859461880127432,-0.012942860505830253,3495.587890625,3587.7301904296874,3465.157426488389,3511.845575178651,0.011556643840810874,1,1,4
2025-01-27,3447.199951171875,3493.89990234375,3401.14990234375,3457.64990234375,3392.564208984375,1552938,-0.00015908587572133204,-0.0001590985312214844,3489.6370483398437,3585.95818359375,3453.989239180079,3503.0099184235196,0.01140260190701572,1,1,0
2025-01-28,3464.949951171875,3482.14990234375,3404.050048828125,3413.89990234375,3349.637939453125,1657689,-0.012653045568767785,-0.012733777072392118,3480.1319091796877,3583.7534765625,3437.9351930682396,3491.649031092379,0.01151112143161252,1,1,1
2025-01-29,3431.0,3455.0,3412.0,3449.699951171875,3384.763916015625,1238704,0.010486499495594659,0.010431897550216519,3469.446887207031,3581.9392822265627,3429.754996598607,3483.7316151607674,0.01149646680661403,1,1,2
2025-01-30,3455.0,3517.800048828125,3395.0,3420.949951171875,3356.55517578125,2717740,-0.008334034790698497,-0.008368957022731653,3455.0947265625,3580.272265625,3418.4934857036287,3474.311138169692,0.011394118912645693,1,1,3
2025-01-31,3501.050048828125,3590.0,3481.050048828125,3567.39990234375,3500.248291015625,3995513,0.04280969854783634,0.041918703520953386,3450.556787109375,3581.918671875,3431.07114805932,3476.2324087508723,0.014029095134243979,1,1,4
2025-02-01,3578.0,3629.199951171875,3402.0,3447.5,3382.60546875,4752505,-0.03360985064047839,-0.034187644983170944,3442.9183349609375,3578.85740234375,3423.61488970404,3469.297079861919,0.01469899635584698,2,1,5
2025-02-03,3420.0,3420.0,3270.0,3289.199951171875,3227.28515625,6077580,-0.04591735983841971,-0.04700498637825429,3425.546594238281,3569.756005859375,3393.410315326495,3451.3702707054804,0.016741904769055935,2,1,0
2025-02-04,3316.0,3449.0,3307.25,3439.14990234375,3374.41259765625,4742516,0.04558860908876339,0.044579989130013487,3417.8345336914062,3564.5861865234374,3390.4875895310724,3445.669702331463,0.01896790322104491,2,1,1
2025-02-05,3444.64990234375,3450.949951171875,3379.449951171875,3383.199951171875,3319.515869140625,2670316,-0.016268528796316795,-0.016402314290740235,3410.735729980469,3558.3949658203123,3379.568863317157,3436.3249739469566,0.01915295471301088,2,1,2
2025-02-06,3404.0,3404.0,3342.699951171875,3352.75,3289.638916015625,2874856,-0.00900039472705838,-0.009041142964093555,3401.7383422851562,3552.2469091796875,3365.7334868092294,3425.4593400261174,0.019182182914553148,2,1,3
2025-02-07,3367.0,3369.949951171875,3311.10009765625,3336.89990234375,3274.087158203125,1722789,-0.004727496910614137,-0.00473870686811412,3395.488244628906,3544.6349365234373,3351.6340516390596,3414.246585817007,0.019156904348074,2,1,4
2025-02-10,3347.800048828125,3349.0,3294.050048828125,3328.64990234375,3265.992431640625,1236663,-0.0024723613548951473,-0.0024754226870836306,3388.916796875,3537.26826171875,3338.4584177931465,3403.264796618757,0.01906029469358088,2,1,0
2025-02-11,3360.949951171875,3361.0,3231.0,3239.64990234375,3178.66796875,2593537,-0.026737497014577838,-0.027101445941238297,3376.0756591796876,3526.5263427734376,3313.8752717865086,3386.6279945544043,0.019204556378179492,2,1,1
2025-02-12,3259.0,3300.0,3222.25,3289.64990234375,3227.7265625,1632415,0.015433695570692851,0.01531580750950967,3365.3685668945313,3516.7096728515626,3300.621624203969,3374.8575181059296,0.019297194862621464,2,1,2
2025-02-13,3289.64990234375,3314.89990234375,3252.949951171875,3263.64990234375,3202.21630859375,2127644,-0.007903474291357404,-0.00793487228922838,3350.4056396484375,3505.5654736328124,3285.48234487932,3362.0692803642864,0.019210350419824093,2,1,3
2025-02-14,3275.050048828125,3285.800048828125,3221.550048828125,3237.64990234375,3176.70556640625,1378340,-0.00796658930223959,-0.007998492125556022,3332.9725952148438,3493.221298828125,3268.747455883463,3348.3386348859135,0.01909898363452626,2,1,4
2025-02-17,3213.550048828125,3239.39990234375,3194.550048828125,3221.85009765625,3161.203125,1966689,-0.004880037221638878,-0.0048919834845997864,3317.3105590820314,3478.98541015625,3252.202174209084,3334.4767452647347,0.01890214376555285,2,1,0
2025-02-18,3227.0,3241.0,3183.0,3220.14990234375,3159.534912109375,2428215,-0.0005277145519160253,-0.0005278538422460223,3302.68857421875,3465.190068359375,3237.9456723475905,3321.5180909569303,0.018834477795278276,2,1,1
2025-02-19,3220.14990234375,3302.85009765625,3211.60009765625,3275.89990234375,3214.235595703125,1677978,0.01731289101573208,0.01716473053098012,3291.53505859375,3452.6143310546877,3234.297968248442,3313.571239456648,0.018969700497231862,2,1,2
2025-02-20,3260.050048828125,3285.449951171875,3247.75,3275.800048828125,3214.1376953125,1236693,-3.0458374226216556e-05,-3.0458838091915897e-05,3282.5867431640627,3441.152236328125,3231.1963877967582,3306.2057917422667,0.018954677250906295,2,1,3
2025-02-21,3275.800048828125,3324.89990234375,3270.89990234375,3315.10009765625,3252.69775390625,1706850,0.011997015140323919,0.011925621394841034,3275.5934204101563,3429.929541015625,3234.5042902751416,3302.2422333840436,0.018817396190332826,2,1,4
2025-02-24,3289.699951171875,3325.5,3250.0,3257.699951171875,3196.378173828125,1512844,-0.01731472898472952,-0.017466382008089563,3267.9304321289064,3417.760009765625,3228.6387338986774,3294.4004511947164,0.019041938900200176,2,1,0
2025-02-25,3233.0,3248.949951171875,3206.39990234375,3225.89990234375,3165.176513671875,2529084,-0.009761567142376526,-0.00980952358077766,3256.951062011719,3406.3528515625,3218.875315402246,3284.828307674506,0.018930450346170823,2,1,1
2025-02-27,3238.0,3258.5,3184.0,3209.5,3149.08544921875,2572065,-0.005083781073068172,-0.0050967474522243235,3246.5775756835938,3395.5864013671876,3208.1384129124776,3274.773281122228,0.018917079725722732,2,1,3
2025-02-28,3199.800048828125,3199.800048828125,3141.0,3163.85009765625,3104.294921875,2494680,-0.01422334454432217,-0.014325465803104953,3226.7799072265625,3384.744404296875,3192.162491214404,3262.1452545113225,0.01863557961288052,2,1,4
2025-03-03,3165.949951171875,3227.0,3160.0,3197.300048828125,3137.115234375,1352460,0.010572549749936933,0.010517051177396677,3214.5053955078124,3376.2562451171875,3183.6936824698805,3252.8837715382615,0.01872191428342829,3,1,0
2025-03-04,3171.050048828125,3221.0,3167.800048828125,3213.0,3152.51953125,1442098,0.004910338232465117,0.00489832184199333,3210.7671142578124,3367.8671826171876,3178.8976592052836,3245.4493833687607,0.018672772192238916,3,1,1
2025-03-05,3213.0,3245.0,3187.85009765625,3239.64990234375,3178.66796875,1945855,0.008294456938584549,0.008260246969197835,3200.9798828125,3360.015810546875,3178.862322212163,3240.502611915519,0.01877432676545398,3,1,2
2025-03-06,3250.10009765625,3266.449951171875,3215.0,3259.89990234375,3198.53662109375,1854837,0.006250622128225469,0.00623116801451995,3194.9309204101564,3352.76294921875,3181.8891374247146,3237.3940200027955,0.018839810409756123,3,1,3
2025-03-07,3259.89990234375,3289.0,3240.10009765625,3244.699951171875,3183.622802734375,930240,-0.004662700517799712,-0.004673604814709577,3189.6301147460936,3345.6317529296875,3182.155855164662,3233.4109668718015,0.018739447261842315,3,1,4
2025-03-10,3246.0,3246.300048828125,3169.050048828125,3177.699951171875,3117.884033203125,1777752,-0.020649044690466356,-0.020865217229230165,3181.819958496094,3337.7578125,3172.2678825551952,3224.8534162296774,0.019042770197656655,3,1,0
2025-03-11,3170.300048828125,3204.39990234375,3161.10009765625,3195.449951171875,3135.300048828125,1274649,0.005585844579058197,0.005570301602798008,3175.2853393554688,3329.6689990234377,3166.580523520261,3218.219833459192,0.019003030364052383,3,1,1
2025-03-12,3205.0,3221.949951171875,3153.050048828125,3193.64990234375,3133.53369140625,1360149,-0.000563377474042781,-0.00056353623076135,3173.0286254882812,3320.3703857421874,3161.496395502721,3211.946785899715,0.01885864884172929,3,1,2
2025-03-13,3202.25,3233.14990234375,3178.050048828125,3187.300048828125,3127.303466796875,1414376,-0.0019882424198793824,-0.001990221597664762,3168.007470703125,3310.0444873046877,3156.235944932591,3205.6769104106156,0.018825307224698825,3,1,3
2025-03-17,3190.0,3240.050048828125,3159.0,3173.449951171875,3113.7138671875,2805790,-0.004345468789216711,-0.0043549377801420635,3163.5823486328127,3300.498623046875,3149.6940868179618,3198.8648331348295,0.016798452261002128,3,1,0
2025-03-18,3173.449951171875,3173.449951171875,3173.449951171875,3173.449951171875,3113.7138671875,0,0.0,0.0,3160.432763671875,3292.06541015625,3144.1586684132753,3192.557354175768,0.015831734758706903,3,1,1
2025-03-19,3275.0,3326.60009765625,3268.5,3319.550048828125,3257.06396484375,1616312,0.046038301453091623,0.045009982040307914,3165.2258056640626,3285.7122900390623,3161.5287140179635,3197.3356216326556,0.016063140101837927,3,1,2
2025-03-20,3335.25,3358.89990234375,3276.89990234375,3351.050048828125,3287.97119140625,2434722,0.009489290629876468,0.009444550125951188,3171.6476196289063,3280.8986376953126,3180.9814028469305,3204.049367541811,0.013748965598245384,3,1,3
2025-03-21,3357.0,3455.0,3332.75,3415.949951171875,3351.649169921875,3042073,0.01936695147514067,0.019181798813366152,3178.5182983398436,3278.7017822265625,3207.2379823969222,3214.9826862366303,0.013902666328618371,3,1,4
2025-03-24,3449.0,3517.0,3446.0,3481.85009765625,3416.308837890625,1955564,0.019291896225002825,0.019108166827066505,3188.62685546875,3277.6362255859376,3239.4027293959534,3229.8957345072963,0.014198487136922363,3,1,0
2025-03-25,3505.0,3525.0,3435.35009765625,3469.60009765625,3404.28955078125,4235900,-0.0035182085928731066,-0.00352441204301952,3196.2064453125,3277.740234375,3264.7699326859993,3242.8137949720335,0.01418232533775106,3,1,1
2025-03-26,3473.0,3496.800048828125,3418.5,3444.800048828125,3379.956298828125,2315715,-0.0071478208860173975,-0.007173488944652554,3205.3853515625,3277.3909326171874,3282.4909120924804,3252.9724989613737,0.014251832536418055,3,1,2
2025-03-27,3460.0,3528.0,3451.0,3501.60009765625,3435.687255859375,3467864,0.01648866201334398,0.016354200077520406,3218.910888671875,3277.39486328125,3306.05958036431,3266.506925398263,0.013490367567893556,3,1,3
2025-03-28,3509.89990234375,3514.0,3472.550048828125,3492.300048828125,3426.562255859375,1348143,-0.00265594605109587,-0.002659479333333669,3232.7847290039062,3277.088740234375,3324.5984535173966,3278.36287580279,0.013303743017319973,3,1,4
2025-04-01,3480.0,3501.60009765625,3430.0,3436.800048828125,3372.10693359375,1935147,-0.015892115245391247,-0.0160197489615362,3246.175329589844,3274.5013818359375,3331.90745045222,3285.3068800836018,0.01358737375807722,4,2,1
2025-04-02,3433.0,3457.75,3408.0,3419.89990234375,3355.52490234375,1338839,-0.004917409671919337,-0.004929539913443191,3257.095812988281,3271.10455078125,3335.5409045893784,3290.5082150658345,0.013522948116871233,4,2,2
2025-04-03,3400.0,3463.0,3393.0,3420.14990234375,3355.77001953125,1200631,7.304883576608745e-05,7.304616782980969e-05,3267.258337402344,3268.73107421875,3338.653076118897,3295.3424228040135,0.013467253352570124,4,2,3
2025-04-04,3400.0,3403.800048828125,3237.300048828125,3260.14990234375,3198.781982421875,2366979,-0.046781524417845444,-0.04791115125324491,3268.2640380859375,3263.6672216796874,3317.1344463193554,3288.1897975905217,0.01615543467076387,4,2,4
2025-04-07,3049.050048828125,3090.60009765625,2965.300048828125,3068.5,3010.739501953125,4953864,-0.05878565075772324,-0.06058437655636713,3258.8741821289063,3255.1358935546873,3269.996762570705,3267.6379238396034,0.019130937223276127,4,2,0
2025-04-08,3124.949951171875,3193.89990234375,3092.699951171875,3161.10009765625,3101.5966796875,2877816,0.030177694774135677,0.029731306560008844,3254.7728759765623,3249.3057470703125,3244.08905751175,3255.338572420929,0.020012773086084262,4,2,1
2025-04-09,3158.800048828125,3158.800048828125,3048.0,3054.14990234375,2996.65966796875,4451381,-0.03383322287065471,-0.03441881253959255,3248.7116577148436,3241.38765625,3206.022997582058,3236.177172091138,0.020723680247108862,4,2,2
2025-04-11,3114.0,3157.0,3100.14990234375,3115.949951171875,3057.29638671875,3979116,0.02023476986664341,0.020032767347851275,3244.811474609375,3235.5408251953127,3183.141980526165,3222.9267435450347,0.020932168508253066,4,2,4
2025-04-15,3180.0,3272.0,3176.10009765625,3257.60009765625,3196.280029296875,2161492,0.045459656179193564,0.044456651078113696,3247.9487915039062,3231.7711474609373,3185.163218798582,3220.952912859986,0.022526752918206005,4,2,1
2025-04-16,3270.0,3276.800048828125,3224.10009765625,3227.699951171875,3166.94287109375,1578260,-0.009178531897775732,-0.009220914158971125,3249.93076171875,3227.9789013671875,3182.360088382454,3216.95216902545,0.022574563490166906,4,2,2
2025-04-17,3214.10009765625,3249.89990234375,3162.39990234375,3247.300048828125,3186.173828125,3209331,0.006072404149370714,0.006054041403142478,3253.553759765625,3221.697412109375,3182.9468175736147,3214.672291921713,0.022423696786722153,4,2,3
2025-04-21,3249.5,3290.0,3225.10009765625,3280.5,3218.7490234375,1643003,0.010223922820830511,0.010172012043275822,3258.805517578125,3218.420283203125,3188.4548492449812,3214.9742720339937,0.022418715139885644,4,2,0
2025-04-22,3280.0,3285.0,3248.0,3257.800048828125,3196.476318359375,2060322,-0.0069196774634944225,-0.006943729450473373,3255.7761352539064,3217.8041064453123,3189.688921416426,3213.604053243281,0.022453420659507034,4,2,1
2025-04-23,3275.39990234375,3315.0,3266.699951171875,3301.0,3238.863037109375,2381699,0.013260451362191006,0.013173301165599982,3253.3207275390623,3215.093115234375,3197.254169984572,3215.475089085214,0.02252946343063624,4,2,2
2025-04-24,3307.0,3307.0,3280.0,3300.60009765625,3238.470703125,1993448,-0.00012113324332641007,-0.00012114058055025659,3247.6618041992188,3213.4722119140624,3203.5951750830995,3217.178467902976,0.022507036885482865,4,2,3
2025-04-25,3310.0,3335.699951171875,3230.10009765625,3272.10009765625,3210.50732421875,2004819,-0.00863474814802756,-0.008672243584281338,3237.371728515625,3211.889580078125,3204.6585826424302,3216.684309111552,0.02255106895170331,4,2,4
2025-04-28,3260.0,3350.800048828125,3254.800048828125,3327.300048828125,3264.66796875,1689485,0.016869808744145898,0.01672909387096349,3230.3906494140624,3211.7011962890624,3213.890795889749,3220.2386542699555,0.02237583290153291,4,2,0
2025-04-29,3335.0,3376.39990234375,3315.0,3322.300048828125,3259.76220703125,1843861,-0.0015026832026131531,-0.001503813363341112,3224.3809448242187,3211.576591796875,3220.9479360653645,3223.1663248448663,0.022371666105728084,4,2,1
2025-04-30,3324.0,3355.0,3303.300048828125,3341.0,3278.110107421875,1930714,0.0056286008688146705,0.00561281948532385,3216.502087402344,3213.5654345703124,3229.7421162740584,3227.2362346653854,0.022380133666921032,4,2,2
2025-05-02,3325.0,3374.89990234375,3325.0,3334.89990234375,3272.125,1411889,-0.0018257798627093758,-0.0018274486302737349,3208.780224609375,3214.4534033203126,3236.2625599242033,3230.561328393875,0.022379217945097743,5,2,4
2025-05-05,3350.0,3350.0,3300.699951171875,3330.199951171875,3267.513427734375,1947332,-0.0014093508853191272,-0.0014103449543826216,3203.5505493164064,3215.759345703125,3241.0703857411527,3233.298520937616,0.022358034320969583,5,2,0
2025-05-06,3346.0,3353.0,3302.800048828125,3334.0,3271.241943359375,1695516,0.0011410865502043954,0.0011404360057848282,3199.3364013671876,3217.6500732421873,3245.7121638362637,3236.1091448207094,0.02235574599306054,5,2,1
2025-05-07,3332.0,3339.800048828125,3284.10009765625,3321.39990234375,3258.879150390625,2422707,-0.0037792352821369724,-0.003786394635408441,3194.4918579101563,3219.60359375,3247.737854075396,3237.7958118999627,0.020756319653349495,5,2,2
2025-05-08,3310.10009765625,3366.0,3299.800048828125,3323.89990234375,3261.33203125,3204333,0.0007526762258369679,0.0007523931071420645,3197.6193603515626,3221.6395361328123,3249.8292659484123,3239.539235555521,0.02068307601214735,5,2,3
2025-05-09,3331.0,3477.0,3331.0,3443.89990234375,3379.072998046875,5637694,0.036102109711211305,0.03546570047773428,3216.03603515625,3224.9362841796874,3269.7129170404833,3249.87506981414,0.02143709650961888,5,2,4
2025-05-12,3513.0,3602.800048828125,3490.0,3587.199951171875,3519.67578125,3147384,0.041609868530331884,0.040767466822765865,3236.939990234375,3231.0470458984373,3308.1687423034855,3269.8603076982777,0.022474042347133155,5,2,0
2025-05-13,3587.199951171875,3606.0,3545.0,3567.0,3499.85595703125,2374439,-0.005631150552086073,-0.005647065253864788,3262.0998046875,3235.9902099609376,3337.6590830308337,3286.897022463683,0.022492770471174567,5,2,1
2025-05-14,3587.0,3617.0,3567.0,3573.10009765625,3505.84130859375,2440116,0.0017101708287381445,0.0017087101517074582,3284.52705078125,3242.17947265625,3363.5332715789746,3303.1151177325764,0.022437898731127903,5,2,2
2025-05-15,3594.0,3648.699951171875,3543.0,3618.199951171875,3550.09228515625,3720879,0.012622070615127212,0.01254307630185,3302.217663574219,3249.8777880859375,3392.234658283171,3321.4097227269226,0.022359590805114203,5,2,3
2025-05-16,3642.0,3642.0,3600.0,3604.699951171875,3536.846435546875,1278520,-0.0037311282483440955,-0.003738106270017025,3320.712841796875,3257.6330078125,3414.4826240160482,3337.3679977506226,0.02236706988799669,5,2,4
2025-05-19,3604.699951171875,3619.89990234375,3587.0,3600.199951171875,3532.43115234375,1519244,-0.0012483672343671648,-0.0012491470938446627,3338.0257080078127,3266.195732421875,3432.628551451079,3351.8171203130764,0.022137556557049808,5,2,0
2025-05-20,3630.0,3634.0,3556.0,3567.800048828125,3500.64111328125,1532347,-0.008999478741831268,-0.009040218660189786,3352.1203125,3273.46625,3443.092022501875,3362.8411197922005,0.02219266910165849,5,2,1
2025-05-21,3565.699951171875,3610.5,3555.0,3589.0,3521.44189453125,1563885,0.005941991931444512,0.005924407919045287,3368.3685913085938,3280.844697265625,3455.1458489679326,3374.5893253284266,0.02220413629383956,5,2,2
2025-05-22,3585.0,3592.0,3536.89990234375,3551.39990234375,3484.549560546875,1597159,-0.01047648522659661,-0.010531749923345064,3380.6529174804687,3286.9623291015623,3459.6694969031546,3382.7345279372003,0.020376497860742162,5,2,3
2025-05-23,3570.0,3631.60009765625,3551.199951171875,3599.89990234375,3532.136474609375,1119217,0.013656546774737599,0.013564136525856677,3395.3362060546874,3293.634326171875,3470.8182627041115,3393.801338801806,0.016767843182850604,5,2,4
2025-05-26,3615.800048828125,3672.5,3608.39990234375,3648.699951171875,3580.01806640625,1678934,0.01355598577265349,0.013464925416461819,3413.8117431640626,3301.5622314453126,3487.6182325044406,3407.5951704762097,0.016187948614757246,5,2,0
2025-05-27,3648.699951171875,3665.0,3603.0,3640.0,3571.48193359375,2013954,-0.0023843826076187513,-0.0023872297745524736,3429.15244140625,3310.634189453125,3500.5203403643345,3419.7349307071386,0.014524791200728134,5,2,1
2025-05-28,3660.0,3663.0,3620.0,3646.300048828125,3577.663330078125,1293244,0.0017307651555595882,0.001729269107504227,3445.047497558594,3319.481455078125,3512.3884926279948,3431.433330660545,0.014288973357348071,5,2,2
2025-05-29,3663.89990234375,3668.89990234375,3618.0,3655.300048828125,3586.493896484375,1972248,0.0024682496902403983,0.0024652085651165334,3460.466687011719,3328.5406591796873,3523.789323990515,3442.9192984993474,0.012118620301384442,5,2,3
2025-05-30,3655.300048828125,3695.300048828125,3654.5,3675.10009765625,3605.92138671875,2571304,0.0054168474267914934,0.005402229075261047,3477.1565063476564,3338.113017578125,3536.4250259487053,3454.9935272563403,0.011865087599949335,5,2,4
2025-06-02,3675.10009765625,3697.300048828125,3605.60009765625,3679.60009765625,3610.336669921875,1954517,0.0012244535389449585,0.001223704507084567,3494.2976684570312,3348.0454736328124,3547.7960480984234,3466.500426713046,0.011874581449362043,6,2,0
2025-06-03,3655.0,3669.199951171875,3615.300048828125,3644.800048828125,3609.54443359375,2472483,-0.0002194355819292726,-0.0002194596614392462,3511.21279296875,3357.9620849609373,3557.295799713089,3477.09627907458,0.011846205323752862,6,2,1
2025-06-04,3645.0,3661.699951171875,3615.300048828125,3626.5,3591.42138671875,1086783,-0.0050208682032918395,-0.0050335151121171755,3527.8399047851562,3364.6492333984374,3562.545890021652,3485.5648055667407,0.01179138397588466,6,2,2
2025-06-05,3629.89990234375,3677.39990234375,3612.0,3642.60009765625,3607.36572265625,1466416,0.004439561449531615,0.0044297356673085085,3545.1415893554686,3371.0371240234376,3569.4412488885137,3494.5870957215193,0.011660645432744414,6,2,3
2025-06-06,3645.0,3667.0,3623.0,3656.300048828125,3620.93310546875,1172711,0.0037610222682133987,0.0037539673076718233,3557.2345947265626,3376.422802734375,3577.3630729777806,3503.9460594064994,0.011638724552116602,6,2,4
2025-06-09,3664.0,3708.89990234375,3662.199951171875,3678.89990234375,3643.314453125,898170,0.006181099458161032,0.006162074818118444,3563.4165283203124,3380.9629150390624,3587.509439154276,3514.2696441263884,0.011405224907085055,6,2,0
2025-06-10,3704.0,3704.0,3667.199951171875,3679.800048828125,3644.205810546875,1454535,0.0002446556379755993,0.00024462571466550754,3570.6340209960936,3385.761240234375,3596.2319578300608,3523.894545342721,0.01117427402024063,6,2,1
2025-06-11,3689.89990234375,3692.0,3656.10009765625,3684.800048828125,3649.157470703125,1265737,0.0013587762090492284,0.0013578539080286796,3577.7998291015624,3391.145263671875,3604.374344425917,3533.1732805546026,0.01114021150517428,6,2,2
2025-06-12,3684.800048828125,3708.0,3585.0,3603.89990234375,3569.039794921875,2335718,-0.021955116057464252,-0.022199716398624045,3578.747204589844,3393.812314453125,3598.9382598868337,3535.8300593966223,0.012084693587746035,6,2,3
2025-06-13,3501.199951171875,3596.0,3485.89990234375,3587.39990234375,3552.699462890625,1981445,-0.004578355235629328,-0.00458886800369123,3579.5398559570312,3396.33505859375,3591.8245988104936,3537.0796448406227,0.0121322291213237,6,2,4
2025-06-16,3575.5,3653.699951171875,3561.800048828125,3628.699951171875,3593.599853515625,1322630,0.011512482564939974,0.011446718197011737,3582.598291015625,3400.7649169921874,3592.0977149189757,3541.266326964697,0.012206194014848811,6,2,0
2025-06-17,3622.0,3627.60009765625,3602.0,3622.300048828125,3587.261962890625,930603,-0.0017636606420716738,-0.001765217722545561,3586.929333496094,3405.399658203125,3591.35375306846,3544.6734111073583,0.01223496107187246,6,2,1
2025-06-18,3622.0,3639.10009765625,3587.199951171875,3601.5,3566.6630859375,743311,-0.005742228241543357,-0.005758778220379759,3589.190393066406,3409.61751953125,3587.555188894466,3546.302275909591,0.012278468813668869,6,2,2
2025-06-19,3607.0,3643.0,3591.10009765625,3621.10009765625,3586.07373046875,1580819,0.005442242248162366,0.005427486758907421,3594.2666015625,3417.3633544921877,3587.3272722135866,3549.24830958064,0.012277608473387342,6,2,3
2025-06-20,3614.0,3669.89990234375,3614.0,3662.0,3626.577880859375,2575277,0.011294845961053568,0.011231535463928822,3598.988671875,3429.6801220703123,3593.365827389862,3554.9764259716576,0.010725326260459246,6,2,4
2025-06-23,3645.0,3660.0,3574.60009765625,3583.699951171875,3549.03515625,1867977,-0.021381789432576626,-0.021613691504605063,3597.4395263671877,3438.6288916015624,3586.5457241375752,3554.5363319182015,0.008776160323761847,6,2,0
2025-06-24,3637.10009765625,3684.0,3597.0,3604.800048828125,3569.93115234375,2751637,0.005887796309075988,0.005870530973094475,3597.3619873046873,3450.0943212890625,3583.9896361692945,3555.676688986761,0.008759036853694637,6,2,1
2025-06-25,3640.0,3642.0,3608.89990234375,3619.800048828125,3584.7861328125,1405262,0.004161139202641939,0.004152505605024364,3597.718127441406,3460.6441162109377,3584.1121741144034,3557.8329440849634,0.008780205641900966,6,2,2
2025-06-26,3620.10009765625,3669.0,3620.10009765625,3659.60009765625,3624.201171875,2578926,0.010995088019819077,0.010935081490249816,3599.6034912109376,3469.2025390625,3590.279712231418,3562.7491091064476,0.008709276446799252,6,2,3
2025-06-27,3665.0,3731.39990234375,3665.0,3679.199951171875,3643.611572265625,2720600,0.0053557734436091575,0.005341482293086661,3601.488000488281,3478.7359130859377,3598.4846137751424,3568.738921192313,0.008706942335392553,6,2,4
2025-06-30,3682.0,3717.5,3652.699951171875,3669.800048828125,3634.302490234375,1508882,-0.0025549051666508005,-0.002558174506612345,3602.6862915039064,3487.698486328125,3603.995056307332,3573.5954818620953,0.00872197903221964,6,2,0
2025-07-01,3669.800048828125,3678.89990234375,3645.0,3666.699951171875,3631.232421875,1054380,-0.0008447476146040689,-0.0008451046149345363,3603.7706909179688,3495.948154296875,3608.1854202408194,3577.8648848260145,0.008524922310521786,7,3,1
2025-07-02,3666.60009765625,3674.199951171875,3583.89990234375,3596.800048828125,3562.008544921875,1330176,-0.019063466314111932,-0.01924751703878607,3602.300048828125,3503.258798828125,3601.081285576366,3576.6903411294115,0.009243226901125834,7,3,2
2025-07-03,3605.0,3625.0,3576.0,3582.89990234375,3548.242919921875,1229034,-0.003864568213803099,-0.0038720549524421492,3599.3439086914063,3509.446396484375,3592.952306244906,3574.583124743668,0.00905119926553262,7,3,3
2025-07-04,3590.0,3600.0,3570.10009765625,3594.60009765625,3559.830078125,696402,0.0032656045441725734,0.0032602840376200195,3596.2887573242188,3515.873583984375,3587.8565788418437,3573.4903064756186,0.008729152756391086,7,3,4
2025-07-07,3599.89990234375,3609.800048828125,3575.10009765625,3581.39990234375,3546.757568359375,719539,-0.0036722285835930624,-0.003678987767564324,3591.4609130859376,3522.5985888671876,3581.533654152233,3571.5101036521933,0.008386812850169206,7,3,0
2025-07-08,3580.0,3614.0,3560.0,3606.39990234375,3571.515625,1513912,0.006980476157009363,0.006956225422365214,3587.8264038085936,3528.7355419921873,3579.992418898043,3571.51051264092,0.008479435378713797,7,3,1
2025-07-09,3605.0,3605.10009765625,3568.199951171875,3579.699951171875,3545.073974609375,1008876,-0.007403481649509769,-0.0074310234407409205,3582.6222290039063,3534.44177734375,3574.6203505459403,3569.552250564509,0.008579855995067671,7,3,2
2025-07-10,3575.0,3589.89990234375,3569.0,3574.699951171875,3540.122314453125,1063910,-0.0013967720255528837,-0.0013977484209056182,3581.1763549804687,3539.682021484375,3569.3129603778148,3567.3722552969994,0.008566341722934868,7,3,3
2025-07-11,3575.0,3586.60009765625,3535.5,3540.60009765625,3506.352294921875,1439747,-0.009539223939630137,-0.00958501376860706,3578.858996582031,3544.3665673828127,3559.626704153824,3562.8522582321752,0.008651046846172381,7,3,4
2025-07-14,3540.60009765625,3548.699951171875,3488.0,3495.89990234375,3462.08447265625,1358844,-0.012625035519031158,-0.01270540847074725,3572.2832275390624,3548.25798828125,3544.620207000351,3555.387977819144,0.008899909837209934,7,3,0
2025-07-15,3519.0,3521.0,3481.699951171875,3494.0,3460.202880859375,1585193,-0.0005434852360581832,-0.0005436329776917794,3565.9302734375,3552.03720703125,3531.6329260555854,3548.337229896198,0.008898676671069024,7,3,1
2025-07-16,3504.0,3516.0,3477.0,3503.800048828125,3469.908203125,1266964,0.002804841970195371,0.00280091574087822,3561.092529296875,3556.2577880859376,3522.1368148354954,3542.5276723575907,0.008902634331313261,7,3,2
2025-07-17,3515.0,3515.0,3467.5,3474.0,3440.396484375,2217275,-0.00850504307964739,-0.008541417348532249,3553.8086669921877,3559.8390771484374,3509.561379380035,3534.9623991736953,0.00893810569304273,7,3,3
2025-07-18,3489.0,3499.0,3450.0,3464.800048828125,3431.285400390625,1818696,-0.0026482656943042082,-0.002651778553257906,3544.04404296875,3560.8833251953124,3497.518921073972,3527.28262148606,0.008883470508100927,7,3,4
2025-07-21,3467.60009765625,3508.10009765625,3444.89990234375,3502.800048828125,3468.91796875,1521623,0.010967484183942,0.01090777748743763,3540.03818359375,3559.8681689453124,3493.1187745625916,3522.9593138759815,0.009071868118438096,7,3,0
2025-07-22,3502.0,3507.60009765625,3454.10009765625,3464.60009765625,3431.08740234375,2586522,-0.010905581148660581,-0.010965482905846475,3533.09599609375,3558.4927978515625,3483.5754865289236,3516.1539870958163,0.009221137897805333,7,3,1
2025-07-23,3476.199951171875,3490.0,3458.60009765625,3484.89990234375,3451.19091796875,1192261,0.005859225740290741,0.005842127233982126,3526.4162353515626,3557.3997900390623,3478.593245211974,3511.3419079012187,0.009313230200572755,7,3,2
2025-07-24,3484.89990234375,3493.39990234375,3461.0,3477.5,3443.862548828125,1083671,-0.002123431973139911,-0.002125689651395835,3517.399304199219,3555.2751953125,3473.2500611529204,3506.3434368587673,0.008502995267403113,7,3,3
2025-07-25,3470.0,3477.0,3437.39990234375,3442.89990234375,3409.59716796875,1338744,-0.009949694673800136,-0.009999523683653665,3505.698583984375,3552.7302099609374,3463.457308355356,3499.177046570618,0.00863313571150119,7,3,4
2025-07-28,3430.10009765625,3446.10009765625,3405.10009765625,3422.199951171875,3389.097412109375,2256080,-0.006012368866316176,-0.006030515930465409,3493.438330078125,3549.86353515625,3452.0173243175127,3491.022999573489,0.008321223929939635,7,3,0
2025-07-29,3418.0,3504.300048828125,3406.5,3495.60009765625,3461.78759765625,1241060,0.021448243206922957,0.02122146654885001,3484.9660888671874,3549.08646484375,3453.520443292703,3488.857414246286,0.009351406892104444,7,3,1
2025-07-30,3622.0,3685.300048828125,3590.0,3665.10009765625,3629.64794921875,8760659,0.04848950053323531,0.04735055751211721,3488.3480590820313,3551.2505859375,3480.616982665941,3499.2863427627653,0.012972513218770564,7,3,2
2025-07-31,3625.0,3662.89990234375,3621.0,3636.5,3601.324462890625,1927627,-0.0078033701131321465,-0.007833975727621142,3491.0021362304688,3553.586083984375,3499.1873642389696,3506.8447220314956,0.013029557661388854,7,3,3
2025-08-01,3636.0,3636.0,3578.10009765625,3587.300048828125,3552.6005859375,1205945,-0.013529432700439492,-0.013621789443965332,3490.640661621094,3553.9953662109374,3507.4047829618203,3510.2340452837925,0.01309025050321371,8,3,4
2025-08-04,3595.199951171875,3636.800048828125,3577.0,3631.10009765625,3595.976806640625,1033049,0.01220970938157917,0.012135772106684223,3493.1016235351562,3554.314541015625,3521.031248143175,3516.585360939854,0.012682077735911072,8,3,0
2025-08-05,3630.0,3657.699951171875,3608.300048828125,3652.60009765625,3617.26904296875,1158433,0.005921127268898152,0.005903666286726483,3495.389294433594,3555.230283203125,3535.837062731725,3524.043411460513,0.012682566139820987,8,3,1
2025-08-06,3650.0,3671.0,3622.199951171875,3628.39990234375,3593.302734375,931383,-0.0066255255854787976,-0.006647571812638269,3497.800732421875,3555.5430712890625,3544.6779352922285,3529.173731676401,0.01272847476071253,8,3,2
2025-08-07,3610.300048828125,3649.0,3599.199951171875,3641.60009765625,3606.375244140625,1211790,0.0036380207101862627,0.0036314191191476578,3501.11337890625,3555.9406982421874,3554.1698289612123,3534.8923622293064,0.01258248044253535,8,3,3
2025-08-08,3641.60009765625,3662.300048828125,3600.0,3607.60009765625,3572.7041015625,1337067,-0.009336561033916668,-0.009380419927510937,3504.4309692382812,3555.2763525390624,3557.0212555152566,3537.693231809543,0.012649003419614203,8,3,4
2025-08-11,3610.0,3676.89990234375,3600.0,3668.39990234375,3632.916015625,1822410,0.016853316801737517,0.016712875397365403,3512.972546386719,3555.727939453125,3568.697372455217,3544.746771351429,0.013034883861838433,8,3,0
2025-08-12,3680.0,3727.89990234375,3673.10009765625,3686.10009765625,3650.44482421875,2280103,0.0048249969221307865,0.004813393932439447,3522.4846435546874,3556.545947265625,3581.273903495761,3552.5762567490083,0.013062264825626333,8,3,1
2025-08-13,3696.0,3716.0,3681.300048828125,3693.699951171875,3657.97119140625,1227196,0.002061767140696613,0.00205964461575946,3531.88779296875,3557.876943359375,3593.073486251221,3560.3832889458413,0.012543928284995187,8,3,2
2025-08-14,3700.0,3708.5,3641.699951171875,3677.0,3641.432861328125,1769702,-0.004521175595089133,-0.004531427020134904,3541.9396118164063,3558.5582861328126,3600.513390109206,3566.3869609741587,0.012553208390215186,8,3,3
2025-08-18,3699.0,3701.5,3621.699951171875,3635.10009765625,3599.938232421875,1950151,-0.011395137707170488,-0.01146055975921512,3550.3722534179688,3558.138388671875,3600.424904311155,3568.872240340656,0.012743456468216612,8,3,0
2025-08-19,3648.89990234375,3654.0,3608.199951171875,3613.0,3578.052001953125,1352944,-0.006079612775474197,-0.006098168868692606,3555.828955078125,3556.8331396484373,3596.982919332996,3569.5522226823205,0.012777847702891077,8,3,1
2025-08-20,3613.5,3619.89990234375,3580.0,3592.300048828125,3557.55224609375,1325096,-0.005729306295208958,-0.005745781729196445,3562.152197265625,3555.100068359375,3590.916661911574,3568.6633355276113,0.012761823498770865,8,3,2
2025-08-21,3599.0,3648.0,3588.0,3612.60009765625,3577.65576171875,1624009,0.005650940375387048,0.005635033708772349,3568.475439453125,3553.6700341796877,3588.87652342037,3569.329441171399,0.012725061488362633,8,3,3
2025-08-22,3610.0,3634.5,3582.0,3595.800048828125,3561.018310546875,1060447,-0.004650377867512323,-0.00466122451507155,3574.3332275390626,3553.5096044921875,3584.590644516755,3568.713801865879,0.012754575205136547,8,3,4
2025-08-25,3616.0,3617.89990234375,3584.300048828125,3603.10009765625,3568.247802734375,980393,0.0020301755163931734,0.00202811749503847,3582.265759277344,3553.8205712890626,3582.0763611656193,3568.6792834116936,0.012621861081500685,8,3,0
2025-08-26,3599.0,3600.0,3531.0,3541.300048828125,3507.04541015625,1787363,-0.017151945706019966,-0.0173007442374289,3588.1631591796877,3552.089482421875,3570.533137933409,3564.113811318698,0.012811784474980416,8,3,1
2025-08-28,3540.0,3576.89990234375,3537.199951171875,3560.10009765625,3525.66357421875,1695226,0.005308788990465496,0.005294747045417766,3591.3569580078124,3550.8575146484377,3563.630128131154,3561.2656456075906,0.012839741126489852,8,3,3
2025-08-29,3575.60009765625,3615.0,3540.199951171875,3601.0,3566.16796875,1678055,0.011488445700672312,0.01142295462485223,3588.182958984375,3550.8476123046876,3564.020565149438,3561.6287806551763,0.012985798167806937,8,3,4
2025-09-01,3601.0,3628.60009765625,3581.89990234375,3598.39990234375,3563.593017578125,1094155,-0.0007220498850416535,-0.0007223106886095789,3586.29638671875,3550.397998046875,3563.954788600005,3561.774279686506,0.012866703507607598,9,3,0
2025-09-02,3598.39990234375,3619.89990234375,3560.0,3574.89990234375,3540.3203125,1230950,-0.006530685452386886,-0.006552103680024295,3585.682373046875,3548.6728466796876,3560.3187153538506,3560.18509693195,0.012926673095673673,9,3,1
2025-09-03,3594.0,3606.300048828125,3560.0,3600.800048828125,3565.969970703125,1314831,0.007245010603295521,0.007218891593105181,3584.18203125,3549.01154296875,3561.188139253739,3560.613606100185,0.012846533912299186,9,3,2
2025-09-04,3622.89990234375,3624.89990234375,3572.5,3592.60009765625,3557.849365234375,1434998,-0.002277250098981831,-0.002279846976230215,3581.211047363281,3548.7699072265623,3560.6744817122985,3560.408847517532,0.012666146506405665,9,3,3
2025-09-05,3592.800048828125,3609.10009765625,3549.10009765625,3553.60009765625,3519.2265625,830812,-0.010855659914042137,-0.010915012522124078,3577.5072387695313,3547.4587158203126,3554.2978787565603,3557.3583078866036,0.012824695990241787,9,3,4
2025-09-08,3570.0,3579.89990234375,3525.0,3529.60009765625,3495.458740234375,1039999,-0.0067537062032007045,-0.0067766156844741516,3571.9614135742186,3544.8838671875,3545.245703599301,3552.773154727179,0.012887917168274123,9,3,0
2025-09-09,3547.199951171875,3550.0,3516.39990234375,3525.0,3490.903076171875,1522116,-0.0013033093510909088,-0.0013041593973856919,3567.8713623046874,3541.829697265625,3536.8852993796972,3548.1901859453046,0.012740274056884913,9,3,1
2025-09-10,3559.0,3577.39990234375,3541.10009765625,3550.0,3515.661376953125,1136732,0.007092233797679537,0.007067202191210255,3562.0086303710937,3539.456875,3533.6200805448398,3545.7806445384763,0.012721050932162421,9,3,2
2025-09-11,3548.0,3564.699951171875,3533.0,3539.699951171875,3505.4609375,1177793,-0.002901428311609777,-0.002905645614176276,3554.7594360351563,3536.9414453125,3529.2879046917874,3542.7939995726633,0.012155403396588414,9,3,3
2025-09-12,3556.39990234375,3595.39990234375,3548.10009765625,3579.800048828125,3545.173095703125,1146873,0.01132865517863868,0.01126496651777469,3549.11953125,3536.604736328125,3531.731780231993,3542.9702289156608,0.008412274493090763,9,3,4
2025-09-15,3581.0,3607.0,3575.5,3586.199951171875,3551.510986328125,1177076,0.0017877520938771596,0.0017861559671387213,3544.6234375,3536.67009765625,3534.7747350160134,3543.6028776128805,0.00831669876241459,9,3,0
2025-09-16,3603.89990234375,3674.0,3593.10009765625,3667.800048828125,3632.32177734375,2928060,0.022753918353825675,0.022498909014190455,3546.2426147460938,3538.119931640625,3549.7819722972035,3550.1746479633157,0.008959539017208798,9,3,1
2025-09-17,3672.0,3704.0,3662.699951171875,3685.5,3649.8505859375,1610471,0.0048257862789260475,0.004814179498570497,3549.8325439453124,3540.1817919921873,3565.17714362648,3557.5580507762184,0.008733250819390047,9,3,2
2025-09-18,3691.0,3700.0,3672.5,3686.0,3650.345703125,1270148,0.00013565409756988167,0.00013564489738480704,3554.472216796875,3541.7583935546877,3578.2799989339446,3564.4312102094614,0.008673832498038206,9,3,3
2025-09-19,3679.0,3705.0,3671.0,3675.39990234375,3639.84814453125,2227521,-0.0028757710769046207,-0.0028799140512850035,3557.5818359375,3543.653876953125,3587.75202133353,3570.017649788853,0.008596674881231862,9,3,4
2025-09-22,3693.60009765625,3693.60009765625,3633.89990234375,3644.5,3609.2470703125,839430,-0.008407239259343058,-0.008442779432001772,3559.993273925781,3545.0363720703126,3591.058951945679,3572.9235327906044,0.00872370375060844,9,3,0
2025-09-23,3646.89990234375,3673.5,3613.199951171875,3657.60009765625,3622.220458984375,1262120,0.0035944861682055684,0.003588041441834904,3562.6919067382814,3547.3537353515626,3595.8530299516324,3576.575156953106,0.008561195038772422,9,3,1
2025-09-24,3657.60009765625,3709.199951171875,3637.10009765625,3673.800048828125,3638.263916015625,1745130,0.004429177410076424,0.004419397471233858,3569.25283203125,3550.87732421875,3602.377781653785,3581.144694661441,0.008026350665068441,9,3,2
2025-09-25,3684.0,3704.0,3635.699951171875,3644.39990234375,3609.14794921875,1999071,-0.008002708838329875,-0.00803490238479286,3573.42705078125,3553.8562255859374,3603.4193458945488,3583.2190098138344,0.008106148601962598,9,3,3
2025-09-26,3664.0,3794.89990234375,3661.0,3729.5,3693.425048828125,5870301,0.023350968371251613,0.023082505718587252,3579.789904785156,3558.3265625,3617.2663771150987,3591.3824201111893,0.00918447766305974,9,3,4
2025-09-29,3738.0,3740.0,3679.60009765625,3688.39990234375,3652.722412109375,2599630,-0.011020295844818784,-0.011081469152218727,3584.246374511719,3562.5730810546875,3622.7211517296028,3595.926123222166,0.009378238891511029,9,3,0
2025-09-30,3695.0,3696.60009765625,3648.0,3659.0,3623.60693359375,1676302,-0.007970898204337273,-0.008002835640007363,3588.4107055664062,3566.41951171875,3622.8574258625486,3597.976553620061,0.009252936559689314,9,3,1
2025-10-01,3658.89990234375,3688.0,3615.0,3670.300048828125,3634.797607421875,2005028,0.00308826923924288,0.003083510331138137,3591.852087402344,3569.7371044921874,3624.6943768716756,3600.7040390868624,0.009187512568027982,10,4,2
2025-10-03,3690.0,3746.0,3666.300048828125,3733.10009765625,3696.990234375,1959124,0.017110341116692185,0.016965607854331523,3598.809130859375,3575.0551611328124,3635.816816487572,3607.8363498489466,0.009585605795157657,10,4,4
2025-10-06,3720.0,3767.0,3703.0,3737.0,3700.8525390625,1581506,0.001044715956127762,0.0010441706201943207,3607.8904296875,3580.0483935546877,3645.8223122683303,3614.72643793884,0.009550777886527093,10,4,0
2025-10-07,3748.0,3766.0,3725.0,3729.699951171875,3693.623046875,1673945,-0.001953466697522499,-0.001955377202068454,3617.7986450195312,3585.043603515625,3653.1762714385873,3620.5706311933704,0.009506665210827285,10,4,1
2025-10-08,3730.0,3760.0,3715.0,3729.800048828125,3693.72216796875,1424633,2.6835736211427985e-05,2.683537613950083e-05,3627.939599609375,3590.726103515625,3659.414101673997,3625.989263547102,0.009508125948240893,10,4,2
2025-10-09,3735.5,3796.39990234375,3730.10009765625,3769.199951171875,3732.740966796875,1827249,0.010563544591005947,0.010508140190198675,3638.7935791015625,3597.598974609375,3670.695157846747,3633.896797121159,0.008996588628273895,10,4,3
2025-10-10,3765.0,3799.0,3760.0,3784.0,3747.397705078125,1129678,0.003926535061399505,0.003918846342715711,3650.890417480469,3603.3111767578125,3682.4955497284973,3642.304271784638,0.008983224054855354,10,4,4
2025-10-13,3780.0,3784.0,3745.0,3769.5,3733.0380859375,1191248,-0.003831890893556955,-0.0038392513965799405,3660.2836669921876,3605.3789794921877,3690.2713245298823,3649.02529505522,0.008864250041959154,10,4,0
2025-10-14,3775.0,3786.800048828125,3730.199951171875,3744.300048828125,3708.081787109375,1364583,-0.0066852515976562055,-0.006707697987894525,3668.11220703125,3607.5141259765624,3693.011395695958,3653.399850022194,0.008983323250669986,10,4,1
2025-10-15,3747.0,3843.89990234375,3744.300048828125,3828.699951171875,3791.665283203125,2575918,0.022540898742933857,0.022290606905485726,3676.079382324219,3612.295419921875,3708.188916850907,3663.6417339615227,0.009645864087296138,10,4,2
2025-10-16,3830.300048828125,3885.89990234375,3830.0,3861.800048828125,3824.4453125,2330283,0.00864528560632416,0.00860812912341144,3684.809118652344,3616.8647900390624,3726.0745161815366,3675.553110149558,0.00967379749853001,10,4,3
2025-10-17,3860.0,3869.5,3830.10009765625,3839.39990234375,3802.261962890625,1337364,-0.005800409679508234,-0.005817297391161124,3692.404931640625,3620.5646484375,3737.7956618290887,3684.9389510933406,0.00975334638250447,10,4,4
2025-10-20,3862.0,3887.60009765625,3845.39990234375,3872.699951171875,3835.23974609375,1223232,0.008673201248357465,0.008635805112321461,3702.17451171875,3625.403388671875,3752.787059408267,3696.072343315593,0.009495903261504337,10,4,0
2025-10-21,3892.0,3895.0,3877.199951171875,3888.199951171875,3850.58984375,260327,0.004002382816324479,0.003994394589753476,3714.241650390625,3630.2876806640625,3767.833641614687,3707.5180840885123,0.009319728036904368,10,4,1
2025-10-23,3890.0,3966.199951171875,3890.0,3918.699951171875,3880.794921875,2815778,0.007844273046641703,0.00781366668905216,3727.170373535156,3636.4494970703126,3785.2123001162736,3720.3534054060297,0.009314506072323519,10,4,3
2025-10-24,3929.300048828125,3939.89990234375,3897.5,3904.89990234375,3867.128173828125,1146636,-0.0035216362425747327,-0.0035278518004002654,3738.6135864257812,3641.133740234375,3797.814742225789,3731.2256104743333,0.009377749223931966,10,4,4
2025-10-27,3912.0,3948.0,3907.0,3923.800048828125,3885.845703125,1057688,0.004840162636333467,0.004828486709592732,3752.4484741210936,3645.8417578125,3811.357966979514,3742.678950670679,0.009309665085483103,10,4,0
2025-10-28,3922.10009765625,3986.0,3917.300048828125,3972.800048828125,3934.37158203125,3391806,0.012487855312223406,0.012410525173259924,3764.49580078125,3651.369765625,3830.283138525935,3756.8784048455364,0.009345694176357364,10,4,1
2025-10-29,3988.0,4016.699951171875,3920.0,3958.10009765625,3919.81396484375,2563641,-0.0037001124281159647,-0.003706974776977693,3777.850378417969,3656.9373876953123,3844.0571118055987,3768.947705586145,0.009434062180059807,10,4,2
2025-10-30,3980.0,4062.60009765625,3975.60009765625,3987.5,3948.929443359375,4959400,0.007427770495425978,0.007400320452765562,3794.11650390625,3663.9172119140626,3860.191316660026,3782.2796861619395,0.008735455004367312,10,4,3
2025-10-31,4001.10009765625,4045.89990234375,3980.199951171875,4030.89990234375,3991.909423828125,2328183,0.01088395755994731,0.010825153589046595,3811.9720947265623,3672.1943603515624,3880.455640839734,3797.807814877953,0.00885251140159486,10,4,4
2025-11-03,4030.0,4041.0,3974.89990234375,3980.5,3941.9970703125,1154072,-0.012503378262465836,-0.012582203237993698,3824.2224365234374,3679.8832568359376,3889.923553066313,3808.488500465697,0.009285102237925422,11,4,0
2025-11-04,3985.0,3990.0,3916.800048828125,3924.39990234375,3886.439697265625,2042881,-0.014093712414268933,-0.014193971912875261,3833.5017944335937,3686.058935546875,3889.387575250823,3814.262663191618,0.009728800235039744,11,4,1
2025-11-06,3945.0,3978.0,3872.10009765625,3881.60009765625,3844.053955078125,1749063,-0.010906059398611334,-0.01096596642901399,3841.02333984375,3691.7196484375,3882.4131721473314,3816.469425553581,0.009833175835807334,11,4,3
2025-11-07,3877.10009765625,3892.89990234375,3831.10009765625,3882.5,3844.945068359375,1577294,0.00023181601810584596,0.00023178915292449345,3848.5844848632814,3697.25359375,3876.6488484876454,3818.5787324280845,0.009835304075261961,11,4,4
2025-11-10,3895.0,3943.800048828125,3894.0,3918.5,3880.596923828125,1397176,0.009272396571315067,0.00922967180646351,3855.9772827148436,3704.7246240234376,3877.2562446938728,3823.1726725317912,0.00991533760153315,11,4,0
2025-11-11,3929.0,3966.800048828125,3897.0,3955.0,3916.74365234375,1775462,0.00931473410538275,0.00927161949693521,3864.444580078125,3712.5462255859375,3883.331230486162,3830.1038562215663,0.009804405090422588,11,4,1
2025-11-12,3970.0,3973.800048828125,3936.89990234375,3954.60009765625,3916.34765625,981350,-0.00010110339835822657,-0.000101108509651322,3873.61005859375,3719.5498193359376,3888.4106806036752,3836.492285853302,0.009010134722379786,11,4,2
2025-11-13,3954.60009765625,4022.89990234375,3925.60009765625,4002.5,3963.7841796875,1834962,0.012112439344295067,0.012039670764889206,3886.3951782226563,3727.553642578125,3900.006603539648,3845.9213150262053,0.008846275128953732,11,4,3
2025-11-14,4002.0,4011.5,3971.60009765625,4004.39990234375,3965.665771484375,1916910,0.0004746958238839305,0.00047458319146400735,3895.0952026367186,3736.0605517578124,3910.108013992683,3854.7912747638475,0.00862442068031413,11,4,4
2025-11-17,4004.39990234375,4030.0,4000.10009765625,4027.699951171875,3988.740478515625,1206133,0.005818621225513132,0.005801758429559125,3903.3099609375,3744.5159619140627,3922.2053162269817,3864.7134380047196,0.008639263000494292,11,4,0
2025-11-18,4020.0,4026.800048828125,3978.89990234375,3999.60009765625,3960.912353515625,1748928,-0.006976669740708763,-0.007001120490613456,3911.24248046875,3752.5772216796877,3928.160245040619,3871.83928359812,0.008412262370015943,11,4,1
2025-11-19,4007.0,4026.5,3980.300048828125,4019.60009765625,3980.718994140625,923032,0.00500052484307556,0.00498806374281869,3918.5164428710937,3761.8070703125,3936.24620644062,3879.904447342009,0.008422332667818581,11,4,2
2025-11-20,4035.0,4048.0,4007.699951171875,4037.39990234375,3998.3466796875,1463574,0.004428266745987841,0.004418490822440802,3925.9042846679686,3771.8648291015625,3945.800125401678,3888.6779460342677,0.008387350134820788,11,4,3
2025-11-21,4026.0,4057.0,4015.199951171875,4024.89990234375,3985.967529296875,1241149,-0.0030960672953933566,-0.0031008700273582575,3931.1629150390627,3781.7661181640624,3951.979726000939,3895.884581831498,0.008440622988570871,11,4,4
2025-11-24,4025.0,4038.0,4003.699951171875,4013.300048828125,3974.47998046875,1584741,-0.0028819975937314224,-0.0028861585452877917,3936.5305053710936,3790.942490234375,3955.4413036113715,3901.706463212035,0.008358427396008172,11,4,0
2025-11-25,4013.0,4055.5,3981.60009765625,3996.699951171875,3958.040283203125,1749083,-0.004136314020050991,-0.004144892229838501,3940.140234375,3799.9940771484376,3955.8411466254875,3905.8793387669307,0.008427928041092067,11,4,1
2025-11-26,3999.0,4074.60009765625,3998.0,4062.0,4022.708740234375,2058237,0.016338504008078347,0.01620646690270986,3944.557092285156,3809.5447900390627,3966.128468719163,3914.53336850526,0.008756445150603415,11,4,2
2025-11-27,4071.0,4140.0,4059.60009765625,4081.300048828125,4041.822021484375,2225064,0.004751346041743654,0.0047400940245479325,3950.6574951171874,3819.3510107421876,3977.7736306830416,3923.9621576148243,0.008588708573976223,11,4,3
2025-11-28,4085.0,4104.2001953125,4054.699951171875,4069.60009765625,4030.2353515625,1318133,-0.0028666947382358643,-0.002870811577293319,3954.722790527344,3827.3092822265626,3985.8446646644966,3931.8342460553927,0.007803210562894609,11,4,4
2025-12-01,4087.0,4103.39990234375,4050.0,4073.199951171875,4033.80029296875,1251770,0.0008845491876467992,0.0008841582045596433,3956.817333984375,3834.9882763671876,3993.222453634382,3939.387286567493,0.007705586223853278,12,4,0
2025-12-02,4066.5,4088.60009765625,4023.800048828125,4030.5,3991.513427734375,1490917,-0.010483133066375272,-0.010538468169056608,3959.2931518554688,3841.811630859375,3992.959526572842,3943.2484822094843,0.0079097220684328,12,4,1
2025-12-03,4032.0,4046.89990234375,3970.10009765625,3988.0,3949.424560546875,1123990,-0.010544588650272968,-0.010600576753994199,3962.4423950195314,3848.0031591796874,3986.2618394919245,3943.705969493735,0.008097350915888297,12,4,2
2025-12-04,3990.0,4009.199951171875,3961.699951171875,3983.60009765625,3945.067138671875,1026968,-0.0011033055089920696,-0.0011039145985642911,3967.493054199219,3854.719560546875,3979.9241932119166,3943.8067968402643,0.008085937978379034,12,4,3
2025-12-05,3999.0,4048.0,3975.10009765625,4038.199951171875,3999.138916015625,1073758,0.013706174177292585,0.01361309412190204,3975.202746582031,3862.2579296875,3982.8803044124875,3947.9054723347354,0.008328231412180346,12,4,4
2025-12-08,4047.0,4047.89990234375,3976.89990234375,3996.699951171875,3958.040283203125,1127841,-0.010276870515277592,-0.01033004215481111,3979.074914550781,3868.65345703125,3979.05876268797,3948.6561990657274,0.00854420989934607,12,4,0
2025-12-09,3990.0,4019.89990234375,3949.10009765625,3997.5,3958.832763671875,1788464,0.00020022041516676303,0.00020020037373452956,3981.1793701171873,3875.6471533203126,3975.9470705316476,3949.4100186661826,0.008510673468554237,12,4,1
2025-12-10,4000.0,4030.0,3970.0,3991.300048828125,3952.692626953125,957277,-0.001550996742043509,-0.0015522007826268176,3982.996618652344,3880.8325048828124,3972.3694638272596,3949.6531748355856,0.008218584095301065,12,4,2
2025-12-11,3993.199951171875,4015.0,3984.60009765625,4003.89990234375,3965.170654296875,841371,0.0031568423152013025,0.003151869950399211,3983.0659423828124,3887.0814697265623,3971.261954668739,3950.802617758644,0.008202070403082204,12,4,3
2025-12-12,4061.0,4114.0,4048.60009765625,4074.10009765625,4034.69189453125,2207898,0.017532975575474508,0.01738104623745602,3986.5172485351563,3895.3031689453123,3981.020406955279,3957.0166382603184,0.008692774587628842,12,4,4
2025-12-15,4072.800048828125,4096.0,4063.800048828125,4092.300048828125,4052.7158203125,1064975,0.004467237214737629,0.0044572887277353705,3989.716015625,3903.661533203125,3992.050470548698,3964.10546656048,0.008511961445305683,12,4,0
2025-12-16,4083.699951171875,4103.7998046875,4051.199951171875,4063.800048828125,4024.491455078125,2199214,-0.006964308993221868,-0.0069886729778711855,3992.894970703125,3910.2115576171873,3997.041391245533,3968.5785027469724,0.008276106614680768,12,4,1
2025-12-17,4079.0,4079.0,4040.0,4062.39990234375,4023.104736328125,1087334,-0.0003445699327427887,-0.000344629310602339,3995.0142578125,3916.6566015625,4001.0511366428545,3972.617483012243,0.0077939185578324984,12,4,2
2025-12-18,4067.0,4071.800048828125,4023.39990234375,4031.10009765625,3992.107666015625,1004303,-0.0077047634461515635,-0.007734598482766427,3994.7023071289063,3922.6262939453127,3999.6752180848193,3974.061200271753,0.007643166630005147,12,4,3
2025-12-19,4040.10009765625,4091.5,4040.10009765625,4073.5,4034.097412109375,1327935,0.010518189790121202,0.010463258481437653,3997.1088012695313,3929.433798828125,4004.9709402424432,3978.50832707454,0.007822738951252352,12,4,4
2025-12-22,4081.0,4098.5,4068.5,4072.39990234375,4033.008056640625,764774,-0.00027003697666794224,-0.00027007344321735183,4000.035205078125,3935.439140625,4009.28434276524,3982.5453440794354,0.007694288565367305,12,4,0
2025-12-23,4089.0,4095.0,4053.300048828125,4058.800048828125,4019.539794921875,1867147,-0.003339507764328342,-0.003345096365970123,4003.1101806640627,3940.881982421875,4010.8621046354915,3985.285673771468,0.007586631537020091,12,4,1
2025-12-24,4065.0,4080.699951171875,4048.10009765625,4053.60009765625,4014.39013671875,1021436,-0.0012811561685820427,-0.001281977550767043,4002.6942504882813,3946.5090234375,4011.4048788021464,3987.441559915711,0.007595010809244831,12,4,2
2025-12-26,4052.0,4061.5,4030.199951171875,4047.300048828125,4008.15087890625,594330,-0.0015542230824630021,-0.0015554321400839317,4001.010693359375,3952.5104052734373,4010.904263433547,3988.9755835446394,0.007300488249006402,12,4,4
2025-12-29,4053.0,4061.10009765625,4033.39990234375,4038.699951171875,3999.634033203125,952143,-0.0021248815128059872,-0.0021271422766656733,3999.4806274414063,3956.6697802734375,4009.170381859636,3989.7650983341573,0.007314944783057655,12,4,0
2025-12-30,4039.0,4063.89990234375,4006.199951171875,4052.0,4012.805419921875,1362208,0.003293147975391486,0.003287737438808554,3998.4308837890626,3960.436982421875,4009.729618484596,3991.471788822136,0.007263717886273709,12,4,1
2025-12-31,4058.0,4094.5,4048.0,4083.5,4044.000732421875,1160164,0.0077739409803248005,0.0077438795975722395,4001.0552490234377,3965.2717578125,4015.0020975518696,3995.3628216813763,0.007258594616966187,12,4,2
2026-01-01,4090.0,4146.7998046875,4088.300048828125,4140.39990234375,4100.35009765625,1360716,0.013934064052611772,0.013837877465595881,4008.601525878906,3970.57396484375,4028.1325591063896,4003.1396569387744,0.0076148665506553595,1,1,3
2026-01-02,4138.10009765625,4172.7001953125,4127.10009765625,4163.39990234375,4123.1279296875,984027,0.005555094440416131,0.005539721807968259,4017.5045654296873,3976.0247265625,4042.747231503484,4012.0276771423837,0.0076350336432017205,1,1,4
2026-01-05,4162.89990234375,4195.0,4132.7998046875,4150.39990234375,4110.25341796875,1167460,-0.003122510855423699,-0.0031273960645076732,4023.0602905273436,3980.613896484375,4053.1327986519864,4019.303657944337,0.007635530669256144,1,1,0
2026-01-06,4153.0,4185.0,4129.89990234375,4140.60009765625,4100.54833984375,1205337,-0.002361187288981381,-0.00236397928750836,4030.185693359375,3985.2822998046877,4060.4274972968733,4025.3217825294787,0.0076268647558941785,1,1,1
2026-01-07,4106.0,4180.0,4094.0,4157.0,4116.7900390625,1213160,0.003960860322248738,0.003953036766871462,4038.0835571289062,3989.9011865234374,4069.0986575685083,4032.097208939332,0.0075794137166648855,1,1,2
2026-01-08,4160.0,4169.89990234375,3991.300048828125,4028.39990234375,3989.43359375,2328813,-0.030935861218101435,-0.031424478588484336,4039.92060546875,3991.0024267578124,4056.8424939041224,4028.9369411475295,0.00911269802704654,1,1,3
2026-01-09,4029.0,4094.0,4006.199951171875,4025.199951171875,3986.2646484375,1718127,-0.0007943346437611076,-0.0007946502946902955,4040.975305175781,3992.3314404296875,4045.984363832334,4025.7760305764164,0.009064147829239992,1,1,4
2026-01-12,4026.0,4026.89990234375,3944.300048828125,4019.0,3980.124755859375,1386513,-0.0015402621550808515,-0.0015414495782860203,4038.2469482421875,3992.9553466796874,4035.852116451879,4022.3944546714506,0.009055038661722413,1,1,0
2026-01-13,4028.0,4028.0,3837.0,3887.39990234375,3849.797607421875,4978634,-0.03274448828410159,-0.03329258708133413,4028.101037597656,3990.1131103515627,4007.2283458318784,4009.6095030233337,0.010805772037352316,1,1,1
2026-01-14,3900.0,3904.89990234375,3856.60009765625,3865.800048828125,3828.40673828125,1914244,-0.0055563620018326265,-0.005571856001347736,4018.2968017578123,3987.8413037109376,3979.717329285628,3996.1870760054017,0.010701443488574934,1,1,2
2026-01-15,3865.800048828125,3865.800048828125,3865.800048828125,3865.800048828125,3828.40673828125,0,0.0,0.0,4008.561901855469,3986.68064453125,3956.4387768234155,3983.7589028406496,0.010560729204008282,1,1,3
2026-01-16,3890.0,3914.0,3848.699951171875,3856.39990234375,3819.097412109375,1807300,-0.002431645017962336,-0.0024346062681558974,3999.9113891601564,3986.181513671875,3935.3093360981784,3971.5617553790735,0.010564037913787015,1,1,4
2026-01-19,3820.0,3878.39990234375,3808.5,3869.800048828125,3832.367919921875,1709380,0.0034747759432431913,0.0034687528578640696,3989.824914550781,3985.929970703125,3919.472195147978,3961.2511009007626,0.010231940439105318,1,1,0
2026-01-20,3858.0,3874.300048828125,3800.0,3810.5,3773.6416015625,1658119,-0.015323768381970027,-0.015442390708305052,3976.856591796875,3983.7908642578127,3897.0367192117506,3947.3541009497803,0.010423175709307874,1,1,1
2026-01-21,3800.0,3830.0,3722.0,3766.5,3730.067138671875,2537185,-0.0115470591782173,-0.011614244159445095,3962.382958984375,3980.057333984375,3871.349091436385,3931.2587704106763,0.01057525413712404,1,1,2
2026-01-22,3798.89990234375,3801.300048828125,3755.10009765625,3793.800048828125,3757.10302734375,1856812,0.007248097062805492,0.007221955847331942,3949.518603515625,3976.87244140625,3853.772773883672,3918.358344998311,0.010707253272614597,1,1,3
2026-01-23,3798.0,3799.39990234375,3720.10009765625,3743.800048828125,3707.586669921875,1898703,-0.013179398345347648,-0.013267017310718799,3934.4903930664063,3971.7484912109376,3831.2826040433956,3902.7456283259826,0.010869373283642575,1,1,4
2026-01-27,3743.800048828125,3815.0,3739.0,3787.800048828125,3751.1611328125,2162193,0.011752783352072749,0.01168425579755346,3922.066748046875,3967.4583984375,3818.956223854027,3891.517147176836,0.010554582295976332,1,1,1
2026-01-28,3804.300048828125,3828.199951171875,3769.10009765625,3794.0,3757.301025390625,2111741,0.0016367978769074032,0.0016354597831894626,3909.2915283203124,3962.829609375,3809.470808705811,3881.575212229709,0.01050387225078632,1,1,2
2026-01-29,3860.0,3960.89990234375,3843.60009765625,3932.89990234375,3894.857421875,4227139,0.03661042741979248,0.03595618597407381,3901.834362792969,3961.5085107421874,3822.6072107318405,3882.5590796108418,0.0126532366526969,1,1,3
2026-01-30,3902.5,3942.39990234375,3891.800048828125,3932.300048828125,3894.263427734375,2208465,-0.00015250728750404452,-0.0001525189179229129,3891.530029296875,3959.7793994140625,3833.6312441168457,3883.4260683607336,0.012653635235587431,1,1,4
2026-02-02,3830.699951171875,3934.800048828125,3825.0,3921.300048828125,3883.369873046875,3034613,-0.0027973337935789377,-0.002801253643547752,3879.542126464844,3957.47986328125,3841.2833408753118,3883.4219057448922,0.012595649455329231,2,1,0
2026-02-03,4117.0,4122.0,4030.60009765625,4038.800048828125,3999.733154296875,3742190,0.029964511507811098,0.029524346801177194,3874.01611328125,3957.75517578125,3865.6602352478603,3892.03755378578,0.013656238699007641,2,1,1
2026-02-04,4029.0,4107.0,4016.89990234375,4087.10009765625,4047.566162109375,1403373,0.011959049758385465,0.011888105380930122,3871.3670043945312,3959.2168994140625,3893.645762457324,3903.5581914393797,0.013835268191853132,2,1,2
2026-02-05,4088.0,4088.5,4035.89990234375,4063.300048828125,4023.996337890625,1433240,-0.005823209127350459,-0.005840230119651435,3866.7273193359374,3960.5360205078123,3913.6996971393705,3912.4795356209534,0.013864656721004604,2,1,3
2026-02-06,4055.0,4078.0,4042.300048828125,4068.10009765625,4028.749755859375,1630836,0.0011812679658753655,0.0011805708178301891,3868.6931274414064,3960.6568408203125,3931.3997061732175,3921.092144527503,0.013863304636944575,2,1,4
2026-02-09,4073.89990234375,4124.7001953125,4062.39990234375,4113.60009765625,4073.809814453125,1830267,0.011184625832918682,0.01112254041129055,3873.0703857421877,3961.2965966796874,3953.3089536008956,3932.4045645219935,0.014001746842461627,2,1,0
2026-02-10,4140.0,4174.60009765625,4122.39990234375,4169.0,4128.673828125,1890409,0.013467495089541925,0.013377614456324209,3880.497839355469,3963.2653662109374,3980.2881650661425,3946.9430284925866,0.014183920032419467,2,1,1
2026-02-11,4172.89990234375,4187.7001953125,4140.2998046875,4170.39990234375,4130.06005859375,1689489,0.0003357568377784226,0.0003357004840651086,3894.5109619140626,3965.1905615234373,4003.3299948396207,3960.5072529445247,0.014178832302256422,2,1,2
2026-02-12,4187.89990234375,4199.0,4160.89990234375,4185.89990234375,4145.41015625,2006458,0.0037166766193410528,0.0037097868428984083,3910.3611328125,3968.26849609375,4025.188481210448,3974.2037643004855,0.014131833050678166,2,1,3
2026-02-13,4174.10009765625,4199.0,4134.10009765625,4173.89990234375,4133.5263671875,2234376,-0.002866734198685439,-0.0028708511511899557,3925.6171142578123,3971.9505322265627,4041.8558482838407,3986.0054385884127,0.01392987127399454,2,1,4
2026-02-16,4170.0,4206.0,4135.2998046875,4201.5,4160.859375,852552,0.006612515654786488,0.006590748875898301,3942.705212402344,3976.266376953125,4060.16408316325,3998.957582026308,0.013944793525453686,2,1,0
2026-02-17,4210.10009765625,4287.0,4190.10009765625,4279.7998046875,4238.40185546875,1763048,0.018636169473704056,0.018464643844126296,3963.0069091796877,3981.0516357421875,4087.5852789025575,4016.6941948738963,0.014316294314148617,2,1,1
2026-02-18,4290.5,4335.0,4261.10009765625,4325.89990234375,4284.05615234375,2042626,0.010771582882376451,0.010713982644799577,3988.52763671875,3987.571953125,4117.8115671242795,4036.498784316108,0.014406584767035003,2,1,2
2026-02-19,4326.10009765625,4334.0,4261.89990234375,4280.5,4239.09521484375,2007080,-0.010494945887999707,-0.010550406209256116,4013.979040527344,3993.1772021484376,4136.470589850352,4051.5059273181555,0.01456442578614221,2,1,3
2026-02-20,4267.10009765625,4390.0,4267.10009765625,4380.60009765625,4338.22705078125,2542442,0.02338514020406457,0.023115897256141077,4043.0352416992187,4000.887890625,4167.510045378182,4072.7445290561623,0.013803829350746297,2,1,4
2026-02-23,4395.60009765625,4431.60009765625,4371.7001953125,4418.10009765625,4375.3642578125,2122782,0.008560457209025651,0.008524024269307543,4076.42412109375,4009.0917626953124,4199.487616521924,4095.160805260335,0.013823389841585388,2,1,0
2026-02-24,4415.5,4440.0,4228.10009765625,4259.2001953125,4218.00146484375,3673070,-0.035965643931877955,-0.03662834593183278,4099.766137695313,4012.7579541015625,4202.335900879128,4104.260113377625,0.0155514317651002,2,1,1
2026-02-25,4270.0,4344.89990234375,4254.2001953125,4298.5,4256.9208984375,2481469,0.00922698437118541,0.009184675805408396,4124.747131347656,4016.8420556640626,4210.733592811185,4115.568319678357,0.01413649535606322,2,1,2
2026-02-26,4304.89990234375,4340.0,4278.2998046875,4286.5,4245.037109375,2370148,-0.0027916396254537013,-0.0027955435185540957,4142.256115722656,4021.25296875,4216.011056897926,4125.158600396627,0.01408465452793009,2,1,3
2026-02-27,4288.89990234375,4304.7001953125,4254.39990234375,4278.2998046875,4236.91650390625,2357853,-0.0019129645417741425,-0.0019147965952515862,4159.38876953125,4025.5292041015623,4219.227279514592,4133.4369636195615,0.014105572180562404,2,1,4
2026-03-02,4061.0,4141.39990234375,3975.39990234375,4066.699951171875,4027.36328125,6542141,-0.04945889834341821,-0.0507238758459251,4166.588439941406,4026.23431640625,4189.709741320039,4125.579653814409,0.0170839998321659,3,1,0
2026-03-04,3950.0,3959.0,3760.0,3882.60009765625,3845.044189453125,7635350,-0.04527008840888258,-0.04632679358897078,4158.853991699219,4022.453251953125,4136.6842718020525,4104.799249046906,0.019126348830996277,3,1,2
2026-03-05,3924.199951171875,4072.89990234375,3908.89990234375,4038.699951171875,3999.634033203125,4996312,0.04020495893754261,0.03941776963786013,4156.457385253906,4021.785771484375,4115.599619709909,4097.009233058478,0.02021902275243329,3,1,3
2026-03-06,4015.0,4015.0,3941.0,3949.800048828125,3911.593994140625,2379314,-0.022012023683074977,-0.022257903177366846,4150.837268066406,4019.62685546875,4084.2141388530963,4083.2747709164146,0.020550852082803557,3,1,4
2026-03-09,3850.0,3852.0,3743.0,3842.10009765625,3804.93603515625,4248784,-0.02726713435600514,-0.027645781619568325,4139.64658203125,4015.4377734375,4041.2482767458896,4062.657086786032,0.021190981440052548,3,1,0
2026-03-10,3936.0,3972.0,3851.0,3876.0,3838.5078125,3330102,0.008823217271869632,0.008784520145876447,4127.881481933594,4012.044912109375,4010.0574360926757,4046.0534368389185,0.021076628426832868,3,1,1
2026-03-11,3879.699951171875,3896.699951171875,3832.0,3838.800048828125,3801.667724609375,2066473,-0.009597502386384682,-0.009643855231867943,4111.531176757812,4008.0855859375,3977.9974804798603,4027.9507914885817,0.021074547559338217,3,1,2
2026-03-12,3825.0,3830.0,3704.89990234375,3719.5,3683.521728515625,4255443,-0.031077412507398927,-0.03157055935119557,4089.2042602539063,4001.499912109375,3932.6935186392084,4002.437527564659,0.02185433080030218,3,1,3
2026-03-13,3696.0,3697.0,3424.5,3439.0,3405.73486328125,10778730,-0.07541339123478352,-0.07840855080650963,4052.220495605469,3988.7345947265626,3851.6229562764456,3958.2373302103324,0.024693528597045964,3,1,4
2026-03-16,3453.5,3494.800048828125,3396.60009765625,3469.39990234375,3435.8408203125,8459233,0.008839782966030496,0.008800940820844746,4017.336218261719,3975.4444091796877,3787.656473820454,3919.5412924401226,0.024798235366255715,3,1,0
2026-03-17,3478.0,3550.0,3450.0,3542.800048828125,3508.531005859375,5003418,0.02115644738753164,0.020935757010709922,3984.7197998046877,3963.152470703125,3744.714094134134,3889.096086026734,0.025215837131469444,3,1,1
2026-03-18,3569.0,3638.800048828125,3555.0,3607.89990234375,3573.001220703125,4190485,0.018375272937899867,0.018208487661790965,3951.4497680664062,3952.4074267578126,3718.296728990902,3865.6816515583187,0.024777349109925885,3,1,2
2026-03-19,3526.699951171875,3528.300048828125,3422.0,3434.5,3401.278564453125,4898518,-0.04806118040346119,-0.04925451138554979,3907.310888671875,3938.42203125,3669.524703677398,3831.2814228838597,0.02588847083317019,3,1,3
2026-03-20,3475.0,3524.0,3410.0,3434.800048828125,3401.57568359375,4743217,8.73551327815747e-05,8.735131754414848e-05,3865.434912109375,3924.117744140625,3628.3017775106828,3799.4513681216295,0.025908024869415056,3,1,4
2026-03-23,3405.10009765625,3409.89990234375,3288.10009765625,3342.39990234375,3310.0693359375,5645839,-0.026901164686000456,-0.027269624037039752,3814.0270263671873,3910.530458984375,3579.342940345578,3763.2008472191014,0.026173452755031842,3,1,0
2026-03-24,3440.0,3547.10009765625,3390.5,3516.800048828125,3482.782470703125,6037848,0.0521781017969849,0.05086239827228786,3769.3979370117186,3900.4608154296875,3564.4874834775082,3742.4291156253253,0.02811025006572014,3,1,1
2026-03-25,3569.89990234375,3660.0,3546.0,3649.300048828125,3614.000732421875,5090205,0.0376762725845059,0.03698385997739813,3739.197900390625,3893.1383349609373,3572.1049063920264,3732.9159020546995,0.028987242068369046,3,1,2
2026-03-27,3640.0,3640.0,3547.0,3564.10009765625,3529.625,3991388,-0.023346905180434696,-0.023623761824867577,3702.83310546875,3886.7348828125,3565.5695361778685,3717.8573167173145,0.029186415373345976,3,1,4
2026-03-30,3500.0,3543.60009765625,3491.10009765625,3504.10009765625,3470.205322265625,3549203,-0.016834558270177435,-0.016977870117549584,3664.091516113281,3879.5708544921877,3550.898118652908,3699.512724535708,0.029220635724523526,3,1,0
2026-04-01,3655.0,3682.89990234375,3597.300048828125,3607.5,3572.60498046875,4099786,0.02950824193199919,0.029081253215680756,3630.875939941406,3874.4548193359374,3554.2376358553456,3690.1121509011186,0.029910591089730182,4,2,2
2026-04-02,3539.300048828125,3629.0,3470.0,3613.10009765625,3578.151123046875,4121638,0.0015524085669826881,0.001551204826440322,3608.41533203125,3869.6358935546873,3557.9166338848117,3681.818741430434,0.029860503298170082,4,2,3
2026-04-06,3616.60009765625,3737.0,3577.0,3727.699951171875,3691.642333984375,3353246,0.031717836121147425,0.03122521506349042,3600.7452392578125,3866.8213818359377,3578.489818515514,3682.546414952948,0.030303464134922155,4,2,0
2026-04-07,3680.0,3736.199951171875,3658.0,3723.300048828125,3687.284912109375,3083714,-0.0011803477912490923,-0.001181044950350711,3585.127783203125,3865.094248046875,3595.227525222262,3682.8974147423132,0.03017890801073523,4,2,1
2026-04-08,3948.0,4032.0,3931.0,4005.89990234375,3967.1513671875,7368477,0.07590041500699285,0.07315790634773182,3587.905651855469,3869.8359326171876,3652.4465778322988,3703.9532630715867,0.033527733962796506,4,2,2
2026-04-09,3988.0,3988.0,3885.60009765625,3896.199951171875,3858.512451171875,4415151,-0.027384615801197443,-0.02776656353647664,3590.58447265625,3871.86412109375,3684.1490198845413,3715.402091819756,0.033501109450622894,4,2,3
2026-04-10,3932.0,3965.0,3915.60009765625,3959.89990234375,3921.59619140625,2822017,0.016349238477956884,0.016217028751098348,3594.7388916015625,3876.1443115234374,3720.6793539648042,3730.6757288261633,0.03362658616788907,4,2,4
2026-04-13,3825.0,3971.699951171875,3815.60009765625,3954.300048828125,3916.050537109375,4897563,-0.001414131906040672,-0.001415132734211153,3600.4580322265624,3879.442099609375,3750.736459063969,3744.4071961064014,0.033048705330594626,4,2,0
2026-04-15,4045.39990234375,4104.0,4031.10009765625,4076.300048828125,4036.87060546875,4562142,0.030852530429435587,0.030386159333309817,3618.1254760742186,3885.0334912109374,3794.7570969723965,3766.071152355464,0.0335330687071814,4,2,2
2026-04-16,4128.0,4149.0,4089.0,4119.7998046875,4079.949462890625,5092608,0.010671349575464673,0.010614812586239423,3651.8362060546874,3888.73533203125,3838.632845575201,3789.3213975802905,0.033601374180956524,4,2,3
2026-04-17,4134.0,4142.89990234375,4072.800048828125,4096.10009765625,4056.47900390625,2796673,-0.005752634731839623,-0.005769244867010526,3682.868115234375,3891.9796435546873,3872.147639164593,3809.110849900732,0.033613170320618106,4,2,4
2026-04-20,4100.0,4130.0,4024.0,4051.0,4011.815185546875,3545024,-0.0110104892238726,-0.011071553304315496,3708.03232421875,3894.5485498046874,3893.6349539926364,3824.12598587452,0.03240939204987147,4,2,0
2026-04-21,4039.0,4091.800048828125,4032.0,4075.39990234375,4035.97900390625,2426718,0.006023163391581043,0.006005096652610893,3731.1812133789062,3895.273466796875,3915.5340385947306,3839.8188020250186,0.03125038482590935,4,2,1
2026-04-22,4070.0,4070.0,4011.0,4021.10009765625,3982.20458984375,2178082,-0.013323759615809228,-0.013413317287130138,3760.2275146484376,3893.9662353515623,3925.791046479195,3850.3658974189984,0.030518621461966367,4,2,2
2026-04-23,4009.89990234375,4064.0,3978.5,4054.10009765625,4014.88525390625,2229134,0.008206676308356586,0.008173184652359892,3790.8929931640623,3893.784013671875,3939.4978476218184,3862.552516418054,0.030254199386167215,4,2,3
2026-04-24,4072.0,4088.10009765625,3983.199951171875,4014.300048828125,3975.47021484375,2162213,-0.009817226787279032,-0.009865733486778014,3824.163037109375,3892.7184228515625,3945.032057963654,3870.9167903755133,0.02985085436027843,4,2,4
2026-04-27,4058.0,4089.5,4030.199951171875,4053.60009765625,4014.39013671875,2000348,0.009790017223542336,0.009742405499122787,3850.7434204101564,3891.530029296875,3955.7025316182844,3881.5444456601977,0.029859114388999776,4,2,0
2026-04-28,4060.0,4087.89990234375,4023.89990234375,4037.699951171875,3998.643798828125,1750237,-0.003922473241102509,-0.003930186315424552,3869.9755737304686,3888.9294287109374,3962.3088804197987,3890.2184718207845,0.029801514954532617,4,2,1
2026-04-29,4060.0,4126.0,4051.300048828125,4096.10009765625,4056.47900390625,2175030,0.01446370519301432,0.014360103589554307,3896.3182739257813,3887.4578076171874,3976.7965917254064,3902.534066790078,0.029206408958935,4,2,2
2026-04-30,4083.0,4100.0,3990.0,4014.0,3975.173095703125,2569328,-0.02004346827010084,-0.02024706367890222,3921.5666625976564,3884.05306640625,3976.546823106594,3907.914735598452,0.025560934166542554,4,2,3
2026-05-01,4014.0,4014.0,4014.0,4014.0,3975.173095703125,0,0.0,0.0,3941.695068359375,3880.8860009765626,3976.335480429137,3912.896836346946,0.02557179941105911,5,2,4
2026-05-04,4026.0,4139.5,4026.0,4100.7998046875,4061.13330078125,2173027,0.02162426717242627,0.021393779538276085,3965.8441772460938,3878.8914794921875,3989.381298944847,3923.8773151939317,0.0255820161541439,5,2,0
2026-05-05,4085.0,4090.0,4024.0,4054.5,4015.28125,3849402,-0.011290456969838769,-0.01135467802675243,3982.026123046875,3874.4290673828127,3993.365906799486,3930.6479770314186,0.025628464297564647,5,2,1
2026-05-06,3974.0,4021.0,3900.0,4008.5,3969.726318359375,9540104,-0.011345389975017328,-0.011410239876710937,3996.148193359375,3868.142470703125,3989.7290470394687,3933.5426689816377,0.023861989468814033,5,2,2
2026-05-07,4028.0,4065.800048828125,3991.0,4023.0,3984.0859375,3477185,0.0036172818952817654,0.0036107552654980344,3996.994921875,3863.04228515625,3988.8608763410884,3937.2866147978125,0.023843409357412092,5,2,3
2026-05-08,4010.0,4014.0,3960.0,3974.5,3936.05517578125,1620273,-0.012055654037645858,-0.0121289128184804,4000.8720581054686,3854.99884765625,3980.7369224088056,3937.195397092882,0.023294374307453323,5,2,4
2026-05-11,3948.0,3953.5,3886.10009765625,3940.199951171875,3902.0869140625,2027769,-0.008630026816635716,-0.008667481141639236,3999.896594238281,3845.53330078125,3968.6369211247584,3934.5947687202615,0.021735310679259236,5,2,0
2026-05-12,3925.10009765625,3940.0,3847.0,3856.5,3819.196533203125,2255075,-0.02124257677619923,-0.021471447313751942,3995.0538940429688,3837.5572021484377,3945.6460922137376,3926.0467512745477,0.021245715097400548,5,2,1
2026-05-13,3848.0,3953.0,3848.0,3915.800048828125,3877.923095703125,2486330,0.015376679882652233,0.015259656833164154,3987.1065185546877,3829.97724609375,3935.2271696736434,3922.482036047035,0.020821221523428583,5,2,2
2026-05-14,3942.0,3988.0,3925.0,3940.39990234375,3902.284912109375,2982228,0.0062821814164504275,0.006262530771113988,3978.223291015625,3823.1222021484373,3930.1591300483715,3920.985952792393,0.020473437859956832,5,2,3
2026-05-15,3949.39990234375,3949.39990234375,3893.0,3909.0,3871.188720703125,1339185,-0.007968713742493194,-0.00800063362855929,3968.958776855469,3815.807646484375,3921.086759379872,3917.297268933929,0.020008835816604148,5,2,4
2026-05-18,3873.89990234375,3924.699951171875,3852.0,3917.800048828125,3879.903564453125,1771638,0.0022512061226549474,0.0022486759547264436,3962.3631958007813,3812.8584521484377,3914.7508832372955,3914.527364898314,0.02000765794634308,5,2,0
2026-05-19,3940.89990234375,3960.0,3900.0,3921.0,3883.07275390625,2318170,0.0008168217071580219,0.0008164882898566859,3954.717883300781,3813.6190234375,3909.877324878673,3912.197393713717,0.01925366208296514,5,2,1
2026-05-20,3901.60009765625,3943.5,3883.10009765625,3910.699951171875,3872.872314453125,1972259,-0.0026268988761191103,-0.0026303552292922085,3949.25126953125,3811.0837890625,3904.184246351666,3909.2844248795986,0.01926335148500495,5,2,2
2026-05-21,3970.0,3970.0,3912.699951171875,3928.5,3890.5,1624945,0.004551579322946031,0.004541252210370447,3943.0320068359374,3810.6619091796874,3902.078977682179,3907.8929859996283,0.013274455880687114,5,2,3
2026-05-22,3907.0,3960.0,3900.10009765625,3926.60009765625,3926.60009765625,1330428,0.009279038081544844,0.00923625227809855,3940.5885009765625,3813.0951904296876,3905.85145767819,3909.278697974193,0.012377586079688316,5,2,4
2026-05-25,3970.0,4038.39990234375,3961.5,4033.39990234375,4033.39990234375,2099927,0.027199053132823003,0.026835732158764693,3941.5389892578123,3816.9930322265627,3925.4742953190453,3918.472861260827,0.012995016865853103,5,2,0
2026-05-26,4029.60009765625,4052.89990234375,4014.199951171875,4037.800048828125,4037.800048828125,1552847,0.0010909274039050398,0.001090332775030075,3943.4968017578126,3821.7156787109375,3942.755180474288,3927.311912191738,0.012986890866199783,5,2,1
2026-05-27,4043.0,4069.89990234375,4017.89990234375,4047.5,4047.5,1607028,0.0024022861594372724,0.002399405282912107,3943.0478515625,3828.995244140625,3958.869768093628,3936.2147335108684,0.01171610968531672,5,2,2
2026-05-28,4047.5,4047.5,4047.5,4047.5,4047.5,0,0.0,0.0,3946.664196777344,3841.830546875,3972.505188386916,3944.4580865841376,0.011546547766165155,5,2,3
2026-05-29,4045.800048828125,4128.0,4045.0,4076.5,4076.5,4882940,0.007164916615194583,0.007139370551175311,3951.7305419921877,3854.64373046875,3988.5043901735444,3954.238969059387,0.011573238450973357,5,2,4
2026-06-01,4089.0,4105.7998046875,4002.10009765625,4010.800048828125,4010.800048828125,1409388,-0.01611675485634123,-0.016248042279034276,3949.2138793945314,3864.689111328125,3991.9344915050187,3958.428678671886,0.011779938461945865,6,2,0
2026-06-02,3980.0,4017.0,3923.5,4000.89990234375,4000.89990234375,2085054,-0.002468371986598439,-0.0024714234391781833,3948.4948120117188,3873.2470849609376,3993.313785480208,3961.574695240172,0.011733604381337782,6,2,1
2026-06-03,4000.89990234375,4008.0,3894.0,3953.199951171875,3953.199951171875,1872929,-0.011922305565288505,-0.011993946234268636,3947.668493652344,3884.2855126953127,3987.1424263558492,3960.954343827705,0.01168233160116745,6,2,2
2026-06-04,3945.0,3974.89990234375,3930.10009765625,3942.10009765625,3942.10009765625,1398297,-0.0028078148468899666,-0.0028117641533437245,3945.569201660156,3895.0960009765627,3980.2128373251417,3959.5577330001897,0.01158239311863142,6,2,3
2026-06-05,3960.0,3978.0,3923.89990234375,3953.199951171875,3953.199951171875,1278243,0.0028157208697527913,0.002811764153343759,3946.4264404296873,3907.95861328125,3976.0570086861776,3959.0867861980923,0.011462686215851314,6,2,4
2026-06-08,3901.10009765625,3916.699951171875,3863.10009765625,3875.5,3875.5,1678709,-0.019654950959119066,-0.01985067842891835,3945.0970947265623,3915.8129638671876,3960.586699657535,3952.895172405641,0.011838979397081745,6,2,0
2026-06-09,3924.89990234375,3924.89990234375,3885.0,3900.60009765625,3900.60009765625,1506501,0.006476608864985245,0.0064557257531240985,3949.167272949219,3921.544951171875,3951.357991657337,3949.0214631649455,0.011905702151844362,6,2,1
2026-06-10,3904.0,3962.800048828125,3900.0,3917.5,3917.5,2033070,0.004332641624529732,0.004323282755485823,3951.1461181640625,3929.302451171875,3946.1490698639004,3946.686539967542,0.011598759374772762,6,2,2
2026-06-11,3900.0,3909.800048828125,3854.39990234375,3862.0,3862.0,2224659,-0.014167198468410969,-0.014268511241716134,3949.131872558594,3937.1383447265625,3933.203059115608,3940.413462932909,0.011313874268986503,6,2,3
2026-06-12,3930.0,4059.800048828125,3921.0,4049.300048828125,4049.300048828125,3065790,0.048498200110855816,0.04735885472589475,3958.0374389648437,3946.67224609375,3951.0641344559954,3948.479135962184,0.014471291268551508,6,2,4
2026-06-15,4130.0,4214.89990234375,4130.0,4169.7998046875,4169.7998046875,3978153,0.029758169166606452,0.02932398745782388,3972.5322509765624,3958.5052197265627,3984.7157760300734,3964.8732595714664,0.014944974038641763,6,2,0
2026-06-16,4205.0,4235.39990234375,4177.10009765625,4186.39990234375,4186.39990234375,2647549,0.003981029889633669,0.0039731265587961495,3987.6986083984375,3968.40037109375,4015.7441031552544,3981.2826405175615,0.014771434726390162,6,2,1
2026-06-17,4200.10009765625,4214.7001953125,4172.0,4207.7001953125,4207.7001953125,1312925,0.005087973787889943,0.005075073787330775,4004.4400024414062,3978.8086767578125,4045.2758096409843,3998.0543112431124,0.014582291981644858,6,2,2
2026-06-18,4207.7001953125,4244.89990234375,4165.60009765625,4190.0,4190.0,1485427,-0.0042066198851853365,-0.004215492602121873,4019.415002441406,3983.2656494140624,4067.5410696962176,4012.272510410289,0.01462309118221031,6,2,3
2026-06-19,4190.0,4217.5,4161.60009765625,4209.39990234375,4209.39990234375,1397746,0.004630048292064481,0.004619362589322591,4033.5549926757812,3990.2833984375,4089.3655054881456,4026.8745394423977,0.014394105644375139,6,2,4
2026-06-22,4228.0,4235.39990234375,4190.0,4201.2998046875,4201.2998046875,1169466,-0.0019242879850260852,-0.0019261418057224234,4041.949987792969,3995.877470703125,4106.586166903431,4039.7949294605532,0.014269414451254668,6,2,0
2026-06-23,4210.0,4242.39990234375,4166.0,4179.39990234375,4179.39990234375,2198497,-0.005212649266142733,-0.005226282519879375,4049.02998046875,4001.1444580078123,4117.788280048096,4050.136038563012,0.01363320102199514,6,2,1
2026-06-24,4176.5,4215.0,4170.0,4181.7001953125,4181.7001953125,1367416,0.0005503883386368535,0.0005502369305281574,4055.739990234375,4004.0410498046876,4127.620882396465,4059.8815316555665,0.013440079979800283,6,2,2
2026-06-25,4207.0,4272.2998046875,4187.10009765625,4216.39990234375,4216.39990234375,3104020,0.008297990150070156,0.008263751109551739,4064.1849853515623,4006.77005859375,4141.279193157586,4071.4754850398763,0.013464125430345628,6,2,3
2026-06-26,4216.39990234375,4216.39990234375,4216.39990234375,4216.39990234375,4216.39990234375,0,0.0,0.0,4071.17998046875,4009.9684765625,4152.836225340073,4082.2106270623854,0.013324883717998021,6,2,4
2026-06-29,4225.0,4252.0,4157.7998046875,4165.2001953125,4165.2001953125,2706906,-0.012142991228794475,-0.012217319672738558,4078.8999877929687,4013.0361767578124,4154.7383745666,4088.35800248832,0.013606566288094424,6,2,0
2026-06-30,4183.0,4193.7998046875,4134.10009765625,4143.39990234375,4143.39990234375,1539094,-0.0052339124043266905,-0.005247657304567361,4086.0249877929687,4015.1845947265624,4152.993994224624,4092.435180255389,0.01367636929379255,6,2,1
2026-07-01,4130.10009765625,4142.7998046875,4081.10009765625,4092.60009765625,4092.60009765625,1437109,-0.012260415572912686,-0.012336194492284985,4092.9949951171875,4017.3925048828123,4143.702625521797,4092.4473963591563,0.013906099406633789,7,3,2
2026-07-02,4100.0,4110.0,4012.0,4059.39990234375,4059.39990234375,2481554,-0.00811225004160876,-0.008145333383686185,4098.8599853515625,4018.2827978515625,4130.732975802097,4089.9994338394968,0.01401565598137273,7,3,3
2026-07-03,4080.0,4094.0,4019.0,4026.60009765625,4026.60009765625,1505428,-0.008079963905148313,-0.008112783721677315,4102.529992675782,4019.3053955078126,4114.712533010428,4085.303186714812,0.014042208063955895,7,3,4
2026-07-06,4027.699951171875,4068.0,4016.5,4042.60009765625,4042.60009765625,874280,0.003973575625082049,0.003965701824660046,4110.884997558594,4019.8695947265624,4103.618312186709,4082.1399949326965,0.013156433987933654,7,3,0
