Date,Open,High,Low,Close,Adj Close,Volume,Daily Return,Log Return,SMA_20,SMA_50,EMA_12,EMA_26,Rolling Volatility,Month,Quarter,Day of Week
2021-09-16,1099.0849609375,1124.5596923828125,1092.3701171875,1120.6138916015625,1099.775146484375,13448882,0.020981243090745227,0.020764167897954988,1043.4266387939454,987.1758142089843,1070.3508082234462,1037.8619210175132,0.012699672015920947,9,3,3
2021-09-17,1128.82861328125,1133.3743896484375,1096.3389892578125,1103.2384033203125,1082.722900390625,34882133,-0.015505211359122417,-0.015626674323896778,1048.3611785888672,989.5830725097657,1072.2542070183968,1041.1849565266325,0.013233270302449482,9,3,4
2021-09-20,1094.7237548828125,1116.068115234375,1093.754638671875,1104.9921875,1084.444091796875,11779819,0.001589687819135488,0.0015884256029637244,1053.9343383789062,992.1583654785156,1074.1295739073935,1044.389336917021,0.013101240025590195,9,3,0
2021-09-21,1109.9071044921875,1115.260498046875,1100.215576171875,1109.7686767578125,1089.131591796875,9915736,0.004322491159717723,0.004313176028207033,1059.4225677490235,994.9854772949219,1076.4375766596215,1047.7035780192323,0.012213660462759863,9,3,1
2021-09-22,1111.2916259765625,1126.9825439453125,1106.7919921875,1121.6754150390625,1100.8170166015625,10995912,0.010729121157351251,0.010671972543149263,1065.011572265625,998.2401452636718,1080.1882597276126,1051.6379068031085,0.0120957448476832,9,3,2
2021-09-23,1129.4747314453125,1152.3651123046875,1128.597900390625,1149.0885009765625,1127.72021484375,15748397,0.024439300843334566,0.02414543935091612,1071.5177307128906,1001.916025390625,1087.5008682070184,1057.2736333246376,0.012589194976906866,9,3,3
2021-09-24,1155.387939453125,1156.2647705078125,1140.82763671875,1145.765625,1124.459228515625,15192163,-0.0028916625641731697,-0.0028958514976360076,1077.230157470703,1005.3853747558594,1093.1867697929579,1062.2503440795256,0.012594763271878862,9,3,4
2021-09-27,1147.7501220703125,1167.5484619140625,1142.3505859375,1165.033203125,1143.3685302734375,15373834,0.01681635160998618,0.016676522205566778,1083.9571166992187,1009.3570104980469,1100.9070406361086,1068.259098612408,0.012653386366122201,9,3,0
2021-09-28,1169.4405517578125,1183.700927734375,1159.65673828125,1175.9246826171875,1154.0576171875,18035258,0.009348767812864534,0.009305338546645742,1090.2481506347656,1013.5754907226562,1109.0840524132457,1074.6145444327851,0.012512052852301156,9,3,1
2021-09-29,1186.0545654296875,1186.0545654296875,1163.002685546875,1166.6024169921875,1144.90869140625,9719875,-0.00792761613024695,-0.007959206748632713,1096.3557556152343,1017.3387890625,1114.5955353352463,1079.8215182826714,0.012680694189593743,9,3,2
2021-09-30,1165.287109375,1169.717529296875,1153.9111328125,1162.6334228515625,1141.013427734375,13590654,-0.0034022483199865894,-0.0034080491277314047,1102.0659118652343,1021.1460168457031,1118.6598264735737,1084.354252316131,0.012659863901808089,9,3,3
2021-10-01,1154.6495361328125,1172.1173095703125,1151.442138671875,1164.6871337890625,1143.029052734375,8958928,0.0017665217174545056,0.0017649632530695762,1107.2586181640625,1025.0402075195314,1122.4089382060047,1088.7005338285935,0.012673067397339036,10,4,4
2021-10-04,1178.2091064453125,1188.2928466796875,1170.84814453125,1179.662841796875,1157.7261962890625,10918552,0.012858066485299524,0.012776103391987814,1111.0552124023438,1028.9846704101562,1127.842362526475,1093.8135458627023,0.01236320279923755,10,4,0
2021-10-05,1179.17822265625,1205.4376220703125,1175.6015625,1204.1453857421875,1181.75341796875,13533634,0.020753803236640556,0.020541377134330154,1115.2129943847656,1033.5455529785156,1136.1363710560559,1100.3276104631502,0.012657997937044715,10,4,1
2021-10-06,1209.1064453125,1209.1064453125,1177.332275390625,1181.370361328125,1159.4019775390625,10258881,-0.018913793765966913,-0.019094947401961715,1117.9067321777343,1037.9207397460937,1139.7156951303646,1104.7034895058105,0.013448760042826068,10,4,2
2021-10-07,1197.592041015625,1199.32275390625,1184.9931640625,1187.1622314453125,1165.086181640625,6336665,0.004902703472722925,0.0048907243594575895,1121.1009399414063,1042.6075366210937,1143.6188469011738,1109.1762815157967,0.013434870589453585,10,4,3
2021-10-08,1193.0924072265625,1238.8502197265625,1191.36181640625,1232.781494140625,1209.8570556640625,15772493,0.03842709211467343,0.03770715687645156,1126.6639038085937,1048.3496313476562,1153.809340557003,1116.6341166378904,0.014688793889961384,10,4,4
2021-10-11,1246.6956787109375,1255.279541015625,1220.82861328125,1224.197509765625,1201.4327392578125,14768666,-0.006963067551501889,-0.006987422830514721,1133.0296630859375,1053.7792114257813,1161.1360172802044,1122.9154960912178,0.014822239653432321,10,4,0
2021-10-12,1220.6671142578125,1238.2041015625,1218.9364013671875,1231.189208984375,1208.29443359375,6682011,0.005711259658344625,0.005695012247669668,1139.8087097167968,1059.508623046875,1168.391158251519,1129.239861832146,0.01460816860946527,10,4,1
2021-10-13,1236.3580322265625,1255.048828125,1231.8814697265625,1243.718994140625,1220.5911865234375,9959762,0.010176950739658741,0.010125514259796391,1146.9795349121093,1065.1469995117188,1176.4219318318142,1136.0066266240935,0.014485752785011645,10,4,2
2021-10-14,1246.2110595703125,1254.102783203125,1240.142333984375,1246.234130859375,1223.0594482421875,8623469,0.0020221854344042445,0.0020201435696614103,1153.14375,1070.6966015625,1183.596934356487,1142.4549837809896,0.014499550418813211,10,4,3
2021-10-18,1231.5584716796875,1266.8170166015625,1228.6510009765625,1249.5570068359375,1226.3206787109375,13594479,0.002666452945878639,0.0026629042670793064,1160.3236389160156,1076.166495361328,1190.1698181033255,1148.6672574795043,0.014464664433549554,10,4,0
2021-10-19,1257.033203125,1269.74755859375,1249.7415771484375,1260.748291015625,1237.3038330078125,8833409,0.008956184534391287,0.008916315784780379,1167.9666259765625,1081.5797705078126,1197.421205011708,1155.2329297408605,0.012855655602292715,10,4,1
2021-10-20,1265.7786865234375,1265.7786865234375,1242.1268310546875,1246.234130859375,1223.0594482421875,12710570,-0.01151243888980591,-0.011579220051859563,1174.663018798828,1087.1175964355468,1201.3655501240894,1160.2571162965144,0.01300750198694091,10,4,2
2021-10-21,1258.6947021484375,1258.9715576171875,1201.3763427734375,1210.2833251953125,1187.7774658203125,20831669,-0.028847316025875203,-0.029271579000740358,1179.0110412597655,1092.0575769042969,1199.2750756158161,1162.2956607056847,0.014282292464767955,10,4,3
2021-10-22,1209.1295166015625,1229.8509521484375,1205.206787109375,1212.544677734375,1189.9964599609375,11027475,0.0018681901319725913,0.0018664472351588054,1182.124853515625,1096.9432006835937,1197.8475962842963,1164.3475717616293,0.01423179825178668,10,4,4
2021-10-25,1236.819580078125,1236.819580078125,1186.0545654296875,1200.730224609375,1178.4017333984375,17198417,-0.009743496684755382,-0.009791275154799288,1184.8219787597657,1101.33197265625,1194.8559250710873,1165.388620771763,0.014385028790553787,10,4,0
2021-10-26,1207.791259765625,1231.6968994140625,1201.353271484375,1228.0740966796875,1205.2371826171875,9750178,0.022772750971231437,0.022517322479718636,1187.9154113769532,1106.3190502929688,1196.4530416166413,1168.3403660936465,0.01406324036257597,10,4,1
2021-10-27,1223.8975830078125,1235.3427734375,1209.1064453125,1212.544677734375,1189.9964599609375,9896298,-0.012645413596645394,-0.01272604732491929,1189.712353515625,1110.6829138183593,1195.4597213619177,1169.9445211949273,0.014358424008563764,10,4,2
2021-10-28,1209.1295166015625,1217.4134521484375,1195.515380859375,1199.25341796875,1176.9525146484375,9886181,-0.01096133118995013,-0.011021849225839856,1191.3145446777344,1114.533623046875,1192.612458790613,1170.4636318211133,0.014600156297983299,10,4,3
2021-10-29,1198.122802734375,1198.122802734375,1154.5341796875,1170.47900390625,1148.713134765625,14233025,-0.023993644205134057,-0.02428618050534447,1191.699530029297,1117.9033337402343,1185.8587166329226,1168.852483891077,0.015000072385860626,10,4,4
2021-11-01,1170.47900390625,1179.5936279296875,1151.0267333984375,1171.1943359375,1149.4150390625,15481114,0.0006110353191166595,0.0006108487130474521,1192.0188293457031,1121.2109924316405,1180.2519970067037,1167.4126731630345,0.014652364894702802,11,4,0
2021-11-02,1174.51708984375,1175.901611328125,1151.5574951171875,1154.1187744140625,1132.6571044921875,10569130,-0.01457953306751647,-0.014686858910902751,1190.7653747558593,1124.4045166015626,1172.9297058506243,1164.8381865948236,0.014965737532330298,11,4,1
2021-11-03,1156.5416259765625,1162.9796142578125,1135.7510986328125,1146.1810302734375,1124.866943359375,11989430,-0.006877775367245986,-0.0069015362750448435,1187.9210510253906,1127.3145153808593,1165.5354346981244,1161.877353762568,0.01503396696429923,11,4,2
2021-11-04,1150.4959716796875,1156.010986328125,1149.1346435546875,1153.2188720703125,1131.7740478515625,1705656,0.006140374675390303,0.0061215993937891134,1186.5396545410156,1130.1692578125,1160.3413751832686,1159.6474792506417,0.01495666573120584,11,4,3
2021-11-08,1162.70263671875,1162.9796142578125,1133.628173828125,1154.6495361328125,1133.177978515625,20337183,0.001240469037726788,0.0012397002916814458,1184.9442443847656,1132.8808764648438,1156.1623910805542,1157.6867754924922,0.014289596763999851,11,4,0
2021-11-09,1156.05712890625,1167.0869140625,1147.773193359375,1163.76416015625,1142.1231689453125,15682497,0.00789389716291966,0.007862903357803463,1181.557550048828,1135.5191259765625,1154.0025107520555,1156.5339157482567,0.014343164901097945,11,4,1
2021-11-10,1161.4566650390625,1180.5166015625,1155.43408203125,1176.7784423828125,1154.8953857421875,10253470,0.01118287164130427,0.011120805621133368,1179.2306823730469,1138.4404467773438,1154.1398761351527,1156.4125431552145,0.014159493687072278,11,4,2
2021-11-11,1172.232666015625,1186.2852783203125,1170.1558837890625,1178.9244384765625,1157.00146484375,10722478,0.0018236102832889234,0.001821949524800571,1176.666033935547,1141.0157373046875,1154.58012055186,1156.4561669839948,0.014062388963996968,11,4,3
2021-11-12,1182.7779541015625,1199.32275390625,1180.0550537109375,1196.7152099609375,1174.4613037109375,8712341,0.015090593571154498,0.014977863260688371,1174.3595397949218,1144.0498315429688,1157.638764114795,1157.78988081562,0.014231695397951813,11,4,4
2021-11-15,1199.8995361328125,1200.9149169921875,1186.0545654296875,1189.654296875,1167.531982421875,4803269,-0.005899999657006938,-0.005917473419008875,1171.5831665039063,1146.8642651367188,1159.1607977004996,1158.511517971639,0.014265286341689653,11,4,0
2021-11-16,1187.0006103515625,1188.362060546875,1151.442138671875,1162.010498046875,1140.402099609375,11337581,-0.02323695043986973,-0.023511184951785568,1167.2872375488282,1148.88880859375,1156.274844148019,1157.170079574434,0.014925871534398524,11,4,1
2021-11-17,1153.2650146484375,1153.2650146484375,1135.7510986328125,1137.1356201171875,1115.9898681640625,10202029,-0.021406687565442506,-0.021639133959418567,1161.2215393066406,1149.5727197265626,1150.0771555351025,1154.1196935440362,0.015218589250932456,11,4,2
2021-11-18,1135.28955078125,1148.673095703125,1130.6976318359375,1141.427490234375,1120.2017822265625,8505625,0.0037741508078645847,0.0037670465700702566,1156.0786560058593,1150.0047998046875,1145.4809442568655,1151.607255668668,0.014683712086206956,11,4,3
2021-11-22,1124.259765625,1130.213134765625,1084.986083984375,1090.8702392578125,1070.584716796875,24124307,-0.044292971335098574,-0.045303868269220914,1150.2190185546874,1149.3059497070312,1133.9584477245594,1145.605586122609,0.016347789496203597,11,4,0
2021-11-23,1076.7021484375,1108.176513671875,1065.6031494140625,1101.0693359375,1080.59423828125,25326999,0.009349583762341407,0.009306146938326685,1144.7489074707032,1148.8937939453126,1125.7485693486656,1140.789930726953,0.016437360049980337,11,4,1
2021-11-24,1098.36962890625,1112.16845703125,1081.5479736328125,1085.1707763671875,1064.9912109375,16820296,-0.01443930273824845,-0.014544563964556105,1139.0783813476562,1148.2216625976562,1116.4012834392554,1135.1752107425489,0.014648739739144016,11,4,2
2021-11-25,1095.13916015625,1154.672607421875,1087.8243408203125,1150.4959716796875,1129.1016845703125,42401936,0.06019812461773921,0.05845580067520999,1135.2716064453125,1149.3213452148439,1118.355191305572,1134.7253199149757,0.018757702836934176,11,4,3
2021-11-26,1138.8892822265625,1143.4119873046875,1108.2918701171875,1113.41455078125,1092.7098388671875,15763138,-0.03223079568513276,-0.03276164542794792,1130.407275390625,1149.7212719726563,1114.4097524688973,1131.613062059584,0.019491674695783296,11,4,4
2021-11-29,1125.644287109375,1153.7496337890625,1107.1842041015625,1126.7518310546875,1105.799072265625,24325354,0.011978690895660948,0.011907514216371625,1126.8496032714843,1150.293759765625,1113.0850324376247,1129.700914667439,0.01953691962832804,11,4,0
2021-11-30,1138.9815673828125,1142.62744140625,1102.453857421875,1110.0916748046875,1089.4486083984375,32172299,-0.014786107419757277,-0.014896511556001801,1123.886376953125,1150.0872290039063,1109.4486595085189,1126.7192623512167,0.019625674859537465,11,4,1
2021-12-01,1122.8291015625,1141.7506103515625,1119.1832275390625,1138.5201416015625,1117.3486328125,10104610,0.025609307496456735,0.025286882315141614,1122.283056640625,1150.7797436523438,1110.6640400168235,1126.0251416446451,0.020315725317629135,12,4,2
2021-12-02,1139.76611328125,1151.995849609375,1136.0279541015625,1145.8348388671875,1124.5272216796875,12720411,0.006424663400820707,0.006404113222602324,1121.8765625,1151.58140625,1112.7968371957256,1125.9141846102038,0.02026999214377272,12,4,3
2021-12-03,1153.01123046875,1153.057373046875,1107.599609375,1111.406982421875,1090.73974609375,19222481,-0.030045938359295254,-0.030506567739481783,1120.1702026367188,1151.6135693359374,1109.4034385646526,1123.3086706460222,0.02081403683186473,12,4,4
2021-12-06,1114.983642578125,1119.1370849609375,1087.8243408203125,1090.3394775390625,1070.0638427734375,10332254,-0.018955853946240442,-0.019137819355123167,1117.0846923828126,1150.998505859375,1103.3511930583118,1119.364609322127,0.020475917523669056,12,4,0
2021-12-07,1096.5928955078125,1109.445556640625,1089.1396484375,1099.223388671875,1078.782470703125,11235122,0.008147764255906687,0.008114750429406336,1114.3649169921875,1150.0197509765626,1099.5713896190523,1116.3585249799787,0.02056218353163756,12,4,1
2021-12-08,1118.7218017578125,1122.2752685546875,1110.507080078125,1115.9527587890625,1095.200927734375,8744178,0.015219432533556843,0.015104778816360891,1112.0188049316407,1149.4345849609374,1098.8990108675634,1114.7912955543784,0.020786344710692177,12,4,2
2021-12-09,1123.7520751953125,1142.1658935546875,1119.1370849609375,1133.6512451171875,1112.5701904296875,13213547,0.015859430224592685,0.01573498350604825,1109.9025451660157,1148.8186181640624,1101.0022692617365,1114.626769248846,0.02053641910038458,12,4,3
2021-12-10,1126.1749267578125,1138.05859375,1121.6060791015625,1134.8050537109375,1113.7025146484375,8364414,0.0010177553097237002,0.001017237747926209,1107.73759765625,1148.0115161132812,1102.9561531673828,1114.558305945112,0.02045409303246791,12,4,4
2021-12-13,1141.5198974609375,1141.7967529296875,1109.445556640625,1112.0531005859375,1091.3736572265625,12901733,-0.020049211641515963,-0.02025292453911359,1103.5832153320312,1146.9408154296875,1101.1742307149489,1112.8409245585526,0.02065759891764776,12,4,0
2021-12-14,1098.36962890625,1110.36865234375,1095.32373046875,1098.4388427734375,1078.0125732421875,12991523,-0.012242446842934296,-0.012318002889131503,1099.107244873047,1145.6807983398437,1097.6108987960624,1110.2610466832664,0.02034120412753141,12,4,1
2021-12-15,1100.215576171875,1109.9071044921875,1089.647216796875,1095.2314453125,1074.8648681640625,9366969,-0.0029199149956647963,-0.0029241862639756357,1095.8303833007812,1144.3175146484375,1094.1115094680624,1107.6391075336958,0.020336292424769524,12,4,2
2021-12-16,1110.2301025390625,1114.7528076171875,1093.131591796875,1109.3994140625,1088.7691650390625,9761279,0.012935855740405122,0.01285290217619817,1094.4693481445313,1142.9383740234375,1093.2896103251394,1106.241334015575,0.020371409361075298,12,4,3
2021-12-17,1106.69970703125,1111.2916259765625,1070.6795654296875,1080.1173095703125,1060.0316162109375,21049821,-0.026394528565744202,-0.026749117527716842,1091.46083984375,1140.5039379882812,1088.1729958460314,1102.818391955972,0.0208673328349806,12,4,4
2021-12-20,1069.6873779296875,1069.6873779296875,1037.0362548828125,1050.9967041015625,1031.4527587890625,14325846,-0.02696038211013896,-0.027330480369290203,1089.5042419433594,1137.9449536132813,1079.4468055295747,1097.5320487584231,0.021305309854767786,12,4,0
2021-12-21,1066.6876220703125,1082.6785888671875,1057.8499755859375,1066.6414794921875,1046.8065185546875,12836561,0.014885567598510674,0.014775864855719089,1087.8148559570313,1135.5793603515624,1074.4252229180536,1093.774602076665,0.021540452795412827,12,4,1
2021-12-22,1072.94091796875,1094.6314697265625,1071.6026611328125,1091.9547119140625,1071.64892578125,17658543,0.023731613040451904,0.023454395623805233,1088.1477416992188,1132.8151977539062,1073.9981002816223,1092.1356630918194,0.02199120035164516,12,4,2
2021-12-23,1095.6005859375,1098.36962890625,1088.23974609375,1091.5625,1071.26416015625,9072401,-0.0003590407415557939,-0.0003591052121150091,1085.2558654785157,1130.211826171875,1073.577494108488,1090.5896258373327,0.021855189155476937,12,4,3
2021-12-24,1093.754638671875,1103.9075927734375,1078.7789306640625,1095.046875,1074.6834716796875,7886494,0.003191847212492105,0.0031867640816906112,1084.3545471191405,1127.5396069335939,1073.7476445040572,1089.4113921960256,0.02186545691264263,12,4,4
2021-12-27,1089.85498046875,1097.4466552734375,1083.6478271484375,1093.8699951171875,1073.52880859375,4017223,-0.0010744215542207725,-0.001074999158823147,1082.741033935547,1124.598359375,1073.7139774409331,1088.234904521783,0.021621805472791685,12,4,0
2021-12-28,1096.3389892578125,1109.837890625,1095.1622314453125,1106.8612060546875,1086.2784423828125,6374613,0.011876377873607069,0.011806407152214846,1082.5825256347657,1121.8627392578126,1075.646972047376,1088.0899814003778,0.02177597909346648,12,4,1
2021-12-29,1103.4461669921875,1116.3681640625,1099.3387451171875,1108.75341796875,1088.1353759765625,15425312,0.0017094453146624389,0.0017079858760041962,1081.1218627929688,1119.099033203125,1077.5682649595585,1088.0933439615767,0.02141724352275461,12,4,2
2021-12-30,1107.599609375,1109.884033203125,1082.4940185546875,1088.7242431640625,1068.478759765625,29333171,-0.01806449513995112,-0.018229650116447352,1078.3194396972656,1115.7225317382813,1076.169879545107,1086.6404117989136,0.02131773296398434,12,4,3
2021-12-31,1095.13916015625,1100.16943359375,1089.1396484375,1092.90087890625,1072.57763671875,9477290,0.0038361800977906313,0.0038288407230399747,1077.4113342285157,1112.7128955078124,1075.6172268025907,1085.5987247559385,0.02131823808320837,12,4,4
2022-01-03,1091.4471435546875,1111.2685546875,1090.7779541015625,1109.3763427734375,1088.74658203125,5421611,0.015074848438910493,0.014962352079265905,1078.3454711914062,1110.7322778320313,1077.637127607,1085.8318993689245,0.01989045206083514,1,1,0
2022-01-04,1114.9375,1135.7510986328125,1109.445556640625,1134.4127197265625,1113.317626953125,10847728,0.02256819477314309,0.022317300865526676,1080.0722290039062,1109.198701171875,1083.1264351987115,1087.8678791899763,0.02023100012292799,1,1,1
2022-01-05,1136.212646484375,1143.1351318359375,1122.8060302734375,1139.719970703125,1118.5260009765625,11643813,0.00467824625905866,0.004667337275073033,1081.2384826660157,1108.0011865234376,1088.5725222414578,1090.138851174168,0.020021680759529915,1,1,2
2022-01-06,1131.2283935546875,1132.5206298828125,1111.7530517578125,1115.21435546875,1094.4761962890625,14447422,-0.02150133717633973,-0.021735858704262027,1080.3337829589843,1105.785966796875,1089.4807797872431,1090.4601359974936,0.017160466296513535,1,1,3
2022-01-07,1121.883056640625,1134.3896484375,1112.929931640625,1124.213623046875,1103.3079833984375,13112115,0.008069419087706198,0.008037035420440887,1079.8140563964844,1104.052197265625,1091.608041881273,1091.4118283975633,0.016171739332440448,1,1,4
2022-01-10,1131.59765625,1133.9051513671875,1115.0067138671875,1125.1365966796875,1104.2139892578125,9246731,0.0008211722139308542,0.0008208352364934418,1080.456072998047,1102.5974267578124,1093.5474184007405,1092.3601366094335,0.016025064183509623,1,1,0
2022-01-11,1124.213623046875,1142.18896484375,1123.7520751953125,1133.2359619140625,1112.1627197265625,16205164,0.00719854171933898,0.007172755890855093,1082.1635803222657,1101.8664184570312,1096.4113109124055,1093.8269946181097,0.015823357853800287,1,1,1
2022-01-12,1140.5045166015625,1165.2640380859375,1137.5970458984375,1163.4871826171875,1141.851318359375,14800442,0.026694473844719235,0.026344392864271322,1085.5129028320312,1101.7151440429689,1103.4020812888623,1097.3843519322775,0.015883132347494687,1,1,2
2022-01-13,1163.5565185546875,1172.671142578125,1157.626220703125,1170.04052734375,1148.2828369140625,11856712,0.005632535910129244,0.005616732494174487,1088.4885864257812,1102.0276586914063,1110.3068129235085,1101.1546100790763,0.015874194056086196,1,1,3
2022-01-14,1169.902099609375,1184.8084716796875,1165.6793212890625,1171.748046875,1149.9586181640625,19930176,0.0014593802120246302,0.0014583163516484134,1092.9849365234375,1102.5294921875,1116.4070906528245,1104.7697217890752,0.014765251834318208,1,1,4
2022-01-17,1171.28662109375,1183.7470703125,1170.8250732421875,1177.8629150390625,1155.959716796875,8036453,0.005218534422041454,0.005204965058937246,1099.2102844238282,1103.0132055664062,1122.4921100596016,1108.5615732711344,0.01423982453944267,1,1,0
2022-01-18,1179.0167236328125,1182.5240478515625,1161.0181884765625,1163.810302734375,1142.16845703125,6215029,-0.01193057125194652,-0.012002311691031543,1103.9783813476563,1103.1930151367187,1125.5192403629321,1111.05097206818,0.014444129661451666,1,1,1
2022-01-19,1167.5946044921875,1173.132568359375,1157.903076171875,1163.718017578125,1142.0777587890625,9755485,-7.940881367296537e-05,-7.941196671973076e-05,1107.499822998047,1103.1921069335938,1128.0667047361828,1113.349252566023,0.014230017365753864,1,1,2
2022-01-20,1153.772705078125,1158.341552734375,1132.9820556640625,1143.3427734375,1122.08154296875,16494486,-0.017508629045989266,-0.017663718021298704,1110.0406921386718,1102.535830078125,1127.1459106181162,1113.996088892151,0.014371991591483953,1,1,3
2022-01-21,1131.59765625,1154.7879638671875,1131.59765625,1143.52734375,1122.2626953125,13338594,0.00016144311871557626,0.00016143008817772755,1112.4196533203126,1101.8410546875,1126.3946467249446,1114.608430108473,0.014371539546507888,1,1,4
2022-01-24,1142.2120361328125,1155.9417724609375,1086.8782958984375,1097.4005126953125,1076.9935302734375,21868937,-0.04033740516203921,-0.04117352000855806,1112.5928894042968,1099.89169921875,1118.7944749631743,1111.8221412318035,0.01577375112084655,1,1,0
2022-01-25,1084.31689453125,1102.361572265625,1063.757080078125,1095.2545166015625,1074.8875732421875,24510205,-0.0019554036046208756,-0.001957317902139267,1112.0233459472656,1098.0388110351562,1112.0395670060993,1109.0862473066468,0.015616688349690301,1,1,1
2022-01-27,1078.0635986328125,1087.3397216796875,1066.5491943359375,1079.03271484375,1058.96728515625,20020431,-0.014811119304242282,-0.014921899141550884,1110.56494140625,1096.4101147460938,1103.874600567661,1105.3737315918027,0.015843196545125737,1,1,3
2022-01-28,1091.4471435546875,1096.4774169921875,1074.5562744140625,1077.994384765625,1057.9482421875,14667727,-0.0009622988198352278,-0.0009627621265947686,1110.0384155273437,1095.2492822265624,1096.8090069707132,1101.8607323766691,0.015642495758126124,1,1,4
2022-01-31,1089.23193359375,1110.55322265625,1087.3858642578125,1101.41552734375,1080.9339599609375,12143683,0.02172669404498495,0.02149403336112739,1110.456231689453,1094.46392578125,1094.3666920461324,1100.310601086615,0.015396769958069082,1,1,0
2022-02-01,1111.2916259765625,1117.1064453125,1083.186279296875,1097.7696533203125,1077.3558349609375,13200509,-0.0033102161024983756,-0.003315706988515703,1109.8866943359376,1094.5993481445312,1091.7496371099485,1098.6102480402685,0.014507974485137765,2,1,1
2022-02-02,1110.830078125,1110.830078125,1096.1082763671875,1100.0079345703125,1079.552490234375,10017691,0.002038931987143444,0.002036856186451397,1108.1984375,1094.5785131835937,1089.873152975245,1097.198562276869,0.014288865839209124,2,1,2
2022-02-03,1103.9075927734375,1108.268798828125,1083.232421875,1085.793701171875,1065.6025390625,9572839,-0.012921975816892806,-0.013006190815837412,1105.552264404297,1094.5907397460937,1086.1392123732842,1094.8581161128418,0.013849637144191723,2,1,3
2022-02-04,1080.37109375,1083.809326171875,1071.187255859375,1075.89453125,1055.887451171875,11061241,-0.009116990185826901,-0.009158804280677545,1103.6228271484374,1093.126455078125,1081.485095265375,1091.9714001912887,0.013947345585056087,2,1,4
2022-02-07,1080.8326416015625,1087.662841796875,1063.757080078125,1069.34130859375,1049.4561767578125,10714467,-0.0060908711500688995,-0.006109496172672935,1100.9302368164062,1092.2613818359375,1076.5575693411347,1088.8221243814016,0.013968158082646627,2,1,0
2022-02-08,1075.5946044921875,1089.1396484375,1066.0645751953125,1087.316650390625,1067.09716796875,12060849,0.01680965018037961,0.016669931584085057,1099.074395751953,1091.48734375,1075.1021229761525,1087.212868350835,0.014328464227140002,2,1,1
2022-02-09,1094.2852783203125,1101.6923828125,1088.2166748046875,1099.98486328125,1079.5299072265625,11486225,0.011650990772919645,0.011583640605923706,1097.4427551269532,1091.2889697265625,1075.7833205531388,1086.6437601194075,0.014322025405545865,2,1,2
2022-02-10,1105.6151123046875,1105.6151123046875,1091.4932861328125,1098.854248046875,1078.420166015625,12464491,-0.001027985610689175,-0.0010285143502859237,1094.2711975097657,1090.510400390625,1076.188989085829,1086.0346050006087,0.014318766380882812,2,1,3
2022-02-11,1095.2545166015625,1100.4464111328125,1081.8017578125,1096.708251953125,1076.314208984375,15943370,-0.0019528168126072831,-0.001954726045351866,1090.6727661132813,1089.5461401367188,1076.2082536856053,1085.3145756660729,0.013922249998481838,2,1,4
2022-02-14,1080.0250244140625,1086.80908203125,1067.4490966796875,1079.240478515625,1059.1712646484375,10719633,-0.01592745333364487,-0.016055658360586478,1086.1333984375,1088.9147705078126,1073.587178449118,1083.378034109211,0.01421550841725916,2,1,0
2022-02-15,1085.078369140625,1118.6295166015625,1077.9251708984375,1115.883544921875,1095.1329345703125,11212671,0.03395264875677251,0.03338898079855105,1083.092059326172,1089.41615234375,1076.901910160071,1084.2487674767,0.015297186247966723,2,1,1
2022-02-16,1121.444580078125,1122.8291015625,1105.7305908203125,1113.5760498046875,1092.8681640625,10392840,-0.0020680325066665395,-0.0020701738386295966,1080.6270446777344,1089.6978662109375,1079.358256914291,1084.8872412978706,0.014711034539294985,2,1,2
2022-02-17,1116.875732421875,1132.9359130859375,1112.214599609375,1127.6748046875,1106.7049560546875,12853252,0.012660989172520454,0.012581509011006332,1078.8584045410157,1089.9279467773438,1083.565441397429,1086.503368316894,0.01487940292892124,2,1,3
2022-02-18,1128.0902099609375,1133.628173828125,1116.8988037109375,1118.8602294921875,1098.0543212890625,6775458,-0.00781656819940868,-0.00784727770190676,1077.6570434570312,1089.6376293945314,1085.7944998422956,1087.3589944629805,0.01440762341392896,2,1,4
2022-02-21,1113.1375732421875,1124.9058837890625,1100.4925537109375,1107.553466796875,1086.957763671875,11107193,-0.010105654521864293,-0.010157063287928321,1075.891796875,1089.102734375,1085.9734635083848,1087.3292736636395,0.014447780931394847,2,1,0
2022-02-22,1085.8629150390625,1105.70751953125,1083.2093505859375,1102.5230712890625,1082.0208740234375,13494914,-0.004541933287048883,-0.004552279204905911,1076.1431640625,1088.9156787109375,1085.3653728183929,1086.9360588754764,0.014465363037634951,2,1,1
2022-02-23,1108.1072998046875,1110.6224365234375,1092.8316650390625,1095.6236572265625,1075.249755859375,7310110,-0.006257844304689342,-0.006277506684689296,1076.1612731933594,1088.8604223632813,1083.809124055467,1086.0704068002096,0.01442456791601148,2,1,2
2022-02-24,1063.757080078125,1079.863525390625,1035.3287353515625,1041.0281982421875,1021.6695556640624,24846650,-0.049830469528904575,-0.05111485718094696,1074.29638671875,1087.7965161132813,1074.2491904567894,1081.2999733827173,0.016030733261932276,2,1,3
2022-02-25,1052.2657470703125,1065.1185302734375,1050.489013671875,1054.0426025390625,1034.44189453125,14570089,0.012501438255039243,0.012423940496352436,1073.1210693359376,1086.709970703125,1068.1249910836295,1077.829004578905,0.016214770350431056,2,1,4
2022-02-28,1035.1441650390625,1092.5316162109375,1035.1441650390625,1088.931884765625,1068.6824951171875,21297446,0.033100554769635915,0.03256452786821666,1072.50849609375,1086.88298828125,1068.2107609349462,1077.1514853595186,0.017515035131251435,2,1,0
2022-03-02,1077.3482666015625,1108.0611572265625,1074.9254150390625,1106.930419921875,1086.34619140625,21471786,0.016528479103726346,0.016393370519896096,1072.9580139160157,1087.9808569335937,1071.0008271613005,1077.8325746963135,0.017801621785884944,3,1,2
2022-03-03,1107.599609375,1114.452880859375,1093.7777099609375,1097.5850830078125,1077.1746826171875,10186748,-0.008442528598724297,-0.008478368606047199,1072.8391235351562,1088.5882202148437,1071.950651077591,1077.7838419497116,0.017745246348287457,3,1,3
2022-03-04,1085.9090576171875,1091.1240234375,1070.8411865234375,1073.240966796875,1053.283447265625,10805667,-0.022179536650002274,-0.02242920110607957,1072.2231689453124,1088.2209106445312,1069.0787735680576,1075.9689978990386,0.018126092249835236,3,1,4
2022-03-07,1051.61962890625,1067.0338134765625,1025.45263671875,1033.552001953125,1014.3323974609376,17983310,-0.036980596159377765,-0.037681718019798305,1070.1454162597656,1087.082275390625,1060.6562541669623,1071.4033237925125,0.019007959508473445,3,1,0
2022-03-08,1020.6068725585938,1036.5286865234375,1006.0696411132812,1031.682861328125,1012.4979248046876,21289374,-0.0018085517734048873,-0.0018101891776815297,1068.2975036621094,1085.838564453125,1053.2472804189201,1067.0399609045255,0.018999406139163847,3,1,1
2022-03-09,1031.9136962890625,1092.3701171875,1031.059814453125,1086.416748046875,1066.2139892578125,20414228,0.053053011899739655,0.05169357556910081,1068.2533447265625,1085.6922680664063,1055.2421587018266,1066.978777819584,0.020318178737926473,3,1,2
2022-03-10,1107.599609375,1109.9071044921875,1089.1396484375,1104.02294921875,1083.4927978515625,17980493,0.016205760539474534,0.016075848867857775,1068.4514892578125,1085.6365551757813,1059.588410878709,1068.2020385626936,0.020531538802431186,3,1,3
2022-03-11,1096.546630859375,1112.6761474609375,1096.546630859375,1107.207275390625,1086.617919921875,12257423,0.002884303501148544,0.002880151878915028,1068.861376953125,1085.6062060546874,1063.74679688535,1069.566177922633,0.020330617131445263,3,1,4
2022-03-14,1101.553955078125,1118.8602294921875,1095.6005859375,1116.298828125,1095.5404052734375,8340678,0.00821124443834309,0.008177715588074667,1069.822686767578,1086.1474389648438,1068.638121252748,1071.4901947634332,0.02036811988877186,3,1,0
2022-03-15,1120.49853515625,1120.49853515625,1080.3018798828125,1090.7318115234375,1070.4488525390625,15925769,-0.02290335674850108,-0.023169713457350773,1070.3865661621094,1086.10486328125,1068.9166952967964,1071.4130583023689,0.020459289195148507,3,1,1
2022-03-16,1099.2926025390625,1111.2454833984375,1097.03125,1109.1456298828125,1088.5203857421875,11149828,0.016882201480491243,0.016741280938298343,1070.0559387207031,1086.1003393554688,1071.9326476730105,1072.6802677423555,0.02068175449547733,3,1,2
2022-03-17,1122.7137451171875,1152.5496826171875,1114.5682373046875,1145.30419921875,1124.006591796875,21422098,0.03260040557760613,0.03208028623653436,1071.612860107422,1086.3141186523437,1079.9440236920666,1076.4822176723198,0.02149432794636186,3,1,3
2022-03-21,1127.9056396484375,1146.3656005859375,1125.59814453125,1138.7047119140625,1117.5296630859375,11999466,-0.005762358297724313,-0.0057790247404827235,1072.1540954589843,1086.2941918945312,1085.7264297526622,1079.5227691844398,0.021367256899878055,3,1,0
2022-03-22,1135.335693359375,1169.8790283203125,1132.3360595703125,1168.1253662109375,1146.4031982421875,22557065,0.025836929533054942,0.02550879603963865,1074.5715393066407,1087.3327319335938,1095.061317212589,1084.4768750405692,0.021701395294574904,3,1,1
2022-03-23,1164.3641357421875,1183.6778564453125,1164.3641357421875,1171.84033203125,1150.0491943359375,15462187,0.0031803785084867364,0.003175331802217771,1077.7261108398438,1088.2675561523438,1103.5209906161813,1089.334083877263,0.021633781956854545,3,1,2
2022-03-24,1158.3646240234375,1192.5848388671875,1158.3646240234375,1190.0465087890625,1167.916748046875,13168266,0.01553633861832715,0.015416885364912567,1082.0209045410156,1089.541611328125,1113.4280302209033,1095.155021963901,0.021607559352278215,3,1,3
2022-03-25,1191.8233642578125,1207.2835693359375,1189.2850341796875,1197.984375,1175.7069091796875,14222488,0.0066701339336388,0.006647987017676179,1087.0437622070312,1090.8124951171876,1123.0093962145625,1101.1218284243296,0.021559780129148932,3,1,4
2022-03-28,1204.5145263671875,1213.629150390625,1193.6693115234375,1210.029541015625,1187.5281982421875,9891424,0.010054622432003946,0.010004411006655712,1095.3366943359374,1091.7260327148438,1132.935365757274,1107.5223002626894,0.021582019606974603,3,1,0
2022-03-29,1217.4365234375,1217.4365234375,1203.314697265625,1210.306396484375,1187.7999267578125,8684065,0.00022881857965750818,0.00022879240467911472,1103.0045959472657,1092.5163745117188,1141.3760674496646,1113.46879111418,0.021566882508214532,3,1,1
2022-03-30,1218.3134765625,1240.5115966796875,1207.791259765625,1233.5660400390625,1210.626953125,15811550,0.019217905181637462,0.019035573559821186,1110.1018188476562,1093.7297412109374,1152.0300498612546,1120.6656920038704,0.021428429316494923,3,1,2
2022-03-31,1229.8740234375,1232.066162109375,1213.0985107421875,1215.9366455078125,1193.3255615234375,13223718,-0.014291265824622812,-0.014394369463953513,1115.4507873535156,1094.4770581054688,1158.3832055015905,1126.0479045608752,0.020961590243210957,3,1,3
2022-04-01,1216.5135498046875,1229.96630859375,1210.0526123046875,1225.67431640625,1202.8819580078125,7922880,0.008008205633486032,0.007976310125453853,1121.736151123047,1095.691328125,1165.2291674256246,1131.7393159273151,0.020957003563539706,4,2,4
2022-04-04,1225.48974609375,1234.5120849609375,1219.12109375,1229.297119140625,1206.4375,7929162,0.00295585279047339,0.002951492847068215,1129.3938537597655,1096.9785229492188,1171.5689108986055,1137.272514747514,0.020884131090800485,4,2,0
2022-04-05,1223.482177734375,1232.158447265625,1209.45263671875,1211.921630859375,1189.3851318359375,13149870,-0.014134481201108606,-0.014235324352050497,1138.1464904785157,1098.3245947265625,1174.3098679658874,1141.1327086059157,0.021029269527858233,4,2,1
2022-04-06,1193.9462890625,1215.8212890625,1193.9462890625,1208.691162109375,1186.2147216796875,12257215,-0.002665587513571932,-0.002669146517933468,1146.8323303222655,1099.6036352539063,1176.1413839218567,1144.4721169817506,0.020914396428980637,4,2,2
2022-04-07,1197.63818359375,1202.6685791015625,1184.6700439453125,1187.369873046875,1165.2899169921875,15496499,-0.017639980608123218,-0.01779741929048884,1151.7861267089843,1101.3695629882814,1174.4719274711383,1146.014176241783,0.0212146059465126,4,2,3
2022-04-08,1181.4395751953125,1211.4371337890625,1181.4395751953125,1207.1220703125,1184.6748046875,15152495,0.016635248801730063,0.016498398655738218,1156.8452270507812,1103.5653076171875,1176.0416008890402,1148.8779264970212,0.021293167351657125,4,2,4
2022-04-11,1199.8995361328125,1217.6904296875,1192.0540771484375,1204.60693359375,1182.2064208984375,9254209,-0.0020835960883912596,-0.0020857697946631503,1161.6246520996094,1106.0300903320312,1176.9900347366397,1151.3467038600893,0.018812966016266794,4,2,0
2022-04-12,1193.9000244140625,1201.0994873046875,1179.316650390625,1181.9241943359375,1159.945556640625,13217742,-0.018829930090292546,-0.019009470620213065,1164.8449096679688,1108.0700366210938,1174.3678073372528,1151.9836559179066,0.019249450900452977,4,2,1
2022-04-13,1188.13134765625,1196.4844970703125,1174.747802734375,1177.5860595703125,1155.68798828125,10354235,-0.0036704898216994852,-0.003677242598528346,1169.106866455078,1109.5651171875,1171.4939890209446,1152.258050907784,0.018488385422788887,4,2,2
2022-04-18,1168.9791259765625,1181.3472900390625,1163.810302734375,1173.986328125,1152.1551513671875,9974224,-0.0030569123759056627,-0.0030615942764169717,1172.2886047363281,1111.061103515625,1168.518783228059,1152.2504287195918,0.018331168444453254,4,2,0
2022-04-19,1180.5166015625,1231.2816162109375,1177.3092041015625,1218.728759765625,1196.065673828125,26141820,0.0381116400936381,0.03740333203700206,1175.8915588378907,1113.3913671875,1172.7567663973,1155.496002431335,0.019348135695539462,4,2,1
2022-04-20,1226.251220703125,1261.7406005859375,1222.5592041015625,1254.564208984375,1231.234619140625,25072240,0.02940385806737389,0.028979856109204217,1181.576806640625,1116.7040087890625,1181.7533591270424,1161.1062703357268,0.01926308442214848,4,2,2
2022-04-21,1269.5399169921875,1287.123046875,1260.8175048828125,1283.938720703125,1260.06298828125,21708633,0.023414196362303796,0.02314428905569083,1187.2597961425781,1120.78751953125,1193.800994381536,1168.4363975909507,0.017780600760263096,4,2,3
2022-04-22,1273.23193359375,1293.12255859375,1266.4478759765625,1273.185791015625,1249.5098876953125,15054154,-0.008375057980499978,-0.008410325830159559,1192.2328308105468,1124.78859375,1202.3715933528863,1174.441841302385,0.017937696696896235,4,2,4
2022-04-25,1265.6171875,1273.0010986328125,1229.2740478515625,1243.7420654296875,1220.61376953125,17063215,-0.02312596198607164,-0.023397562565495477,1194.8676818847657,1127.85892578125,1205.1780819957114,1177.8619841341529,0.016560398213292565,4,2,0
2022-04-26,1250.66455078125,1289.89208984375,1249.6031494140625,1280.9620361328125,1257.1416015625,12227666,0.029925790567869592,0.02948675165360351,1198.9394165039062,1131.4111596679688,1213.1724696213712,1183.7345483881045,0.017072071447363144,4,2,1
2022-04-27,1271.8243408203125,1305.12158203125,1271.455078125,1282.2081298828125,1258.364501953125,19338945,0.0009727626459143934,0.0009722898189391861,1202.4812316894531,1135.0100463867188,1220.1250899801025,1189.2626930966246,0.01708421733836919,4,2,2
2022-04-28,1296.79150390625,1315.736083984375,1285.78466796875,1301.3603515625,1277.1605224609375,25614076,0.014936864858027254,0.01482640844880119,1206.9492614746093,1139.02697265625,1228.899771900231,1195.773643419907,0.017171125622125572,4,2,3
2022-04-29,1318.11279296875,1318.11279296875,1281.7235107421875,1287.699951171875,1263.7542724609375,18214862,-0.010496918566013758,-0.010552399811989343,1209.6056274414063,1143.1186328125,1234.262002755724,1200.8092455710946,0.016609471127593055,4,2,4
2022-05-02,1274.66259765625,1294.73779296875,1272.839599609375,1283.17724609375,1259.3155517578125,9467006,-0.0035123289391388868,-0.003518511647810297,1212.905126953125,1146.40228515625,1238.1163949098914,1205.14304602937,0.016552487357222524,5,2,0
2022-05-04,1285.277099609375,1287.5845947265625,1235.112060546875,1243.1190185546875,1220.00244140625,19247660,-0.031217839164050187,-0.031715500583360305,1213.7611511230468,1148.944970703125,1235.3296328324082,1206.243741983213,0.016978630221028003,5,2,2
2022-05-05,1256.894775390625,1259.89453125,1214.6676025390625,1218.77490234375,1196.1109619140625,17210669,-0.019583140722774894,-0.01977743115083564,1213.24482421875,1150.7330908203126,1229.2959911526627,1205.4931656817946,0.017403248103918932,5,2,3
2022-05-06,1205.5299072265625,1227.1280517578125,1196.9228515625,1209.4295654296875,1186.9393310546875,19649948,-0.007667876268517948,-0.007697425582325753,1213.1225341796876,1152.510791015625,1222.7795819068206,1204.118807561268,0.016916507628361995,5,2,4
2022-05-09,1188.3389892578125,1198.561279296875,1156.9801025390625,1162.195068359375,1140.583251953125,18083752,-0.03905513777218217,-0.03983824707117745,1210.8409606933594,1153.58330078125,1210.1339926831752,1199.412470108813,0.018442960208143542,5,2,0
2022-05-10,1151.442138671875,1166.0255126953125,1134.3665771484375,1142.050537109375,1120.813232421875,19511677,-0.017333254277928423,-0.017485233891153446,1208.6171264648438,1154.3591479492188,1196.3923372583597,1193.590304354225,0.018457672428054687,5,2,1
2022-05-11,1141.1275634765625,1146.8040771484375,1117.7294921875,1130.3515625,1109.331787109375,16643899,-0.010243852392508468,-0.010296681742146735,1204.8499755859375,1155.0407885742188,1182.9984064662083,1187.3489327064583,0.018467091663798018,5,2,2
2022-05-12,1120.2908935546875,1123.682861328125,1093.754638671875,1107.32275390625,1086.7314453125,20490321,-0.02037293266044915,-0.020583323273654038,1200.0762268066405,1156.3420263671876,1168.1881047502532,1179.895785492091,0.018630083907404393,5,2,3
2022-05-13,1119.5986328125,1143.5965576171875,1114.68359375,1119.87548828125,1099.0506591796875,19308778,0.011336024111867848,0.011272252879478289,1197.0314819335938,1157.6342016601564,1157.5515746624737,1173.9072576170981,0.018801618827506906,5,2,4
2022-05-16,1123.498291015625,1144.9810791015625,1115.2835693359375,1120.1524658203125,1099.322509765625,13437911,0.00024735036885426,0.0002473197827953185,1194.2132080078125,1158.247001953125,1148.5932569860354,1168.3824614799519,0.01836286510686358,5,2,0
2022-05-17,1123.7982177734375,1172.1634521484375,1122.3675537109375,1167.2022705078125,1145.497314453125,16551828,0.042002964805427645,0.04114478862984098,1193.8803161621095,1159.4300244140625,1148.1169581348186,1166.6872654038907,0.019979365283357843,5,2,1
2022-05-18,1172.048095703125,1186.0545654296875,1157.5570068359375,1171.4481201171875,1149.6640625,17276788,0.0036375013667004907,0.0036309016580616635,1191.560235595703,1160.8798120117187,1148.3549741910003,1165.4262874110098,0.019925990381840897,5,2,2
2022-05-19,1146.3656005859375,1159.518310546875,1138.0816650390625,1144.4503173828125,1123.16845703125,14699118,-0.02304638923054969,-0.02331610936708722,1186.1569274902345,1162.2775122070314,1144.4801253971925,1162.2960777532498,0.02029584848273889,5,2,3
2022-05-20,1159.518310546875,1220.39013671875,1154.672607421875,1211.1832275390625,1188.6605224609375,21793091,0.0583101003413109,0.056673391002180065,1182.5868041992187,1165.7640747070313,1151.2771095608455,1164.248999583449,0.02295974510955897,5,2,4
2022-05-23,1214.436767578125,1224.6129150390625,1196.6690673828125,1203.083984375,1180.711669921875,15252755,-0.00668723524409276,-0.006709694986751549,1179.1468933105468,1169.128349609375,1155.8055034625422,1165.4684566455546,0.02298896802697768,5,2,0
2022-05-24,1203.130126953125,1217.4365234375,1198.838134765625,1207.21435546875,1184.7652587890625,13527818,0.0034331742206423765,0.003427294331972659,1177.3544677734376,1171.499375,1160.260850435853,1166.8978493969257,0.022748988670143806,5,2,1
2022-05-25,1216.0521240234375,1226.066650390625,1200.591796875,1205.4376220703125,1183.0216064453125,12714544,-0.0014717281172914598,-0.0014728121728710072,1173.6484680175781,1173.489951171875,1163.762505206539,1168.0922017708804,0.022553740709160042,5,2,2
2022-05-26,1211.16015625,1216.0059814453125,1175.901611328125,1193.9462890625,1171.7440185546875,17882023,-0.0095328672183016,-0.009578595845672878,1169.3174438476562,1175.1924731445313,1164.9904303370233,1168.362706717829,0.022620619756467925,5,2,3
2022-05-27,1196.692138671875,1202.2762451171875,1172.2557373046875,1188.408203125,1166.3089599609375,16521973,-0.004638435108424099,-0.00464922603014193,1163.7748657226562,1176.6078442382814,1165.1932810483947,1168.2105773284297,0.022361281533712824,5,2,4
2022-05-30,1206.822021484375,1234.050537109375,1197.222900390625,1229.8048095703125,1206.9356689453125,13853398,0.034833573589056366,0.03424061532319339,1160.933935546875,1179.3375805664064,1171.6151868786897,1171.079102633384,0.023207319749340056,5,2,0
2022-05-31,1219.005615234375,1236.2657470703125,1207.1451416015625,1214.967529296875,1192.374267578125,70620653,-0.012064770096580246,-0.01213814016112395,1157.5868713378907,1181.414658203125,1174.8088916016798,1172.6565222589206,0.023329007997136626,5,2,1
2022-06-01,1215.72900390625,1225.3743896484375,1207.3758544921875,1215.35986328125,1192.75927734375,9776989,0.0003228933868282269,0.0003228412679775178,1156.2247131347656,1182.7897119140625,1177.570489408152,1174.1456152281673,0.022275086353570787,6,2,2
2022-06-02,1215.590576171875,1261.0252685546875,1215.590576171875,1257.2640380859375,1233.8843994140625,22126569,0.03447897899557506,0.03389789803139602,1158.1133850097656,1185.116806640625,1186.2341678705998,1178.5707103530485,0.022522852009480863,6,2,3
2022-06-03,1266.3555908203125,1300.20654296875,1265.4324951171875,1282.73876953125,1258.8853759765625,23939791,0.020262008802746978,0.020059465685618758,1161.7106872558593,1187.3664501953126,1197.4112768099787,1184.5199448436792,0.022418481558036878,6,2,4
2022-06-06,1282.9696044921875,1298.6605224609375,1269.9552001953125,1277.223876953125,1253.472900390625,11093152,-0.004299418905981733,-0.004308687984755355,1167.3551696777345,1189.4349243164063,1206.036141976232,1189.62757118049,0.02237697868940737,6,2,0
2022-06-07,1278.308349609375,1288.0921630859375,1270.0706787109375,1279.6236572265625,1255.8282470703125,12358255,0.0018790567222901622,0.0018772935036537339,1174.1059204101562,1191.193154296875,1213.6964658368597,1194.5313249501064,0.021933891129145754,6,2,1
2022-06-08,1279.6236572265625,1283.4310302734375,1253.572021484375,1257.148681640625,1233.7711181640625,12479250,-0.017563810144983205,-0.0177198840603009,1180.3278869628907,1192.3544384765626,1216.7848738871985,1197.4379762992885,0.02149696340836729,6,2,2
2022-06-09,1250.66455078125,1293.583984375,1250.66455078125,1291.6226806640625,1267.60400390625,17278305,0.027422335669952558,0.027053078808834022,1189.371514892578,1193.9559545898437,1224.6032015824371,1202.63545982573,0.022089613470521317,6,2,3
2022-06-10,1279.2314453125,1287.5384521484375,1246.7418212890625,1252.6259765625,1229.33251953125,18093057,-0.030191987605799997,-0.030657152441323002,1195.8856079101563,1194.7866064453126,1225.3307889591774,1204.6130198039168,0.02260165266502164,6,2,4
2022-06-13,1222.974609375,1233.4967041015625,1207.4219970703125,1228.9278564453125,1206.0750732421875,17620803,-0.018918759505305083,-0.019100008885726986,1201.2232360839844,1194.6955688476562,1222.3683711565636,1204.7213200586036,0.022774967824530406,6,2,0
2022-06-14,1222.9976806640625,1233.058349609375,1206.106689453125,1212.86767578125,1190.3134765625,14714312,-0.013068503801605735,-0.013154648038023178,1203.464044189453,1194.6353271484375,1217.436848911323,1203.6540723922258,0.02287347859316072,6,2,1
2022-06-15,1207.9989013671875,1217.113525390625,1192.7001953125,1198.1920166015625,1175.910888671875,11195535,-0.012099827628784143,-0.01217362644927044,1204.776385498047,1194.0959057617188,1211.0482396437155,1201.5990217462738,0.022279216208037304,6,2,2
2022-06-16,1210.5140380859375,1227.151123046875,1178.6705322265625,1181.4395751953125,1159.4698486328125,17111475,-0.013981535673703749,-0.014080198057582434,1206.591455078125,1193.156552734375,1203.1131025651152,1198.4783422563878,0.022141052705483985,6,2,3
2022-06-17,1181.4395751953125,1211.3677978515625,1179.6397705078125,1195.2845458984375,1173.057373046875,24457187,0.011718738896129288,0.011650606244720765,1205.811297607422,1192.8299975585937,1198.4891441776936,1196.5953075001278,0.022216549301607755,6,2,4
2022-06-20,1202.20703125,1207.791259765625,1163.4871826171875,1173.6171875,1151.79296875,12066797,-0.01812733527401411,-0.018293648357271132,1204.3653625488282,1192.1415625,1191.3051171888176,1193.2766157408591,0.021261030980467787,6,2,0
2022-06-21,1181.4395751953125,1196.8536376953125,1166.81005859375,1192.561767578125,1170.38525390625,11720049,0.01614203738057851,0.016013139956536474,1203.6463623046875,1192.2434692382812,1188.0866766838071,1191.580959308666,0.021168808406607037,6,2,1
2022-06-22,1180.562744140625,1180.655029296875,1154.2110595703125,1156.333984375,1134.8311767578125,10617206,-0.03037809732288843,-0.030849074527512805,1201.2368408203124,1191.2465966796874,1179.8935228490386,1187.3772717123065,0.02186679827933245,6,2,2
2022-06-23,1160.6951904296875,1165.287109375,1128.3670654296875,1137.573974609375,1116.4200439453125,19446323,-0.01622367554714188,-0.016356720317205083,1198.4706420898438,1189.930869140625,1170.1283722484654,1182.1211807666032,0.021739796127249526,6,2,3
2022-06-24,1144.5196533203125,1158.8260498046875,1138.9815673828125,1153.772705078125,1132.3175048828125,14240234,0.014239677103359716,0.014139245190519489,1196.7710693359375,1189.3783081054687,1164.3113157306727,1178.4320195900261,0.021793225339564192,6,2,4
2022-06-27,1174.4940185546875,1174.4940185546875,1145.23486328125,1150.3575439453125,1128.9658203125,15474529,-0.002960021863001594,-0.002964411391924076,1192.872576904297,1188.8438647460937,1158.8735472048,1174.7678566805796,0.021806031100924966,6,2,0
2022-06-28,1145.48876953125,1169.41748046875,1145.48876953125,1166.5330810546875,1144.8404541015625,13572847,0.014061217357907552,0.013963275494504471,1190.4958862304688,1188.6975708007812,1156.7146098043017,1172.5510120450967,0.020560508819836777,6,2,1
2022-06-29,1157.0723876953125,1198.51513671875,1154.2110595703125,1190.73876953125,1168.5963134765625,19205146,0.0207503668217619,0.020538010582422928,1189.2877380371094,1188.14818359375,1158.542564215419,1172.2580714103906,0.020894336827922,6,2,2
2022-06-30,1190.6695556640625,1207.2374267578125,1184.2086181640625,1197.89208984375,1175.616455078125,23112959,0.00600732821129446,0.0059893561552844385,1186.3743408203125,1187.0358203125,1161.1693166558352,1172.5068405709635,0.02042114090553218,6,2,3
2022-07-01,1188.31591796875,1196.20751953125,1091.4471435546875,1111.6146240234375,1090.943359375,81997149,-0.07202442202758896,-0.07474986338230491,1177.9772399902345,1183.653427734375,1150.3653232280144,1166.4651012231145,0.021785550113963593,7,3,4
2022-07-04,1097.885009765625,1126.9825439453125,1091.9547119140625,1113.922119140625,1093.2080078125,41857728,0.0020758625258028296,0.0020737109003277454,1169.9639953613282,1180.5273901367189,1141.571890087166,1161.0386498593653,0.021787921328409687,7,3,0
2022-07-05,1118.214111328125,1137.5509033203125,1115.4912109375,1122.9444580078125,1102.0625,17647327,0.008099549330248479,0.008066924029001474,1162.2757080078125,1178.1563647460937,1135.4935223814482,1156.6700461660791,0.02184706484537989,7,3,1
2022-07-06,1116.875732421875,1126.95947265625,1102.0616455078125,1113.068359375,1092.3701171875,23943726,-0.00879476691430836,-0.00883366913544737,1155.2056579589844,1174.8609350585937,1128.85915235161,1151.9070884639623,0.02187982177070538,7,3,2
2022-07-07,1119.552490234375,1122.9444580078125,1096.0621337890625,1102.1077880859375,1081.6131591796875,23301033,-0.009847356531052176,-0.009896162416667027,1145.9061157226563,1171.325908203125,1121.5905380174681,1146.700130739201,0.02188342263570674,7,3,3
2022-07-08,1115.9066162109375,1115.9066162109375,1099.54638671875,1103.6307373046875,1083.1080322265625,19010108,0.0013820773482533522,0.0013811231584299857,1138.5948913574218,1167.4448583984374,1115.670152511175,1141.98960492345,0.021890072978537317,7,3,4
2022-07-11,1096.75439453125,1120.8907470703125,1093.754638671875,1118.6295166015625,1097.8277587890625,13847467,0.013590266274953633,0.013498746856102679,1133.1825256347656,1164.126328125,1112.9251688616193,1138.7183570616435,0.0209742516841733,7,3,0
2022-07-12,1109.445556640625,1125.921142578125,1109.445556640625,1117.0372314453125,1096.2650146484375,10778989,-0.001423487544483959,-0.0014245016653851733,1128.4801025390625,1160.8653173828125,1110.3620682134374,1135.5736650310357,0.020904428743064658,7,3,1
2022-07-13,1120.1986083984375,1123.2906494140625,1095.13916015625,1097.2388916015625,1076.8349609375,14224132,-0.017723865535532513,-0.01788281416352486,1123.5263061523438,1158.0019677734374,1105.204051709447,1131.2226499129958,0.021076893564074554,7,3,2
2022-07-14,1102.0616455078125,1123.267578125,1096.9620361328125,1106.2843017578125,1085.7120361328125,16970315,0.008243672909341804,0.008209879432376391,1119.8384155273438,1155.7939892578124,1102.2052800822723,1127.851493336686,0.01997583117664086,7,3,3
2022-07-15,1114.5220947265625,1114.5220947265625,1099.80029296875,1108.4302978515625,1087.818359375,9603210,0.0019400385848995505,0.0019381591404480233,1115.57646484375,1153.8115698242189,1099.9919076657688,1124.8860760061907,0.0194805733823199,7,3,4
2022-07-18,1117.2911376953125,1119.1370849609375,1104.0460205078125,1117.8680419921875,1097.0804443359375,15160908,0.008514367202130169,0.00847832442084807,1112.840838623047,1152.941513671875,1099.5439902304101,1122.8263995861719,0.0196288711411912,7,3,0
2022-07-19,1107.738037109375,1129.2901611328125,1107.738037109375,1124.7213134765625,1103.806396484375,16439888,0.006130773894624131,0.006112057160106473,1109.511895751953,1152.601376953125,1100.1997450387125,1121.4175104675203,0.01968984480323136,7,3,1
2022-07-20,1172.2095947265625,1173.36328125,1147.4039306640625,1155.134033203125,1133.6534423828125,23924246,0.027040109564050674,0.026680985260763936,1109.4530090332032,1153.0878100585937,1105.3464677070356,1122.323875794579,0.020312347275411535,7,3,2
2022-07-21,1150.9805908203125,1153.7496337890625,1138.6585693359375,1147.427001953125,1126.08984375,16523230,-0.006671879032903227,-0.006694235513124287,1109.9364990234376,1153.8749780273438,1108.5377563290301,1122.6028363838693,0.0195119092088472,7,3,3
2022-07-22,1153.7496337890625,1161.2720947265625,1151.442138671875,1155.1802978515625,1133.6988525390625,10969995,0.006757017507345253,0.006734291181895084,1110.00556640625,1154.5679418945313,1112.4086942074966,1123.4247635064762,0.01894313916436701,7,3,4
2022-07-25,1138.727783203125,1138.727783203125,1108.984130859375,1117.01416015625,1096.242431640625,23110452,-0.033039127467183294,-0.033597247085002876,1108.3693969726562,1154.5063403320312,1109.9215768895165,1121.411257442339,0.019530993449812555,7,3,0
2022-07-26,1117.3372802734375,1127.8594970703125,1112.837646484375,1117.5218505859375,1096.74072265625,11303288,0.00045454454347226836,0.00045444126939519515,1105.9644104003905,1153.5312084960938,1107.8937531613217,1119.5838104211473,0.019446210527253534,7,3,1
2022-07-27,1116.8065185546875,1120.06005859375,1108.5225830078125,1116.46044921875,1095.6990966796875,8655086,-0.0009497467861316888,-0.0009501980813773389,1102.3195495605469,1152.4519091796874,1106.0176521641472,1117.8145723662244,0.019363539887719196,7,3,2
2022-07-28,1124.213623046875,1138.95849609375,1117.2911376953125,1133.9512939453125,1112.86474609375,12496073,0.015666390039089872,0.015544938974831057,1099.1819641113282,1152.2458349609376,1107.0710512302398,1117.4479185682635,0.019495866785480084,7,3,3
2022-07-29,1142.0736083984375,1161.6412353515625,1137.1356201171875,1158.1107177734375,1136.57470703125,15130683,0.02130533923437139,0.021081553468767285,1101.4635314941406,1151.2041186523438,1111.610075199626,1118.86471771367,0.019790883740376502,7,3,4
2022-08-01,1162.5872802734375,1194.2462158203125,1157.2569580078125,1188.2928466796875,1166.19580078125,15700044,0.026061721738794175,0.02572790257932979,1105.1129211425782,1150.9138012695312,1120.0078791352605,1122.370723866824,0.02010327977180868,8,3,0
2022-08-02,1187.2083740234375,1203.499267578125,1182.1549072265625,1192.8155517578125,1170.6341552734375,13917913,0.0038058398848754837,0.0037986159990946976,1108.54150390625,1150.6311791992186,1127.7965370026723,1125.9457928599063,0.019899847428409494,8,3,1
2022-08-03,1199.8995361328125,1204.5145263671875,1184.8778076171875,1202.830078125,1180.462646484375,14250977,0.008395869167717729,0.008360819900902686,1112.9461303710937,1150.58,1135.8990153844727,1129.9840783135705,0.019087746763692123,8,3,2
2022-08-04,1204.5145263671875,1208.0911865234375,1169.902099609375,1186.931396484375,1164.859619140625,14467127,-0.013217722212743088,-0.013305853763380535,1117.1084533691405,1150.4423120117187,1140.3544928854192,1132.5674517081673,0.01899920961824109,8,3,3
2022-08-05,1188.8236083984375,1190.11572265625,1166.18701171875,1169.4405517578125,1147.694091796875,13942438,-0.01473613391836337,-0.014845789337813905,1120.3377563476563,1150.0700146484376,1141.48366194872,1133.68794356659,0.019070647632042127,8,3,4
2022-08-08,1168.0560302734375,1192.307861328125,1168.0560302734375,1184.7392578125,1162.7083740234375,10165178,0.013082129056755543,0.012997297060845962,1123.581787109375,1149.18546875,1144.7490022679074,1135.837605081912,0.019191048511803657,8,3,0
2022-08-10,1189.2388916015625,1195.2384033203125,1180.078125,1191.8233642578125,1169.6605224609375,10724688,0.005979270978708762,0.005961466076296027,1127.2515625,1148.7311938476562,1148.581543836066,1138.3430063692474,0.019060044785849918,8,3,2
2022-08-11,1201.3302001953125,1204.4683837890625,1190.7618408203125,1195.792236328125,1173.5556640625,8198226,0.003330147104022352,0.0033246144438007583,1132.08759765625,1148.3471215820311,1152.4237161785943,1140.9513513835625,0.018696170977873586,8,3,3
2022-08-12,1195.4229736328125,1218.9825439453125,1191.6849365234375,1215.1290283203125,1192.5328369140625,12650587,0.016170662741185282,0.01604131018900803,1137.4286376953125,1147.5200903320313,1158.594350137897,1144.7722021635996,0.018893918714722322,8,3,4
2022-08-16,1221.2208251953125,1226.343505859375,1212.49853515625,1223.574462890625,1200.8212890625,6607378,0.00695029259729707,0.0069262506484724425,1143.0787841796875,1146.35880859375,1165.0908022801436,1148.9239863783328,0.013001505487533536,8,3,1
2022-08-17,1229.8970947265625,1235.388916015625,1225.535888671875,1229.96630859375,1207.0943603515625,6595965,0.005223984073400301,0.005210386404047813,1148.5794799804687,1145.4312377929687,1171.552888137285,1153.2329029689424,0.013004107980131293,8,3,2
2022-08-18,1227.589599609375,1231.7430419921875,1218.451904296875,1228.1895751953125,1209.2833251953125,7410035,0.0018134165112928535,0.0018117742566658372,1153.8533264160155,1144.5003393554687,1177.357570761597,1157.3847860968217,0.012976231397334776,8,3,3
2022-08-19,1222.974609375,1228.3741455078125,1202.1839599609375,1206.2913818359375,1187.7220458984375,9460724,-0.017829799557843584,-0.01799066544002083,1156.5567565917968,1143.5793579101562,1178.9521053980338,1159.6319905265711,0.01336285486920147,8,3,4
2022-08-22,1207.7451171875,1214.344482421875,1193.4385986328125,1202.9454345703125,1184.427734375,9471680,-0.0027736384407561765,-0.002777492103283347,1159.473651123047,1141.9158325195312,1179.7945098560285,1161.4687122931214,0.013191848952216765,8,3,0
2022-08-23,1197.130615234375,1224.451416015625,1195.9075927734375,1221.497802734375,1202.694580078125,9678484,0.015422507573046751,0.015304789498851017,1162.9234375,1141.3830737304688,1183.317597582505,1164.5224802771957,0.013375996249657499,8,3,1
2022-08-24,1218.40576171875,1232.20458984375,1216.213623046875,1218.244140625,1199.4910888671875,10369622,-0.0026635949508722057,-0.0026671486316835564,1168.085870361328,1141.2513940429687,1185.8058270109177,1167.112747580158,0.013285582252432713,8,3,2
2022-08-25,1222.489990234375,1228.9278564453125,1210.3294677734375,1214.690673828125,1195.9921875,7871946,-0.002916988212469218,-0.0029212509141035127,1173.0484436035156,1141.3649682617188,1187.3729593938533,1169.251965351998,0.013305675089672769,8,3,3
2022-08-26,1215.1290283203125,1222.974609375,1203.130126953125,1208.20654296875,1189.60791015625,10742038,-0.00533805940412968,-0.005352357749541792,1177.7438842773438,1141.6389086914062,1187.7167979726837,1170.7598131152758,0.01282415994891989,8,3,4
2022-08-29,1192.97705078125,1225.2821044921875,1189.7696533203125,1198.8150634765625,1180.3609619140625,19838975,-0.0077731058807207765,-0.007803473940026306,1181.1186950683593,1142.0567309570313,1186.5851308867418,1171.4710093225933,0.012948573119484398,8,3,0
2022-08-30,1206.360595703125,1220.782470703125,1189.1004638671875,1217.4134521484375,1198.673095703125,23139054,0.015514011713304798,0.015394899789794152,1184.223614501953,1142.5690454101561,1188.44481778157,1173.4859786841143,0.013150500109232438,8,3,1
2022-09-01,1191.892578125,1202.1839599609375,1177.1475830078125,1181.6241455078125,1163.4345703125,19909939,-0.02939794470814794,-0.02983872446550715,1184.0855529785156,1142.8018774414063,1184.597087401713,1172.7414299158468,0.014397053616975018,9,3,3
2022-09-02,1181.6241455078125,1188.5235595703125,1165.610107421875,1167.8253173828125,1149.84814453125,12999345,-0.011677859785102163,-0.011746581528861105,1183.0462524414063,1142.3911352539062,1179.2510961908724,1171.045630998469,0.014589274561972525,9,3,4
2022-09-05,1168.0560302734375,1191.36181640625,1168.0560302734375,1185.9622802734375,1167.7060546875,11327815,0.015530668324494235,0.015411301803352513,1182.4084228515626,1143.0486328125,1177.4749359595844,1170.7982549754345,0.014034355811441034,9,3,0
2022-09-06,1187.4390869140625,1202.6685791015625,1186.9775390625,1198.44580078125,1179.9974365234375,10899618,0.010526092407071586,0.010471078811768895,1183.1653137207031,1144.3201806640625,1177.863012969408,1171.479675830842,0.014057909175294847,9,3,1
2022-09-07,1188.362060546875,1197.5458984375,1186.0545654296875,1191.4771728515625,1173.1361083984375,7488501,-0.005814697483763287,-0.005831668657314645,1184.4374145507813,1145.136552734375,1177.1357968815662,1171.6023745395528,0.014087949089271974,9,3,2
2022-09-08,1194.4769287109375,1198.9765625,1186.51611328125,1193.16162109375,1174.7945556640625,7057077,0.0014136869999585855,0.0014126886852505848,1185.0417236328126,1146.0531274414063,1176.775605925027,1171.8388324006276,0.012513804015965675,9,3,3
2022-09-09,1204.5145263671875,1204.5145263671875,1183.2855224609375,1185.7315673828125,1167.478759765625,8314850,-0.006227298094944045,-0.006246768590198187,1184.932635498047,1146.5058935546874,1175.3453219005037,1171.515864057294,0.012608458392646647,9,3,4
2022-09-12,1186.308349609375,1205.4376220703125,1186.308349609375,1198.9996337890625,1180.542724609375,7435419,0.011189895091858082,0.01112775137383472,1185.2819885253907,1146.7448217773438,1176.144922317253,1172.1845203944854,0.012699604297464046,9,3,0
2022-09-13,1208.20654296875,1213.6060791015625,1200.361083984375,1209.01416015625,1190.403076171875,8888657,0.008352388572605562,0.008317700394090645,1185.1755004882812,1147.0405541992188,1178.3384844487334,1173.5340430446624,0.012508224268177522,9,3,1
2022-09-14,1188.362060546875,1204.5145263671875,1187.32373046875,1194.5230712890625,1176.135009765625,8678219,-0.011985911908203084,-0.012058322133707096,1183.9411865234374,1148.7443872070312,1177.9994883436398,1173.726707246215,0.01224000130532028,9,3,2
2022-09-15,1192.0540771484375,1201.537841796875,1179.939697265625,1182.6856689453125,1164.479736328125,10365600,-0.009909809112665258,-0.009959238096629368,1181.8104553222656,1150.1698217773437,1175.919526495099,1173.0417464374677,0.011458899704099435,9,3,3
2022-09-16,1173.940185546875,1178.2091064453125,1149.5960693359375,1153.38037109375,1135.625732421875,20217708,-0.0247784508446951,-0.025090603894217214,1178.1275756835937,1150.8410864257812,1169.7204812530647,1170.2701898437201,0.012290972495343657,9,3,4
2022-09-19,1153.38037109375,1164.2255859375,1145.142578125,1154.8802490234375,1137.1025390625,7580254,0.0013004342878666364,0.0012995894555513953,1175.5966003417968,1151.7357348632813,1164.7023363006701,1167.813326822889,0.012172864973986484,9,3,0
2022-09-20,1164.1102294921875,1171.148193359375,1151.3035888671875,1155.0648193359375,1137.2841796875,8411448,0.00015973988163797692,0.00015972712458160642,1173.2394226074218,1152.8491552734374,1160.4841583601824,1165.5519085165638,0.011959647841518166,9,3,1
2022-09-21,1152.249755859375,1168.9791259765625,1151.442138671875,1158.249267578125,1140.419677734375,9207309,0.002757004891896564,0.0027532113248985037,1170.1256774902345,1153.9953881835938,1157.3973151869814,1163.6902617919573,0.01167624641332018,9,3,2
2022-09-22,1147.28857421875,1155.134033203125,1140.873779296875,1147.334716796875,1129.673095703125,10308170,-0.009423357243887431,-0.009468037991396302,1166.6347778320312,1154.632294921875,1153.1320506510035,1161.170471711303,0.011518985336743975,9,3,3
2022-09-23,1146.8271484375,1151.8804931640625,1124.259765625,1125.828857421875,1108.498291015625,9528051,-0.01874418782570053,-0.01892208666810628,1162.2600830078125,1154.8769604492188,1146.2653183994069,1157.2688286968082,0.01188862572675143,9,3,4
2022-09-26,1104.8536376953125,1115.8143310546875,1096.13134765625,1097.1466064453125,1080.257568359375,12479523,-0.02547655949056571,-0.025806706440348978,1156.7925659179687,1154.9454125976563,1136.1102799317098,1151.5642908940354,0.012608225180330083,9,3,0
2022-09-27,1104.83056640625,1119.5986328125,1089.185791015625,1105.8690185546875,1088.8455810546875,16154822,0.007949967625179744,0.007918533124824568,1152.216796875,1155.0080834960938,1128.8387877967832,1146.9184605355651,0.012269172805888549,9,3,1
2022-09-28,1089.3011474609375,1097.4466552734375,1073.956298828125,1076.42529296875,1059.8551025390625,16997059,-0.026624967782432507,-0.02698583198616377,1145.275897216797,1154.448818359375,1118.2259131417493,1140.4693229061945,0.012852039264996958,9,3,2
2022-09-29,1089.1396484375,1092.600830078125,1067.4490966796875,1073.1256103515625,1056.6063232421875,14671827,-0.0030653051432143474,-0.0030700128137841837,1139.9344848632813,1153.6393359375,1108.7459762341246,1134.257248857009,0.012733822379992708,9,3,3
2022-09-30,1066.526123046875,1108.5225830078125,1066.526123046875,1097.331298828125,1080.4393310546875,18613024,0.02255618510721069,0.022305556185300196,1136.464044189453,1153.1719946289063,1104.3911077449802,1130.2707364272076,0.01361282142179918,9,3,4
2022-10-03,1103.6768798828125,1115.4219970703125,1090.524169921875,1093.52392578125,1076.6905517578125,11852723,-0.0034696805171055,-0.0034757138183453854,1131.9132690429688,1152.0327368164062,1100.1294837469543,1126.3018338591044,0.013347205145221348,10,4,0
2022-10-04,1106.5843505859375,1115.9066162109375,1103.0538330078125,1113.69140625,1096.547607421875,8948850,0.018442676618313225,0.018274672939127753,1127.7407775878905,1151.4418920898438,1099.5784258507883,1124.0978170859764,0.013919278978484136,10,4,1
2022-10-06,1120.983154296875,1130.674560546875,1115.975830078125,1117.7987060546875,1100.591796875,13352162,0.003688111146066264,0.0036813267401320745,1124.1135620117188,1150.7797509765626,1099.7343290852823,1122.3566304036817,0.013559291758520442,10,4,3
2022-10-07,1114.360595703125,1127.8594970703125,1114.360595703125,1122.5291748046875,1105.249267578125,7714340,0.004231787585869062,0.004222858753866839,1120.636297607422,1150.9598876953125,1100.5827811611043,1121.0894183425294,0.013621099941216536,10,4,4
2022-10-10,1109.9071044921875,1115.7220458984375,1102.0616455078125,1110.2763671875,1093.1851806640625,6329527,-0.010915263432382027,-0.01097527199263874,1116.9216186523438,1150.8887768554687,1099.444688776944,1119.022437773754,0.013704854271475986,10,4,0
2022-10-11,1114.060546875,1114.060546875,1085.0322265625,1088.17041015625,1071.4195556640625,9215177,-0.019910281793957707,-0.020111162318051705,1111.4654602050782,1150.4031860351563,1095.1331298365008,1115.4962983582213,0.0140481752277514,10,4,1
2022-10-12,1085.4476318359375,1099.1541748046875,1081.3402099609375,1096.177490234375,1079.3033447265625,7417103,0.007358265042692436,0.007331325083991774,1105.9104736328125,1149.7319580078124,1092.6977782811257,1112.8153388299504,0.014156451222623274,10,4,2
2022-10-13,1094.4007568359375,1104.83056640625,1089.185791015625,1099.661865234375,1082.7340087890625,7328492,0.0031785911525819,0.003173550111172585,1101.2404235839845,1148.6551440429687,1091.164890666962,1110.587092160255,0.013777794901117755,10,4,3
2022-10-14,1114.5220947265625,1115.1451416015625,1093.3392333984375,1094.07763671875,1077.2357177734375,9106089,-0.0050781549032290485,-0.005091092550008048,1096.87822265625,1146.8759423828126,1089.021940991035,1108.1166199834538,0.01287472604353072,10,4,4
2022-10-17,1086.8321533203125,1114.060546875,1081.571044921875,1111.6376953125,1094.5255126953125,16729355,0.016050150061503343,0.015922708234866047,1094.8232116699219,1145.35376953125,1089.8686443301547,1107.1098712954433,0.013183399753817583,10,4,0
2022-10-18,1117.7525634765625,1136.674072265625,1116.8988037109375,1131.25146484375,1113.83740234375,12415820,0.017644074463720072,0.017490224835311947,1093.6599548339843,1144.0212646484374,1093.5561455630154,1107.6082069286513,0.013283132675441133,10,4,1
2022-10-19,1132.7513427734375,1166.6024169921875,1126.8441162109375,1150.9344482421875,1133.2174072265625,19247142,0.017399312361061625,0.017249677527649318,1093.4566162109375,1143.3884204101562,1099.657878126638,1109.5051847284967,0.013554000952308859,10,4,2
2022-10-20,1146.8271484375,1162.51806640625,1146.8271484375,1154.0264892578125,1136.2618408203125,8717053,0.0026865397357431764,0.002682937438235222,1093.2487243652345,1143.159775390625,1105.2892570025879,1111.4871592538163,0.013544321605976045,10,4,3
2022-10-21,1157.3031005859375,1161.5028076171875,1138.5201416015625,1140.6429443359375,1123.084228515625,8243452,-0.011597337718543876,-0.011665111344947658,1092.9192810058594,1142.3672924804687,1108.0269449276705,1112.3462014213576,0.0136728976370291,10,4,4
2022-10-24,1135.28955078125,1154.9033203125,1133.12060546875,1144.4503173828125,1126.8330078125,3370033,0.003337932455724779,0.0033323739250839556,1093.8360168457032,1141.5107421875,1110.9201853714903,1113.419298191072,0.013668183404990222,10,4,0
2022-10-25,1153.2880859375,1153.2880859375,1125.1365966796875,1126.77490234375,1109.4298095703125,12233241,-0.015444345454498132,-0.015564851728285489,1095.29462890625,1140.2282250976561,1110.6908967866939,1113.12378051546,0.013708001608054854,10,4,1
2022-10-27,1134.3665771484375,1139.1893310546875,1122.73681640625,1131.205322265625,1113.7919921875,12513059,0.003931914015251614,0.003924204244169965,1096.5419494628907,1138.653408203125,1111.1679883868178,1113.173277676352,0.013616586678806565,10,4,3
2022-10-28,1137.5970458984375,1169.902099609375,1135.0357666015625,1165.81787109375,1147.87158203125,17609592,0.030597804691356423,0.03013902678295354,1100.9427734375,1137.5944140625,1116.8146951013457,1115.7435224433814,0.014727446557270419,10,4,4
2022-10-31,1172.671142578125,1181.8780517578125,1168.60986328125,1176.6400146484375,1158.5272216796875,12419943,0.009282954483097683,0.009240132665787678,1106.038818359375,1136.6230712890624,1123.232006882629,1118.9126853497744,0.014730693719535021,10,4,0
2022-11-01,1199.8995361328125,1199.8995361328125,1157.441650390625,1167.525390625,1149.552978515625,13963166,-0.007746251444183727,-0.007776409492068287,1109.4945007324218,1135.4284643554688,1127.2813871338592,1121.182336695393,0.014058267484629322,11,4,1
2022-11-02,1168.656005859375,1176.9168701171875,1160.672119140625,1174.8170166015625,1156.7322998046875,8981896,0.00624531572118836,0.006225894555888484,1113.4965881347657,1134.8086694335936,1131.812296775525,1123.8156672960815,0.014096888275636356,11,4,2
2022-11-03,1167.525390625,1181.23193359375,1165.3101806640625,1179.2012939453125,1161.0491943359375,6693449,0.0037319737090240057,0.003725027172638097,1116.7216674804688,1134.3410986328124,1136.3102810155885,1126.573706336071,0.014107540971904937,11,4,3
2022-11-04,1178.6243896484375,1199.8995361328125,1177.332275390625,1196.5537109375,1178.1343994140625,12575815,0.014715315390143147,0.014608095704459992,1120.5987976074218,1133.8498950195312,1142.7447607692,1130.3930169344405,0.014332308580086528,11,4,4
2022-11-07,1195.74609375,1204.653076171875,1187.900634765625,1202.9454345703125,1184.427734375,11789748,0.005341780160283527,0.00532756345850035,1124.5577209472656,1133.5486279296874,1149.157525939323,1134.3955885967043,0.01420845810219659,11,4,0
2022-11-09,1204.653076171875,1210.029541015625,1195.3076171875,1201.74560546875,1183.2464599609375,11254205,-0.0009973376845028303,-0.0009978353566569404,1129.0607849121093,1133.2937133789062,1154.4019773272637,1138.0141716607216,0.013688871398418442,11,4,2
2022-11-10,1195.2845458984375,1198.307373046875,1182.8240966796875,1187.2083740234375,1168.9329833984375,5966242,-0.012096783761324392,-0.012170545305187682,1133.936456298828,1132.88021484375,1156.6375167228289,1140.3044540116637,0.012951880901621575,11,4,3
2022-11-11,1199.8995361328125,1216.5135498046875,1194.361572265625,1214.5753173828125,1195.8785400390625,12310132,0.023051412718534392,0.022789742518519746,1139.7652160644532,1133.19056640625,1162.6745972330186,1144.4210529766563,0.013446411626787336,11,4,4
2022-11-14,1214.0906982421875,1219.2825927734375,1202.2762451171875,1208.691162109375,1190.0850830078125,9043112,-0.004844519604023323,-0.0048562923266335534,1145.1327697753907,1133.0188061523438,1166.8915950445253,1147.803573719705,0.012320409077846846,11,4,0
2022-11-15,1210.1910400390625,1212.0831298828125,1195.2845458984375,1203.2685546875,1184.745849609375,7086433,-0.004486429982756501,-0.00449652421243609,1150.5082763671876,1133.4450317382812,1169.6384034391176,1150.5400386004212,0.012350980890132144,11,4,1
2022-11-16,1204.5145263671875,1207.260498046875,1191.2926025390625,1196.369140625,1177.95263671875,9716161,-0.00573389887195197,-0.005750400780505884,1154.6796325683595,1134.0071215820312,1170.9175162513689,1152.5706014240013,0.011950646678316088,11,4,2
2022-11-17,1192.9539794921875,1205.8990478515625,1190.6695556640625,1199.461181640625,1180.9971923828125,6661451,0.0025846163667015976,0.0025812819899740957,1158.0376220703124,1134.2729443359376,1172.4682356562064,1154.6762748283577,0.011889406351607986,11,4,3
2022-11-18,1203.0146484375,1204.0531005859375,1186.562255859375,1198.8150634765625,1180.3609619140625,5303197,-0.0005387231001509063,-0.0005388682635778265,1160.3947998046874,1134.28021484375,1173.6825012343381,1156.5788442421135,0.011547954245922202,11,4,4
2022-11-21,1194.361572265625,1194.361572265625,1173.6402587890625,1177.239990234375,1159.1180419921875,6390268,-0.01799696923848415,-0.01816088431724457,1161.5376098632812,1133.999853515625,1171.4418151970842,1156.7669329643413,0.01213616427967157,11,4,0
2022-11-22,1174.51708984375,1185.3623046875,1170.5943603515625,1183.7701416015625,1165.547607421875,6611488,0.005546946209755266,0.005531618558609241,1163.6607788085937,1133.8149145507812,1170.5350140008982,1157.417353294529,0.01214762333960859,11,4,1
2022-11-23,1188.362060546875,1189.700439453125,1177.8629150390625,1180.078125,1161.91259765625,6413408,-0.0031187141069813906,-0.0031235874307954615,1165.4147583007812,1133.7035913085938,1169.2084884094138,1157.7503343583603,0.011946998577513213,11,4,2
2022-11-24,1184.2086181640625,1197.130615234375,1175.993896484375,1190.2542724609375,1171.9320068359375,9389439,0.00862320384502091,0.008586236389331071,1168.5398681640625,1133.531376953125,1169.6274912442636,1158.8008286159586,0.011249478914419013,11,4,3
2022-11-25,1194.8231201171875,1211.390869140625,1191.638671875,1208.02197265625,1189.4261474609375,7349922,0.014927607167442902,0.014817286962404436,1172.3215759277343,1133.5118383789063,1172.6734383545213,1161.0693707526236,0.011432733042060285,11,4,4
2022-11-28,1204.0069580078125,1255.76416015625,1154.672607421875,1249.533935546875,1230.299072265625,31527484,0.03436356674345764,0.03378632622282621,1176.4429504394532,1134.5951196289063,1181.5389204946912,1166.1974967906237,0.01276122392222526,11,4,0
2022-11-29,1247.8724365234375,1260.656005859375,1243.280517578125,1251.6798095703125,1232.4119873046875,11058913,0.0017173995223547234,0.0017159264780908907,1180.137188720703,1135.9537646484375,1189.3655461577675,1171.1022738657398,0.012647979846194849,11,4,1
2022-11-30,1251.818359375,1267.0247802734375,1245.2188720703125,1260.517578125,1241.1136474609375,26164986,0.007060674714208792,0.007035864864893114,1184.7152221679687,1138.0635229492189,1197.3267925121013,1176.288301539458,0.012471945632480096,11,4,2
2022-12-01,1265.3402099609375,1271.4320068359375,1253.43359375,1256.802490234375,1237.4556884765625,9485801,-0.002947319926630776,-0.002951671827071167,1188.7513916015625,1140.0705859375,1203.500468814326,1180.8192190903546,0.012275776471348478,12,4,3
2022-12-02,1259.89453125,1268.2015380859375,1246.326416015625,1256.271728515625,1236.93310546875,11589592,-0.00042230442082002995,-0.00042239361644464036,1192.545587158203,1142.063564453125,1208.6439513765451,1184.9758032665322,0.012012692732034556,12,4,4
2022-12-05,1251.5875244140625,1253.7796630859375,1235.8966064453125,1237.9501953125,1218.8935546875,14828536,-0.014584095697247723,-0.014691489056558527,1194.583544921875,1143.6330419921876,1210.2208134243845,1187.488229297715,0.012434297118806805,12,4,0
2022-12-06,1229.9432373046875,1244.6650390625,1228.051025390625,1241.52685546875,1222.415283203125,8594245,0.0028892830732276664,0.002885117117377099,1196.4829223632812,1145.4878857421875,1212.0968856980367,1190.0754184758935,0.012149316766776158,12,4,1
2022-12-07,1239.1270751953125,1243.7420654296875,1219.351806640625,1223.205322265625,1204.3758544921875,8462111,-0.014757201549107202,-0.014867172295937148,1197.5393920898437,1147.4054370117187,1210.9090347432907,1191.1347100326561,0.012568751504190567,12,4,2
2022-12-08,1227.589599609375,1229.8970947265625,1218.40576171875,1222.62841796875,1203.8076171875,7757008,-0.0004718106084309337,-0.0004719219460776135,1199.2831237792968,1149.8764379882812,1209.8165089654767,1192.073443895978,0.012129592529166656,12,4,3
2022-12-09,1221.1285400390625,1227.589599609375,1200.7532958984375,1204.0992431640625,1185.5638427734375,12655763,-0.015155058128545562,-0.015271069621628736,1198.7673889160155,1151.8108032226562,1206.0853295513168,1191.5912512202342,0.012560853793480717,12,4,4
2022-12-12,1193.2078857421875,1210.5140380859375,1192.97705078125,1205.9451904296875,1187.38134765625,9479842,0.0015330299535458725,0.0015318560627133658,1198.6322021484375,1154.361328125,1203.2077938751527,1191.279406511791,0.011354731676450684,12,4,0
2022-12-13,1205.9451904296875,1215.1290283203125,1202.9915771484375,1211.4371337890625,1192.7886962890625,8333348,0.004554011770090405,0.004543673633271422,1199.0343444824218,1157.0849755859374,1201.604855784985,1191.391205754552,0.011271032160450853,12,4,1
2022-12-14,1217.2750244140625,1217.875,1204.97607421875,1207.0528564453125,1188.4720458984375,7268947,-0.0036189564874773428,-0.0036255207524848424,1199.5603149414062,1159.2456298828124,1199.584423494747,1191.174971691136,0.011185037403534754,12,4,2
2022-12-15,1201.0533447265625,1206.822021484375,1186.51611328125,1189.9080810546875,1171.5911865234375,8688551,-0.01420383376559664,-0.014305673707665698,1199.0900146484375,1161.143642578125,1195.277771653007,1189.724320937973,0.011484210498384075,12,4,3
2022-12-16,1186.51611328125,1208.5758056640625,1180.5858154296875,1184.02392578125,1165.797607421875,15837349,-0.004945051796398592,-0.004957319023123647,1198.3618469238281,1162.528642578125,1190.7423617712943,1187.9519717886326,0.011508956282385588,12,4,4
2022-12-19,1191.131103515625,1201.74560546875,1184.5316162109375,1199.5765380859375,1181.110595703125,7729933,0.013135203043617594,0.013049684320626405,1199.461474609375,1164.1390185546875,1189.2605516069607,1187.445203189706,0.011443665568918899,12,4,0
2022-12-20,1192.469482421875,1211.8985595703125,1184.2086181640625,1209.9603271484375,1191.3345947265625,7467588,0.008656258830148866,0.008619008234524082,1200.7508239746094,1165.8607250976563,1189.5796351638226,1187.7333062665102,0.01151134759628957,12,4,1
2022-12-21,1209.591064453125,1215.1290283203125,1188.8697509765625,1192.746337890625,1174.3857421875,8527550,-0.014226777778540534,-0.014328948580038208,1201.3744812011719,1167.484736328125,1187.2421131674653,1186.7445978162132,0.01181058500845163,12,4,2
2022-12-22,1198.9765625,1202.0455322265625,1184.5546875,1189.654296875,1171.3411865234375,7451122,-0.00259246647391298,-0.002595832734325646,1201.3449401855469,1169.4831689453124,1184.7958167606917,1185.6036043871186,0.011605696429931839,12,4,3
2022-12-23,1182.9625244140625,1195.515380859375,1150.1729736328125,1154.764892578125,1136.9888916015625,10257115,-0.02932731753745743,-0.02976596076097003,1198.723077392578,1170.6368798828125,1177.4409051977486,1182.0025145511515,0.011973117641842794,12,4,4
2022-12-26,1160.5567626953125,1173.132568359375,1150.2421875,1164.8486328125,1146.91748046875,5990242,0.008732353447360452,0.008694446964359845,1194.5539978027343,1171.9205493164063,1172.7449937009796,1179.4036231376404,0.012102636791875837,12,4,0
2022-12-27,1167.5946044921875,1176.270751953125,1160.7874755859375,1174.378662109375,1156.30078125,5763271,0.008181321621687276,0.008148036033446592,1190.7484375,1173.5018505859375,1170.2151148623675,1177.6923015163336,0.012203149868062965,12,4,1
2022-12-28,1171.28662109375,1176.7322998046875,1163.671875,1174.2633056640625,1156.1871337890625,7459393,-9.828537935829829e-05,-9.829020968269885e-05,1186.5021118164063,1174.7350830078126,1168.056963928013,1176.0993261291283,0.012166912200694685,12,4,2
2022-12-29,1166.2100830078125,1176.31689453125,1165.517822265625,1173.7325439453125,1155.66455078125,6930648,-0.0004519882573852385,-0.00045209043486748695,1182.4125549316407,1175.5716259765625,1166.150438828511,1174.5856390663225,0.01215255807175425,12,4,3
2022-12-30,1174.563232421875,1189.2850341796875,1172.71728515625,1175.5323486328125,1157.4366455078125,7289476,0.0015333988789087982,0.001532224423300529,1178.4377319335938,1176.0560107421875,1164.8098552407112,1173.3153432471736,0.01215910622727112,12,4,4
2023-01-02,1176.8245849609375,1190.2081298828125,1175.993896484375,1188.7774658203125,1170.47802734375,5316175,0.011267469270610286,0.011204464169028502,1176.0169555664063,1176.7403344726563,1165.6818817181017,1173.1051716987718,0.011884590883105478,1,1,0
2023-01-03,1183.7701416015625,1187.4390869140625,1175.809326171875,1180.078125,1161.91259765625,7658932,-0.007317890201611221,-0.0073447973093173574,1172.9918212890625,1177.5169018554689,1165.1019918624322,1172.2760921400666,0.011924255812727345,1,1,1
2023-01-04,1180.0550537109375,1181.9241943359375,1160.2105712890625,1162.3104248046875,1144.418212890625,9264891,-0.015056541086578945,-0.015171041575967074,1169.9939392089843,1177.8686059570311,1161.9198720206157,1170.2125455289968,0.01222606608350202,1,1,2
2023-01-05,1164.5948486328125,1170.5482177734375,1155.5955810546875,1160.233642578125,1142.3734130859375,13637099,-0.001786759229847168,-0.0017883573880862686,1166.9222290039063,1178.5274780273437,1158.9127244922038,1168.1503875702517,0.012107309343655595,1,1,3
2023-01-06,1166.048583984375,1175.8785400390625,1162.195068359375,1170.7789306640625,1152.75634765625,6349597,0.009088914755346567,0.009047859149389414,1165.2818542480468,1179.3067651367187,1157.9655895943647,1167.0100883173627,0.011891095996235748,1,1,4
2023-01-09,1174.655517578125,1200.8226318359375,1173.755615234375,1198.4227294921875,1179.9747314453125,10722753,0.023611567044850457,0.023337125596086652,1164.9115234375,1179.948828125,1161.3516114175875,1167.9704322527664,0.010910889316882654,1,1,0
2023-01-10,1202.6685791015625,1202.6685791015625,1174.9786376953125,1180.701171875,1162.5260009765625,8047142,-0.01478737637659211,-0.014897799558192593,1163.398388671875,1180.0288037109376,1161.532286734353,1167.5671410471216,0.011164906014946385,1,1,1
2023-01-11,1177.9783935546875,1180.5166015625,1163.4871826171875,1165.81787109375,1147.87158203125,11509553,-0.012605669837063682,-0.01268579536250152,1161.3683654785157,1179.99517578125,1159.4306398569524,1166.1082107496495,0.011198937475365989,1,1,2
2023-01-12,1165.2178955078125,1168.748291015625,1137.5970458984375,1140.6429443359375,1123.084228515625,17688773,-0.02159418693140025,-0.021830753223922073,1158.943017578125,1179.3222143554688,1153.838884265979,1162.9212491026847,0.011727374714252902,1,1,3
2023-01-13,1134.5511474609375,1141.242919921875,1123.5675048828125,1138.7969970703125,1121.266845703125,20618583,-0.0016182070465916576,-0.0016195177578067369,1156.7164794921875,1178.5265673828126,1148.8278014101552,1159.8357377397544,0.011719775556145146,1,1,4
2023-01-16,1141.150634765625,1144.3580322265625,1120.06005859375,1127.9517822265625,1110.588623046875,13623855,-0.009523355387854981,-0.009568992513609407,1153.190380859375,1177.1756518554687,1142.9448508927273,1156.1878033180597,0.011585931035129721,1,1,0
2023-01-17,1134.3665771484375,1145.904052734375,1130.9515380859375,1143.9658203125,1126.35595703125,10751000,0.014197276702797135,0.014097439207356743,1149.9414489746093,1176.0142163085939,1140.392713375577,1153.978036926444,0.011963019298816676,1,1,1
2023-01-18,1141.5198974609375,1149.6422119140625,1135.451171875,1142.0736083984375,1124.492919921875,13448286,-0.0016540393804862497,-0.0016554088138952003,1147.4468078613281,1174.8391455078124,1137.9465913057766,1151.7939541853648,0.011743104839089514,1,1,2
2023-01-19,1141.242919921875,1145.05029296875,1133.7435302734375,1140.8507080078125,1123.288818359375,11940054,-0.0010707951478997613,-0.0010713688586118082,1145.044189453125,1173.9262622070312,1135.6915493140225,1149.682462642699,0.011740542163400359,1,1,3
2023-01-20,1142.2120361328125,1142.2120361328125,1124.79052734375,1127.2825927734375,1109.9295654296875,14930286,-0.011892981316416362,-0.01196426859464352,1143.6912231445312,1172.2072827148438,1131.728167177971,1146.7378035898832,0.011631384361570239,1,1,4
2023-01-23,1130.213134765625,1138.15087890625,1119.1370849609375,1121.5830078125,1104.3177490234375,10954118,-0.005056011283092077,-0.005068836154866627,1141.5612365722657,1170.4919360351562,1127.5111797695813,1143.595577325702,0.011622048879073123,1,1,0
2023-01-24,1126.0595703125,1127.7440185546875,1101.7615966796875,1114.9605712890625,1097.7972412109375,16488755,-0.00590455764952269,-0.005922058473795627,1138.6360595703125,1168.7529638671874,1122.939804606713,1140.2031079838673,0.011564560084378445,1,1,1
2023-01-25,1113.3453369140625,1114.3836669921875,1098.36962890625,1099.54638671875,1082.620361328125,12385018,-0.013824847898207038,-0.013921301106977587,1134.9577209472657,1166.846318359375,1116.7368133330842,1135.9377193427013,0.01174135972118712,1,1,2
2023-01-27,1100.4002685546875,1101.7615966796875,1066.8260498046875,1078.6866455078125,1062.0816650390625,25830975,-0.018971282106560627,-0.019153545743886797,1130.2785766601562,1164.4680078125,1108.3283289801577,1130.4669005053945,0.011928470527073342,1,1,4
2023-01-30,1076.0792236328125,1094.6314697265625,1061.9111328125,1089.0242919921875,1072.2601318359375,21772103,0.009583506741452474,0.009537876242540001,1126.0197509765626,1162.3059912109375,1102.7793755733546,1126.1552880113607,0.012147947777635485,1,1,0
2023-01-31,1099.2926025390625,1101.900146484375,1080.37109375,1086.3013916015625,1069.579345703125,22691594,-0.0025001266513774434,-0.002503257186926033,1120.9748168945312,1160.5152172851563,1097.6716786702423,1121.96447747001,0.011774247206069809,1,1,1
2023-02-01,1098.3465576171875,1098.3465576171875,1063.757080078125,1079.863525390625,1063.240478515625,19347800,-0.005926504857227677,-0.005944136283474667,1116.0412109375,1158.4690747070313,1092.3745709541472,1117.6145516215372,0.011565625482119625,2,1,2
2023-02-02,1069.756591796875,1083.6015625,1066.526123046875,1073.8870849609375,1057.3560791015625,13662663,-0.005534401231862107,-0.005549772771439149,1111.6881042480468,1156.3779443359374,1086.9871106691342,1113.150961064502,0.011401033890812541,2,1,3
2023-02-03,1084.0631103515625,1084.0631103515625,1058.2191162109375,1074.8331298828125,1058.28759765625,24699575,0.0008809885081277891,0.0008806006655252642,1107.4838134765625,1154.1050561523436,1082.5718009748443,1109.0870082194465,0.011427439128204826,2,1,4
2023-02-06,1068.3720703125,1071.14111328125,1064.1263427734375,1066.7337646484375,1050.3128662109375,14837879,-0.007535504963843365,-0.0075640403239882695,1102.361639404297,1151.3227905273438,1077.6088879342433,1104.733368070668,0.010359591186790798,2,1,0
2023-02-07,1066.9876708984375,1074.0947265625,1058.2191162109375,1064.1724853515625,1047.7908935546875,15135435,-0.0024011632508589287,-0.0024040506663676278,1095.7524475097657,1147.672626953125,1073.0215041835424,1100.51540699541,0.01013711088224942,2,1,1
2023-02-08,1067.4490966796875,1089.093505859375,1064.68017578125,1085.424560546875,1068.7159423828125,21160332,0.01997063436687796,0.01977383704535026,1091.061944580078,1144.3987060546874,1072.3591100603533,1098.1598910981807,0.010791274227057918,2,1,2
2023-02-09,1086.1168212890625,1094.1468505859375,1077.140625,1087.316650390625,1070.5789794921875,13172763,0.0017432481686585621,0.0017417304751247867,1087.197314453125,1140.9880126953126,1072.085243819097,1096.116860608848,0.010811014800407857,2,1,3
2023-02-10,1086.7860107421875,1086.7860107421875,1071.279541015625,1078.3636474609375,1061.763671875,10790445,-0.008234149732109342,-0.008268237595026432,1084.1312866210938,1137.4741723632812,1070.4973096738513,1093.5721799618962,0.010853347493314531,2,1,4
2023-02-13,1080.001953125,1084.524658203125,1067.7030029296875,1072.2257080078125,1055.72021484375,10352493,-0.00569190413209153,-0.005708164750359136,1080.853955078125,1133.8499145507812,1068.2239104692203,1090.7683306938852,0.010834848845568594,2,1,0
2023-02-14,1075.2716064453125,1099.2464599609375,1072.3641357421875,1097.4927978515625,1080.5985107421875,14321920,0.02356523589170778,0.02329186213561355,1079.3544494628907,1131.084013671875,1070.1276951266,1090.0150106974631,0.01159912754902776,2,1,1
2023-02-15,1096.5235595703125,1124.7674560546875,1095.13916015625,1122.344482421875,1105.0673828125,33503591,0.02264381435571905,0.02239124878121746,1078.290020751953,1128.7370556640626,1075.5030316936616,1091.1300012245028,0.012438005456416377,2,1,2
2023-02-16,1130.4207763671875,1137.0433349609375,1119.16015625,1121.4676513671875,1104.2041015625,17264487,-0.0007812023623418041,-0.0007815076599170815,1077.2755798339845,1126.7336206054688,1079.9185809042522,1092.0984531013914,0.012175590655786507,2,1,3
2023-02-17,1116.82958984375,1129.5208740234375,1112.491455078125,1126.15185546875,1108.8162841796875,11809520,0.004176929437828658,0.004168230283487222,1076.551953125,1124.8337939453124,1084.3643814081654,1093.336810959043,0.012212961618221677,2,1,4
2023-02-20,1128.3670654296875,1130.5592041015625,1112.2607421875,1114.2452392578125,1097.093017578125,8836937,-0.010572776364152547,-0.010629065269061383,1075.9101257324219,1123.0643774414064,1086.3226331266208,1093.6150484863824,0.012184766727158507,2,1,0
2023-02-21,1118.6756591796875,1129.19775390625,1113.299072265625,1123.3367919921875,1106.0445556640625,13311592,0.008159324635661491,0.008126217313412865,1075.9964660644532,1121.4376416015625,1089.356775055458,1094.5357527217661,0.011383537623288734,2,1,1
2023-02-22,1119.5755615234375,1121.444580078125,1096.085205078125,1097.8619384765625,1080.9617919921875,11024335,-0.022677896241544704,-0.022938994724938457,1075.1546936035156,1119.201103515625,1088.0652391995702,1093.5302741492046,0.01177152333959686,2,1,2
2023-02-23,1097.4466552734375,1105.1767578125,1089.7626953125,1092.600830078125,1075.78173828125,9851910,-0.004792078452089177,-0.00480359727416719,1074.812762451172,1116.9472973632812,1086.1754698275208,1092.2155677886153,0.011622395816624212,2,1,3
2023-02-24,1094.6776123046875,1105.8228759765625,1092.8316650390625,1100.0771484375,1083.14306640625,9434053,0.006842771040862727,0.006819465538842295,1075.8658325195313,1115.1783349609375,1085.7089462242484,1091.5435306491809,0.011126247220251448,2,1,4
2023-02-27,1099.2926025390625,1102.8231201171875,1085.3092041015625,1092.7623291015625,1075.9407958984375,11199715,-0.006649417543435732,-0.006671623412405892,1076.0498657226562,1113.3811987304687,1084.2061538664314,1090.3877725194961,0.011171426093490087,2,1,0
2023-02-28,1087.3397216796875,1092.3701171875,1067.7491455078125,1071.8564453125,1055.356689453125,21994038,-0.019131263099029794,-0.019316633771176712,1075.3387329101563,1110.8661206054687,1079.7677747259227,1087.7928774775428,0.011546307272200521,2,1,1
2023-03-01,1081.755615234375,1082.4478759765625,1072.179443359375,1081.70947265625,1065.05810546875,11551145,0.009192547043646693,0.009150552743273817,1075.4296142578125,1108.3405908203124,1077.5047486863577,1086.1088202917063,0.011344059098376932,3,1,2
2023-03-02,1078.525146484375,1085.2861328125,1071.41796875,1073.4716796875,1056.947021484375,9333535,-0.007615625797998349,-0.007644772751973333,1075.409161376953,1105.99181640625,1074.3420214245143,1083.9486870467188,0.011393495867207115,3,1,3
2023-03-03,1084.13232421875,1104.5767822265625,1080.625,1100.8616943359375,1083.915283203125,14643807,0.025515244539764836,0.02519516389008112,1076.6905456542968,1104.2432983398437,1075.814830928916,1083.9462126879341,0.012452966827485076,3,1,4
2023-03-06,1107.599609375,1118.9525146484375,1107.599609375,1111.6146240234375,1094.5029296875,10171916,0.009767964940107676,0.009720566776362365,1078.900048828125,1103.3935791015624,1078.6899230456213,1084.728191724939,0.012434386614323816,3,1,0
2023-03-08,1111.6146240234375,1116.3681640625,1100.6771240234375,1115.606689453125,1098.4334716796875,15782657,0.0035911662596552762,0.0035847334184377863,1081.432177734375,1102.4238989257813,1081.727392066247,1085.7433976475131,0.012422760587115247,3,1,2
2023-03-09,1114.983642578125,1115.39892578125,1086.8782958984375,1088.79345703125,1072.032958984375,16235128,-0.02403469429508709,-0.024328240634360423,1081.5980285644532,1100.7385424804688,1080.235940822882,1084.7278095983918,0.013135251140256233,3,1,3
2023-03-10,1080.6019287109375,1081.755615234375,1068.3951416015625,1071.9256591796875,1055.4248046875,13334091,-0.015492204934267395,-0.015613463142801499,1080.8403198242188,1098.7232958984375,1076.4188429559001,1082.5572166420295,0.013196052228131408,3,1,4
2023-03-13,1074.8331298828125,1081.755615234375,1049.912109375,1054.29638671875,1038.0670166015625,12771592,-0.016446257477411574,-0.01658299849487926,1079.6554870605469,1096.3713452148438,1070.5185619783097,1079.2616462686617,0.013083487498725246,3,1,0
2023-03-14,1052.2196044921875,1063.7340087890625,1047.166259765625,1050.3505859375,1034.181884765625,16027522,-0.003742659937945758,-0.00374968121395846,1078.5785705566407,1093.90625,1064.9283039455888,1075.922404675844,0.012948554523283362,3,1,1
2023-03-15,1054.11181640625,1060.6650390625,1027.9447021484375,1032.398193359375,1016.5057373046876,21728555,-0.017091913638521472,-0.0172396663994656,1075.3739318847656,1090.8268041992187,1057.4786783085272,1071.5211700557584,0.013272060136249358,3,1,2
2023-03-16,1035.1441650390625,1040.2205810546875,1016.31494140625,1027.25244140625,1011.4393310546876,18363159,-0.004984139355114547,-0.004996601603971712,1070.692529296875,1087.8173388671876,1050.3957018079363,1067.0706634630865,0.013262603553992933,3,1,3
2023-03-17,1035.9517822265625,1039.2745361328125,1021.1607055664062,1025.9603271484375,1010.1671142578124,34014213,-0.001257828085000967,-0.001258619814722899,1065.9906799316407,1085.1323168945312,1044.2066883386865,1062.8555857441772,0.01324158578333402,3,1,4
2023-03-20,1022.22216796875,1024.5296630859375,1006.0696411132812,1015.8765258789062,1000.238525390625,19524589,-0.009828659760402259,-0.009877279879461716,1060.5617919921874,1082.289619140625,1037.4423555774463,1058.2172849772473,0.013321089455667455,3,1,0
2023-03-21,1024.0450439453125,1049.45068359375,1023.1451416015624,1047.4661865234375,1031.341796875,21400360,0.031095854333573314,0.030622172908688593,1057.2742309570312,1079.861328125,1036.503808084762,1056.2265080807847,0.014556728446243184,3,1,1
2023-03-22,1054.527099609375,1057.5037841796875,1047.6046142578125,1050.6505126953125,1034.4771728515625,10920094,0.003040093968908142,0.0030354822276254007,1053.6958618164062,1076.951376953125,1036.1920180488853,1054.6154462119534,0.014566188200214762,3,1,2
2023-03-23,1046.681640625,1047.5584716796875,1035.167236328125,1037.359375,1021.3905639648438,16249370,-0.012650456897608686,-0.012731155230339597,1050.717300415039,1074.1286682128907,1033.914871266725,1052.1543438232786,0.014212233479756546,3,1,3
2023-03-24,1036.1824951171875,1038.3746337890625,1014.3766479492188,1016.8225708007812,1001.1699829101562,12375945,-0.019797109713051486,-0.01999569784041032,1046.9867126464844,1071.1946362304689,1028.877196134945,1048.3777244963806,0.014586552200933484,3,1,4
2023-03-27,1023.3759155273438,1040.2205810546875,1015.3919677734376,1032.62890625,1016.7329711914062,14054323,0.015544801129586672,0.015425218376424478,1043.666207885742,1069.0676110839843,1027.0088538359391,1046.033668696012,0.014886371910397022,3,1,0
2023-03-28,1036.067138671875,1041.3743896484375,1032.3751220703125,1037.45166015625,1021.4814453125,12576424,0.00467032569577186,0.004659453562513259,1040.9432403564454,1067.0719030761718,1026.1584832938715,1044.2149854824186,0.014902043690137909,3,1,1
2023-03-29,1033.298095703125,1035.974853515625,1020.4223022460938,1031.313720703125,1015.4380493164062,18804065,-0.0059163052092883195,-0.005933875879527645,1038.9473083496093,1065.1688916015626,1024.5091857588768,1042.0833605812325,0.014181476838476162,3,1,2
2023-03-31,1040.68212890625,1081.5018310546875,1040.543701171875,1075.7791748046875,1059.2191162109375,28171201,0.043115448474680074,0.042211858747036014,1038.6553588867187,1063.8261547851562,1029.8491750591938,1043.3526758130624,0.01580633713512578,3,1,4
2023-04-03,1082.2171630859375,1084.0631103515625,1068.3720703125,1075.9637451171875,1059.4007568359375,10293043,0.00017148541054456956,0.0001714707086023098,1038.7780456542969,1062.5243115234375,1034.395572255616,1044.5414225554975,0.01580835495243775,4,2,0
2023-04-05,1083.6015625,1083.6015625,1065.3955078125,1073.37939453125,1056.856201171875,16262928,-0.0024018820523238338,-0.002404771198206064,1037.4250915527343,1061.1956591796875,1037.851053627348,1045.453628378933,0.015775931771739107,4,2,2
2023-04-06,1069.8258056640625,1086.37060546875,1069.8258056640625,1080.5787353515625,1063.9447021484375,18435046,0.006707157481502746,0.0066847645735033795,1035.8971801757812,1060.2759619140625,1041.865461092131,1046.8233375470445,0.01574789635818425,4,2,3
2023-04-10,1084.524658203125,1084.709228515625,1071.3948974609375,1072.9178466796875,1056.4017333984375,12961408,-0.007089624803590211,-0.007114875610125196,1033.7955932617188,1059.3176416015624,1044.1018106777167,1047.5328483508515,0.015691291483663574,4,2,0
2023-04-11,1077.140625,1080.37109375,1072.5487060546875,1078.22509765625,1061.62744140625,10542367,0.00494670525672225,0.00493451050961913,1033.2753173828125,1058.5942456054688,1046.7980615590295,1048.5768922808809,0.015203235126999488,4,2,1
2023-04-12,1078.22509765625,1092.7392578125,1075.3177490234375,1082.9786376953125,1066.3076171875,18179087,0.004408491716312968,0.0043988027819943,1033.8194580078125,1058.2679907226564,1049.7995316557174,1049.8902793110008,0.015206272139071964,4,2,2
2023-04-13,1085.9090576171875,1091.8162841796875,1080.8326416015625,1087.0628662109375,1070.3289794921875,12378208,0.0037712966125986735,0.0037642031024221587,1035.4325561523438,1058.4329370117186,1052.9579082459436,1051.4042571021998,0.01516762097651248,4,2,3
2023-04-17,1119.114013671875,1119.114013671875,1084.086181640625,1092.5777587890625,1075.7589111328125,17929479,0.005073142692260113,0.005060317661059594,1037.511407470703,1058.5029125976562,1056.4657548439234,1053.208305548912,0.015149030611949757,4,2,0
2023-04-18,1096.985107421875,1096.985107421875,1073.4486083984375,1080.0711669921875,1063.4449462890625,10405576,-0.011446770011677598,-0.011512788566532471,1039.8583679199219,1058.380224609375,1057.539476604714,1053.9665752333676,0.014875056185847566,4,2,1
2023-04-19,1079.47119140625,1088.17041015625,1076.3099365234375,1085.4476318359375,1068.738525390625,12273475,0.004977765064411388,0.004965416952274309,1042.7233276367188,1058.490185546875,1059.262407187162,1055.060793763535,0.014808517704670638,4,2,2
2023-04-20,1086.416748046875,1088.6781005859375,1076.2637939453125,1082.70166015625,1066.034912109375,7007330,-0.0025297237977472964,-0.0025329289555774963,1045.5167175292968,1058.6637622070311,1060.3043310213484,1055.8736914187823,0.014744695320229564,4,2,3
2023-04-21,1084.8245849609375,1089.60107421875,1078.2481689453125,1084.0631103515625,1067.3753662109375,7647317,0.0012574204524973265,0.00125663056148089,1048.8735595703124,1058.845517578125,1061.3921825889774,1056.7256673293123,0.013963762765607343,4,2,4
2023-04-24,1096.0621337890625,1098.784912109375,1083.6015625,1088.2166748046875,1071.465087890625,12936186,0.003831568358379389,0.0038242465969304165,1050.8797241210937,1059.2685620117188,1062.9418603276924,1057.8174762597798,0.013856072228407488,4,2,0
2023-04-25,1091.9085693359375,1098.646484375,1084.75537109375,1096.546630859375,1079.666748046875,9236126,0.007654621927436267,0.007625473958966235,1053.1392028808593,1059.9060791015625,1065.5149199767975,1059.4359408366017,0.013918347345429802,4,2,1
2023-04-26,1097.9080810546875,1101.184814453125,1086.3936767578125,1090.1087646484375,1073.328125,8617834,-0.0058709069797153735,-0.005888208504426594,1055.7360809326171,1059.9983227539062,1066.7169515188286,1060.464991515372,0.013236815887608038,4,2,2
2023-04-27,1096.0621337890625,1100.215576171875,1090.985595703125,1097.0081787109375,1080.1212158203125,9167125,0.0063289973141367195,0.00630905331673978,1059.683642578125,1060.1891674804688,1068.7791460267492,1061.9210081305528,0.012945442424566328,4,2,3
2023-04-28,1099.2926025390625,1118.6295166015625,1099.17724609375,1117.060302734375,1099.8646240234375,15565210,0.01827888195690197,0.01811383145240146,1063.8402252197266,1060.9511865234374,1073.561527257009,1064.7316463448406,0.012897829312788277,4,2,4
2023-05-02,1124.305908203125,1128.736328125,1120.5677490234375,1126.544189453125,1109.2025146484375,12981805,0.008490036338145712,0.008454198678789273,1068.2262786865235,1062.0208325195313,1079.0447560864595,1068.0257847376995,0.012903091724230181,5,2,1
2023-05-03,1128.3670654296875,1128.3670654296875,1113.6221923828125,1116.875732421875,1099.6829833984375,7061872,-0.008582320292536694,-0.008619360482789384,1072.438525390625,1062.4025219726564,1082.21986798061,1070.3707624162728,0.012548091538958847,5,2,2
2023-05-04,1117.3603515625,1131.9898681640625,1114.3375244140625,1129.7515869140625,1112.3604736328125,8635233,0.011528313546506519,0.011462368876520817,1075.0955932617187,1062.5483837890624,1086.856884234795,1073.4811113952758,0.012561543180268753,5,2,3
2023-05-05,1126.5211181640625,1135.91259765625,1124.213623046875,1126.8671875,1109.5206298828125,8746585,-0.0025529887274090557,-0.002556253160354189,1077.6015869140624,1062.6547143554687,1090.34361433449,1076.1507053573155,0.012579784949837356,5,2,4
2023-05-08,1130.674560546875,1146.2041015625,1127.974853515625,1140.781494140625,1123.220703125,9153782,0.012347740883046576,0.012272129315676476,1080.9198120117187,1062.942802734375,1095.4016279945686,1079.6373718586256,0.01243810492235276,5,2,0
2023-05-09,1142.2120361328125,1147.6578369140625,1136.7894287109375,1144.3118896484375,1126.69677734375,6464721,0.0030947383796247063,0.003089959533785434,1084.0574157714843,1063.5348779296876,1100.2162663559811,1083.1232537464125,0.011331985533475497,5,2,1
2023-05-10,1149.1346435546875,1153.680419921875,1145.0733642578125,1152.1805419921875,1134.4442138671875,10872255,0.006876239179189447,0.006852705666347616,1087.959539794922,1064.10287109375,1105.4821044346284,1086.9248063479513,0.011353920085763271,5,2,2
2023-05-11,1153.2650146484375,1158.1337890625,1142.9273681640625,1144.6580810546875,1127.03759765625,10557860,-0.006528850092759719,-0.006550256257154812,1091.230047607422,1065.0243872070312,1108.7983341610316,1089.89612422264,0.011112772085151905,5,2,3
2023-05-12,1139.812255859375,1147.9346923828125,1133.67431640625,1146.527099609375,1128.8778076171875,6955341,0.0016327848909072351,0.0016314533468768534,1094.3585571289063,1066.08630859375,1111.887483923517,1092.7836563259398,0.01022736592817409,5,2,4
2023-05-15,1149.0885009765625,1155.849365234375,1141.3582763671875,1148.7884521484375,1131.1043701171875,6833343,0.001972368032196359,0.0019704254682504346,1097.3973266601563,1067.0455346679687,1114.8439279533125,1095.622227717884,0.00999944526604399,5,2,0
2023-05-16,1150.9805908203125,1153.56494140625,1130.7437744140625,1132.4283447265625,1114.99609375,8717229,-0.014241193644684236,-0.014343572604335055,1099.3591857910155,1067.826640625,1114.8673380758796,1097.0573289054482,0.010513032737261289,5,2,1
2023-05-17,1136.674072265625,1137.5970458984375,1120.983154296875,1125.736572265625,1108.4072265625,8798967,-0.005909318628498528,-0.005926847742686543,1101.6072998046875,1068.8876513671876,1113.8734747661288,1097.8980620652299,0.010512829017851725,5,2,2
2023-05-18,1130.4669189453125,1133.9051513671875,1120.1292724609375,1123.313720703125,1106.02197265625,10525531,-0.002151965314812432,-0.002154284119425833,1103.4714721679688,1069.7069287109375,1112.665551364609,1098.4998332201203,0.007315498811062897,5,2,3
2023-05-19,1123.313720703125,1128.8055419921875,1116.298828125,1126.95947265625,1109.6114501953125,8050447,0.0032453944205483864,0.003240139494544703,1105.6502990722656,1070.7602172851562,1112.1956896462557,1099.3229159590235,0.00731823776782233,5,2,4
2023-05-22,1123.7520751953125,1138.05859375,1122.5291748046875,1132.9820556640625,1115.541259765625,7434906,0.005344041438350988,0.005329812718969759,1108.05859375,1071.3927368164063,1112.7103927415433,1100.5242747595125,0.007309888728947335,5,2,0
2023-05-23,1135.589599609375,1138.9815673828125,1131.34375,1132.7744140625,1115.3369140625,6092034,-0.0001831807665885199,-0.0001831975462343141,1110.2521850585938,1071.8094165039063,1113.1144729447674,1101.6215073004746,0.007259397903907029,5,2,1
2023-05-24,1128.782470703125,1137.1356201171875,1123.0367431640625,1126.1749267578125,1108.8389892578125,8112254,-0.005825974844694715,-0.005843012040549863,1111.7107971191406,1072.0175268554688,1112.4567062236974,1102.1561355936108,0.007210747226001016,5,2,2
2023-05-25,1123.2445068359375,1130.213134765625,1115.0067138671875,1126.0364990234375,1108.7027587890625,11487863,-0.00012285865672989615,-0.00012286620447287292,1113.4795288085938,1072.7509228515626,1111.8791758491382,1102.6410706451256,0.007189985143541779,5,2,3
2023-05-26,1134.3665771484375,1157.903076171875,1131.020751953125,1156.7493896484375,1138.9427490234375,12626260,0.027275110479028086,0.02690977285257037,1116.42060546875,1074.4212817382813,1116.042802491338,1105.3300838583339,0.008588117182165197,5,2,4
2023-05-29,1163.4410400390625,1167.5946044921875,1157.0723876953125,1163.2564697265625,1145.3497314453125,10010304,0.0056253770677836545,0.0056096137230816035,1118.6948608398438,1076.5669360351562,1120.5515607919497,1108.29450219811,0.008606210136552953,5,2,0
2023-05-30,1163.2564697265625,1171.148193359375,1160.3720703125,1162.95654296875,1145.0543212890625,11342504,-0.00025792135636792946,-0.00025795462380134214,1120.487451171875,1078.784384765625,1124.321216253044,1111.0174517604028,0.00860193322985791,5,2,1
2023-05-31,1153.7496337890625,1158.29541015625,1135.7510986328125,1139.8583984375,1122.3118896484375,27107927,-0.019861443442283466,-0.02006133306876161,1121.618896484375,1080.9005078125,1124.0120890831045,1111.8540767891461,0.009177459087263234,5,2,2
2023-06-01,1144.5888671875,1146.781005859375,1134.3665771484375,1136.7894287109375,1119.2901611328125,14592692,-0.0026924142419729735,-0.002696045308218913,1121.965380859375,1083.0575244140625,1123.2856386292133,1112.40489785164,0.009193801857033824,6,2,3
2023-06-02,1140.3660888671875,1145.8348388671875,1131.1361083984375,1133.0743408203125,1115.6322021484375,15800644,-0.003268106083120448,-0.0032734580054201027,1122.2709594726562,1085.166826171875,1122.10818686294,1112.6439574291805,0.009206170132553444,6,2,4
2023-06-05,1138.6124267578125,1146.250244140625,1134.57421875,1143.25048828125,1125.6517333984375,10908682,0.008981034458045212,0.008940944820234305,1122.392510986328,1087.6750903320312,1122.6533478684012,1113.6074963898661,0.00930494695327257,6,2,0
2023-06-06,1146.11181640625,1148.0731201171875,1136.212646484375,1144.2196044921875,1126.6058349609375,7493309,0.0008475992477881,0.0008472402383954129,1122.3879638671874,1089.58037109375,1123.2614228057146,1114.5703362840197,0.00929859678504342,6,2,1
2023-06-07,1147.7501220703125,1153.7496337890625,1141.1044921875,1152.8958740234375,1135.1485595703125,10312545,0.007582709359632567,0.007554105126404667,1122.4231811523437,1091.593798828125,1125.0902130771913,1116.0946491200414,0.009297022158285014,6,2,2
2023-06-08,1156.5185546875,1161.52587890625,1149.5960693359375,1153.5880126953125,1135.830078125,12071109,0.000600378293168502,0.0006001981382248533,1122.8628051757812,1093.8825891113281,1126.7425000076234,1117.5565327500383,0.009189434017594606,6,2,3
2023-06-09,1156.9801025390625,1157.6954345703125,1143.5965576171875,1145.4195556640625,1127.7874755859375,5877018,-0.007080814898245191,-0.007106002839247765,1122.8082885742188,1096.4149389648437,1126.9032654812102,1118.3143803675123,0.009293584706747363,6,2,4
2023-06-12,1142.44287109375,1148.765380859375,1137.5970458984375,1146.434814453125,1128.787109375,6391969,0.0008863671664229855,0.0008859745750157572,1122.6924255371093,1098.6560217285157,1127.1930876187162,1119.0901380717705,0.0087353639939927,6,2,0
2023-06-13,1151.442138671875,1164.57177734375,1147.4039306640625,1163.371826171875,1145.4632568359375,11248016,0.014773509834082876,0.01466544457303457,1124.2157836914062,1101.1356579589844,1130.0038828829042,1121.043702424672,0.008995038483412945,6,2,1
2023-06-14,1163.4410400390625,1179.132080078125,1161.5950927734375,1177.6783447265625,1159.549560546875,13277380,0.012297473207344423,0.012222473528714249,1126.772900390625,1104.0178881835936,1134.5493717542843,1123.8959882115018,0.009026821014901413,6,2,2
2023-06-15,1177.6552734375,1182.616455078125,1170.1328125,1178.00146484375,1159.8677978515625,11813494,0.00027444907532658824,0.0002744114210684078,1129.4651916503906,1106.0308618164063,1138.4445142307886,1126.560566703358,0.00884085866469381,6,2,3
2023-06-16,1181.5318603515625,1191.7772216796875,1181.5318603515625,1189.4697265625,1171.159423828125,24171579,0.009735269827714887,0.009688187415108799,1132.5425903320313,1108.26603515625,1143.4775772457633,1129.864185749637,0.00893400484861983,6,2,4
2023-06-19,1192.515625,1192.515625,1173.4326171875,1177.6552734375,1159.52685546875,6798554,-0.009932523380422498,-0.009982179974572689,1134.7418701171875,1110.3194482421875,1145.9466969723767,1132.0614205436455,0.008956622149719451,6,2,0
2023-06-20,1175.6939697265625,1183.2855224609375,1169.902099609375,1180.1011962890625,1161.9351806640625,6921096,0.002076989578942534,0.0020748356180742195,1137.0717834472657,1112.2792578125,1148.4064636941746,1134.2742916636764,0.00895073014692837,6,2,1
2023-06-21,1180.0550537109375,1185.9853515625,1175.901611328125,1183.424072265625,1165.206787109375,6961603,0.0028156531446468236,0.002811696618395069,1139.8901733398438,1114.4553588867188,1150.9911288349747,1136.5655876226172,0.008890331373610482,6,2,2
2023-06-22,1179.5936279296875,1187.5775146484375,1168.517578125,1170.1328125,1152.1201171875,7619166,-0.011231199531836045,-0.011294745701106192,1142.0610412597657,1116.2652124023436,1151.1648193507478,1137.7177749977936,0.009066094743632605,6,2,3
2023-06-23,1167.0869140625,1169.1636962890625,1159.28759765625,1160.5567626953125,1142.691650390625,6628570,-0.008183579694703513,-0.008217248999123959,1142.248486328125,1117.7928930664064,1149.8612548953442,1138.0862102120775,0.009210018371157886,6,2,4
2023-06-26,1156.9801025390625,1160.856689453125,1148.53466796875,1151.6959228515625,1133.9671630859375,12641159,-0.0076350319893429,-0.007664328058965937,1141.6793579101563,1119.0656567382812,1147.4160100015893,1137.7810956101414,0.009321485095443255,6,2,0
2023-06-27,1152.157470703125,1158.1337890625,1147.588623046875,1152.111328125,1134.3760986328125,9689466,0.0003606237995130712,0.0003605587903794412,1141.1454467773438,1120.2380004882812,1145.4098697910083,1137.5288736118207,0.008917902203030365,6,2,1
2023-06-28,1159.7491455078125,1171.2174072265625,1152.75732421875,1167.3638916015625,1149.3939208984375,11354006,0.01323883876231613,0.013151971180456619,1142.4995483398438,1121.9569799804688,1146.0228007306127,1138.407766003422,0.00911799168858953,6,2,2
2023-06-30,1175.1632080078125,1179.8935546875,1169.186767578125,1176.93994140625,1158.8226318359375,11151555,0.008203202371324547,0.008169738986804715,1144.476171875,1123.758662109375,1147.9920055160474,1139.919978287312,0.009180510469831604,6,2,4
2023-07-03,1180.5396728515625,1210.0526123046875,1179.2935791015625,1207.1451416015625,1188.5628662109375,12154387,0.025664181521793505,0.02534038471318228,1148.122705078125,1126.2092211914062,1154.2336763921844,1143.5231551705435,0.010177665627335429,7,3,0
2023-07-04,1211.4371337890625,1211.4371337890625,1187.554443359375,1194.707763671875,1176.3167724609375,8061643,-0.01030327810008047,-0.010356724300881305,1150.65595703125,1128.3880493164063,1157.631075787377,1145.952312006869,0.01041673188260414,7,3,1
2023-07-05,1204.0531005859375,1204.0531005859375,1188.7313232421875,1192.746337890625,1174.3857421875,10248062,-0.001641590359540368,-0.0016429392454087826,1153.0449523925781,1130.4464624023437,1160.2087167720113,1148.058492020249,0.010429807487829009,7,3,2
2023-07-06,1188.8466796875,1220.4132080078125,1188.8466796875,1217.78271484375,1199.0367431640625,19117987,0.020990548582994206,0.02077328212008772,1156.2393615722656,1132.8338623046875,1166.1822592938652,1151.8346587716428,0.010894831146113903,7,3,3
2023-07-07,1216.0521240234375,1229.8740234375,1212.821533203125,1215.406005859375,1196.6966552734375,13375267,-0.001951639850877207,-0.0019535467814293496,1159.2826904296876,1135.3012329101562,1170.8767817522607,1155.1577696236277,0.010916076580862326,7,3,4
2023-07-10,1240.9268798828125,1271.8935546875,1234.5120849609375,1262.22509765625,1242.7947998046875,33240016,0.03852116100442915,0.03779774063527056,1165.033056640625,1138.5547045898438,1181.941092221865,1161.6494014888915,0.011937728907107663,7,3,0
2023-07-11,1270.462890625,1278.3544921875,1263.4019775390625,1275.9085693359375,1256.2677001953125,20069348,0.010840808468737029,0.01078246816327364,1171.4070861816406,1141.6827661132813,1193.3759549870108,1168.658164356034,0.012015287554974306,7,3,1
2023-07-12,1276.64697265625,1293.12255859375,1274.5009765625,1277.316162109375,1257.6536865234375,18733835,0.0011032571544340453,0.0011026490135090923,1177.0166076660157,1144.6517895507814,1203.2648367618456,1175.250425257323,0.012004520209367554,7,3,2
2023-07-13,1284.7694091796875,1291.738037109375,1263.240478515625,1265.89404296875,1246.4072265625,14682934,-0.008942414021801515,-0.008982637381581272,1181.3594909667968,1147.5862744140625,1209.9021275004077,1180.5212994280769,0.011433121091379294,7,3,3
2023-07-14,1269.12451171875,1274.1549072265625,1257.6331787109375,1264.8326416015625,1245.3623046875,15124144,-0.0008383470929335113,-0.0008386987023852024,1185.6342163085938,1150.2463110351562,1215.357539375345,1185.324336854701,0.011403105168801962,7,3,4
2023-07-17,1267.7401123046875,1299.1451416015625,1258.9715576171875,1290.6766357421875,1270.8084716796875,22220040,0.020432742260151127,0.02022679444237043,1190.6166687011719,1153.4720678710937,1223.8884520375514,1191.656494989885,0.01172544863644975,7,3,0
2023-07-18,1300.0450439453125,1309.482666015625,1288.968994140625,1301.63720703125,1281.6002197265625,25867313,0.008492033447503822,0.008456178973396771,1196.7203369140625,1156.639658203125,1232.7671855281685,1198.3189931185277,0.01171922230606978,7,3,1
2023-07-19,1306.0445556640625,1318.0435791015625,1290.8150634765625,1311.5133056640625,1291.3243408203125,39122156,0.00758748394708042,0.00755884377077696,1203.189794921875,1159.9322094726563,1241.775978650037,1205.2082781334748,0.011713376456138184,7,3,2
2023-07-20,1290.0,1315.4749755859375,1290.0,1309.925048828125,1289.760498046875,38717624,-0.001211037942988158,-0.0012117718420173859,1209.41748046875,1163.03853515625,1249.1582124033966,1211.4714055344675,0.011746780354494916,7,3,3
2023-07-21,1304.5,1307.449951171875,1261.800048828125,1269.375,1249.834716796875,30249238,-0.030955965321050605,-0.03144522469876361,1214.3032104492188,1165.4944775390625,1249.2622900023932,1214.3131322946458,0.01339030271790661,7,3,4
2023-07-24,1240.5,1257.4749755859375,1234.6500244140625,1243.699951171875,1224.554931640625,23727866,-0.020226502605910968,-0.020433859139115846,1218.3963745117187,1167.4080200195312,1245.4611579467366,1215.0717840980517,0.013944648747742911,7,3,0
2023-07-25,1247.0,1252.5999755859375,1240.0,1242.9000244140625,1223.767333984375,12026020,-0.0006431705396791054,-0.0006433774625798939,1222.8863830566406,1169.261279296875,1242.1236465679117,1215.715898904446,0.013954835616177047,7,3,1
2023-07-26,1242.5,1273.5,1242.5,1263.0999755859375,1243.65625,12911012,0.016252203718226443,0.01612155035795177,1228.350390625,1171.834482421875,1242.3594317113098,1217.7855545411537,0.014001155166702585,7,3,2
2023-07-27,1267.0250244140625,1268.824951171875,1245.175048828125,1251.3499755859375,1232.087158203125,17226898,-0.009302483541473006,-0.00934602186152127,1232.4850524902345,1174.3080810546876,1240.7790819408199,1218.8449325901886,0.014053308267097206,7,3,3
2023-07-28,1256.0250244140625,1271.425048828125,1250.2750244140625,1263.925048828125,1244.4686279296875,20827852,0.010049183326137134,0.009999026030050727,1236.767352294922,1177.0770141601563,1241.3467044006456,1220.7429840968182,0.014122195587594092,7,3,4
2023-07-31,1263.925048828125,1276.949951171875,1258.9749755859375,1274.625,1255.00390625,8551174,0.008465684135275486,0.00843005119491125,1240.089404296875,1179.98486328125,1243.4478123774693,1223.280830182239,0.014101484414554558,7,3,0
2023-08-01,1277.5,1279.5,1252.6500244140625,1256.5999755859375,1237.25634765625,9536632,-0.014141436935268481,-0.014242379836358756,1243.1363830566406,1182.4191650390626,1242.4952793434354,1224.3160536988323,0.014248615676657497,8,3,1
2023-08-02,1254.5999755859375,1256.0,1231.800048828125,1243.175048828125,1224.0380859375,12748214,-0.010683527099125012,-0.010741005724292601,1245.6190002441406,1184.5931884765625,1239.6557111271377,1224.2954634942892,0.014443488046343041,8,3,2
2023-08-03,1237.6500244140625,1250.449951171875,1229.0250244140625,1237.949951171875,1218.893310546875,10168350,-0.004203117084126129,-0.00421197501005062,1246.6118286132812,1186.7942749023437,1236.4614956532512,1223.895304016703,0.014483887461146433,8,3,3
2023-08-04,1249.4000244140625,1258.0,1235.800048828125,1254.7750244140625,1235.45947265625,22885610,0.013591150239344874,0.013499618967877224,1248.5499694824218,1189.3294091796874,1236.3073382690973,1224.751909101114,0.014434320301854257,8,3,4
2023-08-07,1260.5,1264.199951171875,1252.5,1261.925048828125,1242.49951171875,5982870,0.0056983164711699175,0.005682142479792961,1248.535205078125,1191.4005444335937,1237.2599803382745,1226.0665463320502,0.014304232529519845,8,3,0
2023-08-08,1264.0,1267.2249755859375,1249.7750244140625,1254.324951171875,1235.0162353515625,9844072,-0.006022760006429206,-0.00604096997848612,1247.4726318359376,1193.1938745117188,1236.9147888018574,1226.7294862594213,0.01426628929793859,8,3,1
2023-08-09,1252.425048828125,1264.5,1240.550048828125,1262.5999755859375,1243.1639404296875,11486586,0.0065972453194558245,0.006575578737518318,1246.74814453125,1195.1560668945312,1237.8761967446003,1227.9468532349965,0.01427273244394235,8,3,2
2023-08-10,1262.4749755859375,1275.0,1254.2249755859375,1268.2249755859375,1248.702392578125,15470598,0.004455126124816022,0.004445231427619879,1246.8629028320313,1197.683876953125,1239.5417653343732,1229.4843005937469,0.014148299391832809,8,3,3
2023-08-11,1266.2249755859375,1279.425048828125,1256.175048828125,1273.574951171875,1253.969970703125,22179330,0.004218441604908252,0.004209568923960141,1247.2932861328125,1200.3774731445312,1241.761489237258,1231.2980539351825,0.014115097859464893,8,3,4
2023-08-14,1269.5,1291.1500244140625,1262.5,1288.625,1268.788330078125,9575812,0.01181715648795878,0.011747879134350839,1247.1922790527344,1203.440595703125,1245.9194647512375,1234.0751114272523,0.013554544883587795,8,3,0
2023-08-16,1275.5,1291.4000244140625,1275.5,1287.574951171875,1267.7545166015625,10203112,-0.0008148037399577923,-0.0008151358729528435,1246.4999938964843,1206.2826513671876,1249.2787034974415,1236.5698821809049,0.013360398502115192,8,3,2
2023-08-17,1283.550048828125,1289.050048828125,1266.425048828125,1269.0,1249.4654541015625,13673744,-0.014426343791720031,-0.014531415244880257,1244.407049560547,1208.73984375,1249.307434359614,1237.5251097305832,0.013699442177606524,8,3,3
2023-08-18,1265.625,1288.800048828125,1254.2750244140625,1278.4000244140625,1258.7208251953125,18639978,0.0074074645788466675,0.007380164048681979,1242.8550659179687,1211.2112890625,1250.755648334337,1239.0951627279705,0.01327340729212826,8,3,4
2023-08-21,1269.9749755859375,1277.7249755859375,1257.824951171875,1260.0,1244.986328125,9221746,-0.010911472024133229,-0.010971438750812293,1242.612646484375,1213.3944140625,1249.8680606098235,1239.5315453499727,0.013458050781156958,8,3,0
2023-08-22,1258.449951171875,1268.9749755859375,1249.5,1259.699951171875,1244.68994140625,7713044,-0.00023806423577066305,-0.00023809257755903963,1243.6193969726562,1215.7324633789062,1249.0714268861968,1239.9136487615488,0.011488546060947838,8,3,1
2023-08-23,1262.0999755859375,1271.425048828125,1258.4749755859375,1261.0999755859375,1246.0733642578125,9517952,0.0011114598146422239,0.0011108426004792667,1244.7346984863282,1218.0781884765624,1248.61018648183,1240.3699239834943,0.011311280010702822,8,3,2
2023-08-24,1269.949951171875,1269.949951171875,1235.5,1239.9000244140625,1225.1258544921875,14140020,-0.016810815772554277,-0.016953721373156386,1243.8081787109375,1219.6714404296874,1244.9972123295772,1239.240733650805,0.011705573117377343,8,3,3
2023-08-25,1228.0,1252.5,1221.300048828125,1234.175048828125,1219.4691162109375,22222400,-0.004617271164842673,-0.0046279636875609,1243.1772766113281,1220.8698315429688,1241.0698129267096,1237.776169396,0.011628292768868124,8,3,4
2023-08-28,1236.0,1242.0,1215.550048828125,1221.875,1207.315673828125,12580826,-0.009966174806111505,-0.010016169574661763,1241.31962890625,1221.8187890625,1235.8768684500042,1235.5198363909722,0.011751817121757921,8,3,0
2023-08-29,1226.0250244140625,1226.7249755859375,1204.074951171875,1210.175048828125,1195.755126953125,16876644,-0.009575413560518165,-0.0096215526027841,1238.3571899414062,1222.310703125,1229.7042928350995,1232.574302358539,0.011128112832502706,8,3,1
2023-08-30,1216.0,1221.5,1207.5,1209.0250244140625,1194.6187744140625,12168946,-0.0009503221131553774,-0.0009507739555012838,1236.2253112792969,1223.0125415039063,1224.3065207703246,1229.762781770059,0.010954268430019882,8,3,2
2023-08-31,1211.5,1212.5,1199.949951171875,1203.5,1189.1595458984375,21638600,-0.004569849924133895,-0.00458032360925913,1234.4813842773438,1223.5570288085937,1218.8992938669574,1226.7551346684575,0.010800372046690052,8,3,3
2023-09-01,1203.2750244140625,1212.824951171875,1200.824951171875,1206.324951171875,1191.950927734375,18112842,0.0023473568753371588,0.0023446061369891196,1233.1342651367188,1224.0919116210937,1214.7533913850216,1224.1770452659327,0.0108366182835774,9,3,4
2023-09-04,1206.324951171875,1211.824951171875,1202.6500244140625,1205.3499755859375,1190.987548828125,9347626,-0.0008082370539206352,-0.000808563853587899,1230.9106689453124,1224.8692602539063,1211.0971079147298,1221.7185640483174,0.009418393746831259,9,3,0
2023-09-05,1210.0,1216.9749755859375,1206.2249755859375,1211.800048828125,1197.36083984375,8675876,0.005351265864950383,0.005336998717338766,1228.6537353515625,1225.9626440429688,1208.98383590381,1219.9142881813125,0.00880863630997203,9,3,1
2023-09-06,1210.550048828125,1218.074951171875,1208.625,1214.3499755859375,1199.8802490234375,8200370,0.0021041352747233066,0.002101924682476435,1226.8969360351562,1227.2809057617187,1207.5832840760602,1218.4302852807293,0.008823631451782547,9,3,2
2023-09-07,1210.8499755859375,1219.125,1205.5,1216.0,1201.5107421875,13652572,0.0013588799093822157,0.0013579574676419585,1224.814276123047,1228.6235986328124,1206.6490468624354,1217.176985792342,0.008241427349114448,9,3,3
2023-09-08,1220.0,1228.0,1211.4749755859375,1224.0999755859375,1209.51416015625,23109288,0.006661128933544758,0.0066390416441450715,1222.8548645019532,1229.8260034179686,1207.0898335230222,1216.6093690785576,0.008209901108408618,9,3,4
2023-09-11,1226.0,1238.425048828125,1226.0,1237.300048828125,1222.5570068359375,13271074,0.010783541945472264,0.010725814192650117,1221.2842163085938,1231.1006909179687,1209.469398648086,1217.0499348383635,0.008243721857713,9,3,0
2023-09-12,1241.5,1241.5,1217.9749755859375,1219.425048828125,1204.8948974609375,16255666,-0.014446859554394731,-0.01455223152388399,1218.0895446777345,1231.4273315429687,1208.7656292346785,1216.149561699295,0.008437878194780446,9,3,1
2023-09-13,1220.0,1231.324951171875,1213.125,1225.5250244140625,1210.9222412109375,12803338,0.00500238133857267,0.004989910999348919,1215.2479309082032,1232.1194409179689,1209.0974156925645,1215.7623527742314,0.008154139803178691,9,3,2
2023-09-14,1230.0,1232.9000244140625,1222.5,1226.6500244140625,1212.0338134765625,9209636,0.000917955115361746,0.0009175340522231761,1213.3763488769532,1232.87240234375,1209.549169197795,1215.4861646781078,0.007935764905354878,9,3,3
2023-09-15,1234.0,1234.0,1224.75,1228.925048828125,1214.28173828125,25468592,0.0018546716928957707,0.0018529539129688156,1211.15439453125,1233.1773022460939,1210.2772567490958,1215.3969479079701,0.00790999977613864,9,3,4
2023-09-18,1220.0250244140625,1225.5,1216.0250244140625,1218.2249755859375,1203.7091064453125,7516300,-0.008706901786155852,-0.008745028326198926,1209.0905334472657,1233.3175512695314,1209.2667720869754,1214.531181873699,0.0076219054818396715,9,3,0
2023-09-20,1211.5250244140625,1213.800048828125,1177.5,1191.074951171875,1176.8826904296875,57081884,-0.022286460966342903,-0.02253855672589171,1205.7001708984376,1231.9993090820312,1204.2846056781618,1211.7424047296984,0.008460548719710807,9,3,2
2023-09-21,1187.4749755859375,1195.050048828125,1180.0,1182.4000244140625,1168.31103515625,12226182,-0.0072833557185788544,-0.0073100088488482606,1201.8120544433593,1230.24017578125,1198.7502102132523,1208.5252662427763,0.00848548145104253,9,3,3
2023-09-22,1188.0,1191.2249755859375,1175.0,1177.4749755859375,1163.4447021484375,19176786,-0.004165271799526971,-0.004173970708057742,1198.7279968261719,1228.35599609375,1193.3185935878962,1205.185965198751,0.00834393001179839,9,3,4
2023-09-25,1175.199951171875,1180.3499755859375,1167.550048828125,1170.2249755859375,1156.281005859375,14254884,-0.0061573156642803495,-0.006176350106645417,1195.5685913085938,1226.5534716796874,1187.6205031681238,1201.5633756180566,0.008277940828169343,9,3,0
2023-09-26,1169.2750244140625,1175.0999755859375,1167.800048828125,1171.25,1157.2938232421875,10087782,0.0008759266801756649,0.0008755432802716118,1193.0674987792968,1224.7921020507813,1182.9548601025951,1198.2841495161404,0.008206208269005822,9,3,1
2023-09-27,1171.75,1185.9000244140625,1169.25,1184.449951171875,1170.336669921875,11722778,0.011270125544390774,0.011207090843348227,1191.7965759277345,1222.782666015625,1181.013600074792,1196.213965842491,0.008173523580894881,9,3,2
2023-09-28,1191.5,1191.5,1162.5,1167.050048828125,1153.14404296875,14518346,-0.014690325779737057,-0.01479929714891793,1189.7228393554688,1220.2135424804687,1176.7259759046317,1193.0236011851769,0.008453518905338301,9,3,3
2023-09-29,1170.9000244140625,1184.550048828125,1167.050048828125,1172.5,1158.529052734375,12342014,0.004669850049054958,0.00465898012678282,1188.1913146972656,1217.55763671875,1173.9264492630537,1190.4684494480805,0.008290095288145408,9,3,4
2023-10-03,1164.9749755859375,1167.800048828125,1158.0,1159.074951171875,1145.263916015625,8859056,-0.011449981929621433,-0.011516037681566794,1185.8569641113281,1214.667705078125,1169.5168287634492,1187.1199654901209,0.008229057947762148,10,4,1
2023-10-04,1154.5,1159.5,1147.550048828125,1157.074951171875,1143.287841796875,10286386,-0.0017254313098632457,-0.0017269215809527499,1183.4719787597655,1212.536767578125,1165.481599999361,1183.8731415128434,0.00809866165444882,10,4,2
2023-10-05,1159.625,1164.699951171875,1154.5,1157.050048828125,1143.26318359375,10953682,-2.1567799659449882e-05,-2.1568032247785243e-05,1180.7670959472657,1210.9109326171874,1162.0633820908054,1180.8649964817994,0.008101123628065114,10,4,3
2023-10-06,1158.5250244140625,1162.4000244140625,1156.0250244140625,1159.0,1145.1898193359375,5431026,0.001685207544365408,0.001683789175405416,1178.0325744628906,1209.3393823242188,1159.4674493592872,1178.222390767291,0.008111340641590394,10,4,4
2023-10-09,1154.050048828125,1155.9749755859375,1147.5,1149.125,1135.4326171875,7576878,-0.0085201614472048,-0.00855666551768923,1174.7286682128906,1207.1749096679687,1155.7697828713199,1175.052777909529,0.007749945370064561,10,4,0
2023-10-10,1153.2750244140625,1158.949951171875,1151.875,1154.199951171875,1140.447021484375,10236032,0.004416294037153712,0.0044065708271678935,1171.2753112792968,1205.3421069335936,1153.412434965636,1172.4893885447027,0.007839896352001737,10,4,1
2023-10-11,1157.2249755859375,1174.8499755859375,1156.5,1172.5250244140625,1158.5537109375,9814118,0.01587683523392247,0.01575211664446401,1168.075146484375,1203.62380859375,1154.203400499769,1171.4571161293545,0.008359786024414874,10,4,2
2023-10-12,1171.925048828125,1179.675048828125,1169.074951171875,1174.699951171875,1160.70263671875,12554450,0.0018548348349867183,0.0018531167530316253,1165.8655334472655,1201.737783203125,1155.203282994997,1170.6604880248653,0.008230956642890688,10,4,3
2023-10-13,1170.0,1178.75,1164.574951171875,1174.6500244140625,1160.6534423828125,10150316,-4.238323786065479e-05,-4.238413605545959e-05,1163.3520935058593,1200.2057250976563,1156.0417690546608,1169.9192253847132,0.00823265636188624,10,4,4
2023-10-16,1172.5,1177.2750244140625,1168.0,1172.0250244140625,1158.0596923828125,5929036,-0.002234732526769645,-0.0022372332678556924,1160.653387451172,1198.8861572265625,1156.3522187974534,1169.0407414586464,0.008208039772637388,10,4,0
2023-10-17,1178.0,1179.8499755859375,1170.6500244140625,1177.625,1163.5928955078125,7928180,0.004777994745344127,0.00476661635797313,1158.1189453125,1197.7801489257813,1157.4661690605856,1168.6371973141402,0.008252567591576117,10,4,1
2023-10-18,1177.625,1183.5,1160.5,1162.0,1148.154052734375,8918320,-0.013268251149556654,-0.013357060834769527,1155.3411926269532,1196.0340405273437,1156.03353577963,1167.1199273452685,0.008562325957259302,10,4,2
2023-10-19,1156.0,1160.9000244140625,1150.5,1153.074951171875,1139.33544921875,12032556,-0.007680679691565051,-0.007710328022283892,1153.4638305664062,1193.9707592773439,1153.4645993856484,1165.0618178544153,0.008549873618341027,10,4,3
2023-10-20,1150.0,1157.3499755859375,1148.1500244140625,1149.550048828125,1135.8524169921875,8913312,-0.0030570735150484696,-0.0030617559096714976,1151.8408996582032,1191.9874829101564,1150.7550328635775,1162.8981585312874,0.008524262005633342,10,4,4
2023-10-23,1145.0,1153.125,1127.625,1131.5999755859375,1118.1162109375,7853962,-0.015614886044486465,-0.015738082526431486,1149.5744750976562,1189.4865283203126,1145.733675644181,1159.5809772280438,0.008864499952018476,10,4,0
2023-10-25,1125.0250244140625,1140.5999755859375,1121.5,1128.9749755859375,1115.5225830078125,11620688,-0.002319640753185026,-0.0023223352875044972,1147.536553955078,1186.8229321289064,1141.0858152385858,1156.3173924709895,0.008699565492141322,10,4,2
2023-10-26,1125.5,1129.0,1110.1500244140625,1113.25,1099.9849853515625,15222534,-0.013928537075740377,-0.01402644939506579,1144.6711120605469,1183.743232421875,1134.7626106405824,1152.1446215732542,0.00855181771577158,10,4,3
2023-10-27,1120.0,1136.75,1117.9749755859375,1132.9000244140625,1119.40087890625,11771084,0.017651053253678883,0.017497082602388376,1142.1243225097655,1180.7554833984375,1132.3992672968388,1149.719159153476,0.009121358104699738,10,4,4
2023-10-30,1137.0,1162.5,1134.9749755859375,1156.25,1142.47265625,16813304,0.020610826539901428,0.020401297606266054,1141.590753173828,1178.2498461914063,1133.949019443479,1149.1823811606262,0.009964886852982476,10,4,0
2023-10-31,1164.0,1164.0,1141.449951171875,1143.949951171875,1130.3192138671875,12808438,-0.010637840928906295,-0.010694827260050225,1140.1802612304687,1175.8669213867188,1133.3905878163573,1147.7851095092603,0.010075346598267577,10,4,1
2023-11-01,1144.574951171875,1158.75,1137.5999755859375,1148.699951171875,1135.0126953125,10309190,0.0041523504048512905,0.004143753188794344,1139.6677001953126,1173.3927587890626,1133.6401428157637,1146.839004753945,0.010116469839536537,11,4,2
2023-11-02,1156.9749755859375,1162.1500244140625,1153.9749755859375,1160.0999755859375,1146.2767333984375,10562104,0.009924151626194977,0.009875230633410219,1139.8171447753907,1171.4185668945313,1135.5842336746366,1146.7973550239074,0.010273783034921003,11,4,3
2023-11-03,1163.5999755859375,1167.4749755859375,1157.875,1159.8499755859375,1146.0296630859375,8850156,-0.00021554159244552284,-0.0002155648248729894,1139.95546875,1169.445361328125,1137.1912228148367,1146.7404889544282,0.009500843203347197,11,4,4
2023-11-06,1166.1500244140625,1170.0,1162.800048828125,1169.5,1155.564697265625,10647304,0.008320058796743801,0.008285637898362393,1140.4742126464844,1167.6351879882814,1140.017911191881,1147.3941340145168,0.009562928345709164,11,4,0
2023-11-07,1167.0250244140625,1169.550048828125,1159.7750244140625,1161.9000244140625,1148.0552978515625,6960204,-0.0064984673137140625,-0.006519674277529036,1141.1053466796875,1166.0937768554688,1141.2544322164474,1147.4431091135573,0.009604663700678518,11,4,1
2023-11-08,1166.0,1170.5,1160.875,1167.949951171875,1154.033203125,7884494,0.005206983744271199,0.005193474279830027,1141.7846557617188,1164.78505859375,1143.2203969716095,1147.9312642255159,0.009593832179473882,11,4,2
2023-11-09,1167.925048828125,1167.949951171875,1152.0999755859375,1155.2750244140625,1141.50927734375,14513610,-0.010852309749265876,-0.010911625595699779,1140.9324340820312,1163.4689306640626,1142.9571477980926,1147.4555614935332,0.009792938849673619,11,4,3
2023-11-10,1152.7750244140625,1158.175048828125,1149.0250244140625,1157.449951171875,1143.6583251953125,7734954,0.001882637219176475,0.0018808672788158628,1140.0802185058594,1162.4269946289062,1143.0650212438188,1147.174284730702,0.009553868019891876,11,4,4
2023-11-13,1161.449951171875,1162.300048828125,1155.8499755859375,1157.300048828125,1143.5101318359375,3854810,-0.0001295783505529391,-0.00012958674655270613,1139.2230529785156,1161.4048217773438,1143.1334997964525,1146.9028659977564,0.009182539297618952,11,4,0
2023-11-15,1170.0,1180.9749755859375,1163.5,1178.2249755859375,1164.185791015625,12220648,0.018080870998923526,0.017919356032903403,1139.5293579101562,1160.9053466796875,1146.3723138301714,1148.1830826657467,0.00973931898093247,11,4,2
2023-11-16,1175.550048828125,1187.074951171875,1173.4749755859375,1180.3499755859375,1166.285400390625,13134910,0.0018035002584666504,0.0018018759045973479,1139.6639831542968,1160.3920361328126,1149.4358656087027,1149.5239950898117,0.00948965849037636,11,4,3
2023-11-17,1176.449951171875,1186.625,1176.0250244140625,1177.7750244140625,1163.7410888671875,7758634,-0.002181551378920954,-0.0021839344285913944,1140.4433349609376,1159.8471069335938,1151.6366691869312,1150.5771131473953,0.009493959782480915,11,4,4
2023-11-20,1174.2750244140625,1179.199951171875,1168.199951171875,1174.675048828125,1160.6781005859375,4490186,-0.002632018677136805,-0.0026354885281075374,1141.5104675292969,1159.1134521484375,1153.0276586329321,1151.3253344391392,0.009512127301549355,11,4,0
2023-11-21,1183.0,1194.0,1180.0999755859375,1189.449951171875,1175.2769775390625,8214450,0.01257788610447208,0.012499441587642608,1143.4816955566407,1158.62138671875,1156.4506307723368,1153.0995302243186,0.009761666076669949,11,4,1
2023-11-22,1187.5,1197.2249755859375,1186.0999755859375,1194.0999755859375,1179.87158203125,8534814,0.00390938015463238,0.00390175838583882,1146.5694641113282,1158.188603515625,1160.0538540429388,1155.0826451729804,0.009610183927918228,11,4,2
2023-11-23,1194.0999755859375,1200.0,1194.0999755859375,1197.75,1183.47802734375,8531542,0.0030566422375315483,0.0030519802043431883,1149.967236328125,1157.667880859375,1163.6575730122943,1157.1860068152596,0.00959830171634608,11,4,3
2023-11-24,1195.800048828125,1201.300048828125,1195.5250244140625,1196.949951171875,1182.6875,6749486,-0.0006679695993379031,-0.0006681927904261652,1154.102362060547,1156.8704907226563,1166.585254087326,1159.0750063104256,0.009197617489493938,11,4,4
2023-11-28,1196.949951171875,1199.8499755859375,1187.625,1197.199951171875,1182.9345703125,13792174,0.00020890582888544174,0.00020888401110129255,1157.2790466308593,1156.4312841796875,1169.1005335065834,1160.8423814216903,0.009195574464462642,11,4,1
2023-11-29,1204.0,1205.9749755859375,1199.0250244140625,1200.3499755859375,1186.047119140625,12531306,0.0026312096258229722,0.002627754054004109,1159.4577697753907,1155.9337817382811,1171.7077005272051,1162.7093990305002,0.009201352120081859,11,4,2
2023-11-30,1197.3499755859375,1200.3499755859375,1184.949951171875,1188.7249755859375,1174.5606689453125,28439984,-0.009684649125605738,-0.009731850338635736,1161.6698425292968,1155.1843188476562,1172.1466187453755,1163.5872708760419,0.009383755607553623,11,4,3
2023-12-01,1189.0,1198.199951171875,1188.800048828125,1197.1500244140625,1182.8853759765625,14342842,0.007087507058043396,0.007062508727622798,1164.0634765625,1154.5563916015626,1173.7987352424811,1165.016760142747,0.009429304868112125,12,4,4
2023-12-04,1225.0,1225.0,1199.300048828125,1210.0999755859375,1195.6810302734375,15590990,0.010817323940885748,0.010759235226432486,1166.53369140625,1154.395830078125,1177.1652421703207,1167.2881875598353,0.00923187064887714,12,4,0
2023-12-05,1219.5,1220.425048828125,1210.824951171875,1218.875,1204.3514404296875,12693624,0.007251440757797489,0.0072252754757847915,1169.4497802734375,1154.945205078125,1181.3477342102233,1170.0336136983428,0.009127681693438085,12,4,1
2023-12-06,1223.550048828125,1236.4749755859375,1217.5,1230.550048828125,1215.887451171875,16422442,0.009578608332192262,0.009533024319830425,1172.46591796875,1155.8967333984374,1186.661536819708,1173.4301942519378,0.009182812661526141,12,4,2
2023-12-07,1230.0,1230.4749755859375,1221.0,1228.5250244140625,1213.886474609375,8142096,-0.0016456922559496823,-0.0016470478949642312,1175.7574768066406,1156.9055688476562,1190.849988787349,1176.4269557598961,0.008576544752459147,12,4,3
2023-12-08,1231.925048828125,1238.3499755859375,1222.5,1227.875,1213.244140625,10204894,-0.0005291549068306978,-0.0005292949586966765,1178.7180236816407,1158.0448315429687,1194.2952429162185,1179.1541546387928,0.008546019146187184,12,4,4
2023-12-11,1228.0,1233.800048828125,1226.199951171875,1229.675048828125,1215.0228271484375,7066138,0.0014660582020378232,0.0014649845879043826,1182.393701171875,1159.1994116210938,1197.4841020288675,1181.811093343211,0.007945626188790739,12,4,0
2023-12-12,1230.0,1232.4749755859375,1210.074951171875,1212.0250244140625,1197.5830078125,9197124,-0.014353491100136284,-0.014457498903208783,1185.0899353027344,1159.7443383789061,1197.4993183032725,1182.979383303899,0.008106399500318825,12,4,1
2023-12-13,1211.0,1219.175048828125,1203.1500244140625,1216.9749755859375,1202.4739990234375,10031182,0.004084051943815892,0.004075734840972489,1188.0381286621093,1160.7309375,1198.2646537986825,1184.423428912754,0.007343729978070135,12,4,2
2023-12-14,1227.0,1237.4749755859375,1221.324951171875,1232.074951171875,1217.39404296875,16972354,0.01240778923904351,0.012331443494718049,1190.6985412597655,1161.9082373046874,1201.2076367479235,1186.8656966206056,0.00720908921620205,12,4,3
2023-12-15,1239.0,1250.0,1235.0250244140625,1247.800048828125,1232.9317626953125,15932152,0.012763098206618473,0.012682336323983192,1194.030859375,1163.6615942382812,1206.0882715090602,1190.2779978113247,0.007444634249415404,12,4,4
2023-12-18,1247.800048828125,1267.449951171875,1245.4749755859375,1260.5,1245.4803466796875,14165188,0.010177841437828183,0.010126395984306256,1198.117822265625,1165.7054443359375,1212.1485907660797,1194.3670606904625,0.007453157805955054,12,4,0
2023-12-19,1277.5,1286.949951171875,1262.5999755859375,1279.050048828125,1263.8094482421875,16820604,0.014716492003557846,0.014609255254054525,1203.2743896484376,1168.1163696289063,1220.0964149931733,1199.5109412498496,0.00773815591908625,12,4,1
2023-12-20,1285.5250244140625,1299.425048828125,1260.0,1263.574951171875,1248.518798828125,17736722,-0.012098856702907224,-0.012172643631950478,1206.9364807128907,1170.18294921875,1224.4690894293196,1203.1411529223144,0.008167047240695528,12,4,2
2023-12-21,1263.5,1286.75,1259.125,1281.2750244140625,1266.0079345703125,13765454,0.014007907416855092,0.013910703380059744,1211.2432983398437,1172.7944555664062,1230.8596809894723,1207.7979515629067,0.008235889438756038,12,4,3
2023-12-22,1279.800048828125,1290.449951171875,1273.824951171875,1282.5250244140625,1267.2430419921875,16541784,0.000975592165063377,0.0009751165843172096,1215.4315490722656,1175.3303759765624,1236.4571211437362,1212.2012915947055,0.008238302366780928,12,4,4
2023-12-26,1284.0,1295.9749755859375,1281.3499755859375,1289.0250244140625,1273.6656494140625,7465664,0.00506817335668952,0.005055373396165452,1219.9804565429688,1177.6326147460939,1242.1815101084019,1216.7542069887318,0.007806192965313283,12,4,1
2023-12-27,1291.0,1299.949951171875,1286.550048828125,1293.425048828125,1278.01318359375,9204156,0.0034134030243240243,0.0034075905872587666,1224.7343872070312,1179.9788256835936,1247.694075259994,1221.2919089594739,0.007798987103776897,12,4,2
2023-12-28,1294.9000244140625,1306.0,1293.425048828125,1302.7750244140625,1287.2518310546875,12302636,0.007228914051542468,0.007202910694512857,1229.7946228027345,1182.5107934570312,1253.779883843793,1226.1778291146748,0.007788840460403555,12,4,3
2023-12-29,1305.550048828125,1307.0,1289.6500244140625,1292.4749755859375,1277.074462890625,10864584,-0.007906275927161754,-0.007937696248074725,1234.9203125,1184.8910888671876,1257.3636652356133,1229.9479501351154,0.007610019486904772,12,4,4
2024-01-01,1290.2750244140625,1303.425048828125,1286.574951171875,1295.125,1279.69287109375,4030540,0.002050317565037041,0.0020482185326106445,1239.7606872558595,1187.2130883789061,1260.7989276753267,1233.6327590950143,0.007608682964744223,1,1,0
2024-01-02,1292.5,1307.5,1286.5,1305.8499755859375,1290.2900390625,7448800,0.008281024461512132,0.008246924901964043,1244.4911376953125,1190.0558081054687,1265.3360217348918,1237.8295946481614,0.007596790933642469,1,1,1
2024-01-03,1305.0,1317.0,1288.5999755859375,1291.6500244140625,1276.2593994140625,9037536,-0.010874019967349269,-0.010933574245586176,1248.0865356445313,1192.794287109375,1267.0165413778411,1240.676246853043,0.007965346049928006,1,1,2
2024-01-04,1294.0,1304.925048828125,1289.550048828125,1298.324951171875,1282.8546142578125,9612778,0.00516761314101033,0.005154306849713372,1251.4348937988282,1195.7343310546876,1269.4531679747597,1243.8005703645074,0.007777180310780157,1,1,3
2024-01-05,1301.449951171875,1309.925048828125,1299.0,1303.8499755859375,1288.3138427734375,8086406,0.004255531729745909,0.0042465025614723,1255.1562622070312,1199.1382836914063,1272.3548102514794,1247.097849802206,0.007778904773320343,1,1,4
2024-01-08,1305.0,1315.9749755859375,1284.4749755859375,1293.675048828125,1278.26025390625,7734652,-0.00780367992130282,-0.007834287972401772,1258.4070678710937,1202.393037109375,1273.2633400445209,1249.4061760321351,0.008023335198358506,1,1,0
2024-01-09,1300.0,1303.4000244140625,1288.5999755859375,1290.25,1274.8759765625,5403074,-0.0026475651835438097,-0.0026510761826796093,1261.399725341797,1205.8908569335938,1273.5114379703639,1251.292827923273,0.008059220274822618,1,1,1
2024-01-10,1288.5,1329.5,1287.5250244140625,1325.050048828125,1309.2613525390625,11102740,0.026971545945415842,0.02661422456982395,1266.983642578125,1209.68806640625,1279.0114248270868,1255.5867927096278,0.009193997874811987,1,1,2
2024-01-11,1329.5,1362.5,1328.5,1359.9000244140625,1343.6961669921875,23725852,0.026300947772074146,0.025961025153538767,1274.0447509765625,1213.7125366210937,1288.9629236217177,1262.1134130268545,0.010094709202838037,1,1,3
2024-01-12,1359.9000244140625,1373.324951171875,1345.75,1370.7249755859375,1354.39208984375,15012164,0.007960075435434977,0.007928561161829604,1280.8946533203125,1218.193994140625,1299.028949194338,1268.9488705688466,0.009765434144354736,1,1,4
2024-01-15,1375.0,1396.449951171875,1366.0,1394.125,1377.5130615234375,8610594,0.017071106552575044,0.01692703256974522,1288.1237182617188,1223.0440014648439,1311.1034280141996,1276.990662491409,0.010012849589472773,1,1,0
2024-01-16,1389.9749755859375,1396.300048828125,1370.5,1374.625,1358.24560546875,9069024,-0.013987131296874233,-0.01408587304162227,1293.761981201172,1227.28337890625,1318.356070699515,1283.0095471563973,0.010538094171991152,1,1,1
2024-01-17,1359.5,1386.2750244140625,1355.0250244140625,1361.574951171875,1345.35107421875,12197382,-0.009493519580024645,-0.009538870290501515,1297.8390625,1231.2698071289062,1322.5091481640127,1287.6274380499049,0.010816793668628826,1,1,2
2024-01-18,1351.4000244140625,1371.0,1351.25,1367.949951171875,1351.6500244140625,10279438,0.004682012239050959,0.00467108571189652,1302.995623779297,1235.191513671875,1326.9923598947896,1292.3698518546573,0.010762673869100865,1,1,3
2024-01-19,1376.0,1376.0,1359.0,1367.449951171875,1351.156005859375,10422704,-0.00036549294992371806,-0.00036555975875120623,1307.25302734375,1239.2535278320313,1330.7098438893413,1296.7243817809326,0.010743718731922067,1,1,4
2024-01-23,1371.75,1371.75,1322.550048828125,1328.574951171875,1312.7442626953125,20055420,-0.02842879948539434,-0.028840723591696652,1309.5280883789062,1242.4277490234374,1327.945908321029,1297.911039626442,0.01222220557006567,1,1,1
2024-01-24,1335.2249755859375,1349.5,1323.925048828125,1343.875,1327.862060546875,21919128,0.01151617895516277,0.01145037251026306,1312.2379089355468,1246.1548046875,1327.933008663467,1300.1296337686963,0.0123244385527239,1,1,2
2024-01-25,1342.949951171875,1364.1500244140625,1335.199951171875,1353.074951171875,1336.9522705078125,11808872,0.006845748689584319,0.006822422946298729,1315.18486328125,1250.02068359375,1329.320587408751,1302.8572364901122,0.011893080287860732,1,1,3
2024-01-29,1364.5,1452.5,1360.175048828125,1448.050048828125,1430.795654296875,23893438,0.07019202245224365,0.06783809260849473,1322.3620544433593,1255.7663940429688,1344.9321361607701,1312.3341563276501,0.016990236289282205,1,1,0
2024-01-30,1459.949951171875,1459.9749755859375,1404.425048828125,1407.625,1390.8524169921875,14093978,-0.027916800826681687,-0.028313882327490974,1328.0509521484375,1260.2997265625,1351.996794750219,1318.1503237842826,0.018025165050237744,1,1,1
2024-01-31,1404.0,1434.25,1402.5,1426.625,1409.6258544921875,15130226,0.013497792627487293,0.01340750893762709,1334.5476013183593,1265.1665356445312,1360.862803941291,1324.9262890219052,0.018037127592659935,1,1,2
2024-02-01,1435.0,1443.3499755859375,1418.050048828125,1426.6500244140625,1409.650634765625,13349362,1.757932671186957e-05,1.7579172197316585e-05,1340.5156311035157,1270.0847265625,1368.3686240681116,1331.2021664844028,0.018024722150467683,2,1,3
2024-02-02,1433.175048828125,1474.9000244140625,1433.175048828125,1457.699951171875,1440.3306884765625,19652588,0.021764296027886765,0.021530835072599303,1348.7191955566407,1275.6777783203124,1379.439710900181,1339.2857607060444,0.0182102777287836,2,1,4
2024-02-05,1460.75,1470.5,1431.5250244140625,1439.0250244140625,1421.8782958984375,8814432,-0.012811219482966152,-0.012893990849977513,1355.6703796386719,1280.6098046875,1385.9687239768357,1345.4037262758513,0.018233151888364076,2,1,0
2024-02-06,1441.8499755859375,1441.8499755859375,1419.824951171875,1427.800048828125,1410.7869873046875,9047984,-0.007800462687801102,-0.007831045440434435,1361.7940368652344,1285.2281127929687,1389.7869183349667,1350.246930796506,0.018275745154353203,2,1,1
2024-02-07,1435.925048828125,1449.5,1429.25,1442.1500244140625,1424.966064453125,9296568,0.01005047344215071,0.010000303309623794,1369.129327392578,1290.0578735351562,1395.199094660837,1355.781681437737,0.018302909053516354,2,1,2
2024-02-08,1450.0,1459.4749755859375,1427.5250244140625,1450.125,1432.845947265625,14694634,0.005529874015297365,0.005514640396177434,1377.0278259277343,1295.0610424804688,1400.990918138497,1361.490145573136,0.018303965598023806,2,1,3
2024-02-09,1454.0,1471.9749755859375,1450.949951171875,1460.75,1443.3443603515625,12556798,0.007326965683905007,0.007300253869181053,1383.7319763183593,1300.26923828125,1407.5068323251223,1367.5534207419084,0.018312905878480088,2,1,4
2024-02-12,1460.75,1461.0,1442.3499755859375,1452.3499755859375,1435.04443359375,6674430,-0.005750482688546277,-0.005767080374511493,1388.2993896484375,1305.2491845703125,1411.7433863664496,1372.55275502723,0.01839257678440039,2,1,0
2024-02-13,1455.5,1479.0,1454.0,1465.0999755859375,1447.6424560546875,7715594,0.00877883789938716,0.008740527949917008,1392.9619079589843,1310.7108203125,1417.26632016464,1378.114955103338,0.018278619731942777,2,1,1
2024-02-14,1457.5,1483.6500244140625,1457.5,1481.375,1463.7235107421875,7117888,0.011108443676987934,0.01104719806144484,1397.2724304199219,1316.3275830078126,1424.4135802534936,1384.4563295951048,0.018314169446821196,2,1,2
2024-02-15,1483.3499755859375,1484.7249755859375,1466.5250244140625,1470.5999755859375,1453.076904296875,10006782,-0.007273645854000144,-0.007300227792845666,1402.0139953613282,1321.4755004882813,1428.8233224140138,1389.5393351285693,0.018427599218683702,2,1,3
2024-02-16,1476.4749755859375,1477.0,1458.550048828125,1460.574951171875,1443.17138671875,9767498,-0.006816925896236836,-0.006840267273681467,1406.905010986328,1326.2518994140626,1431.0307169224347,1393.512079690805,0.018328314393604498,2,1,4
2024-02-19,1462.050048828125,1479.5,1453.5250244140625,1474.0,1456.4365234375,6729828,0.009191657235465334,0.009149671039800838,1412.1443359375,1331.062880859375,1434.939302540137,1398.1731495979675,0.018349862305345768,2,1,0
2024-02-20,1475.0250244140625,1475.5,1461.800048828125,1471.0250244140625,1453.4969482421875,7117496,-0.0020183338909782744,-0.0020203734716579685,1417.2613830566406,1335.8550903320313,1437.794324955837,1402.2712087567986,0.018387264668618907,2,1,1
2024-02-21,1474.0,1488.5250244140625,1457.550048828125,1467.699951171875,1450.2115478515625,12720292,-0.0022603421318484473,-0.00226290056113569,1424.134747314453,1340.5944384765626,1439.7046669397948,1405.8223449860404,0.018290181056022977,2,1,2
2024-02-22,1468.1500244140625,1484.949951171875,1458.0,1481.75,1464.0941162109375,18493728,0.009572788452789194,0.009527259641250748,1430.9463500976562,1345.5758642578126,1443.4568899045862,1410.138772484181,0.01826446144495715,2,1,3
2024-02-23,1489.5,1497.550048828125,1483.3499755859375,1493.625,1475.82763671875,14438584,0.008014184592298523,0.007982241566336153,1437.890118408203,1351.1407568359375,1448.437004799073,1415.0046142793342,0.01779210557980249,2,1,4
2024-02-26,1493.550048828125,1494.5250244140625,1482.5,1487.324951171875,1469.6026611328125,7513106,-0.004217955695542952,-0.004226876364161459,1439.83046875,1356.483330078125,1451.6932596196482,1419.0489140462585,0.01734887316467158,2,1,0
2024-02-27,1483.0250244140625,1499.949951171875,1478.050048828125,1485.6500244140625,1467.94775390625,10826044,-0.001126091609882418,-0.0011267261274339974,1443.685235595703,1361.494404296875,1454.1939510483562,1422.6710503321838,0.017341000995325408,2,1,1
2024-02-28,1483.0,1491.2750244140625,1450.175048828125,1455.625,1438.280517578125,8647950,-0.020210008325691198,-0.02041702449169342,1445.11796875,1365.6013793945312,1451.7457305144744,1423.8273071652163,0.017618842415520263,2,1,2
2024-02-29,1465.0,1478.9749755859375,1454.5250244140625,1460.800048828125,1443.3939208984375,23628976,0.0035552197626391724,0.0035489149078694717,1446.8051330566407,1369.5596508789063,1450.4608367273918,1425.2766859602698,0.017373528449860686,2,1,3
2024-03-01,1463.5,1500.0,1462.5,1492.125,1474.3455810546875,12132926,0.02144366808541376,0.021216987485142412,1448.505877685547,1373.7703735351563,1454.135412777745,1428.9114189302265,0.017574243311796182,3,1,4
2024-03-04,1490.4749755859375,1512.449951171875,1487.2249755859375,1507.4000244140625,1489.4384765625,10024420,0.01023701342599459,0.01018497008164164,1451.88388671875,1378.5887670898437,1459.566653360015,1433.3949046807654,0.017619569488932875,3,1,0
2024-03-05,1505.7750244140625,1507.4000244140625,1486.050048828125,1500.199951171875,1482.32421875,7107668,-0.004776469739736444,-0.004787913526466285,1455.4607482910155,1382.9150927734374,1463.0678172661665,1437.0192983155237,0.017670305071265425,3,1,1
2024-03-06,1493.449951171875,1509.0,1478.5,1503.0,1485.0909423828125,7805676,0.0018664767112457348,0.0018647370079962877,1458.4669921875,1387.27205078125,1466.455990361035,1440.5801608390266,0.016633223814721418,3,1,2
2024-03-07,1502.9749755859375,1503.0999755859375,1475.550048828125,1478.925048828125,1461.3028564453125,8315726,-0.01601793214046021,-0.01614760581591752,1459.8898376464845,1391.024794921875,1465.663200527847,1442.1151753283812,0.016974663330747358,3,1,3
2024-03-11,1489.0,1489.0,1463.5,1466.5999755859375,1449.1246337890625,11277130,-0.008333811572690752,-0.008368731928808444,1460.1788513183594,1394.4470239257812,1463.118805644957,1442.6343944736168,0.01709218167901272,3,1,0
2024-03-12,1466.5999755859375,1488.0,1465.0250244140625,1475.425048828125,1457.844482421875,9432678,0.006017321374223394,0.005999289595146694,1461.3188537597657,1397.858876953125,1462.3073713029446,1443.761067654969,0.011457596274797257,3,1,1
2024-03-13,1479.7750244140625,1483.0999755859375,1427.7750244140625,1432.175048828125,1415.10986328125,13522134,-0.029313565099640226,-0.02975179291567604,1459.6922241210937,1400.6195849609376,1455.0462162226838,1441.6387562198788,0.011580026356892056,3,1,2
2024-03-14,1439.699951171875,1448.5250244140625,1425.5,1431.4749755859375,1414.4180908203125,18571102,-0.0004888471763835334,-0.000488966701118936,1457.226953125,1403.3140893554687,1448.7957353915497,1439.6224106347258,0.011323284188196421,3,1,3
2024-03-15,1425.949951171875,1433.2249755859375,1412.9000244140625,1418.2249755859375,1401.3260498046875,19223818,-0.00925613232791167,-0.009299236512289123,1454.6394104003907,1405.5348095703125,1441.4927068397246,1436.785643165834,0.011453573923691748,3,1,4
2024-03-18,1420.0,1441.7249755859375,1416.5250244140625,1439.4749755859375,1422.32275390625,9169392,0.014983453782571932,0.014872310668829271,1453.5969787597655,1408.4560766601562,1438.5434833114978,1435.7143180354944,0.011066909280966835,3,1,0
2024-03-19,1428.75,1437.5999755859375,1417.25,1425.25,1408.267333984375,8275764,-0.009882018608837861,-0.009931169831667868,1451.1885192871093,1410.9643310546876,1433.8856141842482,1433.681208105782,0.01096572576290363,3,1,1
2024-03-20,1427.949951171875,1445.0,1424.0250244140625,1443.75,1426.5469970703125,8488806,0.012980250727125275,0.012896729249378083,1449.8410217285157,1413.728994140625,1432.7565961667196,1433.1527480290806,0.011128265496281927,3,1,2
2024-03-21,1452.5250244140625,1457.9000244140625,1444.675048828125,1450.9749755859375,1433.6856689453125,13006936,0.005004161720336242,0.004991682517725036,1449.0147277832032,1416.8375024414063,1432.8995304403493,1433.1922236525052,0.011015405876307727,3,1,3
2024-03-22,1449.9749755859375,1460.0,1447.3499755859375,1455.0250244140625,1437.6875,19527608,0.0027912890122081535,0.002787400599142496,1447.6943969726562,1420.0937329101562,1433.636141141834,1433.525207085653,0.010981542601031092,3,1,4
2024-03-26,1445.0,1452.4000244140625,1439.0,1441.574951171875,1424.3978271484375,11415906,-0.009243784098813213,-0.009286772996187373,1445.1229064941406,1422.3964624023438,1432.2148620659268,1432.8491048680814,0.01102584810187102,3,1,1
2024-03-27,1448.0,1500.0,1447.0,1492.8499755859375,1475.061767578125,16326644,0.03556867292553645,0.03495071826923379,1445.3958618164063,1425.0237744140625,1438.806693683188,1435.975968772529,0.012774139981634536,3,1,2
2024-03-28,1492.875,1505.949951171875,1478.6500244140625,1485.8499755859375,1468.1451416015625,21854364,-0.0046890415903863,-0.004700069633377263,1445.4057312011719,1427.2988354492188,1443.3203010552456,1438.3588704635686,0.012727759161487953,3,1,3
2024-04-01,1492.4749755859375,1493.9749755859375,1482.5,1484.7750244140625,1467.0831298828125,5013880,-0.0007233697055262223,-0.0007236314636311933,1446.8458618164063,1429.0902368164063,1446.9761208748714,1440.4865933835126,0.012571564599570307,4,2,0
2024-04-02,1484.0,1494.0,1475.0,1486.949951171875,1469.2320556640625,8910166,0.0014647607470079649,0.0014636890313953071,1448.1377685546875,1431.3099658203125,1450.4001108424393,1442.6158868857756,0.012494564666341796,4,2,1
2024-04-03,1482.074951171875,1484.449951171875,1468.9000244140625,1471.5999755859375,1454.0650634765625,7008292,-0.010323074649119857,-0.010376727142757615,1447.1237426757812,1433.4842456054687,1450.9639497092273,1443.4639740406487,0.0125809221397852,4,2,2
2024-04-04,1479.75,1479.75,1450.0,1462.925048828125,1445.4935302734375,14490272,-0.005894875971114488,-0.005912319337239691,1444.926495361328,1435.3611157226562,1450.122346719106,1443.6143115393738,0.01251571619676932,4,2,3
2024-04-05,1460.875,1470.800048828125,1456.0,1460.0999755859375,1442.7020263671875,7442298,-0.001931177032471365,-0.0019330441590586437,1442.9453857421875,1437.1920361328125,1448.980758972657,1443.5467348599525,0.012515283875029707,4,2,4
2024-04-08,1462.9749755859375,1490.9749755859375,1461.0,1485.9749755859375,1468.268798828125,8357118,0.017721450440681963,0.017566256364835667,1442.1042785644531,1440.3025268554688,1451.948149719652,1445.377998857595,0.012925358472663927,4,2,0
2024-04-09,1489.0,1489.800048828125,1462.5,1463.6500244140625,1446.209716796875,7071414,-0.015023871684024193,-0.015137873315932974,1441.3496215820312,1442.6694799804689,1451.0653138853786,1445.439607593838,0.013108368313234333,4,2,1
2024-04-10,1466.3499755859375,1487.0,1466.3499755859375,1479.574951171875,1461.945068359375,9138330,0.01088040785492117,0.010821642096721509,1441.9906433105468,1445.1693359375,1452.7391222659935,1446.662234317211,0.013181499493199494,4,2,2
2024-04-12,1475.875,1486.4749755859375,1463.074951171875,1467.1500244140625,1449.6680908203125,15551012,-0.008397700983963752,-0.008433160332425606,1441.5818237304688,1445.5467846679687,1452.266655889735,1446.8848903544779,0.013247017346515354,4,2,4
2024-04-15,1461.0,1482.125,1446.324951171875,1464.824951171875,1447.3707275390625,12902062,-0.0015847512239508532,-0.0015860082704179151,1443.1948669433593,1446.6771508789063,1451.5134361434777,1446.9208782940768,0.013248183979082728,4,2,0
2024-04-16,1453.3499755859375,1471.175048828125,1450.925048828125,1465.75,1448.2847900390625,9366184,0.0006315330845154676,0.0006313337514162649,1444.888201904297,1447.4503295898437,1451.016721358183,1447.0219087937053,0.012708233680200983,4,2,1
2024-04-18,1463.5,1486.0,1459.3499755859375,1464.324951171875,1446.876708984375,19005692,-0.0009722404490967174,-0.0009727133814029409,1447.1657348632812,1448.1948510742188,1450.3797963775971,1447.0111532522733,0.01269522831091231,4,2,3
2024-04-19,1456.7750244140625,1474.0,1443.0250244140625,1470.125,1452.6075439453125,15741778,0.003960831579741253,0.003953008137759479,1448.6799743652343,1448.4403881835938,1450.7225267726303,1447.425700711017,0.012070320979967937,4,2,4
2024-04-22,1472.449951171875,1482.824951171875,1467.800048828125,1479.8499755859375,1462.2166748046875,10350362,0.006615090840900173,0.006593307142142393,1451.37744140625,1449.2471557617187,1452.4908572391007,1448.5213284216593,0.011977759673407876,4,2,0
2024-04-23,1479.0,1493.5,1455.550048828125,1459.324951171875,1441.936279296875,14605554,-0.013869624014868687,-0.013966705955295153,1452.146905517578,1449.8701416015624,1450.8670760172197,1448.0335470050086,0.012201482217594529,4,2,1
2024-04-24,1463.5,1468.550048828125,1449.5,1450.175048828125,1432.895263671875,10462776,-0.006270052120062264,-0.006289791451203618,1452.1073852539062,1450.0287255859375,1448.1021818102436,1446.9121926840357,0.012229446464134425,4,2,2
2024-04-25,1442.5,1467.9749755859375,1441.5,1459.9749755859375,1442.5784912109375,15943926,0.006757805531611982,0.006735073916899279,1452.3519348144532,1450.2233764648438,1447.2523832565043,1446.5911777601025,0.011977042218336073,4,2,3
2024-04-26,1463.949951171875,1465.0,1450.0,1452.550048828125,1435.2420654296875,9413848,-0.005085633694074887,-0.0050986095414096684,1452.8941467285156,1450.0613305664062,1445.4046420523787,1445.7505027726643,0.011917011096187233,4,2,4
2024-04-29,1450.0,1467.9000244140625,1450.0,1465.0250244140625,1447.5684814453125,7247974,0.008588388197732222,0.008551717801960781,1451.519482421875,1450.3118115234374,1445.7375404205222,1445.8851678595272,0.011972769908953896,4,2,0
2024-04-30,1468.0,1483.074951171875,1462.875,1467.0,1449.5198974609375,11474262,0.0013480647310561977,0.001347156907574929,1450.5882202148437,1450.3493603515626,1446.3194415036633,1446.1544070892612,0.01063255837824906,4,2,1
2024-05-02,1472.0,1477.324951171875,1464.125,1466.550048828125,1449.0753173828125,14512646,-0.0003067085032111283,-0.00030675554788367926,1449.6878295898437,1450.056396484375,1446.7434224081478,1446.3707708147094,0.01063181634808808,5,2,3
2024-05-03,1471.0,1474.949951171875,1416.1500244140625,1434.0,1416.9130859375,17226958,-0.022195003295895632,-0.022445018701227115,1447.0718811035156,1449.3331201171875,1442.154139874202,1444.1887200830645,0.011297974994357354,5,2,4
2024-05-06,1435.5,1440.0,1418.0,1419.5250244140625,1402.610595703125,7394208,-0.010094119657954703,-0.010145410734545121,1444.4991577148437,1448.521904296875,1436.0705176940364,1441.1088590178838,0.011110230747749084,5,2,0
2024-05-07,1415.9749755859375,1420.75,1392.0,1401.4749755859375,1384.7755126953125,14517472,-0.012715634020197708,-0.012797169616411783,1441.4632568359375,1447.0886840820312,1428.1789784634634,1436.9360185495452,0.011205209956912888,5,2,1
2024-05-08,1397.5,1432.949951171875,1397.5,1418.550048828125,1401.647216796875,9439002,0.012183710606438636,0.012110086610095208,1439.4105163574218,1446.051689453125,1424.097168976296,1434.3220332345327,0.011173063295272763,5,2,2
2024-05-09,1413.0,1423.75,1390.0,1394.125,1377.5130615234375,11009612,-0.017218423426538232,-0.01736838436606725,1434.8727294921875,1444.5977197265624,1416.9303832143178,1430.1139612559332,0.011524845031010778,5,2,3
2024-05-10,1396.75,1410.0,1388.074951171875,1407.425048828125,1390.65478515625,10505096,0.00954018077932317,0.00949496063275965,1432.0949829101562,1443.1289331054688,1412.8879835130767,1427.1910593226232,0.011671737773613492,5,2,4
2024-05-13,1399.9000244140625,1406.9749755859375,1384.0,1402.699951171875,1385.9859619140625,8456620,-0.0033572841312036195,-0.0033629324551345536,1428.2970275878906,1441.332099609375,1408.7492109593823,1424.1388298849522,0.011578216472331674,5,2,0
2024-05-14,1400.9749755859375,1427.074951171875,1400.0250244140625,1420.074951171875,1403.1539306640625,7188300,0.012386827299672554,0.012310738244713446,1425.9713195800782,1440.003125,1407.888398606256,1422.584392905627,0.009682450864671925,5,2,1
2024-05-15,1420.5,1429.9749755859375,1413.0250244140625,1416.2750244140625,1399.3992919921875,5046534,-0.0026758565755491404,-0.002679443079163828,1423.5727478027343,1438.6321557617186,1406.5823822040916,1420.86697802315,0.00966740516365454,5,2,2
2024-05-16,1418.550048828125,1427.5,1398.0250244140625,1425.3499755859375,1408.3660888671875,14711774,0.006407604267281597,0.006387162844954332,1421.5768127441406,1438.0338671875,1406.8567986137987,1419.9409862338193,0.009775544375132127,5,2,3
2024-05-17,1423.050048828125,1437.199951171875,1413.25,1435.699951171875,1418.5927734375,10916476,0.007261382286290585,0.007235145384161105,1420.162615966797,1437.5378442382812,1408.6623332020604,1419.841118619277,0.009888997775022194,5,2,4
2024-05-21,1425.5999755859375,1441.824951171875,1425.5999755859375,1436.125,1419.0126953125,11176128,0.00029601298051340486,0.0002959691773150856,1418.4828735351562,1436.4311865234374,1410.2546966036666,1419.779753929886,0.009737146959336942,5,2,1
2024-05-22,1436.2750244140625,1468.7750244140625,1436.2750244140625,1460.6500244140625,1443.24560546875,10281604,0.01707730328016077,0.01693312526932977,1417.5343200683594,1435.5073291015624,1415.3302210444485,1421.5179651549872,0.010211703660957023,5,2,2
2024-05-23,1458.550048828125,1492.2249755859375,1455.0,1486.050048828125,1468.343017578125,14608260,0.01738956419771931,0.017240096029092204,1418.8546569824218,1435.227705078125,1423.4860358957833,1424.9864875567011,0.010684125767445677,5,2,3
2024-05-24,1483.625,1488.5,1476.0999755859375,1480.25,1462.6119384765625,7094776,-0.0039030928284150557,-0.003910729773509367,1420.3404907226563,1434.778125,1429.5054055235955,1427.7735579952096,0.010211144006326583,5,2,4
2024-05-27,1480.2249755859375,1484.9000244140625,1461.550048828125,1466.25,1448.77880859375,6629010,-0.009457826453420637,-0.00950283571201057,1420.6505065917968,1434.5276440429689,1432.4705444574656,1429.3295024839904,0.00997812733246835,5,2,0
2024-05-28,1468.0,1478.5,1452.75,1456.199951171875,1438.8485107421875,7820162,-0.006854253936252164,-0.006877852229043061,1420.830828857422,1434.3221215820313,1433.4517700397305,1430.03461420682,0.009842289547416358,5,2,1
2024-05-29,1446.5,1458.0,1438.449951171875,1440.7750244140625,1423.607421875,7383556,-0.01059255978193685,-0.010649060287489482,1419.6327758789062,1433.6373803710937,1431.937254937464,1429.5585258859444,0.009911062909175086,5,2,2
2024-05-30,1435.5,1440.4000244140625,1420.0999755859375,1424.8499755859375,1407.8720703125,13206858,-0.011053153643843294,-0.011114693640781296,1417.5503845214844,1433.4926245117188,1428.2349188413157,1427.9521217693928,0.010093991496371305,5,2,3
2024-05-31,1431.300048828125,1442.25,1422.25,1430.4000244140625,1413.3560791015625,31069832,0.0038952465246684387,0.003887679695336397,1415.764422607422,1433.4713842773438,1425.9458665736613,1426.8709334236275,0.010128290810571913,5,2,4
2024-06-03,1483.0,1514.5,1459.0,1510.324951171875,1492.32861328125,21527942,0.05587589380157376,0.05437065356837246,1419.5351989746093,1435.291435546875,1436.1585968363675,1431.719650450118,0.014473723734714785,6,2,0
2024-06-04,1498.050048828125,1498.050048828125,1359.300048828125,1397.2750244140625,1380.625732421875,36709098,-0.07485139657931561,-0.07780090202623234,1418.4359558105468,1434.4574951171876,1427.6150792341377,1427.9349157813592,0.020028830378594046,6,2,1
2024-06-05,1422.0,1431.1500244140625,1384.0999755859375,1420.75,1403.821044921875,17464890,0.016800579588873044,0.016661010905605133,1419.388232421875,1434.3685693359375,1423.9544585707126,1426.148703125101,0.020256103864163415,6,2,2
2024-06-06,1435.0,1443.699951171875,1421.3499755859375,1431.5999755859375,1414.541748046875,17855722,0.0076368018301054,0.007607789075161088,1420.032958984375,1434.1284643554689,1422.5063492593529,1425.288928674862,0.020171043979450253,6,2,3
2024-06-07,1428.5,1472.0,1426.5,1469.949951171875,1452.4346923828125,18558696,0.026788141380951203,0.026435620845070798,1423.7790405273438,1434.5034448242188,1427.1107097398851,1427.299725986562,0.020736592522980615,6,2,4
2024-06-10,1469.949951171875,1493.3499755859375,1468.074951171875,1471.4000244140625,1453.867431640625,9251760,0.000986439710732867,0.0009859534988009796,1426.9396728515626,1434.8270434570313,1431.2271284938452,1429.2677041831594,0.020704840991964304,6,2,0
2024-06-11,1469.0,1473.675048828125,1454.675048828125,1456.675048828125,1439.3179931640625,11774902,-0.010007403811325588,-0.010057814478764863,1429.6062744140625,1435.1254467773438,1432.4718769046478,1430.0121700335967,0.02076977797005241,6,2,1
2024-06-12,1457.5,1476.0,1455.175048828125,1463.324951171875,1445.888671875,10081742,0.00456513344663545,0.0045547448298917294,1431.7430114746094,1434.5419848632812,1434.535999207779,1431.1882072070339,0.020727400811312625,6,2,2
2024-06-13,1472.0,1472.25,1460.0999755859375,1465.25,1447.7906494140625,9181160,0.0013154384400813068,0.0013145740089240924,1434.162579345703,1434.1348950195313,1436.5751761625918,1432.418017740888,0.020727337825627516,6,2,3
2024-06-14,1470.0,1479.675048828125,1457.2249755859375,1477.550048828125,1459.944091796875,8157998,0.00839447498001955,0.008359437320207351,1436.7414794921874,1433.9921142578125,1440.1703939524816,1434.4569861894795,0.020781233958897267,6,2,4
2024-06-18,1487.3499755859375,1487.4000244140625,1471.3499755859375,1481.0250244140625,1463.3778076171875,7196766,0.002351950214810161,0.002349188709005546,1438.980731201172,1433.875029296875,1443.7407652855134,1436.5992692581988,0.020336933956044183,6,2,1
2024-06-19,1487.5,1487.5,1456.0,1458.6500244140625,1441.2694091796875,8725874,-0.015107785783289307,-0.015223070988796718,1440.0935668945312,1433.6191162109376,1443.3605566538479,1436.9452055486793,0.020453881819966817,6,2,2
2024-06-20,1459.0,1482.8499755859375,1450.0999755859375,1473.699951171875,1456.139892578125,16113776,0.010317629239700032,0.01026476580905821,1440.73828125,1433.8320434570312,1445.3266083345059,1438.3670342175271,0.02034896929143273,6,2,3
2024-06-21,1473.625,1474.699951171875,1440.574951171875,1454.199951171875,1436.8724365234375,31170360,-0.013231871575590248,-0.013320192756499604,1439.1647521972657,1433.7154516601563,1444.0259665174183,1438.2563232772243,0.02043407540327204,6,2,4
2024-06-24,1445.5250244140625,1449.5,1437.5,1441.4749755859375,1424.2989501953125,8878386,-0.008750593308440746,-0.0087891045789742,1437.2491027832032,1432.8360546875,1440.991040929402,1437.2224437896753,0.020230749783939763,6,2,0
2024-06-25,1443.0,1455.925048828125,1441.0,1454.1500244140625,1436.8228759765625,7045386,0.00879304571525008,0.008754612023925515,1436.6513061523438,1432.6483178710937,1440.3497847828114,1437.192846173889,0.02022073236775219,6,2,1
2024-06-26,1446.050048828125,1518.9749755859375,1445.125,1514.0250244140625,1495.9844970703125,22014882,0.04117530565730987,0.040350176662730594,1439.50810546875,1433.3291064453124,1448.908971288581,1441.5477832773279,0.0214641710509024,6,2,2
2024-06-27,1513.75,1537.5,1506.0,1530.550048828125,1512.3126220703125,28383030,0.010914635166324516,0.010855500436145932,1443.9433654785157,1434.5819970703126,1458.663379101155,1446.7896231879192,0.021443108897736925,6,2,3
2024-06-28,1531.0250244140625,1581.0,1531.0250244140625,1565.4000244140625,1546.7474365234375,28957336,0.02276964031814055,0.02251428108287041,1450.8871337890625,1436.56953125,1472.2147725507368,1454.1939056572169,0.02172351740993545,6,2,4
2024-07-01,1562.5250244140625,1579.4000244140625,1555.675048828125,1560.1500244140625,1541.5599365234375,7724306,-0.0033538119265674737,-0.00335944856012136,1457.2973266601562,1438.4350341796876,1482.8832593157676,1460.6654634991592,0.02175268720077534,7,3,0
2024-07-02,1569.5,1573.5,1557.0,1565.175048828125,1546.525146484375,7749246,0.0032208997154759,0.003215723729231037,1460.0071533203125,1440.4280029296874,1492.6743188801688,1467.0254400165827,0.021739485893929576,7,3,1
2024-07-03,1566.324951171875,1575.0,1542.7750244140625,1552.425048828125,1533.927001953125,9049620,-0.008146097436494082,-0.008179458185013592,1467.672216796875,1442.0543920898438,1499.0208855067774,1471.9811112711413,0.021831655461061767,7,3,2
2024-07-04,1557.0,1567.5,1550.800048828125,1554.0250244140625,1535.5079345703125,6837176,0.0010306439714371507,0.0010301132225833216,1474.2565612792969,1443.5202172851561,1504.6342776703982,1476.6868018858947,0.02166655250250303,7,3,3
2024-07-05,1553.824951171875,1598.5,1548.0,1588.625,1569.695556640625,12269710,0.022264699061864013,0.022020459285539744,1482.0142517089844,1446.0754028320312,1514.643705204279,1483.576339275134,0.021801515431282833,7,3,4
2024-07-08,1589.0,1608.800048828125,1582.5250244140625,1600.9000244140625,1581.824462890625,9500806,0.007726916342910117,0.007697216618241465,1488.483740234375,1449.0539868164062,1524.9792063867937,1490.8539780614667,0.021787871773983516,7,3,0
2024-07-09,1597.5999755859375,1600.5,1580.5,1590.2750244140625,1571.3260498046875,6960002,-0.006636901459187605,-0.006659023625765263,1494.356671142578,1451.6289379882812,1532.1094899895465,1496.814872264668,0.021738967431143865,7,3,1
2024-07-10,1595.0,1597.5,1563.1500244140625,1584.2249755859375,1565.3480224609375,7134578,-0.0038044474248314364,-0.0038117027424310374,1500.6581726074219,1454.2310571289063,1537.2231103697604,1501.891401908836,0.021698673802473183,7,3,2
2024-07-11,1587.5,1604.25,1570.5,1580.6500244140625,1561.815673828125,11940946,-0.00225658996090794,-0.0022591398968626053,1506.454522705078,1456.5160009765625,1541.0065816710473,1506.3302368658203,0.02157103995365897,7,3,3
2024-07-12,1584.5,1605.1500244140625,1574.5,1596.7249755859375,1577.6990966796875,12924784,0.010169844699170483,0.010118479783829858,1512.9499450683593,1459.0795849609376,1546.6515839800688,1511.6168190742549,0.021430938762770163,7,3,4
2024-07-15,1604.449951171875,1605.8499755859375,1585.5,1597.2249755859375,1578.193115234375,5329688,0.000313125966622696,0.00031307695291858467,1518.8623962402344,1461.6619409179686,1551.5041272499623,1516.5483965675971,0.02144168148336829,7,3,0
2024-07-16,1593.5,1600.0,1569.125,1576.25,1557.4681396484375,9386838,-0.013132090988028255,-0.013219079293070335,1523.566912841797,1464.4730419921875,1552.4216676189585,1519.5794886476594,0.019265569968046882,7,3,1
2024-07-18,1576.0,1593.9000244140625,1557.824951171875,1586.675048828125,1567.76904296875,12298374,0.006613877393753853,0.006592101668581794,1529.89189453125,1467.7762109375,1554.7828022881572,1523.1490852640366,0.012759599985658857,7,3,3
2024-07-19,1586.0,1589.9749755859375,1552.800048828125,1555.1500244140625,1536.61962890625,13140390,-0.01986862427358238,-0.020068659438646375,1533.9158813476563,1470.8130932617187,1551.9884679217098,1524.146903311608,0.013269377968749593,7,3,4
2024-07-22,1537.25,1537.5,1499.2750244140625,1500.675048828125,1482.7935791015625,19674376,-0.03502887038023872,-0.03565709558316359,1536.2119384765624,1472.4360205078126,1541.343100410918,1521.0836941108637,0.014946933728710742,7,3,0
2024-07-23,1501.0,1505.75,1463.0,1487.9000244140625,1470.1708984375,18052044,-0.00851276997821282,-0.008549210558795407,1538.5055358886718,1474.2891772460937,1530.3935308765458,1517.3123759128368,0.014276600280807116,7,3,1
2024-07-24,1485.0,1509.5,1476.4000244140625,1495.699951171875,1477.8779296875,11913362,0.005242268948590256,0.005228576090308873,1540.5582885742188,1476.0336401367188,1522.3142076166928,1514.3913058220712,0.014302691513863496,7,3,2
2024-07-25,1481.0,1500.4749755859375,1477.074951171875,1492.4000244140625,1474.6171875,12519876,-0.002206367739850834,-0.0022088053553300227,1539.489923095703,1477.8062646484375,1514.976204521817,1511.4450748352513,0.014172672752564307,7,3,3
2024-07-26,1492.4000244140625,1512.425048828125,1490.3499755859375,1509.0250244140625,1491.044189453125,9859940,0.011139841643223125,0.011078250594870767,1538.4265014648438,1479.5640698242187,1511.2943560497106,1509.9338981402789,0.014281640789871933,7,3,4
2024-07-29,1511.949951171875,1527.5,1511.7750244140625,1520.0999755859375,1501.987060546875,7538550,0.007339065583135795,0.007312265685574586,1536.1884826660157,1481.6158251953125,1509.8624644338897,1509.3452435037304,0.014326698738915586,7,3,0
2024-07-30,1517.0250244140625,1525.0,1510.0,1513.1500244140625,1495.1199951171875,8228208,-0.0045719870763648585,-0.004582470575095957,1533.8664855957031,1483.3509033203125,1507.59439223132,1508.2915214010236,0.014301627033253429,7,3,1
2024-07-31,1504.0,1510.449951171875,1501.1500244140625,1505.425048828125,1487.487060546875,10057346,-0.0051052320852108535,-0.005118308306280678,1530.9145812988281,1484.7287890625,1504.5009565875591,1506.7504502266422,0.014340139556486676,7,3,2
2024-08-01,1512.0,1518.0,1504.300048828125,1515.300048828125,1497.244384765625,10764222,0.006559602753897442,0.006538182182352937,1529.0804504394532,1486.2934228515626,1503.3845609226462,1506.04629722953,0.014062396225799174,8,3,3
2024-08-02,1505.0,1509.324951171875,1493.2750244140625,1499.324951171875,1481.4595947265625,10268248,-0.010542560853573302,-0.010598527349242335,1526.3780334472656,1487.0577026367187,1500.0114892001718,1504.225060007088,0.014120128131649427,8,3,4
2024-08-05,1480.0,1483.9000244140625,1433.25,1447.324951171875,1430.079345703125,17046704,-0.03468218047007954,-0.03529788520272832,1519.3972229003907,1486.2924291992188,1489.2526978929338,1498.732784873461,0.015338901578702957,8,3,0
2024-08-06,1455.1500244140625,1477.5,1451.324951171875,1456.050048828125,1438.700439453125,10236186,0.006028402393128296,0.006010304274161309,1512.2410217285155,1485.81419921875,1481.4754273637327,1494.2859444719547,0.015286876787804509,8,3,1
2024-08-07,1469.0,1472.5,1461.5,1464.824951171875,1447.3707275390625,8174568,0.006026472118986215,0.006008385564918799,1506.0432556152343,1485.7860375976563,1476.2285504676297,1490.8107432176664,0.015243083607390254,8,3,2
2024-08-08,1457.5250244140625,1465.0,1445.925048828125,1449.125,1431.8577880859375,12387192,-0.010718013814954852,-0.010775865466222516,1499.3687438964844,1485.6462231445312,1469.4022793319846,1486.4438576523532,0.013267634629596342,8,3,3
2024-08-09,1460.0,1476.5,1456.0,1474.300048828125,1456.7330322265625,6249776,0.017372705828472945,0.017223525671468527,1494.1146118164063,1486.3087353515625,1467.453164392689,1484.2430557689613,0.013523805535740977,8,3,4
2024-08-12,1470.0,1473.0,1457.75,1460.625,1443.220703125,8184584,-0.009275775864647895,-0.009319063767462282,1487.390692138672,1487.0157080078125,1463.725093428429,1481.2043629805196,0.012815701509280502,8,3,0
2024-08-13,1460.75,1470.074951171875,1458.0,1463.625,1446.18505859375,6265064,0.002053986242250616,0.0020518796965596563,1480.7902893066407,1487.6722875976564,1461.0266265307862,1478.6103404333514,0.012837311586591679,8,3,1
2024-08-14,1463.550048828125,1472.0,1453.699951171875,1461.8499755859375,1444.4312744140625,6267466,-0.0012126969292525214,-0.0012134328411925615,1475.138446044922,1486.7143408203126,1458.4734954359055,1476.078557765256,0.012800050659788278,8,3,2
2024-08-16,1468.6500244140625,1480.4000244140625,1458.050048828125,1478.199951171875,1460.58642578125,9416902,0.011184437538394487,0.01112235419945849,1469.779315185547,1488.3135546875,1458.7985616428816,1474.9309924331073,0.012975436697102957,8,3,4
2024-08-19,1482.5,1498.300048828125,1480.5,1488.4000244140625,1475.65625,13797742,0.01031765320610134,0.010264789530708045,1466.7311462402345,1489.7502587890624,1461.3920521593614,1474.9847152158402,0.013148746642641065,8,3,0
2024-08-20,1497.2249755859375,1503.925048828125,1490.0250244140625,1495.949951171875,1483.1416015625,8411808,0.005072557760318563,0.0050597356814136235,1466.7485473632812,1491.122255859375,1464.7381366829213,1475.5889290192965,0.012444801242244913,8,3,1
2024-08-21,1493.25,1507.875,1490.0,1498.675048828125,1485.8433837890625,7769996,0.001821661683359288,0.001820004469997808,1467.5321716308595,1491.7904296875,1467.9850977761737,1476.3485182615013,0.012334918067989557,8,3,2
2024-08-22,1503.0,1506.5,1490.6500244140625,1498.125,1485.2979736328125,10445782,-0.0003670710938989963,-0.0003671384809840563,1467.903173828125,1492.4190405273437,1470.6486171387335,1477.0114408815984,0.012306903561486636,8,3,3
2024-08-23,1503.75,1511.324951171875,1498.425048828125,1499.9749755859375,1487.1322021484375,9249654,0.001234922923336823,0.0012341610332094125,1468.5289245605468,1493.3753247070313,1473.1845532940727,1477.7611269013644,0.012313005214995098,8,3,4
2024-08-26,1506.9749755859375,1523.0,1503.0,1512.5999755859375,1499.6490478515625,8816114,0.008416767308946804,0.00838154383018779,1468.9591674804688,1494.4505322265625,1477.2560139952247,1479.3824543791568,0.01244782867098669,8,3,0
2024-08-27,1510.5,1513.4749755859375,1499.449951171875,1500.449951171875,1487.6031494140625,6251156,-0.008032478302011592,-0.008064912457039093,1468.239971923828,1495.2467822265626,1478.8478809827382,1479.9913947521127,0.012313516892161225,8,3,1
2024-08-28,1505.0,1507.4749755859375,1493.0,1498.300048828125,1485.4715576171875,9610286,-0.0014329035251872124,-0.0014339311131837385,1467.757550048828,1495.7573315429688,1479.8669081572689,1480.3973327421181,0.012306898580575432,8,3,2
2024-08-29,1503.0999755859375,1537.0,1494.0,1520.925048828125,1507.90283203125,38335358,0.015100440192906905,0.014987563453023699,1468.778338623047,1496.64783203125,1484.1801272148043,1482.4347771339058,0.012499655759150576,8,3,3
2024-08-30,1534.0,1539.7249755859375,1503.324951171875,1509.625,1496.6995849609375,41620730,-0.00742968766443719,-0.007457425267049782,1468.7510986328125,1497.756435546875,1486.1061976372864,1483.4914295655378,0.012467565302962006,8,3,4
2024-09-02,1510.875,1526.800048828125,1506.625,1516.25,1503.267822265625,11240852,0.004388480741684075,0.004378879439910537,1469.8415100097657,1498.698994140625,1488.7464475801078,1484.956347543322,0.012011382666482811,9,3,0
2024-09-03,1521.25,1523.0,1507.5,1509.125,1496.203857421875,10923800,-0.004699072739482779,-0.0047101480913315985,1473.1477355957031,1499.8856225585937,1489.8937414019183,1485.7894964232148,0.010151264253874472,9,3,1
2024-09-04,1500.699951171875,1517.5,1499.5,1514.550048828125,1501.5823974609375,11983304,0.0035947909186186955,0.0035883451007041557,1476.2918334960937,1501.4312915039063,1491.691996180229,1486.9593409445276,0.010026657408116075,9,3,2
2024-09-05,1519.050048828125,1525.7750244140625,1487.050048828125,1492.9749755859375,1480.192138671875,16264168,-0.014245144871990911,-0.014347580922800073,1477.9329040527343,1502.2986767578125,1489.9227873327898,1486.458066702109,0.010351828907657009,9,3,3
2024-09-06,1492.5,1497.0,1461.625,1464.824951171875,1452.2830810546875,19394228,-0.01885502353919355,-0.01903504597209021,1478.954168701172,1501.4246484375,1484.1320632900047,1483.9265862837813,0.010911129701191836,9,3,4
2024-09-09,1466.5,1469.925048828125,1455.5999755859375,1462.449951171875,1449.9283447265625,9010298,-0.0016214031264586426,-0.0016227190230995291,1478.6139343261718,1500.176962890625,1478.8699527417828,1481.4081980202836,0.010690204806775088,9,3,0
2024-09-10,1460.5,1472.050048828125,1457.574951171875,1461.5250244140625,1449.0113525390625,10768260,-0.0006324396587149561,-0.0006326397330369852,1478.903466796875,1498.2222412109375,1474.2763219413644,1479.0084316883415,0.010577445297333895,9,3,1
2024-09-11,1463.050048828125,1468.75,1447.550048828125,1451.5,1439.0721435546875,9760202,-0.0068593037362743026,-0.006882936893484744,1478.5478210449219,1496.1724853515625,1468.8602944972602,1476.0501881228856,0.010611213786543712,9,3,2
2024-09-12,1457.0,1486.0,1445.875,1479.800048828125,1467.1298828125,22349376,0.01949710400793836,0.019309470427983578,1479.6827514648437,1494.584580078125,1468.5940773149891,1475.3894247665608,0.011232901038873658,9,3,3
2024-09-13,1476.4000244140625,1483.1500244140625,1469.5,1472.625,1460.016357421875,8711328,-0.004848599618861527,-0.004860392211809669,1479.654248046875,1493.1063671875,1467.274428100664,1474.2506790373247,0.011182234198207618,9,3,4
2024-09-16,1477.550048828125,1480.9000244140625,1464.75,1471.3499755859375,1458.752197265625,5481774,-0.0008658534199453838,-0.0008662284875357988,1478.8090454101562,1491.5712524414062,1465.963315664504,1473.1026433505322,0.011029382125303919,9,3,0
2024-09-17,1474.0,1477.4749755859375,1466.625,1472.300048828125,1459.6942138671875,5935328,0.0006457687627332565,0.0006455603438079229,1477.6366760253907,1489.3712255859375,1464.9988384649168,1472.109426351766,0.008936405918161866,9,3,1
2024-09-18,1470.0,1482.0,1460.550048828125,1463.449951171875,1450.919921875,8574714,-0.006011048005007624,-0.0060291870804983,1475.8905029296875,1486.753134765625,1462.8328512972373,1470.539833427561,0.00896019191787597,9,3,2
2024-09-19,1466.25,1476.5,1455.550048828125,1469.675048828125,1457.0916748046875,16955902,0.0042536826716885745,0.004244661337101431,1474.4801879882812,1484.468447265625,1461.9495933753064,1469.5436735295705,0.008927049020723032,9,3,3
2024-09-20,1474.0,1495.0,1471.375,1485.925048828125,1473.2025146484375,30897320,0.011056847089535138,0.010996167032775136,1473.7837036132812,1482.625537109375,1463.6808120327112,1469.8146987976347,0.008888686919166278,9,3,4
2024-09-23,1491.0,1501.5,1488.949951171875,1493.375,1480.5887451171875,8832314,0.005013723772059109,0.005001196912389834,1472.8306884765625,1481.0009985351562,1466.282032507246,1470.6127763027866,0.008374626145209025,9,3,0
2024-09-24,1488.5,1500.5,1487.875,1489.375,1476.6229248046875,17137444,-0.0026785427929117978,-0.0026821365073716346,1472.2816772460938,1478.9794750976562,1467.8729390145445,1471.0579724881125,0.008191642508226193,9,3,1
2024-09-25,1483.9000244140625,1496.5,1480.199951171875,1493.949951171875,1481.15869140625,7069002,0.0030717162285438526,0.0030670081470458316,1472.0660339355468,1477.0387866210938,1469.9169009209606,1471.806173889456,0.008199138480953496,9,3,2
2024-09-26,1490.6500244140625,1504.0,1488.050048828125,1497.949951171875,1485.12451171875,18818998,0.00267751209611089,0.002673933946201842,1470.9271179199218,1475.5919140625,1472.2565333513896,1472.7927174323668,0.008196491865005416,9,3,3
2024-09-27,1499.0,1533.4749755859375,1492.0,1526.175048828125,1513.10791015625,20597478,0.01884245948180774,0.018667139228251462,1471.7475341796876,1474.49869140625,1478.5413605521373,1475.7790280045062,0.008633526974708788,9,3,4
2024-09-30,1519.4000244140625,1524.9749755859375,1474.4000244140625,1476.574951171875,1463.9324951171875,27008814,-0.03249960872518631,-0.03303944965986988,1469.7807678222657,1473.0449487304688,1476.2938427929141,1474.90150704989,0.010429132974481788,9,3,0
2024-10-01,1480.6500244140625,1487.949951171875,1462.824951171875,1464.824951171875,1452.2830810546875,16431642,-0.007957616967555259,-0.00798944777885037,1467.5847290039062,1472.4347387695314,1472.5998794485715,1473.2260680872823,0.010472657833388474,10,4,1
2024-10-03,1436.574951171875,1449.4000244140625,1402.074951171875,1406.9749755859375,1394.928466796875,37757294,-0.03949272356471989,-0.0402937211278013,1462.2520324707032,1470.9298901367188,1460.6504313483106,1467.4262457694745,0.012630822972042176,10,4,3
2024-10-04,1403.925048828125,1417.3499755859375,1381.7750244140625,1386.5250244140625,1374.653564453125,37072876,-0.01453472549048096,-0.014641389428729272,1456.9751037597657,1468.8654028320314,1447.4201441336668,1460.5541953015966,0.012830004648867509,10,4,4
2024-10-07,1393.5,1396.5,1361.375,1370.7249755859375,1358.9888916015625,22181340,-0.011395360443265057,-0.011460785062699005,1452.3103942871094,1466.5528369140625,1433.8153360518045,1453.0308394719646,0.012910306536189253,10,4,0
2024-10-08,1372.9749755859375,1401.0,1365.0999755859375,1397.3499755859375,1385.3858642578125,17020808,0.01942397970975418,0.019237742003769924,1449.083270263672,1464.4396704101562,1426.364648083498,1448.0201005672125,0.013390999578820098,10,4,1
2024-10-09,1397.5250244140625,1400.9749755859375,1372.5,1374.5999755859375,1362.8306884765625,14310610,-0.016280789607546198,-0.0164147779436737,1444.774237060547,1461.65654296875,1416.590192759354,1441.709773745683,0.013590618787152372,10,4,2
2024-10-10,1380.0250244140625,1386.0,1369.425048828125,1371.050048828125,1359.31103515625,22358646,-0.0025826049780599547,-0.002585945655302342,1440.786181640625,1458.9403637695314,1407.7780146665689,1435.606163479799,0.013588176433362945,10,4,3
2024-10-11,1370.0,1383.2750244140625,1368.824951171875,1372.0999755859375,1360.35205078125,7980122,0.0007658406340240731,0.0007655475277246413,1435.4472900390624,1456.3976635742188,1400.481712530366,1430.031784761388,0.013180602243969613,10,4,4
2024-10-14,1379.449951171875,1380.074951171875,1368.25,1372.5250244140625,1360.7734375,12221432,0.0003097629900348231,0.00030971502338509834,1430.4851440429688,1453.6682446289062,1394.3727471410787,1424.9015368161001,0.013173573755993592,10,4,0
2024-10-15,1358.5250244140625,1371.699951171875,1340.699951171875,1344.0250244140625,1332.5174560546875,33762794,-0.020764648005787145,-0.020983264940504304,1424.173406982422,1450.6894018554688,1384.8565485124032,1418.058271574514,0.013478500590741179,10,4,1
2024-10-16,1340.0,1364.0,1337.625,1354.074951171875,1342.4813232421875,20034438,0.007477475917652132,0.0074496581795144715,1418.312762451172,1448.93744140625,1378.337283086216,1412.459979105453,0.01363671576436067,10,4,2
2024-10-17,1365.699951171875,1368.449951171875,1352.050048828125,1356.425048828125,1344.811279296875,15543660,0.0017355593812362624,0.0017340550383860868,1413.0073303222657,1447.059658203125,1373.1794363493943,1407.4489643048175,0.013607476343859368,10,4,3
2024-10-18,1352.175048828125,1368.425048828125,1341.324951171875,1359.300048828125,1347.66162109375,12082452,0.0021195106263276475,0.002117267632487116,1407.5358276367188,1445.0654760742189,1369.2536186177567,1403.020272215109,0.013492655926798758,10,4,4
2024-10-21,1367.125,1374.0,1357.7249755859375,1369.199951171875,1357.476806640625,14067408,0.007283123146972992,0.007256729281289826,1401.7495422363281,1443.5778564453126,1367.4418013905058,1399.6466821725546,0.013277947186818729,10,4,0
2024-10-22,1369.199951171875,1376.0,1340.2249755859375,1343.3499755859375,1331.8482666015625,15831960,-0.018879541745163153,-0.01906003566567306,1394.312518310547,1441.0801611328125,1361.9658729614378,1394.6245773154442,0.013623102248969447,10,4,1
2024-10-23,1337.5,1357.4749755859375,1335.0,1338.5250244140625,1327.0645751953125,17214742,-0.0035917690672500058,-0.00359823495706466,1386.8346008300782,1438.7570385742188,1356.59644253588,1389.620132713953,0.01361805115021071,10,4,2
2024-10-24,1335.2750244140625,1343.699951171875,1323.125,1339.800048828125,1328.3287353515625,22155934,0.0009525988259191376,0.0009521453915953883,1379.1931030273438,1436.399912109375,1352.2475645075235,1385.0800292056279,0.013613146042483804,10,4,3
2024-10-25,1343.5,1344.3499755859375,1322.0,1327.8499755859375,1316.4808349609375,18597496,-0.008919403815719762,-0.008959419821584842,1370.760919189453,1433.8409033203125,1346.7449907311257,1379.9986074097249,0.012999149677034524,10,4,4
2024-10-28,1337.0,1353.0,1322.0999755859375,1334.3499755859375,1322.9251708984375,10824350,0.004895123245520772,0.0048831810860980335,1361.2517822265625,1431.0876782226562,1343.0804030645584,1375.770945445926,0.013086306249739254,10,4,0
2024-10-29,1328.0999755859375,1343.199951171875,1320.300048828125,1340.0,1328.52685546875,12008361,0.004234317022260736,0.0042253775281552095,1354.4815002441405,1428.1450903320313,1340.8413957421265,1372.2713832253944,0.013150613916273911,10,4,1
2024-10-30,1335.0,1350.0,1325.3499755859375,1343.9000244140625,1332.3935546875,11984423,0.0029105164135998507,0.002906289061235514,1348.4870239257812,1425.1301293945312,1339.5417278875684,1369.3174700003651,0.013178898458165384,10,4,2
2024-10-31,1340.0,1343.0,1326.1500244140625,1332.050048828125,1320.64501953125,9331650,-0.008817616322833066,-0.00885672154793472,1344.7728515625,1421.826162109375,1336.6345419865966,1365.7121032989492,0.013211282827903018,10,4,3
2024-11-01,1333.050048828125,1341.949951171875,1333.0,1338.6500244140625,1327.1884765625,2127335,0.004954743276563756,0.0049425089314794795,1342.3995971679688,1418.6639721679687,1335.18130115212,1362.8585013184713,0.013225252173631609,11,4,4
2024-11-04,1337.8499755859375,1340.0,1285.0999755859375,1302.1500244140625,1291.0009765625,19796890,-0.027266285564600312,-0.027644909035671465,1339.0002014160157,1414.74134765625,1328.3843281383324,1357.535721706918,0.013662056285563794,11,4,0
2024-11-05,1293.0,1309.550048828125,1286.1500244140625,1305.300048828125,1294.1240234375,16267479,0.0024190894752966763,0.0024161681886392837,1334.437109375,1410.6308471679688,1323.113512030512,1352.8385588721462,0.013609174325156806,11,4,1
2024-11-06,1310.0,1328.300048828125,1300.199951171875,1325.3499755859375,1314.002197265625,21625209,0.015360331365554813,0.015243555765416613,1331.9956848144532,1407.158828125,1321.7117712974527,1349.9617913457373,0.01407767142814179,11,4,2
2024-11-07,1324.0,1324.0,1302.5999755859375,1305.6500244140625,1294.470947265625,9611974,-0.014863940136967457,-0.014975515508730249,1328.753680419922,1403.3388159179688,1317.5208752925562,1345.8513584509142,0.014157063228364757,11,4,3
2024-11-08,1297.6500244140625,1301.6500244140625,1275.0,1283.75,1272.758544921875,19814406,-0.0167731862886642,-0.016915449223281573,1324.374005126953,1398.6359301757811,1310.6343629278358,1340.4370759672815,0.01426753309642238,11,4,4
2024-11-11,1278.949951171875,1286.0,1267.0,1272.699951171875,1261.802978515625,9056552,-0.008607733532774997,-0.00864499404417909,1319.4254821777345,1393.937998046875,1303.1218422490342,1334.6123280078996,0.013545627247933489,11,4,0
2024-11-12,1275.550048828125,1289.300048828125,1267.5,1274.25,1263.33984375,10671091,0.0012179914460044294,0.0012172502961715537,1315.9666015625,1389.1394384765624,1297.0015347876445,1329.3328847295368,0.012634629217354407,11,4,1
2024-11-13,1270.25,1275.449951171875,1249.5,1252.050048828125,1241.3299560546875,14633633,-0.017421984911027644,-0.017575533720394963,1310.909033203125,1384.0419604492188,1288.4366765210357,1322.8141492721404,0.012832231092200993,11,4,2
2024-11-14,1253.5999755859375,1272.5999755859375,1251.0999755859375,1267.5999755859375,1256.746826171875,12612633,0.012419639147505102,0.012343148105486947,1306.505810546875,1379.1452490234376,1283.561314928857,1317.9202734869357,0.011467323734226756,11,4,3
2024-11-18,1267.5999755859375,1272.9000244140625,1243.9000244140625,1260.75,1249.9554443359375,13620611,-0.0054039379248916886,-0.005418592014476392,1301.6205017089844,1374.5405151367188,1278.3911809914848,1312.8858416979729,0.011281468506695164,11,4,0
2024-11-19,1260.75,1281.5,1235.1500244140625,1241.6500244140625,1231.0189208984375,14183746,-0.015149758756049403,-0.015265688715444268,1295.297607421875,1370.1152319335938,1271.10314097717,1306.8216253424519,0.011396862731117414,11,4,1
2024-11-21,1241.6500244140625,1243.949951171875,1217.25,1223.0,1212.528564453125,19433843,-0.015020367381370248,-0.015134315568369864,1289.3316223144532,1365.367236328125,1262.0916676657785,1299.8369541654647,0.010752959982631686,11,4,3
2024-11-22,1229.4000244140625,1268.8499755859375,1222.449951171875,1265.4000244140625,1254.565673828125,20471957,0.03466896418556509,0.034081534190569675,1285.7066772460937,1361.4783227539062,1260.9338224599858,1296.4835259923284,0.012661973011346578,11,4,4
2024-11-25,1290.0,1304.449951171875,1282.449951171875,1287.0,1275.9805908203125,28923341,0.017069586263143144,0.016925537796608565,1283.0892700195313,1358.2164916992188,1263.2487099000361,1294.9647900536604,0.013165424058240454,11,4,0
2024-11-26,1294.949951171875,1297.8499755859375,1284.199951171875,1295.699951171875,1284.6060791015625,9247557,0.006759889878657832,0.006737144270738832,1281.4955322265625,1354.566015625,1266.5344590079633,1294.1974781312829,0.013254388514165476,11,4,1
2024-11-27,1293.5,1303.8499755859375,1286.0,1293.199951171875,1282.1275634765625,9572746,-0.0019293973968529388,-0.0019312610815885737,1279.4556518554687,1351.0082397460938,1268.9333981569785,1293.3034103790815,0.013248267101895151,11,4,2
2024-11-28,1289.949951171875,1296.5999755859375,1269.050048828125,1270.800048828125,1259.91943359375,15027412,-0.01732131069906484,-0.01747307971341869,1276.0252807617187,1347.0315844726563,1267.5466343780201,1290.8305232097978,0.01309318288179601,11,4,3
2024-11-29,1280.0,1299.5,1275.25,1292.199951171875,1281.1361083984375,13202307,0.016839707555085237,0.016699491620670012,1273.4624084472657,1343.4604223632812,1269.6373226888536,1290.1124184089563,0.013428787171030118,11,4,4
2024-12-02,1288.0,1311.3499755859375,1277.050048828125,1309.1500244140625,1297.9410400390625,11024152,0.013117210209329766,0.013031924604047547,1272.3272094726562,1340.4008447265626,1273.991740742732,1290.6923163074828,0.01368090769756003,12,4,0
2024-12-03,1317.0,1326.800048828125,1307.0,1323.300048828125,1311.969970703125,16869482,0.01080860395911376,0.01075060852487341,1271.5662841796875,1337.4984106445313,1279.8345453520233,1292.2684388553082,0.013842257131317105,12,4,1
2024-12-04,1326.0,1328.4000244140625,1304.050048828125,1308.949951171875,1297.74267578125,19608540,-0.010844222992581254,-0.0109034501495981,1271.903369140625,1333.9892138671876,1282.589642341135,1292.6739378868594,0.013872777049639396,12,4,2
2024-12-05,1314.3499755859375,1329.949951171875,1306.1500244140625,1322.050048828125,1310.7305908203125,16858723,0.010008081942164404,0.009958332744087922,1272.7336975097655,1330.59205078125,1286.9190190302393,1294.011467733782,0.013618330180909008,12,4,3
2024-12-06,1323.9000244140625,1323.9000244140625,1310.0,1311.550048828125,1300.320556640625,9037514,-0.007942161610169252,-0.007973868568466288,1272.0496154785155,1327.0660034179687,1288.9807940472217,1294.4788076528073,0.013676053945213276,12,4,4
2024-12-09,1303.0,1315.0,1293.0999755859375,1295.1500244140625,1284.0609130859375,14650002,-0.012504334774722237,-0.01258317186178298,1271.5291137695312,1323.1240478515624,1288.223889283947,1293.707111758965,0.013843439842869846,12,4,0
2024-12-10,1289.25,1294.9000244140625,1280.199951171875,1284.8499755859375,1273.8489990234375,16043729,-0.007952826815636138,-0.00798461921463146,1271.5836364746094,1318.8985375976563,1286.012367705407,1292.2361404452222,0.013825574349467247,12,4,1
2024-12-11,1285.0,1290.0,1276.050048828125,1278.199951171875,1267.2559814453125,11724373,-0.005175666490439101,-0.0051891066468175385,1271.8562866210937,1313.9814990234374,1283.1267698192387,1290.3857582970807,0.01379962627869807,12,4,2
2024-12-12,1270.0,1278.199951171875,1260.5999755859375,1262.9000244140625,1252.0870361328125,20906813,-0.011969914156727657,-0.012042130439526576,1271.2936462402345,1309.74458984375,1278.3514261751732,1287.5488159145423,0.013890735967742117,12,4,3
2024-12-13,1260.0,1275.199951171875,1239.5999755859375,1272.8499755859375,1261.9517822265625,28630222,0.007878642465797059,0.007847768022022271,1272.3247375488281,1305.9379638671876,1275.828404029233,1285.6527393450624,0.013979155106311578,12,4,4
2024-12-16,1275.0,1281.0,1266.550048828125,1268.300048828125,1257.4407958984375,9486781,-0.003574610687712587,-0.003581014874702006,1272.3594360351562,1303.1882104492188,1272.9995412398798,1283.5629657564234,0.013919941659161356,12,4,0
2024-12-17,1261.050048828125,1263.9000244140625,1242.800048828125,1245.300048828125,1234.6378173828125,17462791,-0.01813443510820112,-0.018300879294755525,1271.5935546875,1300.3878955078126,1267.0977375695618,1279.9388806917116,0.014184259173056196,12,4,1
2024-12-18,1240.6500244140625,1259.949951171875,1240.6500244140625,1253.25,1242.5196533203125,12670179,0.006383925574390714,0.0063636346329751835,1272.1685913085937,1298.0585107421875,1263.3164938389082,1277.167086071608,0.013454393555800819,12,4,2
2024-12-19,1239.0,1244.9000244140625,1229.0,1230.449951171875,1219.914794921875,14244653,-0.01819275722362368,-0.018360280346918553,1272.5379028320312,1294.7490893554686,1256.6393093901338,1272.9261756160722,0.013786040057805983,12,4,3
2024-12-20,1224.0,1239.5,1201.5,1205.300048828125,1194.9803466796875,20312896,-0.020439499828989516,-0.02065127712316786,1269.5586364746093,1291.3920825195312,1247.1533151269882,1267.1524105096735,0.013792120757438924,12,4,4
2024-12-23,1215.0,1227.199951171875,1213.199951171875,1222.300048828125,1211.834716796875,10052824,0.014104307375446101,0.014005767112688049,1266.3513427734374,1288.4425561523437,1241.7196846146633,1263.0548035679847,0.01395095614885285,12,4,0
2024-12-24,1222.300048828125,1233.550048828125,1221.0,1222.75,1212.2808837890625,6734917,0.00036817478984829677,0.0003681070301414572,1262.7350830078126,1285.4811328125,1237.1906383338016,1259.2937724732496,0.013677737547599218,12,4,1
2024-12-26,1224.25,1227.699951171875,1214.25,1216.550048828125,1206.1339111328125,10016178,-0.005070584497742225,-0.0050834835335586675,1258.935400390625,1282.3883422851563,1232.4126803028803,1255.3560049665505,0.013629795563382736,12,4,3
2024-12-27,1218.300048828125,1227.9000244140625,1217.0,1221.050048828125,1210.595458984375,7000397,0.003699048513918557,0.00369222385860747,1256.4692016601562,1279.94990234375,1229.056184715418,1252.040408967871,0.013653818942476447,12,4,4
2024-12-30,1216.4000244140625,1223.199951171875,1208.0999755859375,1210.699951171875,1200.3338623046875,8818766,-0.0084764870077213,-0.008512616737381793,1252.4290893554687,1277.106953125,1224.637365882998,1248.2102944002277,0.013385327007534585,12,4,0
2024-12-31,1208.0,1219.0999755859375,1206.1500244140625,1215.449951171875,1205.043212890625,6405475,0.003923367267915978,0.003915690934057071,1247.784197998047,1274.311591796875,1221.6228808072483,1245.0127328069239,0.01317918408414586,12,4,1
2025-01-01,1214.8499755859375,1226.300048828125,1211.5999755859375,1221.25,1210.7935791015625,5892590,0.004771917014613658,0.00476056751022377,1242.7253784179688,1271.5742309570312,1219.956834390989,1242.4779806806007,0.013201268078639819,1,1,2
2025-01-02,1221.25,1244.449951171875,1220.0,1241.800048828125,1231.167724609375,15486276,0.016827100720942623,0.016687093489283423,1239.396630859375,1269.0480493164061,1221.6815867322791,1241.640183934584,0.013307941505304007,1,1,3
2025-01-03,1243.9000244140625,1262.050048828125,1235.5,1251.1500244140625,1240.4376220703125,15521102,0.0075293538610903266,0.007501149760270407,1235.881982421875,1267.2198364257813,1224.567130630438,1241.5511052779711,0.01305959703296579,1,1,4
2025-01-06,1253.949951171875,1262.0,1215.0,1218.0,1207.571533203125,14816766,-0.02649555953674909,-0.02685289284155837,1231.24453125,1264.8299755859375,1221.9524233339282,1239.0340999390937,0.012351589115369465,1,1,0
2025-01-07,1222.0,1244.5,1221.25,1240.8499755859375,1230.2257080078125,10070505,0.018760110007393527,0.018586309457331328,1228.5527709960938,1262.8679150390626,1223.2252363606797,1238.3816264627026,0.012441333309682672,1,1,1
2025-01-08,1249.0,1271.050048828125,1245.3499755859375,1265.5,1254.664794921875,19346579,0.019865530979382928,0.0196707862323746,1227.5935607910155,1261.6315942382812,1228.0620915239404,1239.587787089308,0.012948111300630973,1,1,2
2025-01-09,1267.0,1269.75,1248.050048828125,1254.75,1244.0068359375,12794704,-0.008494666485831082,-0.008530951799065154,1226.431103515625,1260.0532275390624,1230.5151291260263,1239.915124041026,0.013024780029151214,1,1,3
2025-01-10,1253.8499755859375,1256.75,1236.0,1241.9000244140625,1231.266845703125,8120332,-0.01024109342998425,-0.010293894228590426,1225.3900939941407,1258.10802734375,1230.6307778301953,1239.274510830811,0.012779239394481598,1,1,4
2025-01-13,1230.0,1245.25,1226.4000244140625,1239.8499755859375,1229.234375,13764861,-0.0016507150421680716,-0.001652078973424508,1223.7542236328125,1256.04484375,1230.4159466255499,1238.5307970655658,0.012343209266602652,1,1,0
2025-01-14,1244.0999755859375,1253.3499755859375,1227.25,1238.75,1228.143798828125,13095266,-0.0008871995398558319,-0.0008875933343009875,1222.289373779297,1254.1948193359376,1230.066385425946,1237.7613897887184,0.012040105474667518,1,1,1
2025-01-15,1244.949951171875,1257.0,1241.8499755859375,1252.199951171875,1241.478515625,9578856,0.010857618472363662,0.010799097748975453,1222.6314086914062,1252.4806201171875,1231.822097764262,1238.0367324432577,0.012041874505696678,1,1,2
2025-01-16,1258.9000244140625,1275.0,1251.300048828125,1266.449951171875,1255.6065673828125,14117603,0.011380021144143493,0.011315755804553483,1223.2857543945313,1251.7727319335938,1235.4812469363467,1239.3382016980395,0.012147467499668902,1,1,3
2025-01-17,1322.25,1326.0,1285.0,1302.3499755859375,1291.19921875,29366277,0.028346977701285025,0.02795263703034306,1226.8499755859375,1251.7142358398437,1244.0532425999857,1243.1797585167033,0.013142663135647534,1,1,4
2025-01-20,1316.0,1316.0,1300.25,1305.449951171875,1294.272705078125,14040244,0.0023803347179069956,0.002377506208865318,1231.8145935058594,1251.3196459960936,1251.7793137504686,1246.9644212249568,0.013073797162382371,1,1,0
2025-01-21,1310.5,1313.0,1270.199951171875,1273.699951171875,1262.7945556640625,14562976,-0.024321110451110406,-0.024621753313337536,1234.3625854492188,1250.6861181640625,1253.47396635256,1248.1370237760016,0.013627538069654352,1,1,1
2025-01-22,1278.300048828125,1282.9000244140625,1268.699951171875,1277.0999755859375,1266.16552734375,10273590,0.0026694537639297966,0.002665897100390792,1237.056817626953,1250.5542578125,1255.4265141973585,1249.4724684847238,0.013564171971334991,1,1,2
2025-01-23,1270.0,1277.3499755859375,1261.5999755859375,1263.6500244140625,1252.8306884765625,8720682,-0.01053167108029096,-0.010587521607179465,1239.3916564941405,1250.3748120117189,1255.0271563941592,1249.7212255211562,0.01366796166003257,1,1,3
2025-01-24,1266.0,1273.0,1243.5,1246.300048828125,1235.6292724609375,14235970,-0.013730040438697966,-0.01382516919535025,1240.6433471679688,1249.8206005859374,1252.042866558279,1248.6773771463252,0.013723487401769425,1,1,4
2025-01-27,1239.0999755859375,1240.449951171875,1220.0,1229.3499755859375,1218.82421875,9536019,-0.013600401095603454,-0.013693733757798334,1241.5678649902343,1249.3704858398437,1246.9323053570051,1246.4660320799308,0.013839201142083373,1,1,0
2025-01-28,1238.0,1244.75,1218.5,1234.4000244140625,1223.8310546875,10568025,0.004107922914950768,0.004099508435763076,1242.507257080078,1248.7121704101562,1243.3782667924659,1244.7893670878989,0.013862237030714557,1,1,1
2025-01-29,1236.0,1242.75,1228.050048828125,1235.5,1224.921630859375,5928156,0.0008911166028169326,0.0008907197941347305,1243.2136596679688,1248.211494140625,1240.5387843412211,1243.3176829228232,0.013472024052787154,1,1,2
2025-01-30,1235.550048828125,1257.0,1232.4000244140625,1253.050048828125,1242.3214111328125,9269259,0.01420481101409754,0.014104868021738333,1243.7713439941406,1248.4375439453124,1240.8130346168505,1243.2438850124522,0.013677436994251304,1,1,3
2025-01-31,1255.8499755859375,1267.0,1249.0,1265.0999755859375,1254.2681884765625,6584612,0.0096164947627011,0.009570550590031075,1244.462872314453,1249.2723364257813,1242.8830582875753,1244.0605000838677,0.013334012411641935,1,1,4
2025-02-01,1265.0999755859375,1270.550048828125,1241.0,1264.5999755859375,1253.7724609375,7118453,-0.00039523248984307813,-0.0003953106147892814,1246.7729187011719,1249.2564721679687,1244.5583510029483,1244.7799045915442,0.01270961564865033,2,1,5
2025-02-03,1251.0,1256.0,1237.550048828125,1245.9000244140625,1235.232666015625,9252345,-0.014787208604033264,-0.0148976292674954,1247.0232666015625,1248.441513671875,1243.1236302356676,1244.0727017340687,0.012829779833989786,2,1,0
2025-02-04,1248.050048828125,1288.800048828125,1246.5999755859375,1285.199951171875,1274.196044921875,16691069,0.03154335209732628,0.03105608085475968,1247.9998291015625,1248.2333129882813,1247.9040017258535,1246.304060488721,0.014008894754073497,2,1,1
2025-02-05,1282.6500244140625,1290.5,1276.699951171875,1278.199951171875,1267.2559814453125,10112028,-0.005446621423933262,-0.005461508346629045,1249.162286376953,1247.9358813476563,1250.881229375001,1247.8560546336537,0.014015380634562027,2,1,2
2025-02-06,1273.699951171875,1288.0,1270.3499755859375,1281.550048828125,1270.577392578125,9956001,0.0026209472919784815,0.0026175185992667314,1251.1278137207032,1248.1490405273437,1253.911408329328,1249.5391167036146,0.0140115762045063,2,1,3
2025-02-07,1276.1500244140625,1283.699951171875,1262.0,1266.699951171875,1255.8544921875,8764283,-0.01158756678390982,-0.011655225812753585,1252.4588195800782,1247.643408203125,1254.2103443075084,1250.0069222950135,0.014100781502705204,2,1,4
2025-02-10,1264.5,1266.5,1245.550048828125,1253.6500244140625,1242.916259765625,6970972,-0.010302333990412138,-0.010355770362975752,1253.197442626953,1246.5429125976561,1252.4727928395264,1249.4816880335773,0.01425841763982074,2,1,0
2025-02-11,1264.550048828125,1264.550048828125,1230.0999755859375,1234.8499755859375,1224.2772216796875,8859714,-0.014996213895739241,-0.015109794056764578,1252.3373779296876,1244.7890576171876,1248.1350126610896,1247.6146905258818,0.014538343058139927,2,1,1
2025-02-12,1219.449951171875,1226.9000244140625,1193.3499755859375,1216.550048828125,1206.1339111328125,21131654,-0.014819609664862288,-0.014930517181575044,1249.8637451171876,1242.9568823242187,1241.6733047336622,1244.5420402004693,0.014458553679177174,2,1,2
2025-02-13,1217.050048828125,1228.0,1212.0,1216.0999755859375,1205.6876220703125,8511216,-0.0003700161801112323,-0.00037008465298924044,1245.5881652832031,1240.8560229492186,1236.1370458623776,1241.663935153791,0.014377408426394048,2,1,3
2025-02-14,1219.0,1224.0,1205.449951171875,1217.25,1206.827880859375,10298145,0.0009457331801288049,0.0009452862562630963,1241.2159240722656,1238.9861694335937,1231.6279435542233,1239.083486687538,0.013537757525335892,2,1,4
2025-02-17,1211.0999755859375,1227.5,1204.5,1224.9000244140625,1214.4124755859375,8166683,0.0062847360811397746,0.006265069483906232,1238.7968200683595,1237.5932006835938,1228.9794100206407,1237.2560043837157,0.013129213421134722,2,1,0
2025-02-18,1224.8499755859375,1229.9000244140625,1216.0999755859375,1225.4000244140625,1214.908203125,6673250,0.00040820359558924046,0.0004081203031675876,1236.233953857422,1236.414384765625,1226.8146089597728,1235.600611697885,0.012564684915411508,2,1,1
2025-02-19,1219.5,1232.75,1217.550048828125,1227.449951171875,1216.9404296875,6217338,0.0016727408352932294,0.001671343362531663,1234.4394409179688,1235.4080737304687,1225.2955044563462,1234.2183759934119,0.012492384524748632,2,1,2
2025-02-20,1223.949951171875,1239.3499755859375,1222.0,1233.0,1222.4429931640625,7795582,0.004521637495415787,0.004511445603740273,1233.780126953125,1234.8151928710938,1224.8566565652256,1233.3461254134602,0.01239223261162713,2,1,3
2025-02-21,1228.699951171875,1240.0,1222.1500244140625,1228.1500244140625,1217.634521484375,6904025,-0.003933493591583903,-0.003941250124364096,1233.7206420898438,1233.92884765625,1223.7455588604794,1232.1823029001946,0.01240866258616397,2,1,4
2025-02-24,1216.550048828125,1223.25,1210.5,1214.550048828125,1204.151123046875,7172498,-0.011073436404433479,-0.011135203305847666,1232.7366455078125,1232.8630541992188,1220.731030273771,1230.105919207356,0.01256530484536565,2,1,0
2025-02-25,1211.0,1221.0,1201.5,1204.0,1193.69140625,11552182,-0.008686382129851511,-0.00872432865224079,1231.1751342773437,1232.0441259765626,1216.571088116268,1227.4085478771815,0.012457965050785755,2,1,1
2025-02-27,1212.800048828125,1215.0,1200.6500244140625,1207.0999755859375,1196.7647705078125,11509215,0.0025746723497552804,0.0025713635590520673,1228.8973022460937,1231.1290283203125,1213.5239623303517,1225.1386384424136,0.012252590638462653,2,1,3
2025-02-28,1202.0,1217.3499755859375,1193.300048828125,1200.0999755859375,1189.82470703125,23007298,-0.005799020532345489,-0.005815900140341695,1225.6751281738282,1230.5272265625,1209.8779230535667,1222.5227916712163,0.010892301135922966,2,1,4
2025-03-03,1204.0,1206.449951171875,1156.0,1171.25,1161.2216796875,17944938,-0.024039698599903736,-0.024333368191269807,1221.047589111328,1229.8520532226562,1202.392347151095,1217.9819685613113,0.011520297444345087,3,1,0
2025-03-04,1162.199951171875,1174.0,1159.550048828125,1161.9000244140625,1151.9517822265625,11377373,-0.007982883563999676,-0.008014917374346425,1216.883544921875,1228.65439453125,1194.6322602396285,1213.0908436476261,0.010872235179566512,3,1,1
2025-03-05,1161.0,1183.0,1157.0,1175.5999755859375,1165.534423828125,8664095,0.011790981021192692,0.011722009039956212,1211.4504638671874,1227.7194653320312,1190.1556700224742,1209.5681458832187,0.011160009591405819,3,1,2
2025-03-06,1197.0,1213.949951171875,1185.1500244140625,1209.5999755859375,1199.2432861328125,14468014,0.02892137856724375,0.028511048264477364,1208.0498291015624,1227.5816528320313,1191.5537648086802,1208.8033414572628,0.012454404196792732,3,1,3
2025-03-07,1216.0,1254.800048828125,1212.0,1249.800048828125,1239.0992431640625,16474965,0.03323425487731768,0.03269393584919259,1206.4759216308594,1228.151728515625,1198.8684537864312,1211.0474823244333,0.013734548958714584,3,1,4
2025-03-10,1245.0,1258.0,1235.4000244140625,1238.4000244140625,1227.796875,11931051,-0.0091214390020945,-0.009163294040024108,1205.0730407714843,1228.7009887695312,1203.3189801269803,1212.288178078179,0.01360325814831596,3,1,0
2025-03-11,1240.0,1249.5,1229.75,1247.300048828125,1236.62060546875,10089838,0.007186637014978459,0.007160936200672365,1204.7582580566407,1229.3325366210938,1208.4423071026372,1214.09058010711,0.013644267555906977,3,1,1
2025-03-12,1258.0,1263.0,1244.0,1257.050048828125,1246.2872314453125,11977555,0.007816969840073407,0.007786575622369879,1205.8587585449218,1230.0424096679687,1214.2646031553566,1216.4755172432733,0.013710667058476074,3,1,2
2025-03-13,1260.050048828125,1264.1500244140625,1243.8499755859375,1247.9000244140625,1237.2154541015625,9505270,-0.007279042194173413,-0.007305663686450899,1207.4128356933593,1230.1633642578124,1217.7955033009266,1218.0118088624058,0.01353916478697036,3,1,3
2025-03-17,1242.1500244140625,1257.4000244140625,1233.0999755859375,1238.8499755859375,1228.242919921875,16640917,-0.007252200212939597,-0.007278625254208839,1208.5406005859375,1229.9194702148438,1219.402798165688,1218.769668940885,0.013474019485318343,3,1,0
2025-03-18,1238.8499755859375,1238.8499755859375,1238.8499755859375,1238.8499755859375,1228.242919921875,0,0.0,0.0,1209.6113525390624,1230.3328979492187,1220.762816897409,1219.4713912357731,0.013474431625293744,3,1,1
2025-03-19,1241.050048828125,1253.25,1238.800048828125,1247.1500244140625,1236.471923828125,16162399,0.006699817904729732,0.006677473869872399,1210.7143249511719,1230.457822265625,1223.1796025790577,1220.7306899463176,0.013263646270034036,3,1,2
2025-03-20,1251.8499755859375,1273.0,1250.050048828125,1269.1500244140625,1258.283447265625,15971477,0.017640128350000284,0.017486347132419804,1212.8830871582031,1230.5301953125,1228.5801940692988,1223.5123756736737,0.012338371108472494,3,1,3
2025-03-21,1275.0,1281.0,1270.0999755859375,1276.3499755859375,1265.421875,21780769,0.005673147612239138,0.0056571159152010615,1215.3071594238281,1230.95849609375,1234.2481449817144,1226.6167830311792,0.01234687203243975,3,1,4
2025-03-24,1291.0,1306.0,1284.25,1302.0999755859375,1290.951416015625,20299319,0.020174727116697655,0.019973913720624136,1218.7325805664063,1232.1521875,1242.9717251407776,1231.3823114003974,0.012878631311052947,3,1,0
2025-03-25,1307.699951171875,1307.699951171875,1282.5999755859375,1285.449951171875,1274.4439697265625,13713899,-0.012787039143588252,-0.012869497010783177,1221.5730529785155,1233.0563793945312,1247.813608923206,1234.5720638690022,0.012919602118014045,3,1,1
2025-03-26,1291.0,1293.800048828125,1268.75,1273.050048828125,1262.150146484375,12074747,-0.009646421132837424,-0.009693249245642322,1224.4730041503906,1233.7365063476564,1250.0192300864626,1236.6148848034743,0.012901110072656433,3,1,2
2025-03-27,1278.1500244140625,1285.0,1271.300048828125,1278.199951171875,1267.2559814453125,15028056,0.004045346724523613,0.004037186309864146,1228.1512329101563,1234.2520556640625,1252.671037987824,1238.8845956658326,0.01257195727753421,3,1,3
2025-03-28,1280.0,1295.75,1269.0,1275.0999755859375,1264.1824951171875,18147129,-0.002425308203808707,-0.002428254027734958,1231.522119140625,1234.42357421875,1254.4420313923417,1240.7585141437107,0.012225330037290486,3,1,4
2025-04-01,1264.5999755859375,1277.9000244140625,1249.300048828125,1252.5999755859375,1241.8751220703125,12099648,-0.017645690501992828,-0.017803231732313754,1234.1246398925782,1233.4370922851563,1252.5086607274143,1240.8412258419776,0.012720124523842772,4,2,1
2025-04-02,1247.550048828125,1255.550048828125,1243.9000244140625,1251.1500244140625,1240.4376220703125,10142590,-0.0011575237916060521,-0.0011581942396931306,1238.0854370117188,1232.360390625,1250.651577857091,1240.8113292662986,0.012726593202304003,4,2,2
2025-04-03,1233.050048828125,1251.800048828125,1233.050048828125,1248.699951171875,1238.008544921875,7434366,-0.001958242079422967,-0.0019601619422239622,1242.3882751464844,1231.8646704101564,1248.7064958670578,1240.603715611156,0.01269737375660114,4,2,3
2025-04-04,1241.0999755859375,1245.449951171875,1193.1500244140625,1204.699951171875,1194.38525390625,17908652,-0.035236663910407695,-0.03587245529680762,1243.8308166503907,1230.4290649414063,1240.3493817192414,1237.180125855237,0.01429473462562077,4,2,4
2025-04-07,1132.199951171875,1171.25,1114.8499755859375,1165.699951171875,1155.71923828125,22156106,-0.032373152212439305,-0.032908753847858796,1241.6546142578125,1228.4868359375,1227.329359651858,1231.1459860349419,0.015425560412399383,4,2,0
2025-04-08,1172.0,1196.5999755859375,1163.300048828125,1182.199951171875,1172.0780029296875,19555040,0.014154618272830488,0.014055377048341235,1238.3035522460937,1227.215810546875,1218.8291509253704,1226.770579878997,0.015656006508739866,4,2,1
2025-04-09,1169.5,1189.800048828125,1168.0,1185.3499755859375,1175.2010498046875,10223104,0.0026645384242292014,0.0026609948350128023,1235.673760986328,1226.3433471679687,1212.1171353683424,1222.9506146883075,0.015663828577387066,4,2,2
2025-04-11,1195.1500244140625,1222.6500244140625,1195.1500244140625,1218.949951171875,1208.5133056640625,11224242,0.02834600587270697,0.027951691990333864,1234.2683959960937,1226.0369921875,1211.5627000292225,1221.8811843902154,0.01642977379415272,4,2,4
2025-04-15,1251.0,1251.0,1237.0999755859375,1240.0999755859375,1229.4822998046875,13378535,0.01735106601006997,0.01720225514944161,1233.4281494140625,1226.1282055664062,1214.3195615331401,1222.4442299764726,0.016627894448872114,4,2,1
2025-04-16,1234.0999755859375,1240.9000244140625,1229.0,1239.300048828125,1228.689208984375,8248464,-0.0006450607873236258,-0.0006452689285472714,1233.0018371582032,1225.8555615234375,1216.5302765256379,1222.906821014095,0.016628565684683752,4,2,2
2025-04-17,1240.199951171875,1280.199951171875,1227.5999755859375,1274.5,1263.5877685546875,15398401,0.028403081361119353,0.028007192672241346,1234.7690795898438,1226.041953125,1223.769890683953,1225.9202245356203,0.017304252540067143,4,2,3
2025-04-21,1270.0,1300.9000244140625,1267.0,1295.5,1284.407958984375,10429964,0.016477043342625786,0.016342769810214163,1237.5773315429688,1226.6546630859375,1233.0988242686333,1230.252649309602,0.0167622109988413,4,2,0
2025-04-22,1300.0,1303.9000244140625,1286.300048828125,1291.199951171875,1280.1446533203125,13051707,-0.0033192768965972785,-0.0033247979167371684,1239.760968017578,1227.5529028320314,1240.3366441227379,1233.9483533103953,0.016673413983037396,4,2,1
2025-04-23,1297.0,1306.0,1285.4000244140625,1300.0,1288.869384765625,10480888,0.006815426227561927,0.00679230619934806,1241.290264892578,1227.8463696289064,1247.803219606259,1238.0165778626347,0.01661436396569953,4,2,2
2025-04-24,1292.4000244140625,1304.5,1290.300048828125,1301.5999755859375,1290.4556884765625,10468940,0.0012307715038371025,0.001230014725473625,1242.5419555664062,1228.3103637695312,1254.365137893998,1241.9009564266291,0.01590702639809123,4,2,3
2025-04-25,1303.5,1325.199951171875,1288.0999755859375,1300.4000244140625,1289.2659912109375,14431012,-0.0009219202768825374,-0.0009223455067531163,1242.4576843261718,1228.6841357421874,1259.734499942758,1245.4094775217632,0.014821819629811307,4,2,4
2025-04-28,1340.0,1374.5999755859375,1320.199951171875,1368.800048828125,1357.080322265625,31104496,0.052599177762373994,0.051262512788057255,1246.589501953125,1230.70865234375,1274.7107803001222,1253.6813919472343,0.017371034100747203,4,2,0
2025-04-29,1371.0,1410.9000244140625,1370.0,1399.699951171875,1387.7156982421875,32538970,0.0225744751242265,0.022323442589696704,1252.8677795410156,1233.6046411132813,1292.0961522912094,1263.6098590801937,0.01770793897807198,4,2,1
2025-04-30,1402.0,1412.4000244140625,1369.0,1405.0,1392.9703369140625,25480745,0.0037865383223170124,0.003779387431813223,1259.153497314453,1236.9785034179688,1307.615257617802,1273.1921166975173,0.017693269577615394,4,2,2
2025-05-02,1414.0,1426.699951171875,1409.0999755859375,1419.800048828125,1407.6436767578125,13007841,0.010533849468939094,0.010478755043143157,1266.3265563964844,1241.0086987304687,1323.0042451778036,1283.1514915167986,0.017605018424588156,5,2,4
2025-05-05,1431.0,1439.5,1426.9000244140625,1431.300048828125,1419.0452880859375,12685649,0.008099785134819015,0.00806715793897903,1275.1850646972657,1245.2758520507812,1337.7797902405935,1293.217698670068,0.017475478914271345,5,2,0
2025-05-06,1431.0,1432.0,1410.5999755859375,1420.9000244140625,1408.7342529296875,14084117,-0.007266177649733696,-0.007292704897796054,1283.5998962402343,1249.3139794921874,1348.6958614235311,1301.774480467077,0.017596695967524327,5,2,1
2025-05-07,1420.9000244140625,1424.4000244140625,1402.699951171875,1406.0,1393.9617919921875,13440169,-0.010486336160832499,-0.0105417052029552,1291.39755859375,1252.9049658203126,1355.659850741786,1308.6031702096777,0.017808816088693284,5,2,2
2025-05-08,1404.0999755859375,1420.800048828125,1398.0,1407.0,1394.9532470703125,16106175,0.0007112498232164643,0.0007109970049318225,1301.425958251953,1256.5058666992188,1361.7049886384823,1314.9994721993544,0.01763419413017591,5,2,3
2025-05-09,1385.5,1394.800048828125,1374.5,1377.199951171875,1365.408447265625,13668904,-0.021179777793082,-0.021407287423813114,1311.910418701172,1259.4752270507813,1362.2747515041967,1318.7334703524116,0.01819745589884542,5,2,4
2025-05-12,1400.0,1439.0,1400.0,1436.5,1424.20068359375,10674081,0.043058351107950754,0.042157119907199184,1324.516552734375,1263.510380859375,1371.8018179795126,1326.5458565184367,0.01939549637836893,5,2,0
2025-05-13,1433.5,1447.699951171875,1412.4000244140625,1415.699951171875,1403.5787353515625,11407896,-0.014479664614505894,-0.01458551801524663,1335.9354370117187,1267.2292651367188,1376.6905744982896,1332.251995691261,0.019446782561488518,5,2,1
2025-05-14,1420.0,1429.9000244140625,1415.5,1424.4000244140625,1412.2042236328125,5570160,0.0061453540610170165,0.006126548378474156,1346.1199829101563,1271.3903271484376,1382.1542128266776,1338.1743829461907,0.019294489547170997,5,2,2
2025-05-15,1425.0,1461.4000244140625,1412.699951171875,1454.199951171875,1441.7491455078125,20177211,0.02092113971943621,0.020705297922747206,1356.7333251953125,1276.3514819335937,1391.3226640083906,1345.846587580385,0.019542379063977693,5,2,3
2025-05-16,1453.199951171875,1461.0,1447.300048828125,1456.4000244140625,1443.9302978515625,9036695,0.0015128514905287105,0.001511708283568839,1367.495379638672,1281.2947924804687,1399.4161461381093,1353.1120476004721,0.019507502859881728,5,2,4
2025-05-19,1452.0999755859375,1454.5999755859375,1438.199951171875,1440.800048828125,1428.4638671875,6195791,-0.010711341598050206,-0.010769120984368483,1375.7391845703125,1286.0675756835938,1403.885026299554,1358.693663866178,0.019274219013545955,5,2,0
2025-05-20,1438.199951171875,1445.0,1421.800048828125,1424.5999755859375,1412.402587890625,11270560,-0.011243742082533759,-0.011307430800235224,1382.138916015625,1291.0911938476563,1405.195420390488,1362.6721026828038,0.01946969188230744,5,2,1
2025-05-21,1423.9000244140625,1436.199951171875,1418.0999755859375,1429.199951171875,1416.963134765625,6136364,0.003228928433082867,0.003223726638144457,1388.9798400878906,1296.3914208984374,1407.0058379866628,1366.6936606148647,0.01943318613066836,5,2,2
2025-05-22,1421.199951171875,1423.800048828125,1396.9000244140625,1409.4000244140625,1397.332763671875,12134466,-0.013853833322909237,-0.013950693300255943,1394.403009033203,1301.0273876953124,1405.5176727074645,1368.963223804273,0.018275888100542915,5,2,3
2025-05-23,1406.5999755859375,1433.800048828125,1406.5999755859375,1426.800048828125,1414.5838623046875,6474883,0.012345734016484755,0.012270146925169765,1400.6094177246093,1305.33419921875,1406.9124711070374,1372.3425303598592,0.016857013271505645,5,2,4
2025-05-26,1432.0,1441.0,1425.0999755859375,1434.800048828125,1422.5152587890625,4842944,0.0056068761250060994,0.005591216103663253,1407.2718811035156,1309.00251953125,1409.3128999811952,1376.0590287620225,0.01680222826521093,5,2,0
2025-05-27,1426.0999755859375,1437.0,1413.9000244140625,1422.0999755859375,1409.9239501953125,12640414,-0.008851440092437768,-0.008890846798027239,1409.9140625,1312.6450610351562,1409.406907706444,1378.5675414607847,0.017025542840115426,5,2,1
2025-05-28,1420.0999755859375,1422.5999755859375,1410.699951171875,1412.9000244140625,1400.802734375,5944611,-0.006469296318463824,-0.006490312906617755,1410.5684143066405,1315.9287036132812,1408.0831887323757,1380.2145927877636,0.016648182815073038,5,2,2
2025-05-29,1412.0999755859375,1420.0,1408.5999755859375,1417.800048828125,1405.660888671875,13771917,0.003468121654575773,0.0034621215893058986,1411.2029418945312,1319.1161767578126,1407.7105271846062,1382.0995035939943,0.016487087801751534,5,2,3
2025-05-30,1418.0,1430.5999755859375,1409.699951171875,1420.9000244140625,1408.7342529296875,13788484,0.0021864194149390226,0.0021840326783150767,1411.257470703125,1322.546552734375,1407.8680234530802,1384.072447989231,0.01646409695825274,5,2,4
2025-06-02,1412.0999755859375,1417.5,1395.5999755859375,1413.699951171875,1401.5958251953125,8098668,-0.0050672635520357945,-0.005080145668467682,1410.3849975585938,1326.0136108398438,1406.903069874962,1385.3704759304223,0.015927612309919795,6,2,0
2025-06-03,1422.300048828125,1426.5,1403.4000244140625,1405.5,1393.4661865234375,11252626,-0.005800273178426574,-0.005817160093707354,1409.6215942382812,1329.318076171875,1404.8358570516507,1385.9701581965714,0.01582464970950395,6,2,1
2025-06-04,1414.699951171875,1425.699951171875,1406.0999755859375,1423.5,1411.31201171875,8126827,0.012806787396711927,0.012725474001345745,1410.4891052246094,1332.8148779296876,1405.8321885388966,1387.8473325315476,0.015882028050487485,6,2,2
2025-06-05,1428.0,1454.699951171875,1423.5999755859375,1442.4000244140625,1430.0501708984375,13716817,0.013277120171936607,0.013189751696772082,1412.2439514160155,1336.2502124023438,1409.558031978826,1390.9734687068726,0.01597382280209805,6,2,3
2025-06-06,1441.0,1451.5,1437.0,1443.5,1431.1407470703125,8182161,0.0007626139236709406,0.0007623232814284793,1415.53056640625,1339.56458984375,1412.8784496852084,1393.94882265972,0.015976437638854556,6,2,4
2025-06-09,1457.0,1457.5,1445.300048828125,1448.800048828125,1436.3953857421875,7885125,0.0036716435351531462,0.0036649195058283237,1416.1403015136718,1342.4734692382813,1416.4964398478205,1397.0930125176806,0.015953834635733227,6,2,0
2025-06-10,1450.0,1453.9000244140625,1436.0,1438.5,1426.1834716796875,7913181,-0.007109403277025583,-0.007134795505135529,1417.2705383300781,1345.5082592773438,1417.9867524373385,1399.247861344496,0.013119649698505709,6,2,1
2025-06-11,1445.800048828125,1468.5999755859375,1443.0999755859375,1448.9000244140625,1436.4945068359375,8195700,0.007229809741173154,0.007203799955355094,1418.4850524902345,1348.995146484375,1420.8340992678923,1402.0068721216396,0.012566819864414599,6,2,2
2025-06-12,1453.5,1457.0,1434.4000244140625,1441.5999755859375,1429.257080078125,8828114,-0.005038255784043266,-0.005050990586852596,1417.86044921875,1352.2351684570312,1422.1299424694664,1404.0254060443422,0.012608077137806997,6,2,3
2025-06-13,1424.0,1435.5,1414.300048828125,1427.9000244140625,1415.67431640625,9757276,-0.0095033733687242,-0.009548818572424508,1416.4476501464844,1355.2650048828125,1421.1367692289714,1404.8882882933724,0.012612705309912287,6,2,4
2025-06-16,1426.9000244140625,1442.4000244140625,1424.4000244140625,1437.800048828125,1425.4896240234375,8458093,0.006933309097606699,0.006909384232085239,1416.2989379882813,1358.937294921875,1421.8064391973508,1406.4143131622661,0.012589498377349332,6,2,0
2025-06-17,1448.0,1448.0,1425.800048828125,1431.199951171875,1418.946044921875,10366599,-0.004590408089462872,-0.004600976366883102,1416.6261108398437,1362.5074633789063,1421.3663785395854,1407.3425895889038,0.012543978296939082,6,2,1
2025-06-18,1430.0,1442.800048828125,1425.699951171875,1430.0999755859375,1417.85546875,6681735,-0.0007685818469123085,-0.000768877357365692,1416.6707275390625,1366.1044018554687,1420.826238571957,1408.1213213786145,0.012379804395102945,6,2,2
2025-06-19,1430.0999755859375,1439.9000244140625,1425.699951171875,1433.300048828125,1421.0281982421875,10007230,0.002237695986731625,0.0022351960737360226,1417.8554992675781,1370.6372607421874,1420.8573092904542,1409.0773863314719,0.012383243784406986,6,2,3
2025-06-20,1431.0,1471.0,1428.0999755859375,1466.199951171875,1453.6463623046875,29010635,0.022953917524542122,0.022694439546797302,1419.8086242675781,1376.5958032226563,1425.9017789849515,1412.3787919591173,0.01231677999987183,6,2,4
2025-06-23,1453.0,1463.800048828125,1442.0,1456.800048828125,1444.326904296875,5989078,-0.006411090241396078,-0.006431729541337971,1420.8992065429688,1382.04078125,1428.7364136483243,1414.745318798951,0.009682548290034084,6,2,0
2025-06-24,1465.0,1475.0,1443.0999755859375,1450.800048828125,1438.3782958984375,16402744,-0.00411860249971141,-0.004127107302955088,1422.321923828125,1387.304326171875,1430.2197801483417,1416.4959096952093,0.009306826596551385,6,2,1
2025-06-25,1464.0,1472.4000244140625,1460.5,1467.300048828125,1454.737060546875,7525851,0.01137306138106009,0.011308874328862201,1425.0186401367187,1392.2288012695312,1433.9916694404237,1419.3285875360734,0.009456960723059208,6,2,2
2025-06-26,1469.0999755859375,1498.800048828125,1465.0999755859375,1495.300048828125,1482.497314453125,14657893,0.01908266081831589,0.018902870497499565,1428.8604614257813,1397.2891015625,1441.4540763654547,1424.0077524928922,0.009328723222254667,6,2,3
2025-06-27,1499.4000244140625,1522.0,1496.9000244140625,1515.4000244140625,1502.4251708984375,11117052,0.0134420860335005,0.013352542735040345,1433.5450073242187,1402.7638208007813,1450.8342447551445,1429.8164501525623,0.009602818542558624,6,2,4
2025-06-30,1513.800048828125,1524.800048828125,1496.0,1500.5999755859375,1487.7518310546875,8409527,-0.009766436377643628,-0.00981444082805585,1437.8528076171874,1407.2471020507812,1456.5138734166126,1434.1079598490162,0.009563297532399585,6,2,0
2025-07-01,1500.5999755859375,1531.4000244140625,1500.0999755859375,1528.4000244140625,1515.3138427734375,10368523,0.018525947099128137,0.018356432157106604,1443.9451904296875,1411.8652197265626,1465.5600225484318,1440.1232104360104,0.009748751452148272,7,3,1
2025-07-02,1528.4000244140625,1530.0,1508.699951171875,1518.800048828125,1505.7960205078125,6361002,-0.006281089763032099,-0.006300898799123411,1448.6693908691407,1416.3782470703125,1471.7501760806442,1444.9878630339217,0.009874434708391625,7,3,2
2025-07-03,1520.800048828125,1531.9000244140625,1513.0,1517.800048828125,1504.8046875,11283291,-0.000658344818495471,-0.000658561622605288,1452.4071166992187,1420.696953125,1476.835485529776,1449.418738920298,0.009424010533803814,7,3,3
2025-07-04,1524.0,1530.0,1517.199951171875,1527.300048828125,1514.223388671875,6603501,0.006259085481400639,0.006239578759713593,1456.5612487792969,1425.1723071289061,1482.5874706285604,1454.2190833463408,0.009269332620961709,7,3,4
2025-07-07,1526.5999755859375,1544.800048828125,1525.0,1541.5,1528.3016357421875,7251074,0.009297338276263556,0.009254384061402419,1461.156561279297,1429.9530200195313,1489.62041910758,1459.7066798201072,0.009338785117738693,7,3,0
2025-07-08,1536.0,1544.9000244140625,1530.199951171875,1537.5999755859375,1524.4349365234375,7171261,-0.002530062867381666,-0.0025332688851975455,1466.0691345214843,1433.3001123046874,1494.9764987100193,1464.5013655018354,0.009144624254786838,7,3,1
2025-07-09,1536.699951171875,1551.0,1510.0999755859375,1519.0,1505.9942626953125,8870660,-0.01209672737504952,-0.012170488228469705,1469.544122314453,1435.66568359375,1496.6715393231414,1467.5749134420928,0.009392421546118994,7,3,2
2025-07-10,1519.699951171875,1524.699951171875,1507.5,1517.199951171875,1504.2095947265625,10047129,-0.001185043006442732,-0.0011857457251290607,1473.291748046875,1437.89046875,1497.831240154437,1470.2885935372387,0.009413578182879226,7,3,3
2025-07-11,1512.0,1515.0,1490.300048828125,1495.199951171875,1482.3980712890625,7234991,-0.01450032197239437,-0.014606479099100327,1476.6279357910157,1439.385556640625,1495.4569064828409,1471.1855918892256,0.009901117895112544,7,3,4
2025-07-14,1492.199951171875,1500.0,1479.0999755859375,1483.699951171875,1470.9964599609375,10311846,-0.007691329035668826,-0.0077210598512722035,1478.9032775878907,1440.424580078125,1491.6937608640865,1471.1715821167597,0.009974715255592827,7,3,0
2025-07-15,1486.199951171875,1496.5,1482.4000244140625,1485.4000244140625,1472.6820068359375,8132454,0.0011458537942672375,0.0011451978048724564,1481.5900756835938,1441.70353515625,1488.7688756289867,1471.2834654292915,0.009875696467669266,7,3,1
2025-07-16,1473.0,1491.0,1471.5,1485.5999755859375,1472.8802490234375,10409983,0.0001346130302264381,0.00013460397070549533,1484.3413146972657,1443.281904296875,1486.3244715358253,1471.4017456955246,0.009661417222059671,7,3,2
2025-07-17,1487.4000244140625,1489.5999755859375,1473.9000244140625,1476.4000244140625,1463.7591552734375,11854613,-0.006192692010126066,-0.006211946258871454,1486.4778625488282,1444.6580224609374,1482.852884418535,1470.835627886481,0.009493356136771908,7,3,3
2025-07-18,1484.800048828125,1484.800048828125,1469.0999755859375,1476.0,1463.362548828125,10296318,-0.00027095061635218354,-0.00027098733010232626,1486.963671875,1446.6171044921875,1479.8543712507794,1470.282066474751,0.00949544777597537,7,3,4
2025-07-21,1465.0,1476.0,1423.0999755859375,1428.5999755859375,1416.3682861328125,22442744,-0.03211388916092317,-0.032640852719208406,1485.565740966797,1446.4604565429688,1470.0872812326306,1466.288453116089,0.011212858543289593,7,3,0
2025-07-22,1427.4000244140625,1431.9000244140625,1410.699951171875,1412.800048828125,1400.70361328125,20396320,-0.011059745551301958,-0.011121359246170002,1483.6820068359375,1446.4029541015625,1459.412870778572,1461.4303168320268,0.011316993610402384,7,3,1
2025-07-23,1426.0,1426.0,1414.4000244140625,1424.5999755859375,1412.402587890625,8354596,0.008352212772528844,0.008317526050186633,1481.565283203125,1446.4069213867188,1452.1805195650415,1457.7986332067378,0.011345381291289737,7,3,2
2025-07-24,1419.199951171875,1423.0,1396.0,1402.9000244140625,1390.888427734375,14740507,-0.015232314313711859,-0.015349517722666465,1476.9848388671876,1445.38970703125,1442.7509669757083,1452.8423216902665,0.011634916779941787,7,3,3
2025-07-25,1398.9000244140625,1401.0,1384.0999755859375,1391.699951171875,1379.7841796875,11854722,-0.007983564911071106,-0.008015604204537282,1470.8527893066407,1444.1067846679687,1433.0637689313685,1447.4306074678393,0.01159915308952068,7,3,4
2025-07-28,1392.300048828125,1407.800048828125,1385.0,1387.5999755859375,1375.71923828125,7748361,-0.00294607045514228,-0.0029504186628898045,1465.2511596679688,1443.0518920898437,1424.2415334467348,1442.1186541947586,0.011512223064765329,7,3,0
2025-07-29,1383.0,1420.199951171875,1383.0,1417.0999755859375,1404.9666748046875,10750072,0.02125974232938521,0.02103690675919087,1459.7338012695313,1442.903173828125,1421.2761705787275,1439.36665572142,0.012190908834515894,7,3,1
2025-07-30,1418.0999755859375,1423.300048828125,1401.300048828125,1410.0999755859375,1398.026611328125,7209849,-0.004939664122301846,-0.004951904588955079,1454.3453308105468,1442.524443359375,1417.699315309404,1436.3044302108058,0.012220680758175706,7,3,2
2025-07-31,1388.0999755859375,1402.5999755859375,1382.199951171875,1390.199951171875,1378.2969970703125,17065827,-0.014112474038723288,-0.014213001919284676,1448.0199462890625,1442.1437280273437,1411.6374201956976,1432.00758331151,0.012461338442552726,7,3,3
2025-08-01,1386.9000244140625,1405.9000244140625,1384.300048828125,1393.699951171875,1381.76708984375,10321171,0.002517666933043783,0.002514502919160294,1441.3971313476563,1441.487392578125,1407.0419847569365,1428.286065276861,0.011641618989038571,8,3,4
2025-08-04,1395.0999755859375,1416.0999755859375,1391.699951171875,1411.5,1399.4146728515625,6312820,0.012771749405182442,0.012690878461457866,1434.952783203125,1441.025380859375,1405.8685521561097,1426.147443615728,0.01189366887486211,8,3,0
2025-08-05,1411.0,1411.0,1388.0999755859375,1391.699951171875,1379.7841796875,9315972,-0.014027645661354837,-0.014126962968679444,1427.7202453613281,1440.4225854492188,1401.8555717763236,1422.7131277691926,0.012119179993745796,8,3,1
2025-08-06,1391.9000244140625,1395.9000244140625,1383.300048828125,1392.800048828125,1380.874755859375,5834312,0.0007903961995867625,0.0007900840010068185,1421.4642700195313,1440.0240258789063,1398.627753942947,1419.6139891092062,0.011888984429657194,8,3,2
2025-08-07,1387.699951171875,1393.699951171875,1366.0,1389.4000244140625,1377.5040283203125,9976705,-0.002441008878437123,-0.002443992997773075,1415.1289916992187,1439.460888671875,1395.3779500010035,1416.4947327544735,0.011224511930674563,8,3,3
2025-08-08,1385.0,1397.199951171875,1365.0,1367.800048828125,1356.0888671875,8793606,-0.01554635100336188,-0.01566846276635575,1408.8135314941405,1438.4079809570312,1389.3334757220027,1412.020224193957,0.011061656926189949,8,3,4
2025-08-11,1370.0,1388.0,1361.199951171875,1386.199951171875,1374.331298828125,9997486,0.01345223906930193,0.0133625610528932,1403.9802734375,1437.8626904296875,1387.02544850756,1409.2284519446362,0.011404255723774136,8,3,0
2025-08-12,1381.9000244140625,1401.9000244140625,1375.199951171875,1380.4000244140625,1368.5810546875,12244664,-0.004184030550368867,-0.0041928080984340605,1398.7752258300782,1437.3649877929688,1384.18784945832,1406.2175336292928,0.010686315100750951,8,3,1
2025-08-13,1388.0,1391.800048828125,1377.5,1382.5999755859375,1370.7620849609375,7457021,0.00159364347911084,0.0015923749768563212,1393.6693176269532,1436.5539892578124,1382.1223472279535,1403.5912040983035,0.010708114695118296,8,3,2
2025-08-14,1377.300048828125,1380.699951171875,1370.0999755859375,1373.800048828125,1367.4774169921875,7126128,-0.002396234915443829,-0.0023991104809342485,1388.8552307128907,1435.3025341796874,1379.8692810378357,1400.9161087571097,0.010699308269577183,8,3,3
2025-08-18,1390.0,1394.9000244140625,1377.0,1381.699951171875,1375.3409423828125,11785109,0.005750387752597064,0.005733917383452632,1384.454150390625,1434.1865380859374,1379.1726135524475,1399.0216519886433,0.010684308973228421,8,3,0
2025-08-19,1390.0,1421.0,1389.0999755859375,1420.0999755859375,1413.564208984375,14384719,0.0277918481328272,0.027412664169589443,1384.313946533203,1433.7299145507814,1384.4636282342824,1400.0988784327715,0.011892328415610708,8,3,1
2025-08-20,1413.0,1424.9000244140625,1410.0,1413.0,1406.4969482421875,8725641,-0.004999603624136206,-0.005012143455921325,1384.60361328125,1433.3361840820312,1387.8533697739601,1400.5728095297652,0.011900875247682512,8,3,2
2025-08-21,1425.0,1431.9000244140625,1420.300048828125,1424.800048828125,1418.24267578125,11021323,0.008351050852788644,0.008316373753999923,1384.8956176757813,1432.9711474609376,1392.5286476212355,1401.8816885113565,0.011924452638918845,8,3,3
2025-08-22,1420.0,1423.4000244140625,1407.9000244140625,1409.199951171875,1402.71435546875,5818868,-0.010948986783200665,-0.011009368086221378,1385.4869140625,1432.44029296875,1394.095679597776,1401.9433675452376,0.012036132939334027,8,3,4
2025-08-25,1414.699951171875,1419.5,1405.699951171875,1412.5999755859375,1406.0987548828125,5979407,0.002412750251587381,0.00240984424307567,1386.8026428222656,1432.2487817382812,1395.9423065647047,1402.2511740146876,0.011837287704454262,8,3,0
2025-08-26,1408.0,1410.0,1381.5999755859375,1384.9000244140625,1378.5262451171875,12145259,-0.019609227068779322,-0.019804038907330946,1386.9429931640625,1431.3095141601561,1393.2629124958557,1400.493771874132,0.012238743810092106,8,3,1
2025-08-28,1389.9000244140625,1392.199951171875,1366.5,1385.9000244140625,1379.521728515625,13161813,0.0007221359781603987,0.0007218753634335549,1385.6707458496094,1430.5210278320312,1391.1488841912048,1398.9402871809093,0.01223512549762651,8,3,3
2025-08-29,1381.0999755859375,1403.5,1350.0,1357.199951171875,1350.9537353515625,18758842,-0.02070862138199292,-0.02092605191100228,1383.3171020507812,1429.1829931640625,1384.9650151389521,1395.385727786143,0.012687099056947516,8,3,4
2025-09-01,1356.0,1363.199951171875,1340.5999755859375,1353.9000244140625,1347.6689453125,11232238,-0.0024314600515965568,-0.0024344208509384127,1381.7856994628905,1427.7158081054688,1379.227158242575,1391.851151306614,0.012670972346328616,9,3,0
2025-09-02,1354.800048828125,1384.5,1354.5,1366.5,1360.2109375,11517006,0.009306434069823899,0.009263396026687545,1380.7078918457032,1425.847099609375,1376.3015858206404,1389.5074317653832,0.012852920747820332,9,3,1
2025-09-03,1369.699951171875,1376.5,1360.5,1372.5999755859375,1366.2828369140625,7847563,0.004463939560155561,0.004454005733653547,1379.0513000488281,1424.2862182617187,1374.7602398350132,1387.787091406026,0.011606979538268074,9,3,2
2025-09-04,1371.800048828125,1374.0,1357.0999755859375,1359.300048828125,1353.0440673828125,13223177,-0.009689625876550978,-0.009736875771641517,1377.7142944335938,1422.5795336914061,1371.4192902269822,1385.213534070973,0.011569212962024815,9,3,3
2025-09-05,1363.0,1381.0,1359.300048828125,1375.0,1368.671875,5777575,0.011550109855192225,0.011483916542132218,1377.104150390625,1420.8582299804686,1370.9966109612926,1383.9882259916417,0.011673461941392778,9,3,4
2025-09-08,1380.0,1386.0,1372.4000244140625,1378.5,1372.15576171875,6986720,0.0025454506535760313,0.002542216481182689,1376.836737060547,1418.6513989257812,1371.1749418470554,1383.1117471566126,0.011372473557156712,9,3,0
2025-09-09,1376.5999755859375,1381.199951171875,1368.699951171875,1376.199951171875,1369.8662109375,9754452,-0.001668579358936717,-0.0016699729879447352,1377.5256042480469,1416.0002197265626,1370.9735986302007,1382.1305963255672,0.01128517248213551,9,3,1
2025-09-10,1383.9000244140625,1388.5,1374.0999755859375,1377.0,1370.66259765625,7790815,0.0005813609478000359,0.0005811920229919093,1377.3421691894532,1413.6584350585938,1370.925752326516,1381.2811149426548,0.011273718507516713,9,3,2
2025-09-11,1376.0,1385.5,1375.0,1383.300048828125,1376.9337158203125,9766072,0.004575245705825681,0.004564811084390663,1377.7598022460938,1410.8908325195312,1371.8500544024846,1380.959085378037,0.0105755618694154,9,3,3
2025-09-12,1383.300048828125,1396.300048828125,1380.5,1395.0,1388.579833984375,7403368,0.008458009292861446,0.008422440750907756,1378.6506896972655,1408.5465087890625,1374.4238666458523,1381.5235852748028,0.010669219580989034,9,3,4
2025-09-15,1393.0,1400.800048828125,1388.5999755859375,1399.300048828125,1392.8599853515625,5396697,0.0030823948774383325,0.003077654037942712,1379.9198181152344,1406.3076147460938,1377.2601926005768,1382.3633186138222,0.01035157646605352,9,3,0
2025-09-16,1404.699951171875,1408.0,1398.199951171875,1405.300048828125,1398.8323974609375,8686961,0.004287876866437168,0.004278710117012921,1381.0943908691406,1403.999794921875,1380.5789933483245,1383.583250380275,0.010369081727999503,9,3,1
2025-09-17,1407.0,1416.199951171875,1406.9000244140625,1413.800048828125,1407.2933349609375,7519417,0.0060485713051525725,0.006030352127487597,1380.7808471679687,1401.57962890625,1384.6888920579572,1385.3395529418056,0.010164475070037163,9,3,2
2025-09-18,1420.4000244140625,1422.0,1410.699951171875,1415.0,1408.4876708984375,9332642,0.0008486758999204369,0.0008483159781524423,1380.8803833007812,1399.26068359375,1388.3502426488003,1387.0542283460004,0.00980094084298432,9,3,3
2025-09-19,1414.9000244140625,1417.0,1403.5999755859375,1407.4000244140625,1400.9227294921875,13461373,-0.005370967430211482,-0.005385442930672871,1380.014385986328,1397.1592529296875,1390.2844713939367,1388.0815247271994,0.009864048296360775,9,3,4
2025-09-22,1403.9000244140625,1410.699951171875,1388.0,1390.5999755859375,1384.199951171875,7757970,-0.01193697408733907,-0.012008791859278839,1379.0886657714843,1394.7590600585938,1389.3483913597734,1387.7940007601383,0.01011184154353277,9,3,0
2025-09-23,1391.0,1395.0,1376.800048828125,1389.800048828125,1383.40380859375,14014702,-0.0005751644315916682,-0.0005753299021048968,1377.9539184570312,1392.7791748046875,1388.4338401650007,1387.4688013404057,0.009667011292694216,9,3,1
2025-09-24,1385.300048828125,1396.0,1380.4000244140625,1383.0,1376.635009765625,5922759,-0.004892858315176718,-0.004904867535378982,1377.859356689453,1390.8919458007813,1386.6186354881736,1386.6662982607922,0.0094099995063778,9,3,2
2025-09-25,1381.300048828125,1384.5,1369.0,1372.4000244140625,1366.0838623046875,11411143,-0.007664448009885971,-0.0076939708390718385,1377.1874633789062,1388.7599829101562,1383.4594396137911,1385.1416733751548,0.00948576926818383,9,3,3
2025-09-26,1372.0,1382.699951171875,1366.0,1377.5999755859375,1371.2598876953125,9879109,0.0037889514205171615,0.0037817914243031487,1378.2027709960937,1386.7275756835938,1381.5825854724867,1384.1133929544258,0.009507070092440499,9,3,4
2025-09-29,1381.5999755859375,1389.0,1368.0,1372.800048828125,1366.48193359375,14231999,-0.0034843534361621575,-0.0034904379334003196,1379.1434204101563,1384.78203125,1379.2594082603732,1382.807358927709,0.009518815671616887,9,3,0
2025-09-30,1377.0999755859375,1377.0999755859375,1362.800048828125,1364.0,1357.722412109375,14604684,-0.006410272444172027,-0.00643090646765079,1379.018994140625,1382.669228515625,1375.9460242371426,1380.9492147189435,0.009525277920153181,9,3,1
2025-10-01,1367.0,1378.5999755859375,1362.699951171875,1368.699951171875,1362.4007568359375,12045916,0.003445729911237372,0.0034398069858944365,1378.8248901367188,1381.5898779296874,1373.8621369446496,1379.5752548757578,0.007948402260728786,10,4,2
2025-10-03,1363.199951171875,1371.5999755859375,1356.9000244140625,1363.4000244140625,1357.125244140625,12842347,-0.0038722179717254335,-0.003879734417554317,1379.0289489746094,1380.718310546875,1371.287230359415,1377.9122911175998,0.007932454989835918,10,4,4
2025-10-06,1360.0,1377.4000244140625,1359.0,1375.0,1368.671875,12396580,0.008508154209957652,0.008472163862791251,1379.0289489746094,1379.8436962890626,1370.884867996428,1377.2278158496297,0.007938999472165064,10,4,0
2025-10-07,1376.0,1395.9000244140625,1375.9000244140625,1384.800048828125,1378.4267578125,11244040,0.00712726183001311,0.007101982941186253,1379.3424987792969,1379.594462890625,1372.0451587373623,1377.316626365398,0.007855529911601827,10,4,1
2025-10-08,1384.800048828125,1389.0,1364.5,1367.4000244140625,1361.1068115234375,8525081,-0.012565010212474692,-0.012644617500512156,1378.9045288085938,1379.2209155273438,1370.362336089066,1376.1158993400675,0.008131705369443657,10,4,2
2025-10-09,1374.0,1380.0,1369.0999755859375,1377.800048828125,1371.458984375,8826633,0.007605702038898432,0.007576924510574216,1378.9443481445312,1379.1357104492188,1370.531051209979,1375.7709426759884,0.007482102359767478,10,4,3
2025-10-10,1377.800048828125,1388.0,1375.0999755859375,1381.699951171875,1375.3409423828125,6373084,0.0028305316105254885,0.002826533199235726,1378.8647094726562,1378.5431958007812,1371.271034467338,1375.73909080242,0.007500399815361871,10,4,4
2025-10-13,1376.9000244140625,1377.699951171875,1367.800048828125,1375.0,1368.671875,7600682,-0.0048490284679943985,-0.004860823150484037,1377.8693115234375,1377.9561010742189,1370.8711637800552,1375.2155933355739,0.006486189389745224,10,4,0
2025-10-14,1380.0,1388.0,1370.0999755859375,1375.9000244140625,1369.5677490234375,9768174,0.0006545571950453688,0.000654343065919321,1376.7046997070313,1377.7815161132812,1370.6706384328834,1374.7972344976379,0.006463267568447115,10,4,1
2025-10-15,1383.0,1384.0,1372.699951171875,1374.300048828125,1367.97509765625,10882743,-0.001162886150263942,-0.0011635628270127284,1375.1618347167969,1377.5056762695312,1370.2559398518629,1374.2918910279054,0.006253844166003534,10,4,2
2025-10-16,1375.0999755859375,1400.5,1375.0,1398.300048828125,1391.8646240234375,12315932,0.017463421964418302,0.017312688759116134,1374.390399169922,1377.3546752929688,1373.580352801336,1375.5935749535004,0.006968383447416715,10,4,3
2025-10-17,1401.0,1423.300048828125,1399.0999755859375,1416.800048828125,1410.279541015625,19335561,0.013230393728203227,0.013143636453259628,1374.4799926757812,1377.9645825195312,1379.2263817573805,1378.162905772917,0.007052530734944806,10,4,4
2025-10-20,1440.0,1473.800048828125,1433.300048828125,1466.800048828125,1460.04931640625,24721978,0.035290716445324666,0.03468227273081853,1377.4363220214843,1379.5480737304688,1391.660679395668,1384.2285658198305,0.009226819800068294,10,4,0
2025-10-21,1468.0,1474.0,1460.0,1465.199951171875,1458.4566650390625,2066169,-0.0010908202546936474,-0.001091415632113552,1381.1491577148438,1381.1671264648437,1401.9369848792671,1389.7269435397734,0.009245953418842967,10,4,1
2025-10-23,1475.0,1482.9000244140625,1444.5999755859375,1448.4000244140625,1441.7340087890625,18707090,-0.0114659946029676,-0.011532235954534913,1384.0656677246093,1382.880029296875,1408.0596039423126,1393.5793187434244,0.009550787435647922,10,4,3
2025-10-24,1450.0,1459.800048828125,1441.0,1451.5999755859375,1444.9193115234375,9700837,0.002209355342217556,0.0022069183055633316,1387.4798828125,1384.2917895507812,1413.7303281855627,1397.3822811715736,0.009548545803532236,10,4,4
2025-10-27,1463.0,1485.0,1458.0,1484.0999755859375,1477.2696533203125,14113867,0.022389029988648,0.022142074916754684,1393.0391723632813,1386.4655615234376,1423.5056089755242,1403.2998642937023,0.010254619664683424,10,4,0
2025-10-28,1484.0999755859375,1492.0,1477.5999755859375,1486.9000244140625,1480.056884765625,17631577,0.0018867452120525652,0.001884967543958263,1398.479022216797,1388.6514575195313,1432.2058052509242,1408.9855695138447,0.01019068656238487,10,4,1
2025-10-29,1490.0,1508.300048828125,1488.0999755859375,1504.199951171875,1497.277099609375,11884745,0.01163483310742941,0.011567668897626367,1405.018780517578,1391.247451171875,1442.2167736137628,1415.5256828542542,0.010335440489312226,10,4,2
2025-10-30,1500.0,1503.0999755859375,1484.0,1488.5,1481.6494140625,9318663,-0.010437403705000348,-0.01049225540980897,1411.2151306152343,1393.3736206054687,1448.2833336827994,1420.423737017828,0.010592287649670634,10,4,3
2025-10-31,1490.4000244140625,1497.5,1482.300048828125,1486.4000244140625,1479.5592041015625,8758053,-0.0014107318108448341,-0.0014117278298198745,1417.0730529785155,1394.6935205078125,1453.0950060549167,1424.8041419869935,0.01058085772577739,10,4,4
2025-11-03,1486.0,1495.0,1479.300048828125,1484.699951171875,1477.866943359375,8452085,-0.0011437600722541408,-0.0011444146649845376,1423.1101379394531,1396.1209204101563,1456.9060733325255,1428.7347198664293,0.010592788925991126,11,4,0
2025-11-04,1483.9000244140625,1492.800048828125,1470.0999755859375,1473.0999755859375,1466.3203125,10007806,-0.0078130381840249,-0.007843719882867391,1427.9925598144532,1397.0824731445311,1458.3544178198292,1431.5188378392863,0.010657848505592992,11,4,1
2025-11-06,1484.0,1501.5999755859375,1476.199951171875,1496.0999755859375,1489.2144775390625,16772678,0.015613345081491259,0.01549271085804977,1433.5319458007812,1398.8124755859376,1463.102119315096,1435.7925889281585,0.010640244172241754,11,4,3
2025-11-07,1494.5999755859375,1498.4000244140625,1475.9000244140625,1478.0,1471.19775390625,7821765,-0.012098138921255441,-0.012171917059867947,1439.0364929199218,1400.1144555664061,1464.3476015598887,1438.4151937413505,0.010958117447499654,11,4,4
2025-11-10,1477.9000244140625,1501.0,1475.5,1489.300048828125,1482.44580078125,7068438,0.007645503023053557,0.007616424285153511,1444.5858337402344,1402.1928466796876,1467.1319399016365,1441.6767201887506,0.010920837990289667,11,4,0
2025-11-11,1497.0,1498.800048828125,1480.199951171875,1493.4000244140625,1486.5269775390625,7127506,0.0027530023395538894,0.002749219769305914,1450.1451354980468,1404.3329516601561,1470.115791845856,1444.9989614739588,0.010749839383517349,11,4,1
2025-11-12,1505.0,1524.699951171875,1500.0,1511.5,1504.5435791015625,12384459,0.01211992909292925,0.012047070852696318,1456.938720703125,1407.4047485351562,1475.41237450058,1449.4096738908186,0.010881048316478695,11,4,2
2025-11-13,1515.0,1522.0999755859375,1506.800048828125,1510.9000244140625,1503.9464111328125,7196443,-0.00039690971869799085,-0.00039698850820929423,1463.6576538085938,1410.5302978515624,1479.802226290154,1453.4494322050402,0.010830585395423666,11,4,3
2025-11-14,1505.5,1520.9000244140625,1505.5,1518.9000244140625,1511.9095458984375,7682823,0.005294826136542197,0.00528085782944454,1470.8543762207032,1413.5642700195312,1484.7418139221977,1457.7798109971436,0.010680128934614395,11,4,4
2025-11-17,1520.9000244140625,1523.699951171875,1511.5,1518.300048828125,1511.3123779296875,5871416,-0.0003949759893837612,-0.0003950540129454881,1476.8267639160156,1416.4648608398438,1488.829593000273,1461.7451863254803,0.010705608462133913,11,4,0
2025-11-18,1521.699951171875,1527.800048828125,1510.5,1519.4000244140625,1512.4072265625,11045042,0.0007244356949636099,0.0007241734180863851,1481.9331481933593,1419.6521240234374,1492.4569212406157,1465.4979300467412,0.010628800939346842,11,4,1
2025-11-19,1517.4000244140625,1522.300048828125,1512.0,1518.9000244140625,1511.9095458984375,5692366,-0.0003290652512906167,-0.0003291194051408462,1484.5261596679688,1422.5168774414062,1495.4496327264346,1468.9358275172372,0.010612587998175759,11,4,2
2025-11-20,1530.0,1550.9000244140625,1526.699951171875,1549.0999755859375,1541.9705810546875,18171724,0.019882826481121718,0.01968774469852651,1488.70185546875,1425.913173828125,1502.6067017000119,1474.345809260752,0.011015871159876857,11,4,3
2025-11-21,1541.0,1557.800048828125,1540.0999755859375,1546.5999755859375,1539.4820556640625,9615271,-0.001613860485537244,-0.0016151641611931852,1493.5892578125,1429.3054907226563,1508.2798330790965,1479.170716401738,0.010629464126162318,11,4,4
2025-11-24,1550.0,1550.0,1531.800048828125,1535.9000244140625,1528.831298828125,18433951,-0.006918402716518335,-0.0069424458220205595,1497.7848571777345,1432.4688647460937,1511.4415970404855,1482.8492780629517,0.010796905194152833,11,4,0
2025-11-25,1535.9000244140625,1559.5999755859375,1525.0999755859375,1539.699951171875,1532.61376953125,15033482,0.0024740929270772316,0.002471037397909023,1500.5520629882812,1435.5824658203126,1514.6988543467571,1486.5355366902331,0.010798072003583667,11,4,1
2025-11-26,1542.300048828125,1571.5999755859375,1540.5,1569.9000244140625,1562.6748046875,14054299,0.019614227507197768,0.0194243474310957,1504.682958984375,1439.064365234375,1522.0797697837943,1492.1754824678085,0.01105313202544296,11,4,2
2025-11-27,1575.0,1575.5,1556.0,1563.4000244140625,1556.2047119140625,9794643,-0.004140396168178739,-0.004148991341546072,1507.6293395996095,1442.331259765625,1527.3297608807586,1496.9183883527162,0.011144747553854133,11,4,3
2025-11-28,1568.0,1581.300048828125,1563.0,1567.5,1560.285888671875,8959508,0.002622519213936192,0.0026190864108407044,1511.5611633300782,1445.5603295898438,1532.3999343870842,1501.6122772652466,0.011101794246253,11,4,4
2025-12-01,1575.0,1577.5,1563.5999755859375,1566.0999755859375,1558.892333984375,8920233,-0.0008931406081523763,-0.000893539695870668,1515.5278198242188,1448.5923095703124,1536.4756881712826,1505.8552444296265,0.010863304631417077,12,4,0
2025-12-02,1561.0999755859375,1567.5,1542.0,1546.300048828125,1539.1834716796875,11389150,-0.012642863060538412,-0.012723464126494088,1518.5936462402344,1451.2062255859375,1536.8922702494988,1508.3240020037051,0.011116295671937029,12,4,1
2025-12-03,1545.199951171875,1552.4000244140625,1533.0,1538.800048828125,1531.718017578125,6090883,-0.004850269145247221,-0.004862069873907623,1521.8635314941407,1453.8221313476563,1536.0962313769796,1510.0568920462547,0.009371855010006116,12,4,2
2025-12-04,1536.0,1560.5,1517.5999755859375,1535.5999755859375,1528.53271484375,11867930,-0.002079562098127874,-0.002081727389814339,1523.829443359375,1456.7087866210939,1534.9326134487903,1511.4254715127358,0.009383523970041649,12,4,3
2025-12-05,1530.4000244140625,1545.800048828125,1520.5999755859375,1540.5999755859375,1533.5096435546875,10183266,0.003256017134998901,0.0032507277895635223,1526.9450378417969,1459.7109033203126,1534.7136950035438,1513.061336108436,0.009055444064471053,12,4,4
2025-12-08,1539.199951171875,1551.0,1535.0,1543.0,1535.898681640625,11301491,0.001557889183141814,0.0015566769326596304,1529.6176818847657,1462.8961767578126,1534.896000640018,1514.7529913330427,0.009055950436305155,12,4,0
2025-12-09,1540.300048828125,1542.5,1520.0999755859375,1529.4000244140625,1522.3612060546875,11503971,-0.008814042063944538,-0.008853115498732357,1531.4093933105469,1466.0217236328126,1532.9675707038132,1515.3165627939054,0.008411551785312558,12,4,1
2025-12-10,1534.0,1547.5,1531.4000244140625,1536.9000244140625,1529.8267822265625,7991629,0.004903945359473916,0.004891960186547437,1532.6735534667969,1469.1930615234376,1532.484372476544,1516.3913938629912,0.008440054196067612,12,4,2
2025-12-11,1536.9000244140625,1550.0,1524.0,1545.0,1537.889404296875,4706197,0.005270284298839245,0.005256444954102387,1534.370703125,1472.6212109375,1533.315915833518,1517.983839080316,0.008244820351185874,12,4,3
2025-12-12,1550.800048828125,1559.800048828125,1546.0999755859375,1556.5,1549.3365478515625,5106655,0.007443411420030577,0.007415845936226041,1536.2420532226563,1476.4534936523437,1535.7806284516787,1520.3062619522602,0.008038818200299844,12,4,4
2025-12-15,1551.199951171875,1558.5999755859375,1546.5,1556.199951171875,1549.037841796875,5774543,-0.00019279610688960336,-0.00019281469444813024,1538.1283264160156,1480.1862353515626,1537.820199735555,1522.4345271259353,0.008026566594101286,12,4,0
2025-12-16,1545.0,1551.699951171875,1538.800048828125,1542.300048828125,1535.201904296875,11731856,-0.008931955777110256,-0.008972084826756283,1539.2680603027343,1483.7477685546876,1537.4173850526813,1523.3802587682271,0.008240197714850201,12,4,1
2025-12-17,1550.0,1550.0,1539.300048828125,1544.4000244140625,1537.292236328125,7116649,0.0013616007284771303,0.0013606745907964086,1540.5371948242187,1487.12017578125,1537.3981314027496,1524.4107756245157,0.008058481377885836,12,4,2
2025-12-18,1535.199951171875,1551.5,1535.199951171875,1544.4000244140625,1537.292236328125,6580829,0.0,0.0,1540.3032775878905,1490.2974853515625,1537.3818398528074,1525.364957898857,0.007614745603712284,12,4,3
2025-12-19,1554.4000244140625,1574.199951171875,1551.0,1565.0999755859375,1557.8968505859375,13937275,0.013403186310904314,0.013314158233636379,1541.2240173339844,1494.2332861328125,1540.537995350212,1527.7747277275296,0.007514763962277357,12,4,4
2025-12-22,1573.5,1577.5,1565.300048828125,1575.4000244140625,1568.1495361328125,10184852,0.00658110679344337,0.00655954585499118,1543.1899291992188,1498.1670971679687,1544.7859247013814,1530.7654542760692,0.007489355623643517,12,4,0
2025-12-23,1580.9000244140625,1580.9000244140625,1568.0999755859375,1570.699951171875,1563.4710693359375,7506564,-0.002983431547231463,-0.002987890850689656,1544.7327941894532,1501.9296997070312,1547.6605623374671,1533.188092428652,0.007539942524703627,12,4,1
2025-12-24,1572.699951171875,1575.699951171875,1553.5999755859375,1558.199951171875,1551.0286865234375,8815745,-0.00795817911602592,-0.007990014436726636,1544.15048828125,1505.5768359375,1548.1787352891547,1534.5096179171546,0.007474967343615238,12,4,2
2025-12-26,1554.699951171875,1561.0,1554.300048828125,1559.199951171875,1552.0240478515625,2311495,0.0006417426942348925,0.0006415368654467969,1543.941455078125,1509.2259619140625,1548.7703218372174,1535.8069830974812,0.007470478468959921,12,4,4
2025-12-29,1554.9000244140625,1558.0999755859375,1543.5999755859375,1545.5999755859375,1538.4866943359375,5972105,-0.008722386443924313,-0.00876064911357044,1542.851495361328,1512.6361938476562,1547.188225298559,1536.0054802262557,0.007634094245611213,12,4,0
2025-12-30,1547.0,1553.5999755859375,1537.800048828125,1539.800048828125,1532.71337890625,8815884,-0.0037525936694431383,-0.0037596523134155097,1541.542547607422,1515.4531689453124,1544.9613258535885,1535.7616208692182,0.007673830669361067,12,4,1
2025-12-31,1541.0,1577.0,1541.0,1570.4000244140625,1563.172607421875,5771830,0.019872749161595316,0.019677863789610932,1542.7420043945312,1518.5110302734374,1547.7630614794787,1537.7920643175632,0.008450429683550382,12,4,2
2026-01-01,1573.699951171875,1592.5,1571.0999755859375,1575.5999755859375,1568.3485107421875,6408128,0.0033111527772029525,0.0033056829817391625,1544.5735290527343,1520.6770141601562,1550.9300536737414,1540.0555047934613,0.008454809832378358,1,1,3
2026-01-02,1580.0,1594.5999755859375,1578.199951171875,1592.300048828125,1584.9718017578125,6602230,0.010599232824698213,0.010543454746843744,1547.3954833984376,1523.2073168945312,1556.1672456866754,1543.382637901932,0.00790135109311044,1,1,4
2026-01-05,1593.0,1611.800048828125,1575.300048828125,1578.0999755859375,1570.8370361328125,8704973,-0.008917991859113128,-0.008957995158841681,1549.2618530273437,1525.7893774414063,1558.4241365245427,1545.4162970301452,0.008093197134219451,1,1,0
2026-01-06,1569.0,1569.0,1496.300048828125,1507.5999755859375,1500.6614990234375,27417125,-0.04467397667305939,-0.04570261107757986,1547.4999938964843,1526.9042211914064,1549.5375769089883,1542.101126807426,0.011526621023813155,1,1,1
2026-01-07,1510.0,1520.0,1498.0,1504.199951171875,1497.277099609375,11199340,-0.0022552717026890212,-0.002257818658020246,1546.2457885742188,1527.3043701171875,1541.4975034782785,1538.7808284964592,0.011516105289423728,1,1,2
2026-01-08,1500.0,1503.9000244140625,1468.800048828125,1470.5999755859375,1463.831787109375,16518684,-0.022337423385908717,-0.02259068216525811,1542.9460388183593,1526.9798681640625,1529.5489317292165,1533.2290476529715,0.011509832497341548,1,1,3
2026-01-09,1465.0,1479.9000244140625,1465.0,1475.300048828125,1468.51025390625,8335311,0.003196041265173921,0.0031909447814505213,1539.4770812988281,1526.40453125,1520.1583659102987,1528.4350629309922,0.011543111128442125,1,1,4
2026-01-12,1475.300048828125,1485.300048828125,1451.0,1483.199951171875,1476.373779296875,8883745,0.0053547636931428055,0.005340477921300964,1535.8289428710937,1526.2990185546876,1513.4222756620798,1524.5786715506872,0.011590429639461535,1,1,0
2026-01-13,1485.0,1485.800048828125,1444.699951171875,1452.800048828125,1446.11376953125,13499760,-0.020496171220296455,-0.02070913269277348,1530.6827392578125,1525.6301098632812,1503.0671208727213,1518.7664565862844,0.012081184278233747,1,1,1
2026-01-14,1444.0,1467.0,1440.199951171875,1458.800048828125,1452.086181640625,8321764,0.004129973889475558,0.00412146895603885,1526.526953125,1525.1144946289062,1495.2238994523987,1513.82717696068,0.011979866791676052,1,1,2
2026-01-15,1458.800048828125,1458.800048828125,1458.800048828125,1458.800048828125,1452.086181640625,0,0.0,0.0,1522.266650390625,1524.8298120117188,1488.5873274813564,1509.2537698999352,0.01197097676339815,1,1,3
2026-01-16,1458.800048828125,1480.0,1455.0999755859375,1457.9000244140625,1451.1903076171875,17167161,-0.0006169565104086061,-0.0006171469063911954,1517.9615539550782,1524.0693286132812,1482.8339398099458,1504.9527726938056,0.011972388567621128,1,1,4
2026-01-19,1450.5999755859375,1450.5999755859375,1403.300048828125,1413.5999755859375,1407.0941162109375,20392765,-0.030386222382269512,-0.030857454178798812,1510.4214172363281,1522.787255859375,1471.1816592562523,1497.7039833247043,0.013025404372076733,1,1,0
2026-01-20,1410.699951171875,1416.0,1390.0,1394.0,1387.5843505859375,13189498,-0.013865288327362557,-0.013962309297327348,1501.3931579589844,1520.8900268554687,1458.3205348454344,1489.546973492203,0.013152026374580334,1,1,1
2026-01-21,1389.5,1412.9000244140625,1373.0,1404.5999755859375,1398.1356201171875,17352720,0.007604056306050433,0.00757529119886442,1493.1263854980468,1519.1221997070313,1449.0613171949349,1482.7757621310907,0.0132556126441096,1,1,2
2026-01-22,1410.0999755859375,1419.5,1395.0,1402.5,1396.0452880859375,15721693,-0.0014950853130218933,-0.0014962040682972614,1485.377215576172,1516.9522338867187,1440.90500502432,1476.3512825721905,0.013179515166366894,1,1,3
2026-01-23,1401.800048828125,1407.0,1381.0,1386.0999755859375,1379.720703125,9837802,-0.011693449417618407,-0.01176235549044443,1476.7620483398437,1514.4677197265626,1431.4920355013478,1469.1934618723985,0.013178108395682203,1,1,4
2026-01-27,1380.0,1391.5999755859375,1368.0,1380.5,1374.146484375,26302396,-0.00404010662257559,-0.004048289901653133,1468.5450378417968,1511.7124584960939,1422.669643020371,1462.1529450207393,0.013014255015375974,1,1,1
2026-01-28,1385.0,1409.9000244140625,1384.9000244140625,1396.699951171875,1390.2718505859375,11121657,0.011734823320726173,0.011666504237041974,1461.4229614257813,1509.2916479492187,1417.6853672612274,1456.8284195070503,0.013310516862546298,1,1,2
2026-01-29,1402.9000244140625,1402.9000244140625,1384.0,1391.0,1384.59814453125,20846683,-0.00408100477061113,-0.0040893547959850295,1452.49423828125,1506.7354663085937,1412.5950253027693,1451.4780287681021,0.01327180265825613,1,1,3
2026-01-30,1382.5999755859375,1398.0,1378.5,1395.4000244140625,1388.9779052734375,11239835,0.0031631999215702145,0.0031582075298831357,1443.5257080078125,1504.2768334960938,1408.9616222213335,1446.8483899907196,0.01329790525312617,1,1,4
2026-02-02,1340.0,1392.9000244140625,1335.5,1390.4000244140625,1384.0009765625,15711165,-0.0035831590207748842,-0.003589593911147956,1433.4771667480468,1501.11744140625,1405.1215228892052,1442.1930260330737,0.013283425053219354,2,1,0
2026-02-03,1473.9000244140625,1489.5,1430.199951171875,1437.0999755859375,1430.4859619140625,25456171,0.033587393461975035,0.03303565724385433,1426.4596130371094,1498.93751953125,1409.0237442776447,1441.3258360983323,0.014609315660150947,2,1,1
2026-02-04,1444.0,1464.0,1440.300048828125,1456.800048828125,1450.095458984375,8333387,0.013708276482541581,0.013615168000036147,1423.9313110351563,1497.362802734375,1415.3424696171417,1441.9754377935947,0.01482244886370858,2,1,2
2026-02-05,1457.0,1461.5,1439.5,1443.4000244140625,1436.757080078125,11763658,-0.009198276446980902,-0.009240841811502613,1420.9053100585938,1495.4456689453125,1418.6370250726775,1441.5888927776339,0.01487280434957918,2,1,3
2026-02-06,1441.5,1452.800048828125,1433.5,1450.800048828125,1444.123046875,8277304,0.0051268004167235315,0.0051137031212075785,1419.919873046875,1493.0746337890625,1422.557951503804,1441.7766078959573,0.014905287788393461,2,1,4
2026-02-09,1458.0,1465.9000244140625,1453.0,1461.5999755859375,1454.873291015625,5775864,0.007444133077086468,0.007416562261122547,1419.2380249023438,1491.0480053710937,1427.5295421979301,1442.746732571488,0.015002525655651333,2,1,0
2026-02-10,1471.0,1471.0,1452.199951171875,1458.5,1451.7874755859375,10259630,-0.002121020056346845,-0.0021232726050842065,1418.0087097167968,1488.878037109375,1431.2615319499314,1443.416417239225,0.014949493827078707,2,1,1
2026-02-11,1459.5999755859375,1470.0,1453.5999755859375,1468.699951171875,1461.9405517578125,7106877,0.0069935003177907795,0.006969159214890572,1418.800048828125,1486.9390014648438,1435.981381151144,1444.788575351713,0.01503018285839513,2,1,2
2026-02-12,1470.0,1473.0,1445.5,1448.9000244140625,1442.231689453125,11135399,-0.01348130215075427,-0.01357299997455974,1418.30732421875,1484.9999658203126,1436.9429670437564,1444.599176396262,0.014625588186944467,2,1,3
2026-02-13,1445.5,1450.699951171875,1416.300048828125,1419.5999755859375,1413.0665283203125,10755693,-0.02022224400288386,-0.020429512630679544,1416.3563415527344,1482.6269360351562,1433.2696687786113,1442.2634246869325,0.014926928975090643,2,1,4
2026-02-16,1420.0999755859375,1439.5999755859375,1409.300048828125,1437.0999755859375,1430.4859619140625,5896514,0.012327398069824858,0.01225203442456923,1415.3211242675782,1480.6660009765626,1432.8414061840654,1441.3910200370904,0.014985878867048866,2,1,0
2026-02-17,1431.0999755859375,1431.800048828125,1418.5999755859375,1423.0,1416.450927734375,10731630,-0.009811374982602317,-0.009859823681494054,1415.78896484375,1478.3248266601563,1430.3197941148821,1439.5436057924446,0.014998303732426653,2,1,1
2026-02-18,1427.0,1442.0999755859375,1419.199951171875,1441.300048828125,1434.666748046875,5521096,0.012860184532927255,0.01277819454916297,1418.143084716797,1476.3001879882813,1430.9885562582656,1439.1823570705506,0.013086344691922122,2,1,2
2026-02-19,1443.0,1443.0,1400.0,1409.5,1403.0130615234375,11884664,-0.022063441957186347,-0.022310480128286934,1418.3869567871093,1473.9132250976563,1426.6846339913689,1436.5031499929864,0.013619064202634944,2,1,3
2026-02-20,1409.5,1427.4000244140625,1406.0999755859375,1419.4000244140625,1412.8675537109375,8177670,0.007023806447532088,0.006999254417788575,1419.2280700683593,1471.5740405273436,1424.558929332841,1434.752365083205,0.013160020769576598,2,1,4
2026-02-23,1425.0,1434.9000244140625,1418.300048828125,1428.0,1421.4278564453125,7758856,0.006058814721798367,0.006040533906767389,1421.313427734375,1469.2448095703126,1424.0772258116829,1433.765364443361,0.013202532132587883,2,1,0
2026-02-24,1425.300048828125,1433.300048828125,1415.0,1428.800048828125,1422.2242431640625,12529409,0.0005602723452611258,0.0005601154513101862,1423.7173156738281,1466.7025634765625,1423.7921515582027,1432.9104665708203,0.013151860806353834,2,1,1
2026-02-25,1435.0,1440.5,1393.5,1398.5,1392.063720703125,10728792,-0.02120658722132207,-0.021434677331364452,1423.8069091796874,1463.5630810546875,1418.9108545035754,1429.8847816917316,0.013188463634798161,2,1,2
2026-02-26,1398.5,1412.9000244140625,1391.9000244140625,1406.800048828125,1400.3255615234375,16683858,0.0059349587935093595,0.0059174163006636095,1424.593280029297,1460.8655541992186,1416.0515786604774,1427.6952098274137,0.013217630635716147,2,1,3
2026-02-27,1398.0,1410.4000244140625,1388.0999755859375,1393.9000244140625,1387.48486328125,12031440,-0.009169794935556141,-0.009212096300274811,1424.5186279296875,1457.8694067382812,1411.6566993713654,1424.716665638809,0.013296518455393667,2,1,4
2026-03-02,1375.5,1378.5999755859375,1341.5,1358.0,1351.75,23728722,-0.025755137390645833,-0.02609260795212117,1422.9060791015625,1454.1585620117187,1402.4402840834632,1419.3117274433416,0.014016122230090544,3,1,0
2026-03-04,1330.0,1352.800048828125,1307.0,1345.0,1338.8099365234375,32495007,-0.009572822989874274,-0.009618936989953608,1418.3222778320312,1449.7768237304688,1392.6509998434592,1413.3486318196449,0.013058743975419486,3,1,2
2026-03-05,1353.0999755859375,1399.0,1353.0999755859375,1389.4000244140625,1383.005615234375,25957532,0.03301116723536035,0.032478000568284794,1414.9677856445312,1446.0739453125,1391.1670945189849,1411.1010009614768,0.014284357628678357,3,1,3
2026-03-06,1396.5,1424.300048828125,1390.300048828125,1404.800048828125,1398.334716796875,19311971,0.011083904066363504,0.011022927758322568,1413.0466674804688,1442.7712182617188,1392.2698056386603,1410.1553502826173,0.01436225119093248,3,1,4
2026-03-09,1375.0,1429.4000244140625,1370.0,1424.0,1417.4462890625,24870822,0.013667380231682458,0.013574823971311888,1411.7128295898438,1440.0995703125,1396.1431107807896,1410.6954198218677,0.014569328334685017,3,1,0
2026-03-10,1430.5999755859375,1431.5,1400.5999755859375,1408.800048828125,1402.3162841796875,18071259,-0.010674129241834973,-0.010731506425624272,1409.084979248047,1437.1054150390626,1397.0928297652354,1410.0747431076322,0.014540807640778171,3,1,1
2026-03-11,1424.9000244140625,1434.0,1383.5999755859375,1390.199951171875,1383.8017578125,21848087,-0.01320281777802923,-0.013290749801248631,1405.685693359375,1434.0117163085938,1395.0480494648145,1408.1285960487335,0.01473747712465047,3,1,2
2026-03-12,1390.0,1410.9000244140625,1381.0999755859375,1392.199951171875,1385.7926025390625,20939959,0.0014386776973818183,0.0014376437921421565,1401.8782958984375,1431.07330078125,1393.6241345531603,1406.47407801098,0.014581986929263175,3,1,3
2026-03-13,1385.199951171875,1400.800048828125,1378.4000244140625,1380.699951171875,1374.3455810546875,17265090,-0.008260270305528894,-0.008294575381705669,1398.4839904785156,1427.2967602539063,1390.658203245703,1404.094189347551,0.014642108032525416,3,1,4
2026-03-16,1380.0,1397.300048828125,1363.5,1395.0999755859375,1388.6793212890625,22837802,0.010429502180503425,0.010375490143813606,1397.264630126953,1423.7033764648438,1390.353759867758,1402.9523472691444,0.014758347687264176,3,1,0
2026-03-17,1399.0,1405.9000244140625,1388.199951171875,1397.5999755859375,1391.167724609375,19007744,0.0017919207711702967,0.001790317196511928,1395.2987182617187,1419.827294921875,1390.478985212622,1402.0794122573095,0.01474474024094418,3,1,1
2026-03-18,1397.199951171875,1412.9000244140625,1397.199951171875,1408.0999755859375,1401.6195068359375,9559327,0.007512956232144763,0.007484874539781199,1394.557147216797,1416.4429443359375,1392.1929116162091,1402.0453451890596,0.013422736531716703,3,1,2
2026-03-19,1388.0,1415.699951171875,1376.0999755859375,1384.800048828125,1378.4267578125,16498373,-0.016547107763784985,-0.01668554038231336,1391.7451477050781,1413.9982495117188,1390.0750418002538,1400.2958201982033,0.01344781639921379,3,1,3
2026-03-20,1398.0,1430.0,1396.0999755859375,1414.4000244140625,1407.8905029296875,22994918,0.0213749079885428,0.021149668636858708,1391.9890197753907,1412.210517578125,1392.8158819740127,1400.8583892894244,0.013999343807189573,3,1,4
2026-03-23,1400.0,1415.5999755859375,1391.0,1407.800048828125,1401.3209228515625,18979554,-0.004666257826481779,-0.004677178794144283,1391.411688232422,1410.9603002929687,1394.124349801328,1400.892651034768,0.013975803143300106,3,1,0
2026-03-24,1420.0,1422.4000244140625,1406.5999755859375,1411.800048828125,1405.302490234375,18620893,0.0028412958929566745,0.0028372670414163665,1390.605419921875,1409.6961450195313,1395.8440637141043,1401.2193057902946,0.013906041564451731,3,1,1
2026-03-25,1420.0,1430.5,1408.4000244140625,1413.0999755859375,1406.596435546875,19041331,0.0009207592824262978,0.0009203356436245065,1389.8240295410155,1408.3005981445312,1397.4982747652998,1401.6176116981894,0.013909138463767307,3,1,2
2026-03-27,1401.0,1404.699951171875,1345.0,1348.0999755859375,1341.8956298828125,23266517,-0.04599812997457742,-0.04708964734140841,1387.315625,1406.2162353515625,1388.9440217064555,1397.1937611933465,0.01606240462218985,3,1,4
2026-03-30,1335.0,1365.0,1334.0999755859375,1343.9000244140625,1337.7149658203125,24393861,-0.003115491227037581,-0.0031203544733915027,1384.1850952148438,1403.9288110351563,1381.0626284932027,1392.7879244990477,0.015934052966132015,3,1,0
2026-04-01,1384.199951171875,1384.4000244140625,1362.9000244140625,1369.199951171875,1362.8984375,14404619,0.01882573816032962,0.018650727016000377,1382.9557739257812,1402.1450561523438,1378.2681375711716,1390.573888425044,0.016021012296235284,4,2,2
2026-04-02,1357.0,1358.199951171875,1328.0,1350.5,1344.2845458984375,21280051,-0.013657577915861752,-0.013751700607661102,1382.582501220703,1400.0069409179687,1373.0398926984433,1387.145048237888,0.01597355270266254,4,2,3
2026-04-06,1359.0,1359.0,1290.0,1304.699951171875,1298.6953125,29274881,-0.03391338056926663,-0.03450178064181,1380.5767700195313,1397.83896484375,1361.6022649756057,1380.5932159610074,0.016958557524107677,4,2,0
2026-04-07,1295.0,1308.300048828125,1291.0,1304.5999755859375,1298.5958251953125,28388922,-7.660557771316245e-05,-7.660851207029054e-05,1376.3562805175782,1396.0591943359375,1351.9089665478684,1374.5193351635485,0.01671062715434715,4,2,1
2026-04-08,1349.0,1350.5999755859375,1326.199951171875,1347.800048828125,1341.5970458984375,21817543,0.03311362925154748,0.032577183363482205,1373.5193969726563,1394.9284228515626,1350.322517217187,1372.0806470698365,0.017574745872059577,4,2,2
2026-04-09,1346.0,1350.0,1326.300048828125,1330.0,1323.87890625,20725390,-0.013206752133664734,-0.013294736804403419,1368.8410278320312,1393.4850952148438,1346.2542693760813,1368.5101477498486,0.017630760228498833,4,2,3
2026-04-10,1337.0,1352.300048828125,1331.5,1350.199951171875,1343.9859619140625,19364461,0.015187987035020889,0.015073804246197876,1365.92451171875,1392.770400390625,1345.905298997309,1366.6935413916424,0.017852315552403554,4,2,4
2026-04-13,1321.199951171875,1327.5999755859375,1310.0,1315.0999755859375,1309.0474853515625,28753269,-0.02599616182950437,-0.026340034720573974,1362.1867980957031,1391.4684204101563,1340.2348661287326,1362.4234631664513,0.018386235574022414,4,2,0
2026-04-15,1337.0,1347.0,1334.199951171875,1344.0999755859375,1337.9140625,15313779,0.02205158901526394,0.021811968996033236,1359.79287109375,1390.4212646484375,1339.8778194166198,1360.6079520059734,0.01857170851083525,4,2,2
2026-04-16,1352.0,1353.800048828125,1330.0,1343.300048828125,1337.1177978515625,30211012,-0.0005951538075245066,-0.000595330981852617,1357.9314819335937,1389.4716577148438,1339.4532007143032,1358.867940587128,0.018523961438174072,4,2,3
2026-04-17,1340.0,1368.4000244140625,1340.0,1365.0,1358.7178955078125,13869105,0.016154221932395352,0.016025130877408516,1356.4334106445312,1388.8664575195312,1342.4169999133046,1358.8568261368082,0.018732193205472477,4,2,4
2026-04-20,1363.199951171875,1373.0,1352.800048828125,1363.300048828125,1357.0257568359375,13614733,-0.0012453936740434157,-0.0012461698212178662,1354.7263122558593,1388.326953125,1344.6645009783251,1358.7211913737808,0.01811840932385372,4,2,0
2026-04-21,1359.0,1369.800048828125,1350.0999755859375,1353.300048828125,1347.07177734375,27293629,-0.00733514411354752,-0.007362178565324447,1351.99892578125,1386.6586694335938,1345.0348511883906,1357.8582718160005,0.01808097678056388,4,2,1
2026-04-22,1350.300048828125,1366.0,1349.0999755859375,1362.0999755859375,1355.8311767578125,9525953,0.006502548387833373,0.006481498024790304,1350.8691467285157,1384.7733837890626,1346.695824352917,1357.708116626505,0.017048755878573265,4,2,2
2026-04-23,1346.0,1355.5,1340.699951171875,1343.4000244140625,1337.21728515625,16385079,-0.013728767947403075,-0.013823878990308855,1347.3354858398438,1382.782587890625,1345.2375875534296,1356.190277258338,0.017068272538055235,4,2,3
2026-04-24,1340.0,1345.9000244140625,1325.0,1327.800048828125,1321.6890869140625,11744802,-0.011612322406057696,-0.01168027196892668,1343.3538940429687,1380.3339086914064,1341.6147413012195,1353.6346335291325,0.016924886500345914,4,2,4
2026-04-27,1313.0,1371.5999755859375,1311.0,1365.800048828125,1359.51416015625,24673098,0.02861873765675349,0.02821687085302721,1341.0644775390624,1378.4267260742188,1344.3684980481473,1354.0701540200303,0.01774609999170942,4,2,0
2026-04-28,1358.0,1395.199951171875,1357.0,1388.9000244140625,1382.5078125,41027699,0.016913139279922884,0.016771704647915515,1339.8600463867188,1377.0411328125,1350.2360848868939,1356.1766472407687,0.01787629441587253,4,2,1
2026-04-29,1392.0,1433.800048828125,1391.300048828125,1425.4000244140625,1418.83984375,30542143,0.026279801764230504,0.025940420840798166,1343.707257080078,1376.1791186523437,1360.7905093273719,1360.8183655007117,0.018503604721358844,4,2,2
2026-04-30,1409.0,1437.0,1393.0999755859375,1430.800048828125,1424.215087890625,30957881,0.0037884784278527928,0.0037813202169092656,1348.0322631835938,1375.8187866210938,1370.5481367986417,1365.5144190110757,0.01842735547327819,4,2,3
2026-05-01,1430.800048828125,1430.800048828125,1430.800048828125,1430.800048828125,1424.215087890625,0,0.0,0.0,1351.098095703125,1376.0417578125,1378.8045908127929,1369.8626167058571,0.018348441003961533,5,2,4
2026-05-04,1433.4000244140625,1467.4000244140625,1433.4000244140625,1463.0999755859375,1456.3663330078125,24035700,0.022574711776720546,0.022323674017795506,1356.7021850585938,1376.559365234375,1390.7371665351036,1376.2702993948908,0.018766700798829777,5,2,0
2026-05-05,1460.0,1473.4000244140625,1450.0,1463.5999755859375,1456.864013671875,23543341,0.0003417276634201105,0.00034166928782079667,1364.6106201171874,1377.367626953125,1400.9105276330686,1382.2402041561488,0.018735736460559278,5,2,1
2026-05-06,1463.0,1473.300048828125,1427.5,1437.9000244140625,1431.2823486328125,14221786,-0.017559404857963812,-0.01771540002643879,1371.2449462890625,1377.2999389648437,1405.583115479183,1385.8729555988648,0.01877016537523232,5,2,2
2026-05-07,1438.800048828125,1449.5,1430.300048828125,1436.199951171875,1429.590087890625,19816903,-0.0011823388612344221,-0.001183038375255249,1375.644598388672,1377.8314794921876,1409.2764958501741,1389.1112616945506,0.018391472691644775,5,2,3
2026-05-08,1426.0,1442.800048828125,1417.5,1435.199951171875,1428.5947265625,8663105,-0.0006962564559982454,-0.0006964989550920782,1380.880389404297,1378.1460229492188,1412.248531344378,1392.03596279588,0.01836598636493055,5,2,4
2026-05-11,1420.0,1428.0,1382.0,1388.199951171875,1381.81103515625,15261787,-0.0327480499097329,-0.03329626928541102,1382.7716430664063,1377.3536865234375,1407.5658396231274,1391.2785607485,0.01935291363832042,5,2,0
2026-05-12,1392.0,1393.5,1360.300048828125,1364.0,1357.722412109375,24357500,-0.017432646312707356,-0.0175863842171055,1385.205389404297,1376.0636499023437,1399.897620005627,1388.7929201085649,0.019598911611937227,5,2,1
2026-05-13,1361.4000244140625,1372.4000244140625,1352.4000244140625,1358.800048828125,1352.54638671875,13797989,-0.00381228544543466,-0.0038195707272034207,1385.9370056152343,1375.2733032226563,1392.6128148845692,1386.1079917093193,0.01767761852429319,5,2,2
2026-05-14,1365.199951171875,1378.0,1358.4000244140625,1361.800048828125,1355.5325927734375,17303059,0.0022078400297471656,0.002205406332433297,1386.8577453613282,1374.3774438476562,1386.9081653290104,1383.8431473436985,0.017667676573518386,5,2,3
2026-05-15,1356.800048828125,1364.800048828125,1329.199951171875,1336.4000244140625,1330.24951171875,19976192,-0.01865176919350786,-0.018827907067700874,1385.434326171875,1373.2327368164063,1378.1914493889703,1379.8732484085174,0.017658930043795835,5,2,4
2026-05-18,1334.0,1342.0,1318.699951171875,1335.9000244140625,1329.7518310546875,13022473,-0.0003741258009706261,-0.0003741958034884785,1384.0706298828125,1372.7927734375,1370.7392004144654,1376.1605508267523,0.01748741890440494,5,2,0
2026-05-19,1338.699951171875,1344.0,1318.4000244140625,1322.699951171875,1316.6124267578125,21665501,-0.009881095096107906,-0.009930237102117835,1382.5476623535155,1372.3488232421876,1362.4120044672882,1371.7495786734976,0.0164075855295483,5,2,1
2026-05-20,1318.699951171875,1362.9000244140625,1312.5999755859375,1359.699951171875,1353.442138671875,13248515,0.027973085446836077,0.027588985218283305,1382.4282104492188,1371.7575537109376,1361.0320251141477,1370.3934720067107,0.01715085862547388,5,2,2
2026-05-21,1367.199951171875,1370.9000244140625,1345.199951171875,1349.5999755859375,1343.388671875,17150630,-0.007428072844503308,-0.007455798361025863,1382.7367797851562,1370.6586328125,1358.3176630773555,1368.3931164413987,0.016143392178578773,5,2,3
2026-05-22,1350.0,1367.4000244140625,1349.0999755859375,1354.5,1348.26611328125,7105813,0.0036307001155833074,0.0036241250338794172,1384.0656311035157,1369.275029296875,1356.7712708010315,1366.9022273184248,0.015953860251636347,5,2,4
2026-05-25,1366.800048828125,1371.0999755859375,1357.0,1367.0,1360.7086181640625,6750071,0.009228523034322533,0.009186200399962478,1384.1253540039063,1368.4428759765624,1357.37701654919,1366.4434414551386,0.01580404773995431,5,2,0
2026-05-26,1360.0999755859375,1368.5,1352.4000244140625,1356.300048828125,1350.0579833984375,13769747,-0.00782727074955647,-0.007858064626510279,1382.502862548828,1367.7680004882814,1356.2510114490744,1365.2297038213087,0.01508409599559508,5,2,1
2026-05-27,1353.0,1361.0,1348.5999755859375,1350.5,1344.2845458984375,13215138,-0.004276436694568342,-0.004285606802899601,1378.77509765625,1366.9378393554687,1354.4100167489764,1363.6782106418368,0.014582969956516988,5,2,2
2026-05-28,1350.5,1350.5,1350.5,1350.5,1344.2845458984375,0,0.0,0.0,1374.7785705566407,1366.3366186523438,1352.8522520027398,1362.2416428830666,0.014582170034244921,5,2,3
2026-05-29,1364.0,1369.0,1317.0,1321.199951171875,1315.119384765625,42634247,-0.021695675384946322,-0.021934486987735678,1369.3237854003905,1364.865419921875,1347.047195504722,1358.7511052447376,0.014797241379639128,5,2,4
2026-06-01,1332.5,1335.5,1318.5,1320.0,1313.9249267578125,10700603,-0.0009082506285353897,-0.0009086633380522158,1362.2017150878905,1363.3205639648438,1341.9514618513513,1355.4306475790395,0.014797161622375305,6,2,0
2026-06-02,1307.699951171875,1327.800048828125,1300.300048828125,1314.5999755859375,1308.5498046875,23302785,-0.004090889791988239,-0.0040992803727456,1354.7860046386718,1361.459169921875,1336.8127453646048,1351.9579925500366,0.014760847320929724,6,2,1
2026-06-03,1315.0,1324.0,1301.0,1313.199951171875,1307.15625,20012293,-0.001064961136754583,-0.0010655286107936225,1348.5796997070313,1360.033759765625,1332.250207616204,1348.6393449537377,0.014695176768980984,6,2,2
2026-06-04,1301.0,1311.199951171875,1293.0999755859375,1303.699951171875,1297.699951171875,23474327,-0.007234252850892964,-0.007260546946886467,1341.9851928710937,1357.8299487304687,1326.9347835478457,1344.8660565254515,0.014550050246036556,6,2,3
2026-06-05,1304.5,1306.0,1288.0,1291.0,1291.0,17785223,-0.005162943225685335,-0.005176317269875239,1335.1054565429688,1355.6235302734376,1321.4063553097155,1340.875978264307,0.014433453216772339,6,2,4
2026-06-08,1277.0,1282.5999755859375,1259.199951171875,1263.300048828125,1263.300048828125,16494759,-0.021456197654434517,-0.021689728359400744,1329.1799072265626,1352.7834814453124,1312.466923543317,1335.129613120886,0.013810078803816081,6,2,0
2026-06-09,1269.0,1274.199951171875,1257.5,1269.199951171875,1269.199951171875,23620214,0.0046702304406802675,0.004659358750221434,1324.7537841796875,1350.0355517578125,1305.8104662554028,1330.2459344579963,0.01339584620056563,6,2,1
2026-06-10,1275.0,1300.5,1254.4000244140625,1258.800048828125,1258.800048828125,21012796,-0.00819406141179535,-0.008227817257789666,1320.0664672851562,1348.3736401367187,1298.5780943435138,1324.9536466335614,0.012248355525687493,6,2,2
2026-06-11,1258.0,1276.0,1253.199951171875,1263.0,1263.0,13117486,0.003336472043979466,0.0033309183708176144,1315.4398376464844,1346.8793408203126,1293.1045413675886,1320.364487623668,0.012238834898604087,6,2,3
2026-06-12,1277.0,1297.0,1262.5,1293.0,1293.0,11988785,0.02375296912114022,0.02347525642136645,1313.5773620605469,1345.4813720703125,1293.0884580802672,1318.3374885404335,0.013229647196596148,6,2,4
2026-06-15,1315.300048828125,1325.0,1303.300048828125,1307.0,1307.0,18633321,0.010827532869296164,0.010769334852364422,1312.4397705078125,1344.7356811523437,1295.2286952986876,1317.4976745744755,0.012601472915778887,6,2,0
2026-06-16,1313.4000244140625,1333.4000244140625,1306.4000244140625,1328.800048828125,1328.800048828125,18513223,0.0166794558746175,0.0165418814208928,1313.0491516113282,1345.3377758789063,1300.393518918601,1318.3348874821534,0.013116772225249741,6,2,1
2026-06-17,1333.0,1334.0,1317.0,1332.699951171875,1332.699951171875,10029170,0.002934905328449755,0.0029306069020688568,1312.0120422363282,1346.0198583984375,1305.3637392652586,1319.3989662739846,0.012862438560952327,6,2,2
2026-06-18,1330.0,1333.9000244140625,1322.0,1328.0999755859375,1328.0999755859375,15494549,-0.003451621335989863,-0.003457591923677681,1311.247607421875,1345.7499169921875,1308.8616217761323,1320.0434854822774,0.012862336941914429,6,2,3
2026-06-19,1328.0,1338.199951171875,1305.300048828125,1309.5,1309.5,24887034,-0.014004951380058195,-0.014103946075739332,1309.3093017578126,1345.4623388671876,1308.9598338105736,1319.2624865576643,0.013030968697108564,6,2,4
2026-06-22,1316.699951171875,1344.9000244140625,1314.0999755859375,1326.5,1326.5,12931213,0.012982054219167649,0.012898509630027784,1307.5988708496093,1345.1126196289063,1311.6583209166392,1319.798598664504,0.012046234623236004,6,2,0
2026-06-23,1328.9000244140625,1333.0,1304.0,1309.5,1309.5,15400184,-0.012815680361854542,-0.012898509630027795,1305.5709716796875,1345.121669921875,1311.3262715448486,1319.0357395041704,0.011860968047921088,6,2,1
2026-06-24,1305.699951171875,1322.0,1297.5,1313.5999755859375,1313.5999755859375,11030917,0.0031309473737590743,0.00312605616478306,1304.0367431640625,1344.6353881835937,1311.6760721665546,1318.6330903250418,0.011874696521977032,6,2,2
2026-06-25,1318.0,1328.0,1314.5999755859375,1318.0999755859375,1318.0999755859375,12694362,0.00342570042907675,0.003419846083707603,1302.7275146484376,1344.2550317382813,1312.6643650003057,1318.5936003443676,0.01188778126708291,6,2,3
2026-06-26,1318.0999755859375,1318.0999755859375,1318.0999755859375,1318.0999755859375,1318.0999755859375,0,0.0,0.0,1302.8765441894532,1343.4426733398439,1313.5006127827105,1318.557035547447,0.011403324335382884,6,2,4
2026-06-29,1308.0,1313.699951171875,1292.5999755859375,1301.0,1301.0,13757656,-0.01297320074551711,-0.013058087683752058,1302.2302978515625,1342.322158203125,1311.5774415853705,1317.2565143957843,0.011637905785215986,6,2,0
2026-06-30,1306.9000244140625,1306.9000244140625,1290.0,1293.9000244140625,1293.9000244140625,15695263,-0.005457321741689114,-0.0054722673220130545,1301.4978088378907,1341.2587231445314,1308.857838943631,1315.5264040267678,0.01154473380362962,6,2,1
2026-07-01,1298.9000244140625,1312.199951171875,1296.5,1308.0,1308.0,7001401,0.010897268196839782,0.010838320826651824,1301.5399963378907,1340.302099609375,1308.7258637215339,1314.9688926173776,0.0104618733253859,7,3,2
2026-07-02,1310.0,1313.199951171875,1299.0,1303.5,1303.5,17795024,-0.0034403669724770714,-0.0034462986435875977,1301.8299987792968,1339.62775390625,1307.921884687452,1314.1193450160904,0.010403671118952892,7,3,3
2026-07-03,1312.0,1312.0,1302.0,1304.0,1304.0,7839550,0.0003835826620637306,0.000383509113041898,1302.479998779297,1339.2739721679689,1307.3185178124593,1313.3697639037873,0.010371191151164697,7,3,4
2026-07-06,1304.0,1325.5999755859375,1299.4000244140625,1322.699951171875,1322.699951171875,4949703,0.014340453352664984,0.014238601629907975,1305.4499938964843,1338.5376879882813,1309.6848921754463,1314.0608888866086,0.010585835168794603,7,3,0
