Date,Open,High,Low,Close,Adj Close,Volume,Daily Return,Log Return,SMA_20,SMA_50,EMA_12,EMA_26,Rolling Volatility,Month,Quarter,Day of Week
2021-09-16,339.875,340.375,332.5,333.92498779296875,308.5130310058594,9315692,-0.009198187314849893,-0.00924075185190234,300.2845626831055,281.09264099121094,305.6527668231389,297.00146098418816,0.013914390201907923,9,3,3
2021-09-17,335.70001220703125,337.20001220703125,331.375,332.625,307.3119812011719,10815562,-0.0038930277945526948,-0.003900625352002474,301.11260681152345,282.31819427490234,305.9080305736055,297.76520322248325,0.013905763037358989,9,3,4
2021-09-20,328.875,335.25,326.70001220703125,331.25,306.04156494140625,9092860,-0.004133962674673586,-0.004142531120949185,302.0930923461914,283.5224957275391,305.9285743224979,298.3782670535146,0.013964761315987619,9,3,0
2021-09-21,330.25,334.5,328.54998779296875,333.79998779296875,308.3975524902344,7367102,0.00769826003627716,0.007668779634352666,302.9881195068359,284.7845428466797,306.30841711753425,299.1204363451235,0.013898917049057179,9,3,1
2021-09-22,334.5,337.25,331.5,334.07501220703125,308.6516418457031,9583304,0.0008239019843609974,0.0008235627634314913,303.7872940063477,286.0997134399414,306.66891322956025,299.8264515673887,0.013867933829625608,9,3,2
2021-09-23,336.45001220703125,338.5,335.70001220703125,337.1499938964844,311.4926147460937,6462586,0.009204463917320771,0.009162360998646275,304.7724014282227,287.47124145507814,307.4110211551808,300.69061180284837,0.013824481718412968,9,3,3
2021-09-24,340.25,349.57501220703125,337.5,338.25,312.5089111328125,24253176,0.0032626660749155434,0.003257355128717953,305.87068634033204,288.8723352050781,308.19531192097025,301.5660413828457,0.013740718019594624,9,3,4
2021-09-27,339.0249938964844,339.17498779296875,325.5,326.95001220703125,302.06884765625,16798164,-0.03340725049637261,-0.033978020630087605,306.3083831787109,289.724169921875,307.25277895716715,301.60328629198676,0.015321310105089084,9,3,0
2021-09-28,326.95001220703125,326.95001220703125,317.625,319.79998779296875,295.4629211425781,16224924,-0.021868943338338998,-0.02211161315863186,306.47352905273436,290.3126916503906,305.4389546779996,301.14844442906764,0.015740932165832437,9,3,1
2021-09-29,314.9750061035156,323.25,313.67498779296875,320.375,295.99420166015625,17679132,0.00179812923910605,0.0017965145400610652,306.4689086914062,290.8947479248047,303.98591575217756,300.7666486684075,0.01572501620996431,9,3,2
2021-09-30,319.375,323.375,316.2749938964844,317.04998779296875,292.9222106933594,12027918,-0.01037855116609332,-0.01043278389267622,306.2852813720703,291.45185791015626,302.28380728159016,300.1855791887743,0.014617759988683265,9,3,3
2021-10-01,317.3999938964844,319.875,315.1000061035156,318.125,293.9154052734375,8417708,0.0033906427844005993,0.003384907515663474,305.93419952392577,292.081494140625,300.9963608187974,299.7211218617123,0.014535139668491279,10,4,4
2021-10-04,319.95001220703125,321.79998779296875,317.9750061035156,320.5249938964844,296.1328125,10494244,0.007544372247176412,0.007516055801564855,305.60968322753905,292.6067303466797,300.2481226159055,299.4553211682521,0.01429447487270732,10,4,0
2021-10-05,318.2250061035156,324.75,317.0249938964844,323.42498779296875,298.8121032714844,10912148,0.009047598436881632,0.009006914130853126,304.6950225830078,293.0474298095703,300.02719656291765,299.40767539812117,0.014163603336769281,10,4,1
2021-10-06,325.20001220703125,325.2250061035156,317.20001220703125,317.875,293.6844787597656,9673198,-0.017160029515471353,-0.017308969153437475,303.80577239990237,293.46595642089846,299.0513938239712,298.9837349063911,0.014487953357505664,10,4,2
2021-10-07,319.5,324.2749938964844,318.45001220703125,321.4750061035156,297.010498046875,7448686,0.011325144934983378,0.011261495588982914,303.36114501953125,293.94176391601565,298.7374098582641,298.8375692130936,0.014613818848437021,10,4,3
2021-10-08,323.07501220703125,333.7749938964844,322.5,330.57501220703125,305.4179992675781,22091966,0.028307084348837552,0.027913842608676725,303.333430480957,294.58110290527344,299.76519284431237,299.32500847638875,0.015420275363631601,10,4,4
2021-10-11,324.4750061035156,333.1499938964844,317.5,326.3999938964844,301.5606994628906,20422932,-0.012629575905603763,-0.01271000692338715,302.91882781982423,295.15715393066404,300.04142463178596,299.49061521612964,0.015566101771134221,10,4,0
2021-10-12,326.0,331.20001220703125,321.2749938964844,329.54998779296875,304.4709777832031,18680432,0.009650721481598845,0.009604450728284874,302.5873794555664,295.82189880371095,300.7228943473886,299.8595309618388,0.01561386366106147,10,4,1
2021-10-13,332.5,337.3500061035156,328.0,336.29998779296875,310.7073059082031,18925882,0.02048250434378196,0.020275558920683286,302.55388793945315,296.5642517089844,302.258957664437,300.66306984675464,0.015850807747298457,10,4,2
2021-10-14,348.5,369.9249877929688,347.5,354.125,327.17578125,118377606,0.053003180255640325,0.05164625333307098,303.48702545166014,297.5699151611328,306.092315139139,302.6269743951432,0.018408756319517584,10,4,3
2021-10-18,359.5,360.3999938964844,351.20001220703125,354.875,327.86871337890625,21198892,0.002117919994746753,0.0021156803638765283,304.5148620605469,298.6134588623047,309.4425302529493,304.4967328383849,0.01828756344157419,10,4,0
2021-10-19,358.54998779296875,364.9750061035156,354.0,355.7749938964844,328.70025634765625,21865148,0.002536207130532153,0.0025329963848259563,305.6477966308594,299.6357537841797,312.4052573444427,306.28958643166425,0.01828120313523389,10,4,1
2021-10-20,356.79998779296875,361.375,347.875,350.9750061035156,324.2655334472656,16108782,-0.013491692856181237,-0.013583532729966298,306.4411956787109,300.59614807128906,314.22991520641546,307.6211380624495,0.016417399765076775,10,4,2
2021-10-21,354.4750061035156,354.5,340.8500061035156,348.1499938964844,321.6554870605469,15916912,-0.008049102101513439,-0.008081671008538018,307.0913879394531,301.51542724609374,315.3723108762818,308.660719469716,0.016130046182551615,10,4,3
2021-10-22,350.875,352.75,339.125,341.20001220703125,315.2344055175781,10758302,-0.019962605337928152,-0.02016455022706982,307.27847747802736,302.2411505126953,315.35109466725044,309.147659176965,0.016219561565626754,10,4,4
2021-10-25,341.375,342.1000061035156,330.3999938964844,333.8500061035156,308.4437561035156,17621916,-0.021541587133907636,-0.021776993952524328,307.0752197265625,302.85508117675784,314.2884271959066,309.0955182085614,0.0167398558804987,10,4,0
2021-10-26,335.5249938964844,339.3999938964844,332.5,334.07501220703125,308.6516418457031,12193966,0.0006739826567205842,0.0006737556324110418,307.4043594360352,303.4306701660156,313.42122944972147,309.0626384779793,0.01657889493465488,10,4,1
2021-10-27,334.07501220703125,337.2749938964844,331.7250061035156,335.54998779296875,310.01434326171875,12631178,0.004415014311496268,0.004405296727493993,308.1319305419922,303.9443566894531,312.89709311310565,309.13313512862663,0.01658230977958982,10,4,2
2021-10-28,335.5,335.79998779296875,327.5,328.45001220703125,303.4547424316406,10357542,-0.021159023679560574,-0.021386084456172117,308.5049575805664,304.34024841308593,311.4444237774956,308.71251344736845,0.01702492514779471,10,4,3
2021-10-29,329.125,329.70001220703125,322.125,323.375,298.76593017578125,13522634,-0.015451438386782312,-0.01557205595061766,308.7971435546875,304.4497314453125,309.49388630030876,307.97572950132496,0.017169971614628188,10,4,4
2021-11-01,325.54998779296875,328.4750061035156,323.75,327.7250061035156,302.784912109375,8802466,0.013451941897220765,0.01336226782533567,309.24061889648436,304.69040771484373,308.4617364247805,307.59122450932864,0.017357695980504465,11,4,0
2021-11-02,328.5,330.5,325.54998779296875,326.8999938964844,302.0226745605469,8079378,-0.0025174224947932533,-0.0025205965308474202,309.53511199951174,305.0022241210938,307.4711115225907,307.1787393279374,0.017348050596699607,11,4,1
2021-11-03,329.70001220703125,330.92498779296875,325.1000061035156,326.25,301.422119140625,6871182,-0.0019884448106278763,-0.0019904243916373564,309.6656127929688,305.22072631835937,306.5404973099806,306.7523230177661,0.01728415370383167,11,4,2
2021-11-04,327.5,328.82501220703125,323.70001220703125,326.8500061035156,301.9764709472656,1565810,0.001839121190644999,0.0018374320779396167,310.08021240234376,305.4068927001953,305.83833940802447,306.398556197729,0.017288069595070205,11,4,3
2021-11-08,326.4750061035156,330.5,323.75,329.17498779296875,304.1245422363281,9504460,0.007113373046331306,0.007088192350884835,310.43591461181643,305.65357421875,305.5746783046866,306.23011071910673,0.017251414789234414,11,4,0
2021-11-09,331.54998779296875,333.125,328.3500061035156,329.2250061035156,304.1706848144531,8284130,0.0001517226389744497,0.00015171113025893475,310.37354888916013,305.9261236572266,305.3586793061891,306.07756065209537,0.017236397901753575,11,4,1
2021-11-10,327.95001220703125,329.5,325.7749938964844,326.29998779296875,301.46826171875,8091390,-0.008884561302650251,-0.008924264355162793,310.3689270019531,306.0891906738281,304.7601535235061,305.73613110147716,0.016184026607755298,11,4,2
2021-11-11,324.875,324.875,318.3999938964844,320.8999938964844,296.479248046875,12067796,-0.016549051112151325,-0.016687516430481764,309.9693405151367,306.17557556152343,303.4861680655629,305.0504360603955,0.01596311439954615,11,4,3
2021-11-12,324.0,331.25,322.8999938964844,330.0249938964844,304.9098815917969,12126506,0.02843583016504736,0.02803903649214115,309.6794692993164,306.352041015625,303.7052009157527,305.04002461827713,0.016773272720187117,11,4,4
2021-11-15,330.7749938964844,333.0,328.57501220703125,329.45001220703125,304.37860107421875,9435996,-0.001742418168950599,-0.0017439379451353442,308.5396102905273,306.5077178955078,303.80880094013213,304.9910302816802,0.016642651215710912,11,4,0
2021-11-16,329.20001220703125,334.375,327.32501220703125,330.7250061035156,305.5566101074219,11327094,0.00387020976194008,0.0038627397675661864,307.42400512695315,306.6001092529297,304.0776946581767,305.03292508358703,0.01664484746395886,11,4,1
2021-11-17,330.7250061035156,334.0,329.0,330.8999938964844,305.7182312011719,8854994,0.0005289399358541225,0.0005288000964351811,306.27490386962893,306.6620111083984,304.33008489556056,305.0836884997044,0.016605186916544345,11,4,2
2021-11-18,331.70001220703125,332.9750061035156,322.625,325.7250061035156,300.9370422363281,7842498,-0.01563920131965435,-0.015762783809632187,305.10847930908204,306.3386456298828,303.80807833260167,304.77652951723206,0.016812970804794148,11,4,3
2021-11-22,329.0,330.2250061035156,319.0,322.0249938964844,297.5186462402344,11582434,-0.011359173236670683,-0.011424181406537118,303.9016372680664,306.05962890625,302.8404733953144,304.2389085337507,0.016636830068366967,11,4,0
2021-11-23,321.3500061035156,324.4750061035156,313.0249938964844,321.3999938964844,296.9411926269531,9134924,-0.0019408989002154264,-0.001942784885218447,302.98697662353516,305.8803918457031,301.93289173864343,303.69833698509905,0.016516826224018923,11,4,1
2021-11-24,322.1499938964844,323.79998779296875,316.54998779296875,318.25,294.03094482421875,7985552,-0.009800754745369789,-0.009849098270182408,302.26633605957034,305.6415649414063,300.7172075979627,302.98223386207087,0.01572067103385191,11,4,2
2021-11-25,318.5,320.8999938964844,316.5,318.3500061035156,294.12335205078125,6661362,0.00031427721533772157,0.0003142278405983142,301.53992156982423,305.32697692871096,299.7027682830117,302.32602039456793,0.015571602268135497,11,4,3
2021-11-26,316.0,317.20001220703125,309.82501220703125,310.7250061035156,287.0786437988281,8277074,-0.023951543469206915,-0.024243045716640956,300.3931365966797,304.8465509033203,297.760595285445,301.1965850911798,0.016002721500216196,11,4,4
2021-11-29,308.2749938964844,316.42498779296875,301.9750061035156,315.29998779296875,291.3054504394531,10376060,0.014723514729946041,0.014616176105486371,299.7856719970703,304.4451171875,296.7674960783693,300.4639084503112,0.015758431224640868,11,4,0
2021-11-30,315.29998779296875,322.75,315.25,318.625,294.3774108886719,26850200,0.010545495954794148,0.010490280059102134,299.56624603271484,304.16240478515624,296.39979066456965,300.0130567790786,0.012135799497356494,11,4,1
2021-12-01,321.29998779296875,322.9750061035156,316.625,317.3999938964844,293.24560546875,9453644,-0.003844742762378228,-0.0038521527850177368,299.0892807006836,303.88107727050783,295.91453140367435,299.5117640894247,0.012090314182716382,12,4,2
2021-12-02,318.45001220703125,324.04998779296875,314.5,323.3999938964844,298.7890319824219,10210456,0.018903698504912914,0.01872724389132109,298.92759857177737,303.7360266113281,296.3567622619432,299.45822837779485,0.012731062983965502,12,4,3
2021-12-03,322.375,326.9750061035156,319.95001220703125,320.375,295.99420166015625,13405010,-0.00935385848577619,-0.009397880552574657,298.6562026977539,303.4879595947266,296.30098370782207,299.2016338061179,0.012636627029680443,12,4,4
2021-12-06,318.625,322.1000061035156,311.57501220703125,312.25,288.48748779296875,9409906,-0.0253610166181778,-0.025688150006973276,297.98175354003905,303.08467651367187,295.09890741322926,298.40799336069944,0.013257136739939106,12,4,0
2021-12-07,314.0,317.2749938964844,311.5,316.20001220703125,292.1369323730469,8557090,0.012650269888644594,0.0125709236910186,297.382373046875,302.69756286621094,294.6432189455089,297.94347032457705,0.013200716488608488,12,4,1
2021-12-08,319.5,326.5,319.125,320.8500061035156,296.4330749511719,15360658,0.014705920758553814,0.014598837270161523,296.99549255371096,302.3760461425781,294.9185814079186,297.8315891858063,0.013050923432147749,12,4,2
2021-12-09,320.875,323.79998779296875,318.92498779296875,321.6000061035156,297.1259765625,6865604,0.0023374638995403707,0.0023347362804467388,296.77837829589845,302.2771887207031,295.2581806624696,297.7793215840799,0.013062867079955576,12,4,3
2021-12-10,321.07501220703125,322.95001220703125,317.54998779296875,319.125,294.83935546875,8525212,-0.00769579664559894,-0.007725562099532238,296.6963836669922,302.26471740722656,295.19374601728197,297.5615463162777,0.013070963073415584,12,4,4
2021-12-13,321.75,328.2749938964844,320.1000061035156,322.70001220703125,298.1423034667969,13123680,0.011202534318377255,0.011140250655710518,296.3580047607422,302.30767944335935,295.64737024028426,297.6045653644643,0.012731139468982683,12,4,0
2021-12-14,323.0,325.95001220703125,319.625,323.45001220703125,298.8352355957031,8609412,0.0023241657451789077,0.0023214690495435217,296.0808364868164,302.4259399414062,296.13781106419486,297.69572612233384,0.01242166639461723,12,4,1
2021-12-15,323.3500061035156,323.3500061035156,317.67498779296875,318.20001220703125,293.9847106933594,7123544,-0.016231435669473937,-0.016364608444562518,295.50224151611326,302.42732604980466,295.8065648532971,297.420836090558,0.012501941660761748,12,4,2
2021-12-16,322.0,324.95001220703125,319.70001220703125,322.1499938964844,297.6341247558594,12437240,0.012413618565036533,0.012337201361530966,295.09803619384763,302.45735229492186,296.0877279152298,297.4366352509507,0.012730733647300674,12,4,3
2021-12-17,330.0,338.3999938964844,325.04998779296875,335.3999938964844,309.87579345703125,104600018,0.04112992322776621,0.04030658801979649,295.5449737548828,302.67862609863283,298.2089687678146,298.358054377327,0.014810442257741642,12,4,4
2021-12-20,333.7749938964844,338.75,331.5,332.9750061035156,307.6353759765625,26298202,-0.007230049999950805,-0.007256313478862499,296.0508102416992,302.95764404296875,299.65918526146817,299.0452633846778,0.014885679258175728,12,4,0
2021-12-21,338.0,348.54998779296875,335.5,345.3999938964844,319.1147766113281,27362096,0.0373149563775792,0.03663560191679973,297.159489440918,303.3997296142578,302.6523531614466,300.5318939940593,0.016287816374989057,12,4,1
2021-12-22,347.95001220703125,347.95001220703125,340.6000061035156,342.82501220703125,316.7357788085937,12327754,-0.007454991047412318,-0.007482918378412279,298.2947311401367,303.62608520507814,304.81903403023847,301.73218175809893,0.01637225867977325,12,4,2
2021-12-23,345.04998779296875,351.0,344.54998779296875,347.2749938964844,320.8470764160156,12944908,0.012980212159442894,0.012896691175898282,299.63091735839845,304.0118127441406,307.2848867049734,303.1480998809076,0.016381682670080517,12,4,3
2021-12-24,348.875,351.20001220703125,345.07501220703125,349.2250061035156,322.6487121582031,13182426,0.005615247495200704,0.005599540763676025,301.4094207763672,304.3753674316406,309.64855215931647,304.5925896792258,0.016001997710407004,12,4,4
2021-12-27,349.92498779296875,350.5,345.57501220703125,349.79998779296875,323.1799011230469,10188656,0.0016463384009519633,0.0016449846714809487,303.0031433105469,304.6248193359375,311.73029815373656,305.9694275639533,0.015260844281051596,12,4,0
2021-12-28,351.5,353.75,350.7749938964844,352.7250061035156,325.88238525390625,10158044,0.008362166463534049,0.008327397245738931,304.5783920288086,304.5989514160156,313.90754232299344,307.44446146691274,0.015285667494356697,12,4,1
2021-12-29,352.625,355.0,350.0249938964844,351.8500061035156,325.0739440917969,7898416,-0.0024807758832361415,-0.0024838581063192423,306.16980895996096,304.5430560302734,315.62545028742477,308.750349068756,0.015308425167894496,12,4,2
2021-12-30,352.54998779296875,359.95001220703125,352.0,357.04998779296875,329.8782043457031,18087350,0.014778976725829507,0.01467083186090502,307.724267578125,304.56661499023437,317.8181816810061,310.3153753855669,0.015475644049055264,12,4,3
2021-12-31,357.8999938964844,359.3999938964844,354.54998779296875,357.67498779296875,330.4556579589844,8549558,0.0017505055068023356,0.0017489751577004038,309.4473403930664,304.69041748046874,319.762408800695,311.807248168783,0.01508765669137549,12,4,4
2022-01-03,359.0,363.3999938964844,358.0,359.3500061035156,332.0032043457031,9280810,0.004683068210352248,0.0046721367616152235,311.6231262207031,304.8973718261719,321.6456081153117,313.303244922629,0.014834805686219235,1,1,0
2022-01-04,361.375,361.5499877929688,355.7749938964844,360.75,333.296630859375,10228800,0.0038958253918690566,0.003888256316289359,313.68111114501954,305.2586163330078,323.4380731528599,314.7842364734991,0.014795575914770095,1,1,1
2022-01-05,360.0,360.4249877929688,351.5,356.75,329.6010437011719,14711264,-0.011087982343759073,-0.01114991223049272,315.33950958251955,305.68176208496095,324.38622246798485,315.881777749623,0.0148386696417335,1,1,2
2022-01-06,352.8999938964844,356.125,349.9750061035156,352.875,326.0209350585937,12883220,-0.01086194570980803,-0.01092136732342422,316.78425750732424,306.0291479492187,324.6377167126939,316.63282643917637,0.015070784740091239,1,1,3
2022-01-07,354.0,360.75,353.79998779296875,355.75,328.6771240234375,13120326,0.00814729570776307,0.008114285667920855,318.4761459350586,306.40240356445315,325.2591639912698,317.52499663060314,0.014163304754207712,1,1,4
2022-01-10,354.5,354.5,345.0,346.75,320.3620910644531,27537820,-0.025298483986952003,-0.025623992276431425,319.5871353149414,306.74055053710936,324.5057681563749,317.7351517738513,0.015036479374020653,1,1,0
2022-01-11,347.5,349.2250061035156,344.5,347.07501220703125,320.662353515625,15487458,0.0009372596182470883,0.0009368206647052976,320.6784912109375,307.17847900390626,323.9144735962596,317.95198153250124,0.0149786685664864,1,1,1
2022-01-12,350.0,350.875,341.6000061035156,345.67498779296875,319.3688659667969,23460682,-0.00403379921168423,-0.0040419569248325024,321.94769897460935,307.51015808105467,323.215149345573,318.0569359350417,0.014981670810997797,1,1,2
2022-01-13,331.6000061035156,333.0,324.0,324.875,300.1517944335937,61505934,-0.060172025457237543,-0.062058426271265066,322.0735824584961,307.4727404785156,319.66694089757624,316.73062915715667,0.018598756547634755,1,1,3
2022-01-14,324.625,324.625,318.25,319.8999938964844,295.55535888671875,26514548,-0.015313703373150633,-0.015432169117637892,321.3575607299805,307.3554052734375,315.9574667420597,315.1620906186057,0.018736971711370818,1,1,4
2022-01-17,319.75,325.82501220703125,316.5249938964844,323.32501220703125,298.7197265625,20457876,0.010706514298034042,0.010649605410680009,320.91177825927736,307.2902703857422,313.30550671443507,313.94413772556084,0.018194779267649286,1,1,0
2022-01-18,324.45001220703125,325.0,315.57501220703125,316.6499938964844,292.5526733398437,14329980,-0.02064494800401473,-0.02086103417527888,319.58367309570315,307.0588330078125,310.1127631183441,312.3595848081003,0.018493102641809204,1,1,1
2022-01-19,315.5,315.82501220703125,309.5,310.57501220703125,286.94000244140625,17382766,-0.019185163595881738,-0.01937158707516416,318.09388427734376,306.71421936035154,306.54772301419985,310.4766527809378,0.01861209203148659,1,1,2
2022-01-20,310.32501220703125,311.20001220703125,305.25,307.6000061035156,284.19140625,16827124,-0.009578992709347034,-0.009625166361312481,316.26110076904297,306.3686822509766,303.10828966586143,308.5295974823498,0.018667351210095526,1,1,3
2022-01-21,305.0,305.5,300.3999938964844,302.5249938964844,279.95770263671875,19646694,-0.014897366775253218,-0.01500944707083614,314.1265502929688,306.03825134277344,299.54666089214714,306.41316082711785,0.01879811096217284,1,1,4
2022-01-24,302.75,302.75,284.2250061035156,286.375,265.01239013671875,26150716,-0.05338418039311266,-0.05486194962038459,311.21817474365236,305.24030151367185,294.23369616054276,303.3464370722735,0.02087107359661619,1,1,0
2022-01-25,281.25,286.0,275.3500061035156,281.3500061035156,260.3622741699219,34712370,-0.017546787017761356,-0.017702556746918587,307.9421691894531,304.35997497558594,289.0227081619857,300.1624250054326,0.02098809670176951,1,1,1
2022-01-27,277.5,278.45001220703125,268.6000061035156,272.375,252.0567779541016,31351744,-0.03189976828363317,-0.03241965190445426,304.2913108825684,303.2899783325195,283.3356419761574,296.59904374237107,0.021482614521622187,1,1,3
2022-01-28,275.04998779296875,282.4750061035156,273.32501220703125,276.07501220703125,255.48077392578125,29899780,0.013584224949122925,0.013492786514891915,300.5714393615723,302.28522918701174,279.05027766071487,293.55324597817923,0.02151616543461055,1,1,4
2022-01-31,284.5,287.20001220703125,281.2749938964844,286.29998779296875,264.9429931640625,26252174,0.03703691316134061,0.0363675247193033,297.29580612182616,301.5653482055664,276.87992619969145,291.4339679919484,0.021225559668104375,1,1,0
2022-02-01,289.95001220703125,291.20001220703125,283.2250061035156,288.32501220703125,266.8169250488281,20920202,0.007072962611263334,0.0070480665349580765,294.03649215698243,300.9513137817383,275.3317721764817,289.6104833294951,0.02133381627994631,2,1,1
2022-02-02,291.0,295.0,287.5,294.0,272.0686340332031,16368826,0.01968281803492755,0.019491616226395125,290.9750923156738,300.4538626098633,274.8297509236696,288.3110870853253,0.020362566016264037,2,1,2
2022-02-03,292.3500061035156,294.3999938964844,288.07501220703125,289.125,267.5572814941406,14082780,-0.016581670853362485,-0.016720685631484027,287.87290420532224,299.92438934326174,273.71090947297284,286.77376815264495,0.020466894185163845,2,1,3
2022-02-04,288.5,288.8999938964844,284.0249938964844,285.875,264.5497131347656,13633558,-0.011240839130146618,-0.01130449484094048,284.79934310913086,299.3329165649414,272.3014946517102,285.1275418550243,0.020192612128080045,2,1,4
2022-02-07,285.95001220703125,286.8999938964844,277.79998779296875,278.5,257.724853515625,15091358,-0.025798023132476144,-0.026136628390316705,281.25172958374026,298.74584075927737,270.05893447692785,283.09771308914287,0.020371929291877432,2,1,0
2022-02-08,280.70001220703125,282.8999938964844,277.2250061035156,280.125,259.2286376953125,13953814,0.0058348434742492294,0.005817886703162025,278.1950569152832,298.1043045043945,268.3927349720639,281.32963343034066,0.020449260141401884,2,1,1
2022-02-09,282.20001220703125,285.375,281.6499938964844,284.4750061035156,263.2541198730469,10207476,0.015528693949569572,0.01540935762096047,275.3246452331543,297.48183868408205,267.6021788029844,279.99070650017075,0.020676921073085282,2,1,2
2022-02-10,286.20001220703125,287.375,283.1000061035156,286.82501220703125,265.4288330078125,11603824,0.00826088927236679,0.008226954883975447,272.6276435852051,296.9255032348633,267.26781791141946,278.9120492044405,0.020848005096585003,2,1,3
2022-02-11,283.0,283.0,278.54998779296875,280.7250061035156,259.7839050292969,15442458,-0.02126719962766621,-0.021496604886618944,270.60924911499023,296.1454006958008,266.11644669878524,277.49514963591133,0.02061553060471135,2,1,4
2022-02-14,275.0,278.57501220703125,270.0,270.8500061035156,250.64552307128903,16241546,-0.035176859617139344,-0.03581046865457448,268.3637573242187,295.2384271240234,263.7363046022474,275.50628840890226,0.02112651735667524,2,1,0
2022-02-15,272.79998779296875,282.625,271.625,281.67498779296875,260.6629943847656,13676992,0.039966687578247395,0.03918868146551014,266.460920715332,294.6819372558594,263.26348764571173,274.4067851478551,0.02282563429419162,2,1,1
2022-02-16,282.57501220703125,285.1499938964844,278.7749938964844,281.95001220703125,260.9175109863281,14607822,0.0009764201557003194,0.0009759437676181545,264.87916259765626,294.057548828125,262.90256815965273,273.40757965440866,0.022780330539272732,2,1,2
2022-02-17,286.0,286.20001220703125,280.57501220703125,282.45001220703125,261.3802185058594,14228840,0.0017733862237996334,0.0017718156310211671,263.6011734008789,293.35649169921874,262.6683605206076,272.51666401377537,0.022838715666912777,2,1,3
2022-02-18,279.5,282.8500061035156,277.67498779296875,281.2250061035156,260.2465515136719,13411838,-0.0043372333173028466,-0.004346666399260048,262.4039306640625,292.6189031982422,262.2957745195406,271.6077667915455,0.022836128844789808,2,1,4
2022-02-21,277.875,286.3500061035156,277.70001220703125,285.3999938964844,264.11016845703125,17534002,0.014845987087580781,0.014736864121022396,261.61155395507814,292.0043194580078,262.57491204838533,271.052389137137,0.02302363381693477,2,1,0
2022-02-22,278.125,284.5,278.04998779296875,282.07501220703125,261.033203125,21490124,-0.011650309982411233,-0.01171870659052147,261.4125946044922,291.2621374511719,262.3377260601722,270.31022721031206,0.022783282939942074,2,1,1
2022-02-23,284.6000061035156,285.45001220703125,281.32501220703125,283.54998779296875,262.39813232421875,14408512,0.005228948589214966,0.00521532510789312,261.514387512207,290.5333953857422,262.34701933156396,269.7241461076385,0.02284530620140297,2,1,2
2022-02-24,274.0,278.45001220703125,265.57501220703125,268.57501220703125,248.540267944336,26953888,-0.05281235905581827,-0.05425806292719458,261.33856201171875,289.6245065307617,260.2229037335289,268.15496994739385,0.024356438984603386,2,1,3
2022-02-25,274.0,279.375,273.75,277.625,256.9151306152344,15922624,0.03369620037898269,0.03314092283724683,261.41027984619143,288.81012664794923,259.71401556148356,267.3223892561228,0.023439559772688467,2,1,4
2022-02-28,275.5,280.04998779296875,272.04998779296875,277.8999938964844,257.16961669921875,18316874,0.000990545334464965,0.0009900550681624387,261.02161102294923,287.756003112793,259.32256958267357,266.57033202968546,0.023378813430427293,2,1,0
2022-03-02,277.5,279.1499938964844,275.20001220703125,277.6000061035156,256.8920288085937,16354110,-0.0010793961362461912,-0.0010799791037953653,260.5253662109375,286.7411361694336,258.94864023281514,265.853420679975,0.023215347589969453,3,1,2
2022-03-03,281.5,287.9750061035156,280.17498779296875,284.7749938964844,263.5317687988281,25911326,0.02584642279882332,0.025518050163339228,260.09852294921876,285.6294760131836,259.6537369352787,265.6814464665567,0.023665322252243378,3,1,3
2022-03-04,280.5,290.0,277.0249938964844,287.6499938964844,266.1922912597656,26948372,0.010095642256203519,0.010045021673022693,260.0302734375,284.61860626220704,260.65966836981517,265.7192868216092,0.023587154426782216,3,1,4
2022-03-07,281.5,289.82501220703125,281.125,285.92498779296875,264.5959777832031,21112334,-0.005996843368408111,-0.00601489664489937,260.0325866699219,283.49358428955077,261.2652544334133,265.6360787446902,0.023557705082120708,3,1,0
2022-03-08,286.0,295.375,286.0,293.7250061035156,271.81414794921875,22039998,0.02727996935739463,0.02691450271200732,260.73705139160154,282.4768930053711,262.8881611281526,266.0937135005812,0.02402212071978857,3,1,1
2022-03-09,294.0,298.20001220703125,291.07501220703125,292.75,270.9118347167969,23527232,-0.0033195962727828876,-0.0033251183566025896,261.32121124267576,281.4315316772461,264.1225724494825,266.450611368449,0.021879552925684043,3,1,2
2022-03-10,297.5,298.25,292.29998779296875,294.125,272.1842956542969,16161966,0.0046969558891001295,0.004685959611032995,261.7677200317383,280.3575698852539,265.3628375579155,266.8753287229563,0.021605724371170455,3,1,3
2022-03-11,293.5,295.0,291.20001220703125,293.1000061035156,271.2357788085937,9927188,-0.00348483311067993,-0.003490919285233452,262.0580673217773,279.28080657958986,266.2663669810968,267.1983250255961,0.020684814735606984,3,1,4
2022-03-14,293.20001220703125,300.3999938964844,293.0,299.07501220703125,276.7650146484375,15006442,0.020385348364183598,0.02018034846446208,262.90712280273436,278.21854278564456,267.88154354530303,267.90696870136213,0.020845374243695442,3,1,0
2022-03-15,301.8500061035156,301.8500061035156,292.1499938964844,293.8500061035156,271.9298400878906,13853244,-0.01747032429907658,-0.017624731419111674,263.97133865356443,277.04802642822267,268.5043583980088,268.20495917443833,0.02012886371724776,3,1,1
2022-03-16,297.625,299.7250061035156,296.25,299.125,276.8113098144531,11150296,0.01795121022755275,0.017791989894872854,264.7787544250488,275.94418853759765,269.7823509236156,268.84246662925426,0.02033772562722626,3,1,2
2022-03-17,302.5,305.5,299.5,300.6000061035156,278.1763000488281,16881290,0.004931121619596857,0.0049190034604668685,265.64169387817384,274.8417819213867,271.0737277121098,269.53386169737087,0.020057533520104306,3,1,3
2022-03-21,302.54998779296875,308.0,299.0,300.0,277.6210327148437,15592952,-0.0019960986391973634,-0.0019980934991529397,266.45373458862304,273.8021817016602,272.0810054048381,270.13291140236885,0.019793309591613996,3,1,0
2022-03-22,301.70001220703125,305.5,298.07501220703125,305.0249938964844,282.27117919921875,15580500,0.016749979059228703,0.016611245209404865,267.5549659729004,272.9271865844727,273.6487244501274,271.0320423502837,0.019835498032442053,3,1,1
2022-03-23,306.9750061035156,307.5,303.8500061035156,305.6000061035156,282.8033142089844,11393836,0.0018851907278498725,0.0018834159859442878,268.48962326049804,272.0097103881836,275.05712287456697,271.90398841389117,0.01911132975534857,3,1,2
2022-03-24,303.5,306.8999938964844,302.8999938964844,305.2749938964844,282.5025329589844,7751490,-0.0010635704565248316,-0.00106413644893362,269.56308975219724,271.25251922607424,276.20257057986197,272.68906578760175,0.01912100064119667,3,1,3
2022-03-25,305.5,307.0,298.625,301.67498779296875,279.17108154296875,11986194,-0.011792642639771644,-0.011862727384452265,270.40173721313477,270.4226937866211,276.6592645741861,273.1692151028141,0.01915666198350481,3,1,4
2022-03-28,304.0,304.5,298.54998779296875,300.1000061035156,277.713623046875,11476810,-0.005220664289576238,-0.005234339574199955,271.86040496826166,269.58958892822267,276.8214735699844,273.5058379134853,0.019166180088779627,3,1,0
2022-03-29,301.5,302.67498779296875,299.57501220703125,301.25,278.7778015136719,9402006,0.0038319274910660894,0.003824604358763953,272.95353851318356,269.1621090698242,277.12244709978245,273.8963537357214,0.018671018407961128,3,1,1
2022-03-30,302.54998779296875,304.6499938964844,299.75,300.3999938964844,277.9911804199219,15488764,-0.0028216776568252833,-0.0028256660937138146,273.9946166992187,268.8108255004883,277.2560983798039,274.19967423084734,0.0173024843071254,3,1,2
2022-03-31,300.0,301.6499938964844,295.1000061035156,295.95001220703125,273.8731384277344,14476178,-0.014813570653453678,-0.014924387346918568,274.84367218017576,268.31389373779297,276.7356430025624,274.1754863935797,0.016187173339050304,3,1,3
2022-04-01,295.8500061035156,301.70001220703125,294.6499938964844,300.8999938964844,278.4538879394531,8567994,0.01672580793434575,0.016587471998001323,275.589778137207,268.0319180297852,276.9999883774687,274.49240502660734,0.01641411789442629,4,2,4
2022-04-04,302.5,303.25,299.5,302.79998779296875,280.2121276855469,8855948,0.006314294115641994,0.006294442482760807,276.29076995849607,267.897360534668,277.49416365563457,274.9160881865288,0.01643000600234768,4,2,0
2022-04-05,302.7250061035156,304.75,299.0249938964844,299.57501220703125,279.53564453125,12862488,-0.002414182283559163,-0.002417101120290557,277.0377532958984,267.80424530029296,277.80823763649846,275.25827754539705,0.01640633384775133,4,2,1
2022-04-06,299.0,299.0,295.5,296.7749938964844,276.9229736328125,8235902,-0.00934646779239423,-0.009390420102769899,277.29319458007814,267.74355072021484,277.6720431743929,275.3815883666871,0.01637398061674799,4,2,2
2022-04-07,296.0,296.0,288.75,290.42498779296875,270.99774169921875,15721530,-0.02139667885211405,-0.02162890635820895,277.29748992919923,267.86325775146486,276.6452275628277,275.05685898391164,0.01674080487886239,4,2,3
2022-04-08,293.0,293.5,290.25,291.82501220703125,272.3040771484375,8636632,0.004820466181849836,0.004808884937829065,277.30347900390626,268.10209381103516,275.97735826830615,274.852949218321,0.016737737304206284,4,2,4
2022-04-11,292.0,292.125,284.04998779296875,285.54998779296875,266.44879150390625,17164216,-0.021502746877122392,-0.02173729938257022,277.0641296386719,268.38993408203123,274.5114249199369,274.2304190172532,0.013993854711505323,4,2,0
2022-04-12,284.0,284.0,278.1000061035156,279.3500061035156,260.6635437011719,16338532,-0.021712418998340866,-0.021951602067632397,276.2590560913086,268.49358947753905,272.3809816555115,273.22546529013607,0.013365434348887553,4,2,1
2022-04-13,280.0,282.75,277.29998779296875,279.6000061035156,260.8968200683594,11204576,0.0008949328466696382,0.0008945326330280376,275.70740509033203,268.412666015625,270.6141875651804,272.31223231074523,0.01336534178765569,4,2,2
2022-04-18,274.92498779296875,274.92498779296875,268.0,269.29998779296875,251.2858123779297,18930062,-0.03683834738925307,-0.0375340177089611,274.43113021850587,268.102043762207,267.64059138252645,270.75471972312926,0.015010441311073305,4,2,0
2022-04-19,272.0,272.7749938964844,263.0249938964844,265.2250061035156,247.48341369628903,13286008,-0.01513176826681284,-0.01524742164887219,272.89648590087893,267.61033935546874,264.53948712310535,269.03091927669664,0.014369193217740666,4,2,1
2022-04-20,268.0,270.2749938964844,265.67498779296875,268.25,250.3060607910156,8660976,0.01140539906318927,0.011340847857119798,271.5307373046875,267.26531494140625,262.34972922586076,267.64389272220177,0.014409120299326218,4,2,2
2022-04-21,270.5,271.25,268.67498779296875,269.6000061035156,251.56578063964844,13388782,0.005032718123771707,0.0050200963281617885,269.995467376709,267.0056362915039,260.6906602125973,266.4529214568274,0.014442930695893558,4,2,3
2022-04-22,267.5,270.42498779296875,265.32501220703125,268.8500061035156,250.86593627929688,9782424,-0.0027819537242788073,-0.0027858305493087296,268.3985984802246,266.86845794677737,259.1791642228588,265.2983299621955,0.013374875357912756,4,2,4
2022-04-25,264.9750061035156,265.57501220703125,261.6499938964844,264.67498779296875,246.97021484375,9473768,-0.015529096908596052,-0.01565093635098552,266.6219825744629,266.62328948974607,257.30086431838055,263.9406918052736,0.01358222415708933,4,2,0
2022-04-26,268.5,268.875,263.54998779296875,264.625,246.9235382080078,8718740,-0.0001889970244861594,-0.00018901488667442745,265.00960540771484,266.2966778564453,255.70435260909244,262.68016190917984,0.013516006935087192,4,2,1
2022-04-27,263.5,263.5,257.25,259.4750061035156,242.1180419921875,16275078,-0.019461474797806355,-0.01965334273343704,263.22982635498045,265.8304620361328,253.61415097572245,261.15704191532853,0.013840410376140514,4,2,2
2022-04-28,262.0,263.32501220703125,258.0,261.2749938964844,243.7976226806641,13241338,0.00693703234445775,0.006913081835425868,261.4808174133301,265.5107363891602,252.10391585340577,259.87115900905707,0.013238612942848789,4,2,3
2022-04-29,264.25,264.25,253.5,254.3999938964844,237.3825225830078,24151260,-0.026313218427314378,-0.02666560655153797,259.45038452148435,265.2454763793945,249.83908611949838,258.205334088609,0.013638218597106965,4,2,4
2022-05-02,257.75,259.5,246.3000030517578,247.5,230.944091796875,43822854,-0.02712259822700902,-0.027497204968136593,257.3039321899414,264.6510983276367,246.93216391601783,256.18598280773983,0.013570387137802302,5,2,0
2022-05-04,250.0,251.9250030517578,244.625,245.875,229.4277801513672,17267854,-0.006565708755353117,-0.00658735783414406,254.8526268005371,264.0213037109375,244.23918179837926,254.2038937220826,0.013414513843711047,5,2,2
2022-05-05,250.5,251.8500061035156,248.1499938964844,250.5749969482422,233.8134002685547,10869532,0.01911547117046619,0.018935065946644757,252.5326904296875,263.4699673461914,242.6352154091755,252.69348679959904,0.014180703191732355,5,2,3
2022-05-06,245.0,245.4499969482422,240.5,242.5500030517578,226.32521057128903,18441782,-0.03202634959615158,-0.032550412733230234,249.87216873168944,262.7915405273437,240.12598389565449,250.74028115305757,0.014324097882684775,5,2,4
2022-05-09,241.0,244.6750030517578,237.3000030517578,241.5749969482422,225.4154052734375,16675250,-0.004019902579809886,-0.004028004107041111,247.2967903137207,262.01764526367185,237.86281795377494,248.86436442123386,0.01423472938273702,5,2,0
2022-05-10,241.5,241.875,238.0749969482422,238.8249969482422,222.849365234375,14969534,-0.011383605463654023,-0.011448894657520746,244.8893714904785,261.25396850585935,235.55305599694418,246.9373274444295,0.01420015590629937,5,2,1
2022-05-11,240.0249938964844,240.9750061035156,231.2749938964844,235.9499969482422,220.16671752929688,21029342,-0.01203794187278362,-0.01211098467691858,242.2825035095215,260.40934020996093,233.18592700192153,244.95431930256782,0.014202618389356119,5,2,2
2022-05-12,234.0500030517578,238.0,231.0749969482422,236.8999938964844,221.0531463623047,14573000,0.004026170907915905,0.004018087571158964,240.0127212524414,259.85959777832034,231.3193453650574,243.18386204773353,0.01435966012382064,5,2,3
2022-05-13,239.75,239.75,233.5,234.3249969482422,218.6503753662109,16775318,-0.010869653002611668,-0.010929159282087321,237.91206283569335,259.0943026733398,229.37027305754253,241.36656673799112,0.01421050417223139,5,2,4
2022-05-16,237.0,237.1750030517578,232.5,234.0,218.3471221923828,7314066,-0.001386931869292174,-0.0013878945495147436,235.78457794189453,258.31785278320314,227.67440369367182,239.6614226975757,0.01423081697060275,5,2,0
2022-05-17,235.5,244.5,234.1499938964844,243.3249969482422,227.04835510253903,11321450,0.03985045840214774,0.03907691281657359,234.572705078125,257.72097930908205,227.57808852580524,238.72712139423965,0.016617143266542112,5,2,1
2022-05-18,245.4499969482422,247.625,240.3000030517578,240.625,224.5289764404297,15390968,-0.011096220719025052,-0.011158243011628946,233.42498321533202,256.94092346191405,227.1089943588244,237.6754069532167,0.016066745001375546,5,2,2
2022-05-19,233.0749969482422,236.8999938964844,225.0,225.5749969482422,210.48568725585932,22945978,-0.06254555383989036,-0.06458711308069023,231.43396453857423,255.82679138183593,224.55156249682977,235.66135364230135,0.018784350293577973,5,2,3
2022-05-20,231.0,231.1000061035156,227.5,229.8000030517578,214.42808532714844,12731912,0.01873000545874115,0.018556758836765316,229.57707977294922,254.82343353271483,222.99410447072495,234.08851895229003,0.019437696512864835,5,2,4
2022-05-23,231.8999938964844,233.8999938964844,228.75,233.0,217.41403198242188,14111568,0.013925165869563383,0.013829101527979355,227.90448455810548,253.73543121337892,222.13563178021678,232.85337176933683,0.019867111336710857,5,2,0
2022-05-24,234.2250061035156,234.8000030517578,229.0,229.9750061035156,214.5914001464844,13779460,-0.012982749136291605,-0.013067761622663397,226.2855438232422,252.60902252197266,220.97498075964256,231.500633130607,0.01972802211683957,5,2,1
2022-05-25,230.0749969482422,230.4250030517578,221.6000061035156,222.4250030517578,207.54641723632807,15481506,-0.03282975415299627,-0.03338074334023065,224.3166877746582,251.31626495361328,218.90904790990186,229.72624676806782,0.0201072863232941,5,2,2
2022-05-26,223.0,227.3500061035156,222.0,226.6750030517578,211.5121307373047,11583082,0.019107597971498302,0.018927340394827463,222.78639221191406,250.1217919921875,217.7710606525792,228.37705298801131,0.020584892249847195,5,2,3
2022-05-27,230.0,233.9750061035156,228.125,233.4750061035156,217.8572540283203,11414472,0.029998862329537967,0.029557697706505247,221.48937377929687,248.94363677978515,217.78432117192398,227.5978086206268,0.021495222516223104,5,2,4
2022-05-30,236.5749969482422,240.75,236.5749969482422,238.125,222.1961975097656,12291148,0.01991645171879952,0.019720713861757635,220.73005752563478,247.94896392822267,218.46307137774573,227.19768927908154,0.021972805842751,5,2,0
2022-05-31,237.9499969482422,240.375,235.1999969482422,239.0249938964844,223.0360107421875,31587004,0.003779602179668329,0.003772477430186102,220.33465347290038,246.87345794677734,219.16660051073677,226.88941679486717,0.021187205366561847,5,2,1
2022-06-01,239.4750061035156,239.4750061035156,234.25,235.375,219.63015747070312,10514566,-0.015270418710193301,-0.015388212263781214,219.8447723388672,245.70253509521484,219.23791696611622,226.35169388196613,0.02118978909865515,6,2,2
2022-06-02,235.8999938964844,238.2250061035156,234.0500030517578,237.0749969482422,221.2164306640625,10535040,0.007222474416205715,0.007196517256206388,219.21492385864258,244.5744430541992,219.54230368887718,225.97130401397328,0.021100179137898512,6,2,3
2022-06-03,239.8249969482422,244.0,237.25,237.75,221.8462829589844,23269778,0.0028472220306203777,0.0028431763714152794,218.99097747802733,243.36594512939453,219.89676203812445,225.66574689878894,0.021072056232903463,6,2,4
2022-06-06,236.0,237.75,232.1000061035156,236.6000061035156,220.7732391357422,13791156,-0.00483687988335868,-0.004848615444487436,218.75886917114258,242.12534362792968,220.03160466852717,225.30333891634103,0.021071417241308277,6,2,0
2022-06-07,235.0,235.375,232.5749969482422,233.8249969482422,218.183837890625,4701342,-0.01172878223490259,-0.011798106997775696,218.52559280395508,240.8389697265625,219.74733285654222,224.7759684699917,0.021011263582875403,6,2,1
2022-06-08,235.5249938964844,236.0,232.1499938964844,235.1999969482422,219.46685791015625,5627652,0.005880453987496592,0.005863231601928491,218.49059982299804,239.64488525390624,219.70418286479054,224.382701021115,0.021077415256218826,6,2,2
2022-06-09,233.5249938964844,238.0749969482422,232.125,237.5249938964844,221.6363220214844,7402238,0.009885155927353173,0.009836617385416148,218.51975860595704,238.52333923339845,220.00143504274342,224.1792655396609,0.021001778153231287,6,2,3
2022-06-10,233.6000061035156,233.6000061035156,228.1499938964844,230.4750061035156,215.05792236328125,17453098,-0.02968105407183874,-0.030130451295729166,218.34013595581055,237.24894165039063,219.24089463051848,223.5036104895587,0.02147944964834328,6,2,4
2022-06-13,225.0249938964844,226.5,222.5,223.0500030517578,208.12960815429688,14130822,-0.032216038046163686,-0.03274639641363351,217.82926025390626,235.85171020507812,217.53146594186902,222.36479550176153,0.021717118961558493,6,2,0
2022-06-14,220.0,226.8500061035156,219.0,222.9499969482422,208.0363006591797,13056384,-0.0004483143746084606,-0.00044841489754274115,216.87865753173827,234.53497344970702,216.07067128299374,221.30342551342216,0.02128564393111274,6,2,1
2022-06-15,224.2250061035156,225.3249969482422,219.6499938964844,220.0500030517578,205.330307006836,11391596,-0.013007314799241887,-0.01309265072023352,215.9187240600586,233.0725018310547,214.41830754820023,220.12023154997132,0.021352580529918955,6,2,2
2022-06-16,223.0,223.375,209.875,211.1499938964844,197.025619506836,17944686,-0.04044550276605541,-0.041286167613226704,215.24572067260743,231.40877166748047,211.74250938799037,218.40951954677612,0.021941106230328935,6,2,3
2022-06-17,208.0,209.375,201.0249938964844,202.6000061035156,189.04757690429688,41550546,-0.04049241221780453,-0.04133505550708353,213.97669525146483,229.5990103149414,208.250981313576,216.2345608325184,0.02234536933153109,6,2,4
2022-06-20,204.5,208.9499969482422,202.0749969482422,207.3249969482422,193.4564971923828,20750838,0.023321749795914615,0.023053953449257987,212.7788185119629,227.92968078613282,205.97490683339242,214.54729685917502,0.022966762310071435,6,2,0
2022-06-21,210.0,213.375,208.3249969482422,212.5749969482422,198.3553009033203,12187804,0.025322508067877836,0.025007205118394417,211.96701354980468,226.47683197021485,204.80265976722748,213.34788975133392,0.023575032127515765,6,2,1
2022-06-22,211.3500061035156,211.3500061035156,205.1499938964844,205.625,191.8702087402344,16202862,-0.03269432242825099,-0.03324072430631349,211.183203125,224.8681546020508,202.81305191692084,211.7569504171784,0.02412514429682108,6,2,2
2022-06-23,206.25,210.3999938964844,205.6499938964844,209.5249938964844,195.5093231201172,19655010,0.01896654203785042,0.018788919587552556,210.38306274414063,223.449365234375,201.68940133279722,210.55342246924792,0.024454701644984984,6,2,3
2022-06-24,210.5,213.0,207.875,209.375,195.369369506836,15362102,-0.0007158411222937255,-0.0007160974588880595,209.2586685180664,222.1434817504883,200.71708874418778,209.42867780536554,0.024423621558592595,6,2,4
2022-06-27,213.5,215.375,212.0,212.4499969482422,198.23866271972656,12447870,0.014686504952815316,0.014579702670570923,208.06079177856446,220.89031860351562,200.3357924327322,208.59978779902193,0.02464582417567596,6,2,0
2022-06-28,211.0,214.5500030517578,207.8500061035156,213.625,199.3350524902344,12091828,0.005530655602020262,0.0055154176842912295,206.8757438659668,219.8513034057617,200.18183244157868,207.9135111094821,0.023354860784387376,6,2,1
2022-06-29,210.0,212.3999938964844,208.6999969482422,210.375,196.302474975586,16684176,-0.015213468362755611,-0.015330380447042305,205.70935974121093,218.82768463134767,199.58500821604133,207.05343435882313,0.023409652645114975,6,2,2
2022-06-30,210.9499969482422,211.5,207.5,208.0249938964844,194.1096649169922,12123284,-0.0111705675583893,-0.011233426902922871,204.35402145385746,217.7037567138672,198.74264770849533,206.0946366223912,0.020718728675508172,6,2,3
2022-07-01,207.5,211.6000061035156,205.6999969482422,211.0,196.8856658935547,8907248,0.01430119915847361,0.014199901651380291,203.10599060058595,216.6101544189453,198.45695819850445,205.4124906424774,0.020577635659662773,7,3,4
2022-07-04,210.4750061035156,210.875,208.0,210.1499938964844,196.092514038086,6372716,-0.0040284895899811435,-0.004036625812646364,201.87195434570316,215.5146859741211,198.09319755844007,204.72212200511507,0.02033910985136718,7,3,0
2022-07-05,210.5500030517578,211.5249938964844,206.5249938964844,206.8000030517578,192.9666290283203,11513210,-0.01594086865120492,-0.016069290901244312,200.61109390258792,214.4346142578125,197.30449470765242,203.85134474757473,0.020395099106882492,7,3,1
2022-07-06,209.3000030517578,209.3000030517578,206.5500030517578,208.0249938964844,194.1096649169922,10522910,0.005923489954857031,0.005906015062510311,199.3432342529297,213.37833679199218,196.81298243216622,203.12973883419824,0.01967696897299252,7,3,2
2022-07-07,210.0,211.9750061035156,208.6000061035156,210.3999938964844,196.3258056640625,10706024,0.011416952102915712,0.011352270550486723,198.0777084350586,212.4624920654297,196.73803216015025,202.62574378455855,0.019440632312488753,7,3,3
2022-07-08,212.0,212.3500061035156,208.2749938964844,209.5500030517578,195.5326690673828,9535432,-0.004039899869489605,-0.0040480823098957746,197.1014457702637,211.49719299316405,196.5525916843399,202.10033084254553,0.01845931729143668,7,3,4
2022-07-11,207.375,207.5,202.7749938964844,205.6000061035156,191.84689331054688,16689574,-0.018849923004762847,-0.01902984743232757,196.2873100280762,210.58648040771484,195.82863808837175,201.34081695128637,0.01812237403276159,7,3,0
2022-07-12,204.5,207.4250030517578,204.0,204.5749969482422,190.89044189453125,9777472,-0.0049854933770930865,-0.004997962409314998,195.43001708984377,209.78540740966798,195.06891559701165,200.56671509523042,0.01805108008441784,7,3,1
2022-07-13,206.0,206.0,202.6750030517578,203.3500061035156,189.74740600585932,11956780,-0.0059879157768594204,-0.006005915233323358,194.65087203979493,208.9917999267578,194.25022181375743,199.76528479231405,0.017948499769591203,7,3,2
2022-07-14,205.3000030517578,205.3000030517578,200.25,200.7250061035156,187.29800415039065,13161242,-0.012908750148568737,-0.012992792098211504,194.16449127197265,208.06149200439452,193.18064986554717,198.84178252254196,0.01786327464721269,7,3,3
2022-07-15,200.4750061035156,202.0500030517578,195.5,196.9250030517578,183.752182006836,22328354,-0.01893144649158962,-0.019112940606152706,193.89972152709962,207.21003143310546,191.73011634882238,197.72403433619337,0.017959798556810184,7,3,4
2022-07-18,199.5,202.8500061035156,198.3249969482422,202.375,188.83761596679688,13632394,0.027675502431702803,0.0272994580890193,193.6687774658203,206.47847564697267,191.28511629004922,197.06578112364548,0.018990216523860102,7,3,0
2022-07-19,201.5,203.8999938964844,200.6000061035156,202.8249969482422,189.25750732421875,12897178,0.0022235578185636484,0.002221089372355419,193.21388778686523,205.80663848876952,190.97317644915222,196.4873904718361,0.018991078865825444,7,3,1
2022-07-20,205.3999938964844,208.75,203.5500030517578,206.0500030517578,192.2667694091797,25237412,0.015900357811464483,0.015775271326604924,193.2337158203125,205.24863952636719,191.1721907506949,196.17475187460232,0.01926702539912495,7,3,2
2022-07-21,204.4250030517578,208.75,201.3000030517578,207.0,193.1532287597656,45382342,0.004610569748011661,0.004599973628260844,193.11591110229492,204.6906411743164,191.47696582901347,195.95093534757737,0.019157626297346332,7,3,3
2022-07-22,207.875,208.6999969482422,204.5249938964844,205.4250030517578,191.68359375,15468542,-0.007608648424890951,-0.007637741858742619,192.93162231445314,204.1513055419922,191.5087547399345,195.63483596997906,0.018567833948278524,7,3,4
2022-07-25,205.25,207.8249969482422,204.2749938964844,207.3999938964844,193.52647399902344,12535662,0.009614178307961962,0.009568256196656378,192.69601287841797,203.654892578125,191.81917308748666,195.47866100916755,0.01790840285910625,7,3,0
2022-07-26,207.3999938964844,207.6999969482422,202.1499938964844,202.6000061035156,189.04757690429688,15186298,-0.023143588585968655,-0.02341560661031512,192.1816390991211,202.89487701416016,191.39277367468824,195.00228440880676,0.01830396921405558,7,3,1
2022-07-27,202.4750061035156,203.6999969482422,200.9750061035156,203.3249969482422,189.7240753173828,14084158,0.0035784558795397547,0.0035720684398774342,191.85271911621095,202.1987789916992,191.1360508504874,194.61130595759016,0.018242357973831804,7,3,2
2022-07-28,205.8999938964844,208.5,205.4499969482422,208.0,194.0863494873047,15898464,0.02299272858557555,0.022732379012239252,191.85155334472657,201.87079223632813,191.5899429484593,194.57242029312457,0.01734311557085119,7,3,3
2022-07-29,210.3000030517578,212.1499938964844,208.8999938964844,211.8500061035156,197.6788024902344,15919784,0.018509560370523204,0.01834034335694068,191.89121017456054,201.53580657958983,192.52669057027086,194.80252267809564,0.015921717670316513,7,3,4
2022-08-01,213.1000061035156,215.4499969482422,211.3000030517578,214.5,200.15155029296875,10365748,0.012508917352716642,0.012431327221715811,192.0941619873047,201.19055694580078,193.6997459122244,195.198746945864,0.015530904279672108,8,3,0
2022-08-02,214.4750061035156,215.8249969482422,212.3249969482422,214.8000030517578,200.4314727783203,16912426,0.001398552671422415,0.0013975756075125122,192.4674041748047,200.9073583984375,194.73539619931609,195.5863562667867,0.014851664555536026,8,3,1
2022-08-03,214.5,216.5,213.75,216.1750030517578,201.7144927978516,12034938,0.006401290185350961,0.006380888943891933,192.84764556884767,200.79071990966796,195.80910336832156,196.04029230612485,0.01349610448417122,8,3,2
2022-08-04,218.5249938964844,220.1499938964844,213.5500030517578,217.75,203.1841278076172,17789134,0.007285718489441484,0.007259305854911788,193.1905616760254,200.6241598510742,196.94372251282857,196.56946530623537,0.013146461161699792,8,3,3
2022-08-05,218.0749969482422,221.0,218.0749969482422,220.0,205.2836303710937,12967586,0.01033300477813115,0.010279984212648188,193.67810974121093,200.37268737792968,198.226785260254,197.21495901474339,0.013240505273516922,8,3,4
2022-08-08,221.3999938964844,221.3999938964844,217.6000061035156,217.9250030517578,203.3474273681641,9557496,-0.009431843150033425,-0.00947660466067533,194.2531364440918,199.99571197509766,199.01457635377864,197.6692159298116,0.013159023612145227,8,3,0
2022-08-10,217.5,218.0,213.1499938964844,215.0749969482422,200.6880645751953,11329742,-0.013077926912514859,-0.013164195971117936,194.743017578125,199.5487530517578,199.27203608015043,197.89283434798816,0.013371649943206335,8,3,2
2022-08-11,219.0,221.0,218.1499938964844,219.2250061035156,204.5604858398437,9154644,0.019295722806661697,0.0191119209768741,195.48367156982422,199.24735961914064,200.08564373548785,198.38673445849597,0.013473967358356074,8,3,3
2022-08-12,218.5500030517578,219.25,217.5,218.0500030517578,203.4640655517578,7092398,-0.005359883085848227,-0.005374298793273218,196.29197463989257,198.89231231689453,200.60540093799094,198.76283305799686,0.013327072846249302,8,3,4
2022-08-16,219.25,219.8999938964844,218.3000030517578,218.5500030517578,203.93063354492188,4774208,0.002293122335380593,0.002290497142850528,197.30089721679687,198.53399932861328,201.1169751852111,199.14563309406537,0.013112786219573395,8,3,1
2022-08-17,218.625,222.4499969482422,218.3249969482422,221.5249938964844,206.70660400390625,10401476,0.01361232695024639,0.013520511503965061,198.19434661865233,198.25266662597656,201.97691808039494,199.70570501331287,0.013262345841427452,8,3,2
2022-08-18,220.875,220.875,217.0249938964844,217.5249938964844,202.9741973876953,16888260,-0.01805654267408119,-0.018221551383253404,198.88018112182618,197.94847381591796,202.13034566613345,199.94781555956342,0.013365400292996935,8,3,3
2022-08-19,219.4750061035156,221.25,215.5,216.2250061035156,201.7611694335937,17253908,-0.005976266785204465,-0.0059941961369641165,199.3549011230469,197.59436004638673,202.0735493226658,200.08213806875085,0.013414467173061747,8,3,4
2022-08-22,215.4499969482422,215.4499969482422,209.5249938964844,210.0,195.9525604248047,12900580,-0.02878952885282915,-0.029212077076076332,199.49486770629883,197.08068481445312,201.13185872299485,199.77624342845854,0.014352431260477068,8,3,0
2022-08-23,207.5,209.25,205.0,208.3249969482422,194.3896026611328,17028776,-0.007976204854295066,-0.008008184942907488,199.63016815185546,196.66731842041017,200.09458855963146,199.3772330012492,0.014408861909048784,8,3,1
2022-08-24,208.8999938964844,209.75,207.1750030517578,208.0749969482422,194.15631103515625,7429170,-0.001200123992141977,-0.0012008447176379143,199.66166000366212,196.38785247802736,199.18100740201987,198.99049804079786,0.013970331278224963,8,3,2
2022-08-25,209.6499938964844,210.0500030517578,207.4750061035156,207.6000061035156,193.71310424804688,8753902,-0.0022827318089553295,-0.0022853412130138927,199.89493637084962,196.10138854980468,198.33979153217788,198.59957998207557,0.01394246815629282,8,3,3
2022-08-26,209.25,211.25,208.1499938964844,208.625,194.6695251464844,7904194,0.0049373061370843185,0.0049251576120541785,200.1422088623047,195.88817291259767,197.7751351651481,198.30846480906882,0.013907546494464297,8,3,4
2022-08-29,202.5,203.1750030517578,199.5,202.1750030517578,188.6510009765625,23519514,-0.030916622236547342,-0.03140462562952173,199.87044143676758,195.72068054199218,196.37142221305803,197.59309711777206,0.014880785655535416,8,3,0
2022-08-30,204.5749969482422,207.9750061035156,203.125,206.7749938964844,192.9432830810547,19750992,0.02275250108545901,0.02249752327581956,199.6336654663086,195.79859466552733,195.84401619274985,197.2486664483856,0.014964439256964893,8,3,1
2022-09-01,204.9499969482422,205.8249969482422,202.4250030517578,205.2250061035156,191.4969787597656,11778706,-0.007496007625626966,-0.007524243885433079,199.20093688964843,195.759404296875,195.17524120305995,196.82261550848781,0.014221512982969161,9,3,3
2022-09-02,206.2749938964844,206.375,203.5500030517578,203.8500061035156,190.2139587402344,9815080,-0.0066999491471912975,-0.006722494565007381,198.69006118774413,195.5965774536133,194.41196697800987,196.33308537750608,0.014278818591261386,9,3,4
2022-09-05,203.5,204.0,202.0,202.75,189.18753051757807,18018508,-0.0053961771757143895,-0.0054107891292698804,198.06371307373047,195.54292388916016,193.60820752255884,195.80378501751142,0.014001483372709223,9,3,0
2022-09-06,203.5,203.6750030517578,200.625,202.2250061035156,188.6976318359375,18226162,-0.0025894871628183713,-0.002592845683852504,197.3393882751465,195.40669006347656,192.85273434000172,195.27740330035778,0.013973554199545948,9,3,1
2022-09-07,201.0500030517578,204.4250030517578,200.5,203.7250061035156,190.0973052978516,12248532,0.007417546517653362,0.00739017180493997,196.58007202148437,195.30124877929688,192.42882217967093,194.8936923372092,0.013986042876959872,9,3,2
2022-09-08,205.0,207.1750030517578,204.8000030517578,206.3999938964844,192.59336853027344,14064948,0.013130450368620039,0.013044993252612139,196.04236907958983,195.18834289550782,192.45413700284053,194.7232979811399,0.014085351903625937,9,3,3
2022-09-09,208.5,209.7250061035156,205.6750030517578,208.5749969482422,194.62286376953125,14671342,0.010537721286799195,0.0104825864936629,195.73910903930664,195.09409912109376,192.7877872746391,194.71585840990963,0.013513070812894603,9,3,4
2022-09-12,209.9250030517578,212.1999969482422,209.0249938964844,211.0,196.8856658935547,11678424,0.011626599671778592,0.011559530121769256,195.3553680419922,195.10576293945311,193.41823013908765,194.87658489017963,0.013644090876380457,9,3,0
2022-09-13,212.4499969482422,213.0,210.75,211.3249969482422,197.1889190673828,9408334,0.0015402501368082522,0.0015390651681756334,195.04161071777344,195.16734802246094,193.99833612805614,195.04786890330578,0.013017149349206256,9,3,1
2022-09-14,204.5,211.3500061035156,204.5,208.1499938964844,194.226303100586,17583964,-0.015024251772405295,-0.015138259201888491,194.55639419555663,195.11416076660157,194.0334079699838,194.98701217717837,0.012866101925863592,9,3,2
2022-09-15,209.8500061035156,210.4499969482422,206.625,207.5249938964844,193.64312744140625,10640314,-0.0030025575829332185,-0.003007074302358582,193.90322036743163,195.06517303466796,193.9733648117411,194.88746515971377,0.01263460222878519,9,3,3
2022-09-16,206.375,206.375,200.1000061035156,200.8249969482422,187.3912811279297,20192486,-0.03228540251379841,-0.03281807248626721,193.12407455444335,194.95366607666017,192.9607365526932,194.3321922684705,0.01385013600695951,9,3,4
2022-09-19,202.5,203.1000061035156,198.5,200.9750061035156,187.53126525878903,13584188,0.0007470151760358146,0.0007467362990741069,192.41257934570314,194.8220980834961,192.12543327670795,193.828419897383,0.01376803226747979,9,3,0
2022-09-20,203.0,204.6999969482422,202.2250061035156,202.4499969482422,188.90760803222656,8989822,0.007339270982565038,0.007312469588525757,192.06033172607422,194.67373413085937,191.63038323909544,193.4639153147788,0.01376932606739793,9,3,1
2022-09-21,202.9499969482422,202.9499969482422,199.75,200.375,186.97140502929688,19290112,-0.010249470749740142,-0.010302358264784798,191.6894218444824,194.50250885009766,190.9136173606649,192.98298862696532,0.01362850148640989,9,3,2
2022-09-22,199.0,200.1750030517578,197.5,198.9750061035156,185.66505432128903,16500324,-0.006986901060101358,-0.007011423745118018,191.26485900878907,194.3788720703125,190.10614612383785,192.44091941913746,0.013596104627497036,9,3,3
2022-09-23,199.0500030517578,199.6999969482422,196.8249969482422,197.1750030517578,183.9854736328125,13966710,-0.00904629411612412,-0.009087460290355046,190.77847747802736,194.24077270507811,189.16450420214164,191.8145901016319,0.013512086654070759,9,3,4
2022-09-26,196.0,199.6000061035156,192.3000030517578,197.3999938964844,184.1953887939453,18994144,0.0011409333410297151,0.0011402829712241036,190.2547706604004,194.12973236083985,188.400024908573,191.25020481958103,0.012879969703222763,9,3,0
2022-09-27,198.3999938964844,200.6999969482422,196.0,199.1999969482422,185.875,12454694,0.009118638729515682,0.009077314964397083,190.11597061157227,194.10127227783204,188.01155953802328,190.85204149961206,0.013074129359970222,9,3,1
2022-09-28,198.0,200.25,197.6750030517578,199.0249938964844,185.7116851806641,8921590,-0.000878627138323651,-0.0008790133573926927,189.75439071655273,194.1404623413086,187.65773271381417,190.47127436487517,0.013043256792073285,9,3,2
2022-09-29,200.5,200.9499969482422,195.7749938964844,196.3999938964844,183.2622833251953,11883068,-0.01318927160176242,-0.013277022478618712,189.34265594482423,194.02895568847657,186.98150973094974,189.93727502860258,0.012779125607442487,9,3,3
2022-09-30,196.2250061035156,198.3500061035156,193.75,197.125,183.9387969970703,13570530,0.0036915052000883186,0.0036847083167849603,189.028897857666,193.9225814819336,186.51340007958368,189.49294332256315,0.01256490225178756,9,3,4
2022-10-03,196.9499969482422,199.0,195.3000030517578,197.25,184.05545043945312,8140834,0.00063419704971035,0.0006339960317469287,188.77229385375978,193.75835510253907,186.13525398110204,189.09016607196241,0.012572501186057405,10,4,0
2022-10-04,199.9750061035156,203.0,199.5,202.75,189.18753051757807,12591696,0.027883336602483322,0.02750167479772358,188.7967887878418,193.67904113769532,186.60483498671374,189.09737825311913,0.012816076597506299,10,4,1
2022-10-06,204.6750030517578,206.5,203.7250061035156,205.0749969482422,191.3570098876953,11203878,0.011467348636466701,0.011402096962746678,188.859774017334,193.67250946044922,187.33593881763397,189.26475837419883,0.012946837968210457,10,4,3
2022-10-07,204.8999938964844,205.875,203.125,204.0500030517578,190.4005889892578,7580186,-0.00499809700725784,-0.0050106292698534555,188.7501350402832,193.6099917602539,187.80742345942227,189.3488939753143,0.012973042820417627,10,4,4
2022-10-10,200.1499938964844,206.75,199.875,205.6499938964844,191.8935394287109,18714926,0.007841102001723943,0.0078105203201227465,188.6136688232422,193.66691101074218,188.43605668546667,189.53738623112145,0.013058326419380728,10,4,0
2022-10-11,207.4499969482422,208.9499969482422,201.1499938964844,202.1999969482422,188.6743011474609,22723292,-0.016776168133820657,-0.01691848194130393,188.2031005859375,193.64591552734376,188.4727096796196,189.47345400270214,0.013360206328648584,10,4,1
2022-10-12,202.125,204.8000030517578,200.8000030517578,203.9750061035156,190.33059692382807,12610118,0.008778597648402942,0.008740289789674345,187.86018447875978,193.57080047607423,188.75853848642092,189.53694607093368,0.012206447354907397,10,4,2
2022-10-13,193.5,196.1750030517578,189.0500030517578,189.5500030517578,176.8705291748047,84896212,-0.07071941120643999,-0.07334455262413055,186.9923957824707,193.15463500976563,186.9296139769415,188.5986929675167,0.01720261771496406,10,4,3
2022-10-14,193.5,193.75,188.125,188.6499938964844,176.0307159423828,27864794,-0.004748180696581006,-0.004759489117027059,186.11177520751954,192.6722183227539,185.25286043316325,187.66773170639567,0.017183771157643135,10,4,4
2022-10-17,188.6499938964844,189.4750061035156,186.1999969482422,187.5500030517578,175.00430297851562,16909538,-0.005830874221991689,-0.005847940140907876,185.49242630004883,192.1636749267578,183.6761592862944,186.7296999487749,0.017177450918413432,10,4,0
2022-10-18,191.8500061035156,192.125,189.1999969482422,189.6499938964844,176.96380615234375,22328480,0.011196885679254809,0.011134664579026943,184.96405334472655,191.66866119384767,182.64348957337893,186.00630040829853,0.017351490072967428,10,4,1
2022-10-19,190.6000061035156,190.6000061035156,188.5249938964844,189.0249938964844,176.38063049316406,10198278,-0.003295451605949573,-0.0033008935656922323,184.33770446777345,191.1325912475586,181.67997279180742,185.29328782199227,0.017352691323691296,10,4,2
2022-10-20,188.5,191.3000030517578,188.0,190.75,177.99024963378906,11868814,0.009125827116755802,0.009084438370269657,183.88864669799804,190.5867236328125,181.1123230751892,184.75232203027352,0.01738776059280453,10,4,3
2022-10-21,191.25,191.6499938964844,190.1000061035156,191.2749938964844,178.48011779785156,8931540,0.0027522190966662308,0.002748438676462787,183.52939987182617,190.08937744140624,180.70736841713727,184.2877143093534,0.017177474460073932,10,4,4
2022-10-24,193.1999969482422,193.1999969482422,192.0,192.3500061035156,179.4832305908203,3472470,0.005620305529520531,0.005604570541826308,183.30428771972657,189.66528076171875,180.51903952078084,183.9318266264991,0.017073033672987428,10,4,0
2022-10-25,193.2250061035156,193.2250061035156,191.8249969482422,192.3249969482422,179.45989990234375,5783256,-0.00012998812423736794,-0.00012999657342579335,183.0675132751465,189.16326904296875,180.3560949640982,183.60057279508015,0.016870110289975523,10,4,1
2022-10-27,193.0,193.4750061035156,190.5500030517578,191.3249969482422,178.52676391601562,11723118,-0.005199690776802601,-0.005213256213372635,182.70010147094726,188.6645230102539,180.07465941823932,183.22473510033464,0.01685322011945575,10,4,3
2022-10-28,191.3999938964844,192.9250030517578,191.0,191.625,178.80670166015625,7609676,0.001568043569491362,0.0015668154728119025,182.35485229492187,188.1620443725586,179.87958899391884,182.89747336402513,0.01672244425759109,10,4,4
2022-10-31,193.2749938964844,194.1999969482422,192.375,193.2749938964844,180.3463134765625,6638382,0.00861048161009359,0.008573622843345577,182.20905380249025,187.6348385620117,179.95139276047942,182.70849855754642,0.016847096695044618,10,4,0
2022-11-01,194.0,196.5,193.3000030517578,196.1999969482422,183.0756683349609,11540196,0.015133965345807354,0.015020589346794424,182.16589736938477,187.23686798095704,180.43205054116888,182.73569631883637,0.016139353657979104,11,4,1
2022-11-02,196.4250030517578,197.4250030517578,195.3249969482422,196.9750061035156,183.798828125,6716614,0.003950059538856854,0.003942278537225761,182.1530662536621,186.87762115478515,180.95001632329675,182.81444682299664,0.01615947320303921,11,4,2
2022-11-03,194.875,196.875,192.7749938964844,194.25,181.2561187744141,10312476,-0.013834197837521711,-0.013930782164798273,181.7564956665039,186.58369232177733,180.99710900808404,182.69901511569424,0.01626551634242442,11,4,3
2022-11-04,194.25,196.1999969482422,192.8249969482422,195.2749938964844,182.21255493164065,9023630,0.005276711008122881,0.005262837949937509,181.29927291870118,186.3401513671875,181.18410068863122,182.66298102798655,0.016216084283626,11,4,4
2022-11-07,196.5,197.4250030517578,193.8000030517578,195.75,182.65577697753903,8252598,0.0024324451521173795,0.0024294915460951593,180.91203231811522,186.11014068603515,181.41051242538626,182.66244739462007,0.016181875001335232,11,4,0
2022-11-09,197.0249938964844,197.1999969482422,194.5749969482422,195.4750061035156,182.399169921875,6862546,-0.001404866902707358,-0.0014058546534284353,180.43731384277345,185.8838619995117,181.56261357869224,182.6429453596019,0.016101252973952224,11,4,2
2022-11-10,194.3999938964844,195.5500030517578,193.5,194.4499969482422,181.44273376464844,5494908,-0.0052436431461624355,-0.005257439292061868,180.07573547363282,185.619326171875,181.54417053037778,182.55404079701276,0.016125648748191657,11,4,3
2022-11-11,199.25,202.9250030517578,198.625,199.8500061035156,186.4815216064453,28417046,0.027770678589602582,0.027392066846034294,179.88328170776367,185.57593658447266,182.30376300361894,182.8449653014152,0.016847602764254448,11,4,4
2022-11-14,201.3249969482422,201.3249969482422,197.7749938964844,198.2749938964844,185.01187133789065,17623428,-0.007880943140609054,-0.007912161903373877,180.29034881591798,185.41730834960939,182.72039505504537,183.00547685967263,0.016912153333769563,11,4,0
2022-11-15,199.0249938964844,199.7749938964844,197.0,198.5749969482422,185.2917938232422,12462712,0.0015129974272856117,0.001511853999867987,180.75340270996094,185.29320465087892,183.11599486553717,183.1748336717889,0.016728316581264908,11,4,1
2022-11-16,199.5,200.8500061035156,198.1000061035156,199.125,185.8050079345703,11039528,0.0027697616863577856,0.0027659329645933544,181.29343795776367,185.20502563476563,183.52968918384997,183.3696613949579,0.016723110032938734,11,4,2
2022-11-17,198.9499969482422,199.0,197.5,198.375,185.1051788330078,6057616,-0.0037664706099252987,-0.003773581621579621,181.70050659179688,185.12337860107422,183.77207220679733,183.49821824222084,0.016740960517240208,11,4,3
2022-11-18,198.9250030517578,199.4499969482422,196.3999938964844,196.9250030517578,183.752182006836,9546202,-0.007309340747253867,-0.007336184866867577,182.06908416748047,185.0244696044922,183.76901217603404,183.51703037293308,0.015958280427467962,11,4,4
2022-11-21,196.9250030517578,197.2250061035156,193.8000030517578,194.3249969482422,181.3260955810547,7904612,-0.013203034648541223,-0.013290969573396072,182.23587646484376,184.84904541015624,183.39317885372952,183.354738906868,0.015937601685289293,11,4,0
2022-11-22,194.5,194.6999969482422,192.25,194.3999938964844,181.3960876464844,8410828,0.0003860010618186305,0.0003859265825741965,182.38167495727538,184.62509979248046,183.0859340526149,183.20965362832106,0.015929105987814867,11,4,1
2022-11-23,195.375,195.9750061035156,194.0,194.375,181.3727569580078,6717760,-0.0001286173741633645,-0.00012862564608711585,182.47615127563478,184.36009765625,182.82236834575227,183.07358720829785,0.015834344305913527,11,4,2
2022-11-24,194.9499969482422,199.875,194.5749969482422,199.125,185.8050079345703,13370266,0.024437247637960624,0.024143435125356053,182.79340667724608,184.13848449707032,183.2812359748012,183.27591466950324,0.016267877554252456,11,4,3
2022-11-25,199.5,202.1999969482422,197.9499969482422,201.3999938964844,187.9278259277344,13648550,0.011424977274625547,0.011360205101964354,183.26345977783203,183.95326263427734,183.99609596756017,183.6205006886315,0.016326317491587656,11,4,4
2022-11-28,201.3999938964844,204.7250061035156,201.0,202.8249969482422,189.25750732421875,13679200,0.007075489698878723,0.007050575870963069,183.78600006103517,183.85388671875,184.80554386858455,184.03805673571205,0.009509087510816843,11,4,0
2022-11-29,201.5,204.4499969482422,201.4499969482422,202.5749969482422,189.02423095703125,9102602,-0.0012325871268497046,-0.0012333473871512608,184.2198959350586,183.7615087890625,185.4545726514225,184.40740297432828,0.009440619920294279,11,4,1
2022-11-30,203.4499969482422,204.0,201.3249969482422,203.4499969482422,189.8406982421875,13892346,0.00431937895486989,0.0043100772131378666,184.55814743041992,183.81049713134766,186.12936120384788,184.809869290466,0.009315802023249567,11,4,2
2022-12-01,206.4250030517578,208.1750030517578,205.8249969482422,206.8500061035156,193.0132751464844,15852984,0.016711784847364575,0.016573679504903748,185.01886978149415,183.92013732910155,187.18842488733043,185.4175289835044,0.009539793857135551,12,4,3
2022-12-02,206.8999938964844,206.9499969482422,204.5249938964844,206.1999969482422,192.40675354003903,11726622,-0.0031423828541589094,-0.0031473305068246793,185.5764015197754,183.9901202392578,187.99124468005482,185.93524932102548,0.009536383280578544,12,4,4
2022-12-05,206.625,207.4750061035156,205.3249969482422,206.1750030517578,192.38340759277344,9947062,-0.00012133642315592663,-0.00012134378501523258,186.08494415283204,184.09836029052735,188.6669620512423,186.4128906744883,0.009479046712837204,12,4,0
2022-12-06,205.25,206.3000030517578,203.8999938964844,205.6750030517578,191.9168701171875,8832518,-0.0024250400875187594,-0.0024279852596355645,186.54799880981446,184.2233966064453,189.16694790754158,186.82059285542897,0.009523927516367506,12,4,1
2022-12-07,204.5,204.75,202.6499938964844,203.1499938964844,189.56076049804688,6568616,-0.012276719694844673,-0.012352701126981525,186.90607833862305,184.33490234375,189.22753445992703,187.02356823636362,0.009873632355861655,12,4,2
2022-12-08,203.625,204.0,201.6499938964844,201.8500061035156,188.3477325439453,8940712,-0.00639915112660705,-0.006419713462111203,187.2513282775879,184.41794921875,189.0921803190068,187.1216544813697,0.009983142370891162,12,4,3
2022-12-09,203.0,203.0,195.625,197.0249938964844,183.84548950195312,15423336,-0.02390388767192475,-0.0241942216714838,187.1195266723633,184.37735900878906,188.28499711638312,186.8789755940055,0.01096238271688844,12,4,4
2022-12-12,196.4499969482422,198.75,194.0,198.1750030517578,184.91856384277344,10365880,0.005836827129821476,0.005819858849612396,187.11486129760743,184.36149658203124,187.76708430505855,186.73375990872907,0.010997163821141735,12,4,0
2022-12-13,199.1750030517578,199.6750030517578,198.0,198.875,185.57174682617188,6813842,0.003532273719980994,0.0035260498930321134,187.1288589477539,184.40768585205078,187.42934007753752,186.64768486557668,0.010917629452709148,12,4,1
2022-12-14,200.3999938964844,202.25,199.625,200.0249938964844,186.64480590820312,9995152,0.005782448569805254,0.005765794384545511,187.17084884643555,184.46180603027344,187.30864251302455,186.64747160947493,0.010630175303264098,12,4,2
2022-12-15,199.875,199.875,197.0249938964844,197.6000061035156,184.3820343017578,7766926,-0.0121234105360436,-0.012197498485541046,187.13469161987305,184.46833770751954,186.8583950959066,186.47966143853293,0.010863139718809048,12,4,3
2022-12-16,195.6999969482422,197.3999938964844,194.0249938964844,194.875,181.8393096923828,18012634,-0.013790522590794274,-0.013886495210700917,187.0390480041504,184.32137329101562,186.0862281107491,186.13593167955887,0.010861202007081482,12,4,4
2022-12-19,194.2250061035156,195.25,192.8500061035156,194.5249938964844,181.5126953125,8838046,-0.0017961703684167274,-0.001797785416637172,187.04837799072266,184.12448699951173,185.38260768024924,185.7934697264434,0.010823090118952376,12,4,0
2022-12-20,194.3999938964844,194.9499969482422,191.5,194.4750061035156,181.466064453125,8778558,-0.00025690136601586033,-0.0002569343708245654,187.0518768310547,183.94579650878907,184.78006256838398,185.47292118767905,0.010812764996852008,12,4,1
2022-12-21,195.4499969482422,196.625,193.9250030517578,194.75,181.72267150878903,10215214,0.0014140773727437939,0.001413078506873944,187.06937255859376,183.74237915039063,184.30969471306167,185.1951249151687,0.010813835886323049,12,4,2
2022-12-22,195.0500030517578,195.9750061035156,193.0,194.375,181.3727569580078,9093800,-0.0019255415291663525,-0.0019273977674820163,186.84776000976564,183.59634826660155,183.85785813536108,184.91198654797157,0.010775971812765744,12,4,3
2022-12-23,192.0,192.9250030517578,188.5,188.8249969482422,176.1940155029297,12120710,-0.028553028260341895,-0.0289685955559333,186.26106948852538,183.3136166381836,182.67880542267932,184.2662109150055,0.010684658530271039,12,4,4
2022-12-26,189.0,190.8000030517578,188.1499938964844,190.25,177.523681640625,7261148,0.007546602158421178,0.007518269013050679,185.67437820434571,183.3266796875,181.8857094562094,183.76676430208843,0.010754637498648266,12,4,0
2022-12-27,191.25,193.6750030517578,190.125,193.3000030517578,180.3696746826172,7685840,0.01603162471446229,0.01590447535932775,185.241650390625,183.41345886230468,181.65247333719523,183.51512803397944,0.011203809999887262,12,4,1
2022-12-28,192.5,194.7749938964844,191.625,193.8999938964844,180.9295196533203,7676002,0.0031038752588994356,0.003099068182562956,184.79609146118165,183.53196319580078,181.5412496935222,183.32360148726394,0.011207683481090528,12,4,2
2022-12-29,193.125,196.0500030517578,192.3999938964844,195.375,182.3058624267578,9485398,0.00760706586782911,0.007578278044009889,184.2607208251953,183.63880432128906,181.6588824217123,183.24821340870793,0.01129676432060128,12,4,3
2022-12-30,196.5,198.1499938964844,195.7749938964844,196.375,183.2389678955078,8256556,0.005118351414096001,0.005105297178658844,183.80233154296874,183.77597106933592,181.9019724946039,183.2475285558783,0.011264219045029524,12,4,4
2023-01-02,196.5,196.9499969482422,195.25,196.5249938964844,183.37893676757807,5559512,0.0007638597492540811,0.000763568156876821,183.35210800170898,183.8837448120117,182.12919776736916,183.25726249748567,0.01098626420063971,1,1,0
2023-01-03,196.5249938964844,198.875,195.8500061035156,198.5249938964844,185.24514770507807,5994422,0.010176800947784503,0.010125365976977987,183.0185218811035,184.01904541015625,182.60857468086283,183.40451325360362,0.011129285380447636,1,1,1
2023-01-04,198.75,198.75,194.3000030517578,194.8500061035156,181.81597900390625,8926522,-0.01851151700141307,-0.018684999416394926,182.63128280639648,184.06570037841797,182.48663688440797,183.28684404992234,0.01167271385568646,1,1,2
2023-01-05,195.0,196.1000061035156,191.875,193.4499969482422,180.50961303710932,9568980,-0.007185099868306177,-0.007211037013694742,182.2393768310547,184.08669464111327,182.18247936943894,183.0811232341584,0.010798717816270554,1,1,3
2023-01-06,193.5,194.3999938964844,190.6999969482422,191.0,178.22349548339844,8484754,-0.012664796712188897,-0.012745678879855477,181.95827713012696,184.08062927246092,181.5734049254327,182.72129895632435,0.010745649639910954,1,1,4
2023-01-09,193.0,196.5,192.5500030517578,195.8999938964844,182.7957305908203,7347432,0.02565450248307899,0.025330947818963886,181.8521354675293,184.1604098510742,181.76145502780003,182.72681241073147,0.011757184828542743,1,1,0
2023-01-10,196.0,196.9499969482422,193.6750030517578,196.5249938964844,183.37893676757807,7879496,0.003190480296628051,0.0031854015140031747,181.7424949645996,184.22106231689452,182.01029837238124,182.77511791864603,0.011783043138410549,1,1,1
2023-01-11,196.5,198.0,195.75,196.9250030517578,183.752182006836,7656600,0.002035376831369673,0.0020333082583549873,181.59786376953124,184.23459259033203,182.27828046998965,182.84749303628973,0.011755215932639543,1,1,2
2023-01-12,197.875,198.9499969482422,195.25,197.25,184.05545043945312,9510500,0.0016504208510887963,0.0016490604032645543,181.581534576416,184.23972503662108,182.55169123452248,182.93697136245,0.011284032021219229,1,1,3
2023-01-13,198.0,198.3000030517578,193.25,196.9499969482422,183.7755126953125,13621860,-0.0015209424305133723,-0.0015221002375726783,181.6783447265625,184.29011291503906,182.7399714592594,182.99908553525464,0.011279880719503166,1,1,4
2023-01-16,195.0,200.5,194.5,199.3000030517578,185.96829223632807,23867444,0.011931837429565828,0.011861214278258984,181.90112457275387,184.36522766113282,183.23663619419307,183.2190267723712,0.011541096798119948,1,1,0
2023-01-17,200.0249938964844,201.0249938964844,196.875,198.1750030517578,184.91856384277344,14310032,-0.005644663296798136,-0.005660654614125371,182.0737495422363,184.4104833984375,183.49539429397467,183.34491840721583,0.011569113555029183,1,1,1
2023-01-18,199.25,201.9250030517578,199.0,201.6000061035156,188.11447143554688,16080426,0.01728278397992944,0.017135135426483594,182.3933395385742,184.52478942871093,184.20602154652425,183.69821863153663,0.011846223652023714,1,1,2
2023-01-19,201.0500030517578,202.0,199.375,201.6999969482422,188.207748413086,9447456,0.0004958522160858347,0.0004957293219989282,182.73508911132814,184.6600897216797,184.82167183368762,184.03225787461437,0.011788292183716107,1,1,3
2023-01-20,201.7749938964844,202.6999969482422,200.6499938964844,201.5749969482422,188.0911102294922,9265614,-0.0006197310396477418,-0.0006199231523047115,183.32994384765624,184.69228149414062,185.3246623561191,184.33291360460532,0.010889544060055541,1,1,4
2023-01-23,202.6000061035156,203.875,201.25,203.5,189.8873443603516,8815290,0.00954980875315048,0.009504497576508859,183.94812698364257,184.78979095458985,186.0266134336933,184.74435291984577,0.010969351683937324,1,1,0
2023-01-24,204.1999969482422,205.1000061035156,202.5749969482422,203.3000030517578,190.16798400878903,9552640,0.0014779270803053635,0.0014768360209498315,184.43804244995118,184.8873147583008,186.6637473683234,185.1461033708786,0.010959034674841148,1,1,1
2023-01-25,202.5,202.9499969482422,200.0,200.7749938964844,187.8060913085937,6355554,-0.012420033332667502,-0.01249780658184669,184.78187103271483,184.92733642578125,186.83949258990347,185.34313951441302,0.011179582008682808,1,1,2
2023-01-27,200.7749938964844,201.8000030517578,197.1000061035156,199.0249938964844,186.1691131591797,7410134,-0.00871632084991436,-0.00875453016629523,184.97503356933592,184.94861511230468,186.73635729286906,185.4043227473587,0.011066098247000522,1,1,4
2023-01-30,199.0249938964844,202.3999938964844,197.5249938964844,201.125,188.13348388671875,7261256,0.01055153937301867,0.010496260393661933,185.21975936889646,185.03624114990234,186.95129984576903,185.60648283175573,0.010882064533592377,1,1,0
2023-01-31,201.1499938964844,201.2749938964844,198.8500061035156,199.4250030517578,186.5432891845703,9566846,-0.008452481021963831,-0.00848840581868889,185.37797698974606,185.14058502197267,186.88852897481536,185.6758758949272,0.01101217831286595,1,1,1
2023-02-01,200.75,201.9499969482422,199.1750030517578,201.1999969482422,188.20362854003903,7029896,0.008900557949452326,0.008861181459551146,185.52590103149413,185.27673583984375,187.09085198484976,185.86311683160216,0.011103525479047215,2,1,2
2023-02-02,201.1999969482422,205.0,201.1999969482422,204.7250061035156,191.50094604492188,10835460,0.017519946509327644,0.017368241591438564,186.0101493835449,185.47929962158204,187.76932799409164,186.28073381036657,0.011492984022184396,2,1,3
2023-02-03,206.2749938964844,206.5,203.0749969482422,203.9499969482422,190.7760009765625,8850236,-0.0037855952324606923,-0.00379277873304047,186.5234687805176,185.5787194824219,188.23189306831793,186.6137165634181,0.011518833403944204,2,1,4
2023-02-06,202.6999969482422,203.1000061035156,200.8000030517578,202.3249969482422,189.2559814453125,5958022,-0.0079675615563235,-0.007999472187870314,187.0750930786133,185.60528259277345,188.3894451263171,186.80943988800286,0.010187608555137262,2,1,0
2023-02-07,202.75,202.75,199.5249938964844,200.25,187.31500244140625,6683580,-0.010255839678531498,-0.01030879316842453,187.3010566711426,185.5664324951172,188.22414625171544,186.84688896603274,0.010396050773944513,2,1,1
2023-02-08,200.5,203.8000030517578,200.5,203.375,190.23814392089844,8300976,0.015605485099393412,0.015484971679994606,187.6440170288086,185.59071075439454,188.53399204697436,187.09809303676354,0.010376268312860603,2,1,2
2023-02-09,203.375,204.4750061035156,201.7749938964844,204.1499938964844,190.9630584716797,5277374,0.0038105636222074413,0.003803321815727511,188.0045608520508,185.61315795898437,188.9076945738521,187.38438677268326,0.010380063667306526,2,1,3
2023-02-10,203.5,203.5,201.3999938964844,202.8999938964844,189.79380798339844,5160140,-0.006122914545038327,-0.006141736455598338,188.29147872924804,185.54876861572265,189.04401971378232,187.56286241792142,0.010420201979097425,2,1,4
2023-02-13,202.8249969482422,202.8249969482422,199.6000061035156,200.3000030517578,187.3617706298828,4825356,-0.012814102732626287,-0.012896911521208337,188.47079162597657,185.44786895751952,188.78521216241316,187.54796672991856,0.010709570568137435,2,1,0
2023-02-14,201.5,203.2250061035156,200.75,202.5500030517578,189.46641540527344,4638822,0.011233053404198223,0.01117043118260448,188.64569778442382,185.38952911376953,188.89001266131473,187.6900740392041,0.010877697062237549,2,1,1
2023-02-15,201.3500061035156,203.9250030517578,200.1750030517578,203.6999969482422,190.5421600341797,5227672,0.005677758913658737,0.005661701193090311,188.92687759399413,185.36203491210938,189.14418918021704,187.90133966846153,0.010779471021066404,2,1,2
2023-02-16,204.3999938964844,206.625,204.2749938964844,204.9499969482422,191.71139526367188,11189362,0.006136359686918835,0.006117608900431106,189.1067237854004,185.40504760742186,189.53914396228703,188.1835660088475,0.01016303648725652,2,1,3
2023-02-17,203.4250030517578,204.0,202.0,203.1499938964844,190.0276641845703,5616244,-0.008782634317515803,-0.008821428963447465,189.1977195739746,185.43864624023436,189.61430091956137,188.32016587371587,0.01021588343787814,2,1,4
2023-02-20,202.6499938964844,203.8999938964844,201.1000061035156,203.5249938964844,190.37844848632807,6497188,0.0018459643929371605,0.0018442626945284458,189.3120864868164,185.56930541992188,189.73186208367932,188.47263125242787,0.009845961305757949,2,1,0
2023-02-21,203.6999969482422,204.0,201.0500030517578,201.375,188.36734008789065,5761172,-0.010563739826789487,-0.010619932211185424,189.23608627319334,185.63828094482423,189.52193562278876,188.4648319069066,0.009066639269320732,2,1,1
2023-02-22,199.75,200.1750030517578,197.2250061035156,197.5749969482422,184.81277465820312,6883372,-0.018870391374794626,-0.01905070925970367,188.96832580566405,185.62310150146484,188.7974493205448,188.19430914774338,0.009754810920387892,2,1,2
2023-02-23,197.8999938964844,199.3500061035156,196.6999969482422,196.9750061035156,184.2515411376953,6078322,-0.00303676800235142,-0.00304138833859864,188.79059829711915,185.57523620605468,188.09807883087564,187.9022522581102,0.009767743507948637,2,1,3
2023-02-24,197.9750061035156,198.25,196.2749938964844,196.6499938964844,183.94754028320312,5106634,-0.0016499229944839655,-0.0016512856164482956,188.6795196533203,185.5665463256836,187.45953443892603,187.6093106303393,0.009768690502416843,2,1,4
2023-02-27,196.375,196.6499938964844,192.7250061035156,195.1750030517578,182.5678100585937,5554710,-0.007500672324757485,-0.007528943826318226,188.40123596191407,185.5811163330078,186.70696145733643,187.23586614354335,0.009861916066714426,2,1,0
2023-02-28,195.9250030517578,196.6000061035156,192.8500061035156,193.5249938964844,181.02438354492188,10061602,-0.008453990400479006,-0.008489928065111889,188.12529067993165,185.57135009765625,185.83271870158035,186.77575632142324,0.009700102188205887,2,1,1
2023-03-01,194.0500030517578,195.875,193.6499938964844,195.4750061035156,182.8484344482422,4542612,0.010076271867914821,0.010025844702831332,187.8575309753418,185.5989974975586,185.37359804722064,186.48484359007648,0.0098556774580523,3,1,2
2023-03-02,194.3500061035156,195.1750030517578,193.6499938964844,194.0249938964844,181.4920959472656,4438972,-0.0074178294447498905,-0.007445478356382071,187.357088470459,185.59438598632812,184.77644387799677,186.11501043134976,0.009352615451644737,3,1,3
2023-03-03,195.3000030517578,195.7250061035156,194.5500030517578,195.2250061035156,182.61460876464844,4393936,0.006184912965625733,0.0061658648915356665,186.9490188598633,185.61922302246094,184.44385386055856,185.85572141900153,0.00944439823113042,3,1,4
2023-03-06,196.2250061035156,198.3249969482422,196.0500030517578,196.875,184.1580047607422,6727722,0.008451656778910133,0.008416141496104037,186.69412002563476,185.7785028076172,184.39987707597143,185.72996462950084,0.009599676885870084,3,1,0
2023-03-08,195.8249969482422,196.5,194.4250030517578,196.3000030517578,183.6201629638672,4908842,-0.00292054530876229,-0.0029248184231233337,186.5093780517578,185.90043243408203,184.27992105872465,185.57368302463908,0.00941047739257085,3,1,2
2023-03-09,196.3999938964844,196.9250030517578,194.8000030517578,195.0500030517578,182.45089721679688,4157054,-0.006367850502890571,-0.006388211747169137,186.12001571655273,185.94205688476563,183.99853277535115,185.3423655573915,0.009446027308404206,3,1,3
2023-03-10,193.9499969482422,194.9499969482422,193.3000030517578,194.5500030517578,181.98318481445312,4567396,-0.0025634974093220464,-0.0025667887949815333,185.6710220336914,185.96313018798827,183.68847924290532,185.0935373542109,0.009215849563283852,3,1,4
2023-03-13,194.5,196.3000030517578,191.875,192.7250061035156,180.2760772705078,5982520,-0.009380578462157674,-0.009424853187522132,185.19513549804688,185.9225344848633,183.16349432407495,184.73668845912178,0.00923578382610978,3,1,0
2023-03-14,193.2749938964844,193.5749969482422,188.6750030517578,189.7250061035156,177.46986389160156,8094852,-0.01556619947246507,-0.01568862488289386,184.7005401611328,185.80715240478514,182.28755118061753,184.198405157824,0.00933680182936631,3,1,1
2023-03-15,191.8500061035156,191.8500061035156,187.4499969482422,187.875,175.73934936523438,7687926,-0.00975103315244652,-0.009798885805519233,184.01418685913086,185.65436065673828,181.28013551671242,183.57180843244697,0.009371168259909428,3,1,2
2023-03-16,187.6750030517578,188.3500061035156,185.0,186.4250030517578,174.3830108642578,7686620,-0.007717898728290651,-0.007747835842569872,183.20622940063475,185.4371179199219,180.2190394163348,182.89115676072927,0.009197568307176194,3,1,3
2023-03-17,188.6000061035156,189.1750030517578,186.9250030517578,188.25,176.0901336669922,9044282,0.009789501822876634,0.009741895095188859,182.42516632080077,185.3226010131836,179.58382314720515,182.38737727230432,0.00871291398567809,3,1,4
2023-03-20,187.5,187.9750061035156,182.5749969482422,183.5749969482422,171.71710205078125,8184754,-0.024834052454528077,-0.025147619856370474,181.50963821411133,185.14675079345704,178.37355836313992,181.59698651515447,0.009600909446250964,3,1,0
2023-03-21,184.5,185.125,182.7250061035156,183.1999969482422,171.3663330078125,7211152,-0.0020427146672031826,-0.002044803854369332,180.55903244018555,185.00960754394532,177.29552369308956,180.83916032942545,0.009565811660679645,3,1,1
2023-03-22,183.9250030517578,185.0,182.9250030517578,183.1999969482422,171.3663330078125,5374846,0.0,0.0,179.70898208618163,184.78101959228516,176.38334051073926,180.1374694167134,0.00949013772589017,3,1,2
2023-03-23,182.4499969482422,182.4499969482422,180.1750030517578,180.75,169.0745849609375,9485192,-0.013373385580763508,-0.013463614650095932,178.92207260131835,184.49493255615235,175.25891658000052,179.31799649406332,0.009001935763223256,3,1,3
2023-03-24,181.6750030517578,183.4250030517578,180.5,180.875,169.19151306152344,7906696,0.0006915770375124364,0.0006913380083114181,178.16907119750977,184.2037191772461,174.3254698848502,178.56788661017148,0.008927707608141494,3,1,4
2023-03-27,180.875,182.0,179.60000610351562,180.625,168.95765686035156,6227714,-0.00138219817850338,-0.0013831542955360775,177.4195770263672,183.90176330566408,173.49965249646579,177.85601773981446,0.008930573765883706,3,1,0
2023-03-28,181.5,182.0249938964844,177.6999969482422,178.10000610351562,166.59576416015625,7813096,-0.013979198954845118,-0.014077828207347032,176.6209747314453,183.55816833496092,172.43751582934124,177.021924882062,0.008973420418178642,3,1,1
2023-03-29,179.0,180.375,177.5,179.52499389648438,167.92872619628906,8823840,0.00800117603741346,0.00796933635227947,175.96619186401367,183.19737701416017,171.74385588579477,176.3483546090418,0.008803657668057952,3,1,2
2023-03-31,181.6750030517578,182.875,180.6499938964844,182.625,170.82847595214844,7914212,0.017267741032406247,0.017120347936727474,175.36519393920898,182.91557525634767,171.60302820369532,175.93947470853118,0.00947094747692534,3,1,4
2023-04-03,183.9750061035156,184.1999969482422,182.5749969482422,183.9750061035156,172.0912628173828,4053500,0.007392133297425829,0.0073649453823319425,174.89515228271483,182.59511108398436,171.67814122118568,175.65442197585352,0.00951807714351651,4,2,0
2023-04-05,184.8500061035156,185.9499969482422,183.6000061035156,184.875,172.93313598632812,6443110,0.004892015754679457,0.004880088727926349,174.41107864379882,182.28961883544923,171.8712173388999,175.45284523588867,0.00958596705157959,4,2,2
2023-04-06,184.5,185.2250061035156,182.9250030517578,183.3249969482422,171.48324584960938,6429614,-0.008384108276584867,-0.008419452604811401,173.7773406982422,181.95746154785155,171.81152941747058,175.15880083690504,0.00958618491053571,4,2,3
2023-04-10,184.0,187.1999969482422,183.8000030517578,186.6499938964844,174.59347534179688,5624940,0.018137220792491693,0.017974703536011948,173.32600631713868,181.65158416748048,172.23952109813615,175.11692487430443,0.010258654172728723,4,2,0
2023-04-11,186.75,187.4250030517578,184.3000030517578,185.125,173.16697692871094,6784354,-0.008170399325022393,-0.008203959965151253,172.86181030273437,181.3115640258789,172.38220661053225,174.97248428574196,0.009846781001409953,4,2,1
2023-04-12,185.3000030517578,186.7250061035156,184.6750030517578,186.0749969482422,174.0556182861328,5578210,0.005131702205482869,0.005118579895764634,172.46543197631837,181.0365545654297,172.63965456062465,174.9045682857709,0.009933123064677795,4,2,2
2023-04-13,184.9499969482422,184.9499969482422,183.0,184.1499938964844,172.2549591064453,6724634,-0.010345309145536219,-0.010399193814067523,172.06437606811522,180.758271484375,172.58047064459706,174.70830093915419,0.010053281653280087,4,2,3
2023-04-17,179.97500610351562,180.9750061035156,176.0,180.6750030517578,169.00442504882812,13603290,-0.0188704817235974,-0.01905080134621919,171.64110412597657,180.3756903076172,172.03030978370953,174.28579161394487,0.01046817453378855,4,2,0
2023-04-18,181.7250061035156,184.4499969482422,179.625,183.9499969482422,172.06787109375,8024898,0.018126425056839812,0.017964100060696767,171.45753021240233,180.08618194580077,172.03608844679266,174.12150120504154,0.011056659674401212,4,2,1
2023-04-19,183.9499969482422,183.9499969482422,180.1999969482422,180.3999938964844,168.7471923828125,7475944,-0.01929865633734873,-0.019487306479109914,171.17573928833008,179.69705322265625,171.53010443694956,173.7234042552468,0.011282538926577452,4,2,2
2023-04-20,180.25,181.8500061035156,179.5,181.4250030517578,169.70599365234375,4423266,0.005681879834516845,0.0056657988400538135,170.85653228759764,179.2611541748047,171.24947200854865,173.42581828466137,0.011343378308898446,4,2,3
2023-04-21,182.0500030517578,184.3500061035156,181.8249969482422,184.0249938964844,172.13803100585938,5299988,0.014330886618523664,0.01422917010302346,170.87757873535156,178.88839477539062,171.38617339275032,173.33042663437973,0.011643870521238213,4,2,4
2023-04-24,187.5,189.3000030517578,185.2749938964844,188.9750061035156,176.76829528808594,17779044,0.02689855492810267,0.026543148003382033,171.14767684936524,178.6386410522461,172.21419214587888,173.5850835716913,0.012652838822544423,4,2,0
2023-04-25,189.1000061035156,189.4499969482422,187.0500030517578,187.8249969482422,175.6925811767578,7528552,-0.0060854471078933825,-0.0061040389057882005,171.3639892578125,178.40619262695313,172.74932891986026,173.74119450539993,0.012680094210605175,4,2,1
2023-04-26,188.8249969482422,188.8249969482422,186.6999969482422,187.2749938964844,175.17811584472656,7008146,-0.002928213181145445,-0.0029325087850413053,171.66916580200194,178.10499206542968,173.12298844676278,173.84763312312782,0.012649067262179818,4,2,2
2023-04-27,188.1999969482422,188.3000030517578,186.0249938964844,187.1999969482422,175.1079559326172,8491700,-0.000400506146393087,-0.0004005863704005901,171.96498794555663,177.78789001464844,173.42836805997112,173.94099036827518,0.012647650242654873,4,2,3
2023-04-28,190.0,194.0,190.0,192.5,180.0655975341797,27709406,0.02831191521343679,0.027918540478919365,172.52038497924804,177.59332580566405,174.44948028677246,174.394664973157,0.013640745936792445,4,2,4
2023-05-02,194.5,196.0749969482422,193.7250061035156,194.1750030517578,181.6324005126953,9746608,0.008701289974161863,0.008663651926017606,173.272216796875,177.4787384033203,175.55454493691443,174.93079353164134,0.013400128940963612,5,2,1
2023-05-03,194.1750030517578,194.1750030517578,191.0249938964844,192.5500030517578,180.1123809814453,4828488,-0.008368658493525527,-0.008403872315273326,173.88139953613282,177.29165771484375,176.25575048222686,175.3146148242194,0.013364713590021705,5,2,2
2023-05-04,192.375,193.0749969482422,191.5249938964844,191.8500061035156,179.45758056640625,6253358,-0.0036355102934679806,-0.003642134821582042,174.3128547668457,177.0699661254883,176.74833972594678,175.62150117549248,0.013294478539519265,5,2,3
2023-05-05,191.375,192.1999969482422,189.5,189.6999969482422,177.4464569091797,7902194,-0.011206679878771553,-0.011269947842358331,174.58061447143555,176.78466735839845,176.85574236952107,175.75668308169156,0.013370530639819031,5,2,4
2023-05-08,190.5,191.5,189.8000030517578,190.1750030517578,177.89077758789062,9613544,0.002503970417049972,0.0025008407065049477,174.82849655151367,176.54192962646485,177.01497855696255,175.91476415622483,0.012498678100178063,5,2,0
2023-05-09,191.25,191.7250061035156,190.0249938964844,191.1499938964844,178.80279541015625,5716698,0.00512684150708731,0.005113744001982941,175.19447402954103,176.31041656494142,177.29002730360773,176.1286923972568,0.01250202716322963,5,2,1
2023-05-10,192.0,192.2749938964844,191.0,191.875,179.48097229003906,3670402,0.003792876270905854,0.0037857014521132837,175.43884887695313,176.13268920898437,177.6270957630587,176.37700942635178,0.012505594040282274,5,2,2
2023-05-11,192.8500061035156,193.4250030517578,191.5500030517578,192.3249969482422,179.90191650390625,4049964,0.002345341728965833,0.0023425957077869487,175.77559585571288,176.03447204589844,177.97706818472756,176.63811365431877,0.012180874833156627,5,2,3
2023-05-12,192.3000030517578,192.625,190.7749938964844,191.625,179.2471160888672,4580358,-0.0036397634208907848,-0.003646403476822486,176.0351707458496,175.93438354492187,178.17246016997981,176.83137309391495,0.012224258810127557,5,2,4
2023-05-15,191.625,193.5,191.25,192.875,180.41636657714844,5089694,0.006523120225273571,0.006501936748212134,176.44324111938477,175.8637600708008,178.51767654031346,177.09692816674706,0.012234077383507395,5,2,0
2023-05-16,193.75,194.3999938964844,193.25,193.4750061035156,180.9776306152344,4059352,0.0031109374871816087,0.0031061085336134353,177.0419013977051,175.8319564819336,178.8961310133782,177.38438760737574,0.011843409574238517,5,2,1
2023-05-17,193.1000061035156,193.6750030517578,190.6750030517578,191.1499938964844,178.80279541015625,5376102,-0.01201714928902975,-0.012089938964903396,177.3786476135254,175.7875247192383,178.8817716898056,177.48945485202614,0.012103176566691045,5,2,2
2023-05-18,192.6000061035156,192.6750030517578,191.125,191.3000030517578,178.943115234375,4237016,0.000784774219535489,0.0007844664452593507,177.88844375610353,175.70941833496093,178.89120915820087,177.5971333988668,0.011763249267769772,5,2,3
2023-05-19,192.3999938964844,194.1000061035156,191.75,193.1000061035156,180.62684631347656,7281582,0.009409309080688821,0.009365317271719721,178.43448638916016,175.69211334228515,179.1582302590125,177.82155657772677,0.011803109654964592,5,2,4
2023-05-22,193.25,198.3000030517578,192.6999969482422,197.875,185.0933990478516,12197390,0.024728066871207766,0.024427276778482332,179.08225479125977,175.74168914794922,180.07133314960313,178.3602115755138,0.01252279618312103,5,2,0
2023-05-23,198.5,201.0500030517578,198.0249938964844,198.8249969482422,185.98204040527344,12725634,0.00480104294368755,0.004789554692730978,179.54294204711914,175.77816986083985,180.98067272739857,178.92479148882933,0.012363690956183195,5,2,1
2023-05-24,197.25,200.2250061035156,196.6750030517578,199.8500061035156,186.9408416748047,8256974,0.005155343319397598,0.0051421000333175745,180.1053550720215,175.84458343505858,181.89762179623028,179.51857298408677,0.012030441067464212,5,2,2
2023-05-25,199.5,199.5,196.3249969482422,197.0500030517578,184.3216857910156,13605054,-0.014010613519892412,-0.014109688656394077,180.56253356933593,175.88199920654296,182.27055471850494,179.87435911793335,0.012251765277638724,5,2,3
2023-05-26,197.5749969482422,201.2749938964844,197.5,200.8500061035156,187.8762359619141,7926180,0.01928449251993425,0.019100903223789743,181.2009475708008,175.99986022949219,183.13296721749097,180.46709073600599,0.012636758074891308,5,2,4
2023-05-29,202.0,203.0,199.6750030517578,199.8999938964844,186.9875946044922,7959308,-0.004729929535111865,-0.004741151050449176,181.54704742431642,176.13409057617187,183.72598681549118,180.9500910225605,0.012478580931017055,5,2,0
2023-05-30,200.0,201.9250030517578,199.7250061035156,201.25,188.2503967285156,7378972,0.006753400548814126,0.0067306984927302345,181.87794723510743,176.34970123291015,184.42204987903338,181.49085440818683,0.011801725723116338,5,2,1
2023-05-31,200.875,202.3999938964844,200.25,201.8249969482422,188.7882537841797,11783582,0.0028571363726779264,0.002853062516415754,182.31174087524414,176.61067932128907,185.0937735567482,182.03140251011223,0.01148160510726163,5,2,2
2023-06-01,202.5,204.0,202.0249938964844,203.5749969482422,190.4252166748047,7065484,0.008670893754313624,0.008633517456933809,182.86012268066406,176.9315234375,185.91399557491076,182.65316652231166,0.01070438162711853,6,2,3
2023-06-02,204.3500061035156,204.8999938964844,202.0,202.4750061035156,189.3962860107422,6320754,-0.005403331985278204,-0.0054179827827973105,183.45761413574218,177.197646484375,186.4497325650387,183.152656854788,0.010838086831082498,6,2,4
2023-06-05,204.4499969482422,204.875,201.8500061035156,202.1000061035156,189.04551696777344,7252860,-0.0018520375998759553,-0.0018537547419803322,184.01535110473634,177.54421478271485,186.84908401161326,183.58916501130545,0.010693627248283938,6,2,0
2023-06-06,201.6750030517578,201.6750030517578,197.7749938964844,199.9750061035156,187.0577545166016,13707400,-0.01051472937869613,-0.010570399728627918,184.4280990600586,177.85804321289064,186.88118716622685,183.84609756725334,0.009990990334146648,6,2,1
2023-06-07,201.1999969482422,201.8000030517578,200.5,201.3999938964844,188.3907012939453,8215860,0.007125856828487764,0.0071005878816355625,184.87358551025392,178.1985305786133,187.11342010895277,184.18273488034163,0.00991613141426043,6,2,2
2023-06-08,202.0500030517578,202.375,199.375,199.7749938964844,186.87066650390625,10615052,-0.008068523444091591,-0.00810125013563633,185.2220230102539,178.55445220947266,187.07607340048406,184.3818409265316,0.010054391151549382,6,2,3
2023-06-09,199.7250061035156,200.1750030517578,198.0249938964844,198.6499938964844,185.81832885742188,12018232,-0.0056313688294271635,-0.0056472847673432825,185.55058364868165,178.88698852539062,186.88257424001296,184.4882474399309,0.01014606571778811,6,2,4
2023-06-12,199.8999938964844,199.8999938964844,197.3000030517578,197.8000030517578,185.0232696533203,11973622,-0.004278690961167841,-0.004287870753693124,185.78092880249022,179.20830078125,186.5965273805218,184.52787871499675,0.008903719668238028,6,2,0
2023-06-13,198.9750061035156,199.25,197.25,197.7749938964844,184.99986267089844,13016186,-0.00012650831684968278,-0.00012651631970175752,185.98204040527344,179.57638275146485,186.35088665596436,184.56284048950798,0.008783569923953459,6,2,1
2023-06-14,198.1499938964844,198.5749969482422,196.3500061035156,198.2250061035156,185.42079162597656,18512564,0.0022752933380654206,0.0022727087778576047,186.31294021606445,179.9262240600586,186.2077951128893,184.6263924255427,0.008620180809544482,6,2,2
2023-06-15,198.5500030517578,198.7250061035156,194.125,194.4750061035156,181.9130249023437,28702320,-0.018917871576713985,-0.019099103835102597,186.4614356994629,180.1479150390625,185.54706123434383,184.42540223863907,0.009326460342090665,6,2,3
2023-06-16,192.7749938964844,194.3249969482422,189.5749969482422,190.6499938964844,178.3350830078125,41110648,-0.019668420644711637,-0.01986441826280804,186.3468475341797,180.2727914428711,184.43752612256978,183.97426748080005,0.009808074395506409,6,2,4
2023-06-19,191.0,191.0,188.5500030517578,190.0749969482422,177.79725646972656,10629440,-0.003015820157284299,-0.0030203769067589635,185.98204040527344,180.37007385253906,183.41594617597852,183.51671110960945,0.009815386267101095,6,2,0
2023-06-20,190.8999938964844,192.4750061035156,190.3000030517578,191.25,178.89634704589844,11802658,0.00618170717588673,0.006162678802373861,185.62775573730468,180.51833587646485,182.72062323288927,183.17446191970492,0.009836145775867942,6,2,1
2023-06-21,192.125,193.625,191.5500030517578,192.75,180.2994537353516,8829264,0.007843126551338564,0.007812529116526412,185.29568634033203,180.63245544433593,182.34813561788346,182.96149835049357,0.009916557586825824,6,2,2
2023-06-22,193.0,193.0,190.8000030517578,191.1499938964844,178.80279541015625,9356174,-0.008300958733863828,-0.008335603548479818,185.01974182128907,180.74517181396484,181.8026986628485,182.65344628083895,0.01002698654715984,6,2,3
2023-06-23,191.1499938964844,191.5,189.0500030517578,189.9750061035156,177.70370483398438,6470406,-0.00614694291356388,-0.00616591314640004,184.51111526489257,180.81813354492186,181.17208422763866,182.28679876625714,0.01006739366890442,6,2,4
2023-06-26,190.0,190.9499969482422,189.5249938964844,190.4499969482422,178.14804077148438,4100400,0.0025004314789898174,0.0024973106014769372,184.0691375732422,180.93599517822267,180.7068467728457,181.98022409997768,0.010000787220357969,6,2,0
2023-06-27,192.125,192.125,190.75,191.3000030517578,178.943115234375,5880750,0.004462998635558879,0.0044530689901824015,183.60377349853516,181.1347689819336,180.43550345923484,181.75525307289598,0.010020058730025493,6,2,1
2023-06-28,191.875,191.875,190.3999938964844,190.8500061035156,178.52218627929688,7140112,-0.002352305952239675,-0.0023550769702605054,183.09047012329103,181.26385528564452,180.1411469700136,181.5157666437405,0.009783870451116044,6,2,2
2023-06-30,192.5,194.875,191.5,194.5749969482422,182.006591796875,9070810,0.019518053135013647,0.01933001870787511,182.66953887939454,181.5290432739258,180.42813848183843,181.5521240624912,0.010413635289500265,6,2,4
2023-07-03,196.9499969482422,196.9499969482422,194.75,195.8000030517578,183.15245056152344,9036924,0.00629569925647111,0.006275964129545182,182.3573471069336,181.79797241210937,180.8472634171746,181.67066676612322,0.01033824184403345,7,3,0
2023-07-04,196.875,198.6750030517578,196.5,197.9750061035156,185.1869659423828,12617234,0.011108316457802303,0.01104707223993239,182.16441955566407,182.05895111083984,181.5149099595143,181.9311333717721,0.009503624364260454,7,3,1
2023-07-05,197.0500030517578,197.6999969482422,195.9250030517578,196.9499969482422,184.2281646728516,12366958,-0.005177477068389003,-0.005190926646124491,182.02294006347657,182.20814849853517,181.9323337615662,182.10128383851873,0.009506608454218652,7,3,2
2023-07-06,197.25,198.4750061035156,196.5749969482422,198.1000061035156,185.30389404296875,9037242,0.005839114621954966,0.005822133064943022,181.86859970092775,182.4003747558594,182.45103534332043,182.33851422403353,0.009520878569243432,7,3,3
2023-07-07,197.5,198.7250061035156,196.6000061035156,197.9250030517578,185.14016723632807,9065220,-0.0008835583703530325,-0.0008839489381265072,181.78207473754884,182.5996157836914,182.86474794224466,182.54604407679608,0.009161484764979364,7,3,4
2023-07-10,197.9250030517578,197.9250030517578,194.8249969482422,194.9750061035156,182.3807373046875,5630400,-0.014904544879870474,-0.015016733753997341,181.6101951599121,182.7450714111328,182.79028476723587,182.53379913071396,0.008824369670119434,7,3,0
2023-07-11,195.0,196.3999938964844,193.9250030517578,196.0249938964844,183.36289978027344,9634838,0.005385231412597724,0.00537078290308022,181.52717666625978,182.81101745605469,182.87837938462627,182.5952139936443,0.008868152794105294,7,3,1
2023-07-12,196.9499969482422,196.9750061035156,195.1750030517578,195.9250030517578,183.26937866210932,6848220,-0.000510032936194782,-0.0005101630472352753,181.4406524658203,182.84375701904293,182.93853311962368,182.6451521172343,0.008758544001687242,7,3,2
2023-07-13,195.9250030517578,199.3000030517578,195.625,197.1499938964844,184.4152374267578,13595726,0.006252319798394135,0.0062328551376871245,181.39037475585937,182.92981414794917,183.1657183976443,182.77626954756937,0.008829826766703802,7,3,3
2023-07-14,197.375,202.75,196.1750030517578,202.5249938964844,189.4430389404297,31366784,0.027263482041003817,0.02689845309633242,181.76687545776366,183.12952331542965,184.13146001961127,183.27010431741087,0.010077686634785124,7,3,4
2023-07-17,203.5,212.4750061035156,202.8999938964844,207.625,194.213607788086,45759860,0.025182075173300067,0.0248702311306793,182.56080169677733,183.46486633300782,185.6825596762997,184.08073420412754,0.01102745693927953,7,3,0
2023-07-18,209.0,210.1499938964844,206.125,208.6000061035156,195.12564086914065,17769026,0.004696030785081851,0.004685038831449893,183.42722091674804,183.80956359863282,187.13534139827522,184.89887543857296,0.011035986533941158,7,3,1
2023-07-19,210.0,210.5,207.0749969482422,208.9750061035156,195.47640991210932,10830990,0.0017976573524947081,0.0017960435003288998,184.2562240600586,184.14303588867188,188.41858270809584,185.68239651068674,0.010815337141674763,7,3,2
2023-07-20,209.25,210.0,207.3249969482422,208.8249969482422,195.3361053466797,8255710,-0.0007177570198506622,-0.0007180147307436817,185.008056640625,184.4601385498047,189.48281696018566,186.39748605409363,0.010769978519536207,7,3,3
2023-07-21,202.5,207.1750030517578,200.5,202.3500061035156,189.27935791015625,23514212,-0.031006799412602204,-0.031497684053659616,185.531884765625,184.64768737792969,189.45151556787343,186.6109580434316,0.012177595222834911,7,3,4
2023-07-24,203.1499938964844,204.0,201.75,202.0249938964844,188.975341796875,6808460,-0.001606176799403336,-0.0016074680842318575,186.09546661376953,184.84225189208985,189.37825806464292,186.7860975807237,0.012129805453776376,7,3,0
2023-07-25,202.75,202.75,200.0,200.1999969482422,187.26821899414065,6458200,-0.00903357436214769,-0.009074624501693027,186.55147552490234,184.97928894042968,189.05363666918103,186.82181027801383,0.012226873755540962,7,3,1
2023-07-26,201.75,201.8000030517578,200.6999969482422,201.375,188.36734008789065,5329662,0.005869234511085786,0.005852077653228943,187.02268676757814,185.1270831298828,188.94805257975173,186.93629396763433,0.012265653403517374,7,3,2
2023-07-27,202.0,203.3000030517578,199.5,199.9750061035156,187.0577545166016,8948358,-0.006952296351788068,-0.006976576163138959,187.44946517944337,185.29218231201173,188.65723749311326,186.9452910453356,0.012339597842220511,7,3,3
2023-07-28,200.5249938964844,201.4250030517578,198.2749938964844,199.375,186.4965057373047,6760060,-0.003000403702841936,-0.0030049139379754214,187.67396087646483,185.4432501220703,188.32481722298886,186.91204768918516,0.01181276602698924,7,3,4
2023-07-31,199.875,203.0,199.4750061035156,202.5249938964844,189.4430389404297,6762180,0.01579940166426197,0.015675890355755513,187.98849029541014,185.61957397460938,188.49685133336436,187.09952852261068,0.011452894148129649,7,3,0
2023-08-01,202.75,204.0,202.0249938964844,203.4750061035156,190.33169555664065,7181804,0.004690890840757689,0.0046799228985562775,188.24572677612304,185.72433990478515,188.77913506002224,187.3389483029092,0.011421050451143073,8,3,1
2023-08-02,202.9499969482422,202.9499969482422,199.5,201.3999938964844,188.3907012939453,5399618,-0.010197956031541389,-0.010250311434700746,188.45385360717773,185.7725131225586,188.71937601908732,187.4168559318748,0.011620660880234304,8,3,2
2023-08-03,201.0,201.0,198.5249938964844,199.8249969482422,186.91744995117188,6821698,-0.00782019140358059,-0.007850929456886042,188.5345314025879,185.77204528808593,188.4421566240234,187.37986289626718,0.011690999100939126,8,3,3
2023-08-04,200.4250030517578,205.0,200.1499938964844,204.4250030517578,191.22032165527344,12481540,0.02302017123187583,0.022759204499316458,188.83853912353516,185.9100180053711,188.86956662883108,187.66434132286025,0.012194649875810653,8,3,4
2023-08-07,204.9750061035156,206.5,204.0249938964844,205.5749969482422,192.2960357666016,8822866,0.005625521921605259,0.005609757766593706,189.33430404663085,185.99841400146485,189.3967157269496,188.0074298001744,0.012102112087257009,8,3,0
2023-08-08,206.1999969482422,208.75,204.9750061035156,208.1750030517578,194.7281036376953,15724284,0.012647519546610031,0.012568207703227658,189.90256423950194,186.1532241821289,190.21692925167972,188.50525749184263,0.012237247387157688,8,3,1
2023-08-09,207.75,209.25,206.2749938964844,208.8999938964844,195.40626525878903,9309388,0.0034826078435781227,0.0034765576078784354,190.50940856933593,186.29634155273436,191.01528863738884,189.0164432523572,0.012234633355524221,8,3,2
2023-08-10,208.5500030517578,210.3999938964844,207.7749938964844,209.3249969482422,195.80381774902344,9901644,0.00203449203487871,0.0020324252587104056,191.0788375854492,186.43665283203126,191.75198542379417,189.51921173359173,0.012194478926645609,8,3,3
2023-08-11,209.3249969482422,211.0749969482422,206.1750030517578,206.5249938964844,193.1846618652344,7571468,-0.013376429090602326,-0.01346669941842531,191.26591873168945,186.49184173583984,191.97239718401576,189.79072655815784,0.012151383860716018,8,3,4
2023-08-14,206.625,208.1000061035156,204.75,207.5749969482422,194.16683959960932,5792180,0.005084139314642355,0.005071258717742853,191.26358032226562,186.58725280761718,192.3100037094917,190.11488307974685,0.0121388281415351,8,3,0
2023-08-16,207.0749969482422,210.1000061035156,207.0,209.3249969482422,195.80381774902344,8131780,0.008430781243541574,0.008395440700682592,191.29748916625977,186.72241882324218,192.84751356172734,190.53628564784142,0.01207939732583159,8,3,2
2023-08-17,209.3249969482422,210.1999969482422,207.25,208.7749938964844,195.2893218994141,6340960,-0.002627608876701326,-0.0026310671001398686,191.288134765625,186.88705017089845,193.2231763829099,190.8883624072172,0.01203655338349785,8,3,3
2023-08-18,207.5249938964844,208.1750030517578,204.0,205.8500061035156,192.55328369140625,10602392,-0.014010178239120874,-0.014109247190510746,191.14899368286132,186.97030181884764,193.1201159688324,191.01168990974972,0.012360318732723845,8,3,4
2023-08-21,205.8999938964844,208.6750030517578,205.8249969482422,207.3000030517578,193.9096069335937,7334260,0.00704388528819444,0.0070191930134429386,191.3805061340332,187.1110806274414,193.24157611725724,191.22635043003447,0.012395526662594164,8,3,0
2023-08-22,207.5,209.0500030517578,206.375,208.5500030517578,195.0788726806641,6350240,0.006029952644227787,0.006011845234537146,191.68568267822266,187.29629150390625,193.52423712701216,191.51172244859964,0.012016775156632303,8,3,1
2023-08-23,208.625,208.9750061035156,207.3000030517578,207.625,194.213607788086,6134234,-0.004435461824687126,-0.004445327669346402,192.03295211791993,187.48009826660157,193.63029415179275,191.7118621033764,0.012063950620699372,8,3,2
2023-08-24,209.375,210.0,206.0,206.3500061035156,193.02096557617188,5776956,-0.006140878723675525,-0.006159811468345857,192.265633392334,187.64052032470704,193.53655129400494,191.8088327309909,0.012147676938597952,8,3,3
2023-08-25,205.0,205.6499938964844,203.5500030517578,204.8500061035156,191.6178741455078,6598510,-0.007269114142475663,-0.007295662888164587,192.4936393737793,187.76446197509765,193.24137019423614,191.79468765058476,0.01222739858735842,8,3,4
2023-08-28,205.7250061035156,206.2250061035156,203.8249969482422,204.0249938964844,190.8461456298828,3401974,-0.004027434909537608,-0.004035566866808971,192.71112136840821,187.94312438964843,192.87287410741257,191.7244252786809,0.011235022484727837,8,3,0
2023-08-29,204.8249969482422,205.9499969482422,203.5500030517578,204.0500030517578,190.8695526123047,3998562,0.00012264844199294522,0.00012264092128771246,192.78244705200194,188.19381378173827,192.5646708004729,191.66110137746787,0.010206289154611145,8,3,1
2023-08-30,205.0,205.1000061035156,203.3249969482422,203.6000061035156,190.4486083984375,4018182,-0.0022054026328767184,-0.002207838114734205,192.7882926940918,188.4468408203125,192.23912273862132,191.5712870827249,0.01016215759513607,8,3,2
2023-08-31,204.0,205.0,203.2250061035156,204.1999969482422,191.0098571777344,22061952,0.002946982831834255,0.0029426489903452736,192.91925048828125,188.68911102294922,192.05000496002333,191.52969968235521,0.01017428488631227,8,3,3
2023-09-01,203.9750061035156,208.875,203.75,208.1750030517578,194.7281036376953,8476130,0.019466254333152522,0.019279210271848854,193.3097831726074,188.9776840209961,192.46202014120365,191.76661849386187,0.010821228183518848,9,3,4
2023-09-04,209.0,218.25,208.0,217.0500030517578,203.02981567382807,27634648,0.042632326207924454,0.041748598249999755,193.90025787353517,189.46222442626953,194.08783483853048,192.6009293960816,0.011858585380863151,9,3,0
2023-09-05,217.8999938964844,218.75,215.1499938964844,215.9250030517578,201.9774932861328,17973426,-0.005183092858567329,-0.005196571679182702,194.38433074951172,189.9477001953125,195.3016284458539,193.29548968423353,0.011918163595769004,9,3,1
2023-09-06,216.875,217.7749938964844,212.9499969482422,214.6499938964844,200.78482055664065,13531912,-0.00590497837203352,-0.005922481695331443,194.687166595459,190.40043579101564,196.14519646289804,193.85025493404146,0.011829033895279728,9,3,2
2023-09-07,214.9750061035156,216.8500061035156,213.375,216.4250030517578,202.44520568847656,9322650,0.008269475387794767,0.008235470615331147,195.03911361694335,190.87047760009764,197.11442865144858,194.48691795288852,0.01186143315908533,9,3,3
2023-09-08,216.7250061035156,216.7250061035156,214.6499938964844,215.0,201.1122131347656,5748410,-0.006584460961561067,-0.006606234153755829,195.30453338623047,191.32227813720704,197.72947241811275,194.9776805589535,0.01185154075715142,9,3,4
2023-09-11,216.5,218.75,215.0500030517578,217.4250030517578,203.380599975586,8253314,0.011279209777778965,0.011216073796920339,195.81433029174804,191.74975830078125,198.59887665772402,195.60011903425962,0.01191025249143871,9,3,0
2023-09-12,218.5500030517578,220.75,213.4499969482422,217.5,203.4507598876953,14545328,0.00034496855706867,0.00034490906909658036,196.27852630615234,192.1557244873047,199.34532023156575,196.18164798636596,0.011667549940727577,9,3,1
2023-09-13,217.4750061035156,218.9750061035156,215.75,217.8500061035156,203.7781524658203,7445670,0.0016091981091921337,0.0016079047372566941,196.6772430419922,192.52754821777344,200.02729442145105,196.7443520218811,0.011660664401843771,9,3,2
2023-09-14,219.1999969482422,221.625,217.6499938964844,218.2250061035156,204.12890625,14895010,0.0017212531369794615,0.0017197734784665972,197.11922225952148,192.9255630493164,200.6583116258432,197.29135603877882,0.011419190693567293,9,3,3
2023-09-15,219.8999938964844,221.875,219.125,220.5249938964844,206.28033447265625,19835876,0.010539556901467684,0.010484402965193504,197.805574798584,193.34509185791015,201.52323821766058,197.9572062931401,0.011325301953224755,9,3,4
2023-09-18,220.5249938964844,220.5249938964844,217.6000061035156,218.0500030517578,203.9652099609375,6025196,-0.01122319545213668,-0.01128665073765341,198.30835494995117,193.72159271240236,201.89892617816471,198.40224360186582,0.0109955122008648,9,3,0
2023-09-20,217.125,218.4250030517578,214.5249938964844,215.0500030517578,201.1590118408203,9102700,-0.013758219456419196,-0.013853740906382651,198.61236190795898,194.097158203125,201.78509320318864,198.6064486566032,0.01135168287766629,9,3,2
2023-09-21,214.9499969482422,215.625,211.5249938964844,214.4750061035156,200.62115478515625,8893070,-0.002673790504050033,-0.0026773714664663113,198.9327392578125,194.44232330322265,201.6060257542606,198.7556861476071,0.011179213053868625,9,3,3
2023-09-22,212.1999969482422,213.375,208.3000030517578,209.25,195.7336578369141,19818260,-0.024361822428328406,-0.024663481003736908,199.0683738708496,194.6916088867188,200.7025845362073,198.53183219866685,0.01208944654378074,9,3,4
2023-09-25,209.25,209.875,206.0,207.0500030517578,193.67575073242188,9301132,-0.01051381314401667,-0.010569473758042543,199.1712677001953,194.87681915283207,199.62153318177877,198.1721224604265,0.012237302527769781,9,3,0
2023-09-26,208.3999938964844,208.3999938964844,205.8500061035156,206.4499969482422,193.11453247070312,6480566,-0.0028977208535213572,-0.002901927374775393,199.28468704223633,194.95024902343755,198.6204561493056,197.79748616489144,0.011998180408243145,9,3,1
2023-09-27,206.125,208.2749938964844,205.1499938964844,207.8249969482422,194.4007110595703,7773994,0.006660185395743312,0.006638104349342965,199.46124496459962,194.95399108886718,197.9712645970386,197.54587319412693,0.012024373921249991,9,3,2
2023-09-28,208.25,208.25,202.0,202.6750030517578,189.5833740234375,16876116,-0.024780449669531524,-0.025092653507340065,199.4179832458496,194.84314575195313,196.68081989340766,196.95605844074254,0.012739389078644974,9,3,3
2023-09-29,202.5,204.625,200.75,203.0249938964844,189.91075134277344,12780272,0.0017268250500461768,0.0017253358018703283,199.36302795410157,194.73183258056642,195.63927088561778,196.43418384089298,0.012744983593134536,9,3,4
2023-10-03,203.2250061035156,204.0500030517578,201.8000030517578,202.7250061035156,189.630126953125,5728104,-0.001477664574881965,-0.0014787573978631023,199.10812911987304,194.6177130126953,194.7147872036958,195.93017962698426,0.0125019121058341,10,4,1
2023-10-04,201.3500061035156,202.7250061035156,200.3249969482422,202.4499969482422,189.37289428710932,6905870,-0.0013564968296375657,-0.001357417704331916,198.4252830505371,194.61958374023436,193.89295752422095,195.44445478699353,0.0124224525928466,10,4,2
2023-10-05,203.9750061035156,205.1999969482422,202.5,203.3999938964844,190.2615203857422,8125304,0.004692467219123975,0.00468149191559821,197.83948440551757,194.6453073120117,193.3342748875319,195.0605337202342,0.0123997909359186,10,4,3
2023-10-06,204.0,204.8999938964844,203.4750061035156,203.9250030517578,190.7526092529297,6365004,0.0025811255275993705,0.002577800144030595,197.33787384033204,194.7149951171875,192.93709555913156,194.74142820413758,0.012394234674106745,10,4,4
2023-10-09,202.1000061035156,205.5,201.6999969482422,202.8000030517578,189.7002868652344,6030450,-0.005516686727466746,-0.005531959840912287,196.70062789916992,194.74165405273436,192.43912499083967,194.3680103271818,0.012385003536188599,10,4,0
2023-10-10,203.1999969482422,204.375,203.1000061035156,203.875,190.7058563232422,5128014,0.005300832563960078,0.005286832603528934,196.18031005859376,194.81461608886718,192.17246827274775,194.0967396602233,0.012360869732416858,10,4,1
2023-10-11,204.5,211.9750061035156,204.5,210.5749969482422,196.9730682373047,19092228,0.03286323784121081,0.03233478818902412,195.85993347167968,195.02414733886718,192.9110221134488,194.3098010363034,0.013715930017463417,10,4,2
2023-10-12,210.875,210.9499969482422,207.3500061035156,208.5500030517578,195.0788726806641,10234398,-0.00961652054055706,-0.009663057865966823,195.44133911132812,195.13686401367187,193.2445375853281,194.36676930625606,0.013855483752995938,10,4,3
2023-10-13,205.9499969482422,207.1999969482422,204.5249938964844,205.5249938964844,192.249252319336,10914054,-0.014505006731098224,-0.014611232799120005,194.86489410400392,195.1752151489258,193.09141677517545,194.20991619611382,0.014127378438742212,10,4,4
2023-10-16,205.5,205.9499969482422,204.0749969482422,205.1000061035156,191.85171508789065,5277652,-0.0020678219896793637,-0.0020699628854065027,194.25103454589845,195.2444354248047,192.9006934386701,194.03523463254174,0.014125985075390576,10,4,0
2023-10-17,205.8500061035156,206.9250030517578,205.5249938964844,205.6999969482422,192.41294860839844,5979388,0.0029253505513395783,0.0029210800398836757,193.55766525268558,195.35434539794923,192.82565577247445,193.91506529742003,0.013665050119466294,10,4,1
2023-10-18,204.5,206.8249969482422,203.5,203.7250061035156,190.56553649902344,4881066,-0.009601287869325681,-0.009647677405362569,192.88768157958987,195.34124969482423,192.47794511502045,193.66695205309435,0.011090067630875377,10,4,2
2023-10-19,195.9750061035156,198.375,195.0500030517578,197.6499938964844,184.8829345703125,25629102,-0.029819672712647405,-0.030273320342842747,192.0738777160645,195.19298767089845,191.30948195429613,193.0162840914068,0.012187881873906015,10,4,3
2023-10-20,197.5249938964844,198.0249938964844,195.5,195.9250030517578,183.26937866210932,8429336,-0.008727446434973918,-0.008765753641197062,191.2062889099121,194.96381317138673,190.07254298626736,192.294291096644,0.012222948840511874,10,4,4
2023-10-23,195.4250030517578,196.5,191.1000061035156,191.5749969482422,179.20034790039062,8837826,-0.022202458432626138,-0.02245264308970549,190.37962341308594,194.63969482421874,188.39989758844018,191.324369378403,0.012519628161896675,10,4,0
2023-10-25,192.1999969482422,193.8500061035156,190.5500030517578,190.9250030517578,178.59234619140625,6678294,-0.0033928600926731445,-0.0033986288946654124,189.62545318603514,194.2954653930664,186.89104352735805,190.38125654973658,0.01251030215816896,10,4,2
2023-10-26,189.3999938964844,190.2749938964844,187.5249938964844,189.125,176.9086151123047,10995582,-0.009427789684206433,-0.009472512607538484,188.81515731811524,193.9699444580078,185.35528530965755,189.3832831099268,0.012213071915390157,10,4,3
2023-10-27,189.5249938964844,192.1750030517578,189.5249938964844,191.1750030517578,178.82620239257812,6202812,0.01083942282322492,0.010781097377240654,188.03643188476562,193.6631317138672,184.35081101472224,188.60127713086393,0.012505358822567614,10,4,4
2023-10-30,192.0,192.1750030517578,190.1999969482422,191.0,178.6624755859375,4688744,-0.0009155638516619158,-0.000915983236246935,187.49038696289062,193.32030487060547,183.4756824872169,187.86506960901752,0.012473263263669813,10,4,0
2023-10-31,191.6000061035156,192.0500030517578,189.5749969482422,190.8999938964844,178.56893920898438,6153536,-0.0005235367787576051,-0.000523673871987948,186.92329635620118,192.98589721679687,182.72079890595035,187.1764673571632,0.012442594949347002,10,4,1
2023-11-01,191.9250030517578,192.7749938964844,190.0749969482422,190.4750061035156,178.17140197753906,4241952,-0.0022262395308293437,-0.0022287212860588644,186.35036010742186,192.69825958251954,182.02089168619477,186.50942547719103,0.012129309336279148,11,4,2
2023-11-02,191.8999938964844,192.5749969482422,191.0500030517578,191.8249969482422,179.43421936035156,4742730,0.007087654745915328,0.007062655376111701,185.853426361084,192.4087518310547,181.62294209760353,185.9853361352029,0.012254995785441964,11,4,3
2023-11-03,193.0,193.3500061035156,191.3249969482422,191.7749938964844,179.38743591308594,5291528,-0.0002607275659703978,-0.00026076156131136965,185.30972213745116,192.09492309570314,181.27901806921622,185.49660278541646,0.012138802897157356,11,4,4
2023-11-06,193.0,193.2250061035156,191.5,192.3249969482422,179.90191650390625,4939936,0.002867985643485005,0.0028638808191712964,184.7671875,191.80868927001953,181.06715628993777,185.08218157937867,0.0121976059944988,11,4,0
2023-11-07,192.4499969482422,193.5,191.4250030517578,191.6499938964844,179.2705078125,5692178,-0.003509738549075103,-0.0035159121307544103,184.24569854736328,191.5336801147461,180.79074883187042,184.65168722627655,0.011547870147628,11,4,1
2023-11-08,192.3000030517578,192.9250030517578,190.75,191.1000061035156,178.7560577392578,7102052,-0.0028696860377070976,-0.002873811481059702,183.64820861816406,191.2764437866211,180.47771943300694,184.21497393094185,0.011457138235072288,11,4,2
2023-11-09,191.5,192.0,189.8500061035156,190.4250030517578,178.12464904785156,9231126,-0.0035322366100020153,-0.0035384896869773154,182.7057876586914,191.02201385498046,180.1157086045215,183.76383875441664,0.011458282848564795,11,4,3
2023-11-10,190.1499938964844,190.8999938964844,188.5,189.6499938964844,177.39968872070312,10710700,-0.004069960732687172,-0.004078265564087632,181.82182846069335,190.75261657714844,179.69785939162637,183.29242023340083,0.011325110349497451,11,4,4
2023-11-13,191.3000030517578,191.4499969482422,190.0,190.8249969482422,178.498779296875,3585902,0.006195560905984943,0.00617644732412986,181.13430480957032,190.51361999511718,179.5133855308954,182.9373357195841,0.01066200234420471,11,4,0
2023-11-15,192.7749938964844,196.125,192.125,195.8249969482422,183.17581176757807,10792518,0.02620204176816432,0.025864649163354667,180.70050964355465,190.35693908691405,180.07683572115425,182.95500061202807,0.011826015449815866,11,4,2
2023-11-16,195.8249969482422,199.75,194.6499938964844,198.5500030517578,185.72482299804688,13843576,0.013915654069561967,0.01381972031826313,180.3661033630371,190.1768734741211,180.94575684067618,183.16017264062208,0.012140421195451405,11,4,3
2023-11-17,199.0,199.5,197.25,197.6999969482422,184.92970275878903,7886928,-0.00428117376246584,-0.004290364226887743,180.08431167602538,189.81487121582032,181.55867159730894,183.29124894567147,0.012158249492944235,11,4,4
2023-11-20,196.6000061035156,200.5500030517578,196.6000061035156,200.1000061035156,187.17469787597656,8610496,0.012139721654750968,0.01206662621143208,180.19889984130856,189.5188153076172,182.42267564018087,183.57891182939778,0.01234712638453887,11,4,0
2023-11-21,201.3000030517578,201.3000030517578,200.0249938964844,200.3249969482422,187.3851318359375,5440248,0.0011242649906686442,0.0011236334780647117,180.4046875,189.25082153320312,183.18613043952803,183.86085405210443,0.012337567090127935,11,4,1
2023-11-22,201.25,201.3000030517578,199.5500030517578,200.125,187.1980743408203,5318582,-0.0009982515330029251,-0.0009987501179008727,180.8045738220215,188.94587890625,183.80335257818837,184.10805555497228,0.012301995921144246,11,4,2
2023-11-23,200.25,202.5,200.25,201.25,188.2503967285156,9677360,0.005621438101865106,0.005605696783709624,181.28747634887696,188.688642578125,184.48751321670025,184.4148956419014,0.012307229826574692,11,4,3
2023-11-24,201.25,201.75,197.7749938964844,198.0,185.2103271484375,6250566,-0.016149073961646554,-0.016280891335356568,181.7025619506836,188.32523712158203,184.59871536004445,184.4738164942374,0.010919958461508601,11,4,4
2023-11-28,198.5,199.375,196.5500030517578,198.4250030517578,185.60787963867188,8145314,0.0021464920253380093,0.002144191602635085,182.0416458129883,187.96837951660157,184.75397140291022,184.5578211716029,0.010847715307907624,11,4,1
2023-11-29,199.0,204.2749938964844,199.0,203.125,190.00428771972656,15544086,0.02368653792938802,0.023410364451130695,182.60873641967774,187.69290222167967,185.56171237472813,184.9612631381306,0.011502328020086227,11,4,2
2023-11-30,203.4750061035156,207.25,202.0249938964844,206.5249938964844,193.1846618652344,19825958,0.016738433556821475,0.016599889843585496,183.33952255249022,187.47401733398436,186.73447383480604,185.57040378458274,0.011909470491626491,11,4,3
2023-12-01,206.875,206.875,203.25,203.8249969482422,190.65907287597656,9830426,-0.01307344467657423,-0.013159654350371421,183.96390609741212,187.16159210205078,187.33825830267844,185.9473422357971,0.012143730262586963,12,4,4
2023-12-04,206.3500061035156,206.5,203.375,203.7250061035156,190.56553649902344,10662472,-0.0004905949428064549,-0.0004907153238792489,184.5204719543457,186.8935986328125,187.83476264057765,186.28943069973977,0.01201462589309429,12,4,0
2023-12-05,203.6999969482422,204.5,201.0500030517578,202.1750030517578,189.1156616210937,11165368,-0.007608274321612041,-0.007637364887290979,185.0068832397461,186.65273162841797,188.0318240221955,186.49878113835857,0.010724307040494931,12,4,1
2023-12-06,203.375,210.1999969482422,202.9750061035156,209.375,195.8505859375,22082070,0.03561272640602442,0.03499325774019354,185.80431671142577,186.55732025146483,189.2347104707039,187.19150741977646,0.012303666052696519,12,4,2
2023-12-07,210.0,210.75,208.3249969482422,209.125,195.61672973632807,11250552,-0.001194054130869704,-0.0011947675814924174,186.6216278076172,186.55498168945311,190.21655958849223,187.81559796174326,0.011428408755170729,12,4,3
2023-12-08,209.3999938964844,212.25,207.5,211.3000030517578,197.6512451171875,15479122,0.010400518317639662,0.010346805036633135,187.56638717651367,186.63449157714842,191.36035736213768,188.5441644177021,0.01144028253982874,12,4,4
2023-12-11,210.0,211.1000061035156,208.625,210.3000030517578,196.7158203125,10084242,-0.004732703829580687,-0.004743938533382504,188.4959457397461,186.70651733398438,192.1842747391165,189.14947226176122,0.011289180808703335,12,4,0
2023-12-12,210.3500061035156,213.9499969482422,210.0749969482422,211.1000061035156,197.4641571044922,11903364,0.003804151546140888,0.003796934060130653,189.49916915893556,186.76778625488282,192.99656433378968,189.76537484270423,0.011206482509168739,12,4,1
2023-12-13,211.7749938964844,212.1499938964844,207.5,209.8249969482422,196.27149963378903,9696816,-0.006039868137041382,-0.0060581819197220955,190.38780517578124,186.90154876708985,193.5004005337896,190.2473100124142,0.01131261005315193,12,4,2
2023-12-14,211.75,218.0,211.625,217.1999969482422,203.1701202392578,24681376,0.035148356324481655,0.03454475588915952,191.38752059936525,187.16673614501954,194.98804971924625,191.2045552144026,0.012697725584943361,12,4,3
2023-12-15,218.0249938964844,224.75,216.75,223.2749938964844,208.8527069091797,41567234,0.027969598399754547,0.02758559305457278,192.54391479492188,187.55118774414063,197.12107390231293,192.51182571031202,0.013336046896964328,12,4,4
2023-12-18,223.0,226.75,221.0,222.625,208.2447052001953,20182072,-0.00291115072426984,-0.0029153963653423217,193.70966491699218,187.92862396240236,198.8324017942948,193.67722419104413,0.01341698573390432,12,4,0
2023-12-19,222.8000030517578,223.6750030517578,217.5,219.3500061035156,205.18125915527344,16064694,-0.014710799210845948,-0.014820076041435596,194.60999298095703,188.22701873779297,199.8091490805992,194.5293749291352,0.013866499573723342,12,4,1
2023-12-20,221.0,224.75,214.6750030517578,215.9750061035156,202.02426147460932,26449942,-0.015386384183728063,-0.015505982974177664,195.34194946289062,188.45245178222652,200.14993560275462,195.08455171028143,0.01433675721102279,12,4,2
2023-12-21,214.4499969482422,218.25,213.6000061035156,217.0,202.9830474853516,10663008,0.004745895387731736,0.004734669131296471,196.13119812011718,188.71810699462887,200.585798969308,195.66962547139772,0.014267267595066897,12,4,3
2023-12-22,217.6499938964844,233.1499938964844,217.0,231.3249969482422,216.3827209472656,46080814,0.06601375645855856,0.0639262304057518,197.53781433105468,189.23164428710933,203.01609465822457,197.20392883998053,0.018108335174876942,12,4,4
2023-12-26,227.0,237.8999938964844,224.1750030517578,235.0500030517578,219.8671264648437,54628644,0.016102974869362408,0.01597469723827617,199.270654296875,189.68952545166013,205.60856109001213,198.88268421960004,0.018086456467551835,12,4,1
2023-12-27,234.25,237.6999969482422,232.0500030517578,235.4750061035156,220.26466369628903,25262992,0.001808079442512378,0.0018064468345042504,201.00349349975585,190.19324127197262,207.86334610636243,200.46653455120662,0.01799177667816718,12,4,2
2023-12-28,236.2749938964844,238.6999969482422,233.8249969482422,234.7250061035156,219.5631256103516,16839956,-0.0031849778996088096,-0.003190060737071994,202.4814353942871,190.73951873779293,209.66331218389922,201.88109685188402,0.018094531409233457,12,4,3
2023-12-29,235.4750061035156,237.6750030517578,233.0500030517578,235.6499938964844,220.4283599853516,15961140,0.003940708953722449,0.003932964698762833,203.84362030029297,191.31105163574216,211.31947338412266,203.25496819510386,0.017736250845943522,12,4,4
2024-01-01,236.5,241.75,234.1499938964844,238.5749969482422,223.1644287109375,20347278,0.012412507745227286,0.01233610416133702,205.46888809204103,191.92608123779294,213.14177420363265,204.72974304812857,0.017716219507819105,1,1,0
2024-01-02,239.0,239.0,232.1499938964844,234.6000061035156,219.44618225097656,14282514,-0.0166614656351759,-0.016801829145802038,206.91292037963868,192.503694152832,214.11168313399324,205.81984965574694,0.018110715802854924,1,1,1
2024-01-03,231.9499969482422,231.9499969482422,227.5,227.9499969482422,213.2257537841797,19534364,-0.028346031828809348,-0.02875553772855654,208.11842498779296,193.07055053710934,213.975386310945,206.36843514674194,0.019108768810321343,1,1,2
2024-01-04,228.5,229.9250030517578,225.6999969482422,226.1999969482422,211.5887756347656,15170336,-0.007677206530459668,-0.007706827984588154,208.90533447265625,193.63693847656248,213.60821543768662,206.75512703474368,0.0192299838301315,1,1,3
2024-01-05,227.5249938964844,231.5,226.75,228.3000030517578,213.5531463623047,16889130,0.009283908003371089,0.0092410774155417,209.8021553039551,194.32399444580074,213.59974327224324,207.25868402197042,0.019225162296380927,1,1,4
2024-01-08,228.75,230.0,224.5249938964844,225.1750030517578,210.62998962402344,10082886,-0.013688193258094006,-0.013782740352779467,210.4510925292969,194.9647473144531,213.14285809559405,207.50841036286323,0.01951007288542011,1,1,0
2024-01-09,229.0,231.25,224.9750061035156,225.375,210.81707763671875,14465048,0.0008882306504847115,0.0008878364070759291,211.15615539550782,195.64291656494137,212.78504571730554,207.75349682759327,0.019150028575230415,1,1,1
2024-01-10,225.7250061035156,228.0,224.5,226.8000030517578,212.1500244140625,8874676,0.0063227647033448076,0.006302859884860949,211.89044876098632,196.30939300537105,212.68735013219123,208.0791655377021,0.01914750993779348,1,1,2
2024-01-11,227.4750061035156,228.4499969482422,223.3500061035156,224.1000061035156,209.6244354248047,8638818,-0.011904731079966813,-0.011976159850538013,212.5580955505371,196.9286322021484,212.21613248490098,208.19362997378377,0.01902888745893239,1,1,3
2024-01-12,227.5,234.5,227.5,232.7250061035156,217.6923065185547,36086734,0.03848726450902751,0.03776510090691099,213.28420486450196,197.7110995483398,213.05862079777077,208.8972356437668,0.019944750074224322,1,1,4
2024-01-15,255.9750061035156,264.5,244.5749969482422,247.3000030517578,231.32583618164065,127844264,0.06262752175821129,0.06074463509286999,214.407861328125,198.77418823242184,215.86896162605845,210.5586134613871,0.02233271470563831,1,1,0
2024-01-16,247.5,247.5,240.25,242.5,226.8358917236328,25912492,-0.019409610842094915,-0.019600450794162918,215.33742065429686,199.72222167968746,217.55618164106988,211.764337777109,0.022804923405510234,1,1,1
2024-01-17,237.5749969482422,245.75,236.0,241.1999969482422,225.619857788086,28668932,-0.005360853286076939,-0.005375274222159902,216.3593505859375,200.64687011718746,218.79674720214928,212.79067259273694,0.02276209056894862,1,1,2
2024-01-18,241.1999969482422,244.5,234.1999969482422,241.3249969482422,225.73678588867188,26144924,0.0005182527005034299,0.0005181184539530626,217.54497680664062,201.56356750488277,219.8644454616143,213.74964394799136,0.02208725263515091,1,1,3
2024-01-19,244.0,246.6750030517578,241.8000030517578,242.5249938964844,226.85926818847656,15498620,0.004972527164262219,0.004960204982436614,218.73878784179686,202.51534271240232,220.94057203497772,214.72072722506434,0.022056528936744892,1,1,4
2024-01-23,239.0249938964844,243.0,233.5249938964844,234.9499969482422,219.7735595703125,19972336,-0.03123393932610763,-0.03173211969185946,218.90832977294923,203.3356927490234,220.76103165579846,215.09501110249013,0.023006187722281118,1,1,1
2024-01-24,235.5,239.5,234.0249938964844,239.0249938964844,224.0621795654297,11708750,0.019513812323475266,0.019325859075443437,219.11808242797852,204.25444335937496,221.2689005649725,215.7592458034486,0.023121941751973574,1,1,2
2024-01-25,239.0249938964844,239.6750030517578,234.2749938964844,235.0,220.2891540527344,12852980,-0.01683918955003072,-0.016982580709037805,219.1193069458008,205.11223266601561,221.1181703323205,216.09479456265495,0.02345131725100757,1,1,3
2024-01-29,235.0,238.5,235.0,236.5,221.6952362060547,10051300,0.006382893244865295,0.0063626088514333115,219.22591247558594,205.97616180419922,221.20694969751037,216.50964209179568,0.02337907333309804,1,1,0
2024-01-30,237.1999969482422,241.4499969482422,235.75,236.25,221.4608917236328,11828014,-0.0010570569148543596,-0.0010576159935350288,219.2775390625,206.7418634033203,221.24601770152918,216.87640132378363,0.022656523562000097,1,1,1
2024-01-31,236.25,239.9499969482422,234.5,239.0749969482422,224.1090545654297,10584480,0.011957699714772119,0.011886771290865699,219.32477035522462,207.50954803466797,221.68648491136003,217.41215341575742,0.02223565054383659,1,1,2
2024-02-01,238.7749938964844,238.8500061035156,235.3000030517578,235.6750030517578,220.92190551757807,7828120,-0.014221420254669437,-0.014323513750615247,219.3985565185547,208.2293920898437,221.56885731231665,217.67213505292932,0.022427144612986276,2,1,3
2024-02-02,237.5,243.25,237.5,241.5749969482422,226.4525604248047,16296222,0.025034434200942313,0.02472620636847696,220.05989685058594,209.01494934082027,222.32019625269942,218.3225369323275,0.022566622434092173,2,1,4
2024-02-05,241.5,244.75,239.5749969482422,241.1750030517578,226.07760620117188,11566604,-0.0016557738315231552,-0.0016571461400446276,220.78433837890626,209.78879882812495,222.89825932169518,218.89698650779744,0.02230738952266909,2,1,0
2024-02-06,242.3500061035156,250.8999938964844,241.5500030517578,249.8249969482422,234.1861114501953,29024038,0.035866025765542764,0.03523781671577103,221.81598663330078,210.72855957031246,224.63485195684905,220.0295142813084,0.02305469190853987,2,1,1
2024-02-07,250.4750061035156,250.8500061035156,246.2749938964844,247.6000061035156,232.10040283203125,9103534,-0.008906201163033645,-0.008946098438038091,222.88950729370117,211.60555969238277,225.78339824533862,220.92365417395453,0.02008783256532372,2,1,2
2024-02-08,247.9499969482422,250.0500030517578,242.5500030517578,244.4250030517578,229.1241607666016,11303840,-0.012823080137364218,-0.012906005497918295,223.80486145019532,212.48383636474605,226.29736171014832,221.5310991067432,0.020108199606526288,2,1,3
2024-02-09,245.4499969482422,247.375,241.375,245.2250061035156,229.8740692138672,7893788,0.003272934834792407,0.0032675904416347014,224.69106369018556,213.36916015624996,226.84762440302816,222.14909689245607,0.020110580518750656,2,1,4
2024-02-12,245.5,255.3999938964844,245.5,250.7250061035156,235.02978515625,48873500,0.022428436404395402,0.02218061763892909,225.96133117675782,214.26967010498043,228.1064183650623,223.10322194903338,0.020440674190333775,2,1,0
2024-02-13,251.5500030517578,256.5,245.8500061035156,255.8000030517578,239.78707885742188,22373576,0.02024123750106477,0.02003910668670949,227.06606979370116,215.2017184448242,229.90344305619453,224.3390632015066,0.020696145999594136,2,1,1
2024-02-14,251.9750061035156,258.5,248.5249938964844,257.25,241.1463165283203,22594656,0.005668519243718917,0.005652513645386342,227.55709381103514,216.21146331787105,231.63311589806005,225.58404492941872,0.02062705317516143,2,1,2
2024-02-15,258.4750061035156,261.42498779296875,256.5249938964844,259.25,243.0211181640625,14570776,0.007774539801117086,0.0077444737989005585,228.36635513305663,217.26057495117183,233.3851162466758,226.8756799838368,0.020312554578343738,2,1,3
2024-02-16,261.25,272.5,260.4750061035156,271.5,254.50425720214844,34942644,0.047251609756538526,0.046169217971100615,229.81057510375976,218.56834686279294,236.63421485521008,228.9222412592673,0.020893174136730832,2,1,4
2024-02-19,272.95001220703125,272.95001220703125,265.67498779296875,267.9750061035156,251.1999664306641,18602758,-0.012983243611755402,-0.013068262602344578,231.08373413085937,219.67533447265626,238.87509971297223,230.57244312381522,0.02103600393586799,2,1,0
2024-02-20,267.8999938964844,269.07501220703125,263.125,265.9750061035156,249.32516479492188,10374126,-0.0074633833052668574,-0.007491373706139019,232.20702896118163,220.74950317382812,240.48280203327215,231.96153361797127,0.0211662092384953,2,1,1
2024-02-21,267.95001220703125,268.1499938964844,259.75,260.70001220703125,244.38037109375,13115574,-0.019832710048498847,-0.020032017853650826,233.4373695373535,221.68408569335938,241.08242804257642,232.881447505066,0.02138576514869636,2,1,2
2024-02-22,261.3999938964844,266.5,260.7250061035156,265.5249938964844,248.9033050537109,14596482,0.01850776287685485,0.01833857852789594,234.67942581176757,222.72783538818356,242.28563989044326,234.0682517679286,0.02150533314901006,2,1,3
2024-02-23,267.5,270.625,266.6499938964844,268.07501220703125,251.293701171875,19860994,0.0096037138504379,0.00955789133453348,236.22965316772462,223.8044262695312,243.67149547220197,235.3442109830357,0.021516574326238984,2,1,4
2024-02-26,268.125,268.25,263.0249938964844,266.45001220703125,249.7704162597656,8820636,-0.006061771166590235,-0.0060802182873581825,237.63341217041017,224.8744046020508,244.609790977981,236.412818781312,0.02137601812521683,2,1,0
2024-02-27,267.0,268.70001220703125,263.7749938964844,265.7250061035156,249.09078979492188,10399260,-0.002721004653076675,-0.002724713315290154,239.0149070739746,225.79281799316405,245.29917541135652,237.3519277452831,0.020528643758990564,2,1,1
2024-02-28,265.0,265.4750061035156,257.5,258.8500061035156,242.6461639404297,12789056,-0.02587259793827823,-0.026213180955447647,239.9417625427246,226.46868713378908,244.8910198004447,237.74409338936803,0.018137076062470323,2,1,2
2024-02-29,258.6499938964844,262.125,256.6000061035156,259.29998779296875,243.0679626464844,14462764,0.0017383283510645775,0.0017368192070086697,241.04906539916993,227.16515228271484,244.6105494690662,238.13845407508035,0.017691748874103623,2,1,3
2024-03-01,261.20001220703125,262.6000061035156,258.7749938964844,259.54998779296875,243.3023223876953,9420630,0.0009641737177505938,0.000963709200830952,241.89155349731445,227.9275735473633,244.40928376423992,238.52096283897777,0.01763296436963997,3,1,4
2024-03-04,261.4750061035156,263.20001220703125,259.2749938964844,260.25,243.95851135253903,5662370,0.0026970106918999814,0.002693380284597123,242.7855987548828,228.76625854492187,244.3399341624398,238.92374421035265,0.01762829312692824,3,1,0
2024-03-05,258.875,260.25,255.3249969482422,256.6499938964844,240.58387756347656,10521548,-0.013832818417988557,-0.01392938339537696,243.10548706054686,229.51827514648437,243.76207930106082,239.04671705132478,0.01787874514654711,3,1,1
2024-03-06,256.8500061035156,257.42498779296875,250.0,256.57501220703125,240.5135803222656,11091922,-0.00029219431461036116,-0.00029223701168653763,243.5261459350586,230.00089233398438,243.2623102274,239.15537358991298,0.016745222078795096,3,1,2
2024-03-07,256.875,260.20001220703125,255.25,257.75,241.6150054931641,9707982,0.004579471851122507,0.0045690179732478554,244.15068817138672,230.43584991455077,243.00887872982526,239.33756854570936,0.01646139407067004,3,1,3
2024-03-11,258.70001220703125,259.4750061035156,256.1499938964844,257.2749938964844,241.16973876953125,11131512,-0.0018428769468352701,-0.001844577133700414,244.71547164916993,230.85395141601563,242.72593412054925,239.47328485858506,0.01607236018879331,3,1,0
2024-03-12,256.375,261.25,253.875,255.4250030517578,239.43556213378903,11652760,-0.007190689199192746,-0.00721666681097039,244.93576049804688,231.25140014648437,242.21972304566307,239.47049058267424,0.016168883339026656,3,1,1
2024-03-13,256.8999938964844,259.3500061035156,248.3999938964844,252.1999969482422,236.4124298095703,13580480,-0.012626079005463198,-0.012706465300240574,244.76702804565429,231.57108154296876,241.32629331703345,239.24396756244434,0.01639778249171485,3,1,2
2024-03-14,250.5749969482422,259.45001220703125,247.5749969482422,258.9750061035156,242.76333618164065,12825472,0.026863673695947332,0.026509179872434313,244.8478790283203,231.9630596923828,241.54737683466533,239.50466153423667,0.0169178227355806,3,1,3
2024-03-15,257.375,259.125,253.1999969482422,258.5,242.3180694580078,13649086,-0.0018341596825793838,-0.0018358438130745534,244.81272659301757,232.42049743652345,241.66594493056417,239.7130621211827,0.016636751826746902,3,1,4
2024-03-18,259.0,259.2749938964844,254.5,255.1000061035156,239.1309051513672,6393960,-0.01315281321681605,-0.0132400774896517,244.0440589904785,232.93860046386717,241.2759388106877,239.66993938267785,0.016368741786604742,3,1,0
2024-03-19,254.5,254.5,246.5749969482422,247.4250030517578,231.9363555908203,9617386,-0.030086238982756308,-0.03054811760488615,243.08087844848632,233.34555206298828,239.83907985378505,239.09708132402176,0.01737641840513561,3,1,1
2024-03-20,248.0249938964844,250.625,244.6000061035156,246.75,231.30360412597656,8385344,-0.002728125408506643,-0.002731853524684982,242.17980041503907,233.70056121826173,238.5259297418145,238.51978671675914,0.016086726919095743,3,1,2
2024-03-21,249.8249969482422,252.6499938964844,249.2250061035156,250.2250061035156,234.5610809326172,11644580,0.014083121700371182,0.01398487587278391,241.68883590698243,234.1791830444336,237.91595300193802,238.22654925126716,0.016209158709580812,3,1,3
2024-03-22,244.625,245.375,239.7749938964844,243.5500030517578,228.30392456054688,28646502,-0.026676021218830503,-0.027038283275367957,240.65886688232422,234.52891998291017,236.43717939557015,237.49154001491752,0.01678811643348155,3,1,4
2024-03-26,243.0,245.4750061035156,239.5249938964844,239.9250030517578,224.9058532714844,18273346,-0.014883981059910734,-0.01499585902026319,239.3394744873047,234.78403656005858,234.6631292226339,236.5592669228114,0.0169926909084903,3,1,1
2024-03-27,239.8500061035156,240.4750061035156,235.625,236.1499938964844,221.3671417236328,14320668,-0.015734190535183656,-0.015859286838911593,237.91931076049804,235.01889068603515,232.61759268432604,235.43392431546482,0.016634819967693112,3,1,2
2024-03-28,238.3500061035156,241.5249938964844,237.6499938964844,240.0500030517578,225.0230255126953,15455150,0.016515024590355365,0.016380134685693108,236.7159225463867,235.16550506591796,231.44919773484438,234.6627466263708,0.016477260679143034,3,1,3
2024-04-01,241.8500061035156,243.1999969482422,240.7749938964844,242.4750061035156,227.2962188720703,6041008,0.01010204779797852,0.010051363172972482,235.94842529296875,235.08491271972656,230.8102779098022,234.11707790383002,0.016567910333773445,4,2,0
2024-04-02,240.9750061035156,241.3500061035156,239.8000030517578,240.6000061035156,225.53860473632807,6932654,-0.007732702921606882,-0.007762755293130098,235.07195739746095,235.05896697998048,229.99925126772928,233.48163544697803,0.016499436231278274,4,2,1
2024-04-03,240.0,243.8500061035156,237.9750061035156,241.6000061035156,226.4759979248047,13794516,0.004156242739784988,0.0041476294207110805,234.23064117431642,235.07608978271483,229.4572122918947,232.96269933422445,0.013663957073389134,4,2,2
2024-04-04,242.8999938964844,245.9750061035156,239.8000030517578,243.6999969482422,228.4445343017578,16004046,0.008692030921558125,0.008654472702008188,233.45494232177734,235.13024475097657,229.30141567802747,232.62802044293062,0.013734033057252393,4,2,3
2024-04-05,243.25,243.5749969482422,241.2749938964844,242.5249938964844,227.34307861328125,6414344,-0.004821545377932446,-0.004833206526117682,232.79290237426758,235.13992095947265,229.0001330526819,232.236543270364,0.013713337292835493,4,2,4
2024-04-08,245.0,245.8000030517578,239.1000061035156,239.9499969482422,224.9292755126953,26640770,-0.01061744705539025,-0.010674214319540085,232.01368713378906,235.24303527832032,228.37384727729935,231.69526417720337,0.01342297472923083,4,2,0
2024-04-09,241.9750061035156,242.625,237.6000061035156,237.8999938964844,223.0076141357422,15801250,-0.008543402687680168,-0.00858010675368255,231.08331756591798,235.22194396972657,227.54827294782902,231.05173454450255,0.012847285457944566,4,2,1
2024-04-10,238.75,239.7250061035156,236.5500030517578,238.6499938964844,223.7106475830078,10771534,0.003152508715857927,0.003147549979163314,230.2103630065918,235.29037384033202,226.95786904554882,230.50795032513258,0.012671881264950429,4,2,2
2024-04-12,237.5,240.0,235.0,235.375,220.64068603515625,13170046,-0.01372291207870402,-0.013817941626301315,229.27061920166017,235.26928283691407,225.98599473625768,229.77704185920842,0.012795826964084352,4,2,4
2024-04-15,233.2250061035156,234.1750030517578,229.1000061035156,229.6750030517578,215.2974853515625,12176472,-0.024216751586524587,-0.02451479877637248,228.21487197875976,235.14601470947267,224.34160867707382,228.7044821179013,0.013310587918031198,4,2,0
2024-04-16,226.5249938964844,229.25,222.3999938964844,224.1750030517578,210.14178466796875,21439424,-0.02394686902717391,-0.024238256578552105,226.58379440307618,234.86666931152342,222.15702036798075,227.32946749198038,0.013209530928540143,4,2,1
2024-04-18,226.25,227.7250061035156,221.4250030517578,222.1750030517578,208.2669982910156,21986258,-0.008921530669949274,-0.008961565819115025,224.88124084472656,234.6135711669922,220.0200938946015,225.91743273635336,0.01317375256062834,4,2,3
2024-04-19,220.0,226.9499969482422,218.5,226.375,212.20407104492188,20470106,0.018903968397359527,0.01872750877642384,223.5348991394043,234.32860137939454,218.81762884080462,224.9016281666177,0.013846319863886528,4,2,4
2024-04-22,226.375,233.0749969482422,225.0,231.0,216.5395355224609,18881740,0.020430637622504744,0.02022473194503021,222.76505813598632,234.13783996582032,218.4671529456748,224.28221389668016,0.014524138500612961,4,2,0
2024-04-23,233.3999938964844,233.3999938964844,230.1000061035156,231.0500030517578,216.5864105224609,10322712,0.00021647317145534473,0.00021644974451917256,222.02919845581056,233.7858459472656,218.17780795748806,223.71215438747873,0.014417739558909331,4,2,1
2024-04-24,231.9499969482422,232.3249969482422,229.3000030517578,229.9499969482422,215.5552673339844,5915168,-0.0047608859022555405,-0.004772255018605919,221.07890777587892,233.4549432373047,217.7743401692567,223.10794053166435,0.014407649142552275,4,2,2
2024-04-25,229.4499969482422,231.2749938964844,227.8999938964844,230.5,216.07086181640625,11805090,0.0023919363641575764,0.0023890802379139624,220.46725463867188,233.19387725830077,217.51226657651048,222.58667544164524,0.014370601927114281,4,2,3
2024-04-26,230.9499969482422,237.8999938964844,230.8000030517578,232.3000030517578,217.75816345214844,21478294,0.007809019788961091,0.007778687203433765,220.10987014770507,232.95155914306642,217.55009686507017,222.2290078868677,0.014518984926481597,4,2,4
2024-04-29,233.8249969482422,234.0,230.8000030517578,231.4750061035156,216.9848175048828,7249940,-0.003551398188732291,-0.003557719373747368,219.89075393676757,232.59065979003907,217.46313080965672,221.840549340054,0.014500513470191876,4,2,0
2024-04-30,231.5,233.375,230.75,231.1999969482422,216.7270355224609,8902956,-0.0011880185230752627,-0.0011887247764976923,219.47595443725587,232.12945892333985,217.34988538085736,221.46177053875078,0.014393411709965716,4,2,1
2024-05-02,231.1999969482422,231.5,227.7250061035156,228.6999969482422,214.383529663086,14937276,-0.010813168065190615,-0.01087205525646602,218.83031997680663,231.59420318603514,216.8935229627387,220.93745639981265,0.013320187500646745,5,2,3
2024-05-03,230.1999969482422,231.0,226.6000061035156,228.6750030517578,214.360092163086,9730626,-0.00010932509618077901,-0.00010933107260469254,218.27139434814453,231.0209826660156,216.50376437817675,220.4502442341292,0.013333794065106703,5,2,4
2024-05-06,229.3999938964844,231.3000030517578,228.0,229.3249969482422,214.96939086914065,6918126,0.0028424073711961206,0.002838375369950559,217.69606399536133,230.23028533935548,216.2677069152481,220.0442550959819,0.013274510431744527,5,2,0
2024-05-07,230.8999938964844,232.6750030517578,227.0,231.9499969482422,217.43006896972656,9278528,0.011446644057729216,0.011381626909335626,217.14534072875978,229.5548873901367,216.44653184670634,219.85061167922225,0.0125475715718548,5,2,1
2024-05-08,232.5,233.1999969482422,230.6499938964844,231.6000061035156,217.1019897460937,8205680,-0.0015088953666226868,-0.0015100348956673766,216.6332862854004,228.91042388916014,216.54737152353516,219.64701005454606,0.012547355038739983,5,2,2
2024-05-09,230.875,232.1999969482422,227.0249938964844,227.9499969482422,213.68048095703125,9233484,-0.015759914467223357,-0.015885422327869523,216.0708465576172,228.29642608642578,216.10631143638074,219.20504493621164,0.012407763917553879,5,2,3
2024-05-10,228.0249938964844,228.75,225.1499938964844,225.9250030517578,211.78224182128903,6654714,-0.008883540168200588,-0.008923234067586026,215.50957794189452,227.55400482177734,215.44106995713585,218.6552076684396,0.0116399186383145,5,2,4
2024-05-13,225.9250030517578,226.625,222.5,225.9750061035156,211.8291015625,7111608,0.00022126378872933117,0.00022123931350748337,214.91550064086914,226.76471282958985,214.88538251180728,218.14957017911075,0.011407233118590118,5,2,0
2024-05-14,226.3500061035156,229.9499969482422,226.1000061035156,228.1750030517578,213.89138793945312,4909420,0.009735614048028474,0.009688528316595753,214.578035736084,226.04713226318358,214.73246026990662,217.83414927246943,0.011291773055901056,5,2,1
2024-05-15,228.1750030517578,229.875,227.3249969482422,229.1499938964844,214.8053436279297,4793424,0.00427298965742029,0.0042638863600979356,214.55342864990234,225.36142333984375,214.74367309421788,217.60979329879981,0.010846303564978567,5,2,2
2024-05-16,231.0,233.75,228.0500030517578,232.2250061035156,217.6878662109375,14621472,0.013419231264566234,0.013329990852738203,214.93073272705078,224.8622573852539,215.1966258814055,217.61557647747668,0.010984589467516126,5,2,3
2024-05-17,232.1999969482422,232.1999969482422,230.0249938964844,230.5,216.07086181640625,6876820,-0.007428086933262468,-0.007455812555220635,215.3209259033203,224.32231536865234,215.33112371755948,217.50115316924925,0.010978654123409464,5,2,4
2024-05-21,231.5,232.3999938964844,229.8500061035156,230.4499969482422,216.0239715576172,8467448,-0.00021701333717505378,-0.0002170368879765967,215.51192092895508,223.7767483520508,215.43771569295296,217.39173230912837,0.010931678512064055,5,2,1
2024-05-22,231.4499969482422,231.7250061035156,229.4250030517578,230.6499938964844,216.21144104003903,7765884,0.0008678179605259295,0.0008674416242314824,215.495516204834,223.22180694580078,215.55675036173542,217.30430332623285,0.010771908609027549,5,2,2
2024-05-23,231.25,234.0,230.875,232.8999938964844,218.3206024169922,13171332,0.009755086811352287,0.009707813142533432,215.58222579956055,222.7765414428711,215.98195837023644,217.37958474036316,0.010956991264116766,5,2,3
2024-05-24,233.5,235.25,231.0,231.8249969482422,217.3128967285156,8205526,-0.0046157150416425985,-0.004626400347210882,215.67010726928712,222.3125277709961,216.186718117664,217.3746448876337,0.010834940152487258,5,2,4
2024-05-27,231.0,231.0749969482422,225.8000030517578,226.2250061035156,212.0634613037109,40983758,-0.024156115462225403,-0.024452659730142885,215.46973724365233,221.72149688720702,215.55237091551734,216.9812238814172,0.011556199171733554,5,2,0
2024-05-28,227.0,228.625,226.5500030517578,228.0249938964844,213.7507781982422,15778126,0.007956660162755425,0.00792517285454563,215.26936798095704,221.17311767578124,215.2752028051673,216.74193160858943,0.011657331081867341,5,2,1
2024-05-29,227.0,227.75,224.75,225.3999938964844,211.29010009765625,9756036,-0.011511902418917974,-0.011578677333100659,214.9846321105957,220.61020843505858,214.66211008093484,216.3380922374092,0.011583827470781797,5,2,2
2024-05-30,224.5,224.75,217.5500030517578,218.4750061035156,204.7985992431641,20724568,-0.03072316616581583,-0.031205017661697844,214.38821029663086,219.97793182373047,213.14464687512395,215.48331497857623,0.012076615677541425,5,2,3
2024-05-31,218.7749938964844,221.0749969482422,217.75,219.1000061035156,205.38449096679688,21438004,0.002860818998752679,0.002856734643959803,213.9382583618164,219.23035491943358,211.95077673538134,214.73525394066667,0.011334635177133467,5,2,4
2024-06-03,225.1000061035156,225.2749938964844,220.7749938964844,222.0500030517578,208.1498107910156,8964424,0.013464112169335074,0.013374276484589259,213.62774429321288,218.54698974609374,211.36601274394047,214.2474433369888,0.011510259758664139,6,2,0
2024-06-04,222.9499969482422,222.9499969482422,208.5,219.0749969482422,205.3610382080078,17730732,-0.013397910727902307,-0.013488472536152608,213.14732666015624,217.87159240722656,210.44217050764314,213.58919110521242,0.011191753207331536,6,2,1
2024-06-05,219.8500061035156,227.5,219.5249938964844,225.75,211.61819458007807,12267428,0.030469053071948693,0.030014089914369928,212.85673294067382,217.46522918701172,210.62309728801773,213.44319136260987,0.011977997390673194,6,2,2
2024-06-06,227.4750061035156,231.0,226.3000030517578,230.5,216.07086181640625,15425568,0.021041041604025423,0.020822735832051974,212.80517654418946,217.16057434082032,211.4612149077698,213.63783361844665,0.01261899674100842,6,2,3
2024-06-07,235.0,243.1999969482422,234.1499938964844,242.2749938964844,227.10873413085932,72672440,0.05108450173088053,0.04982248992910476,213.47658920288086,217.01152740478517,213.86852555747586,214.6356781008476,0.01564829210251591,6,2,4
2024-06-10,244.1999969482422,244.1999969482422,236.6750030517578,237.625,222.7498321533203,18311752,-0.019193017803654455,-0.019379594946710328,214.02496871948242,216.90044555664062,215.234880418375,215.2367265491789,0.016112301163259457,6,2,0
2024-06-11,239.6000061035156,239.6000061035156,237.1750030517578,238.0249938964844,223.12478637695312,9371714,0.0016832974463241168,0.0016818822890422398,214.5897529602051,216.86482421875,216.44871210431012,215.8210272771622,0.016063607706790328,6,2,1
2024-06-12,239.0,242.1999969482422,237.7749938964844,238.4499969482422,223.523178100586,13875116,0.0017855108349988935,0.0017839187054226305,215.07134246826172,216.90794494628906,217.5370914883526,216.3915569677862,0.01604174157876731,6,2,2
2024-06-13,240.0,242.6750030517578,239.0749969482422,241.3000030517578,226.1947784423828,12995932,0.01195222958307518,0.011881365781838082,215.64081420898438,216.9313800048828,218.86904332743416,217.11772152146,0.016155725363633335,6,2,3
2024-06-14,242.5,242.8000030517578,238.1000061035156,238.75,223.8043975830078,11322596,-0.010567798584191879,-0.01062403431042161,215.9466407775879,216.86154357910155,219.6283285975224,217.61303085935245,0.01614931070069753,6,2,4
2024-06-18,240.5,246.5,240.0249938964844,245.9250030517578,230.5302581787109,31870984,0.030052405888085776,0.029609680450222293,216.66961059570312,216.9613766479492,221.30554853308988,218.56986251263825,0.016960340609937515,6,2,1
2024-06-19,246.125,248.5749969482422,243.375,247.875,232.35818481445312,20880284,0.00792922651535477,0.007897955393891095,217.48632125854493,217.07902038574218,223.00595411483806,219.5912197201801,0.01698861455658595,6,2,2
2024-06-20,248.75,248.75,244.125,245.1999969482422,229.85061645507807,12571126,-0.010791822811739737,-0.010850476902948877,218.16828002929688,217.1071420288086,224.0589790902596,220.35117503387625,0.01708028894215637,6,2,3
2024-06-21,248.9750061035156,250.4750061035156,244.5500030517578,245.2749938964844,229.9209442138672,95171176,0.0003059715909130567,0.00030592479115185535,218.74829711914063,217.1586993408203,224.96081987850692,221.06004682498667,0.01707066865445107,6,2,4
2024-06-24,245.0500030517578,247.4499969482422,244.7250061035156,245.2749938964844,229.9209442138672,9934518,0.0,0.0,219.3786994934082,217.25853271484374,225.72391593010082,221.7164095945334,0.01674292229289861,6,2,0
2024-06-25,245.2749938964844,249.0,244.6499938964844,248.4250030517578,232.87374877929688,9258210,0.012842695020785388,0.012760926950524661,220.4192138671875,217.45585540771484,226.82389021459252,222.54287916377513,0.016699841194424598,6,2,1
2024-06-26,248.4250030517578,249.9499969482422,246.8999938964844,247.6000061035156,232.10040283203125,12812090,-0.003320880740398713,-0.0033264071031643746,221.33669509887696,217.62365051269532,227.63566138650617,223.25084387994224,0.016734867895984006,6,2,2
2024-06-27,246.0749969482422,255.9750061035156,244.6000061035156,255.3999938964844,239.412109375,42137138,0.03150234318317913,0.031016325153520128,222.74279556274413,217.9990789794922,229.44742261550522,224.44797465735394,0.017483765524134675,6,2,3
2024-06-28,256.0,258.1499938964844,252.9250030517578,257.42498779296875,241.31033325195312,16405832,0.007928687825810243,0.00789742094199278,224.5683822631836,218.5193359375,231.27248579034335,225.69703825695387,0.017499110336265267,6,2,4
2024-07-01,258.95001220703125,267.8999938964844,257.04998779296875,263.67498779296875,247.16909790039065,30757528,0.024278962982991592,0.023988914304499172,226.6576126098633,219.25988220214845,233.71811842265834,227.28756119350473,0.017809550702575762,7,3,0
2024-07-02,264.6499938964844,272.5,264.1499938964844,269.1000061035156,252.25450134277344,36276968,0.020574592396789937,0.020365794566925145,228.86284713745118,220.1396322631836,236.5698696411376,229.1369641675246,0.017902131025626662,7,3,1
2024-07-03,270.95001220703125,272.7250061035156,267.75,269.5,252.62945556640625,16049384,0.0014864124193498807,0.0014853088018947859,231.22626800537108,220.9481399536133,239.040575168102,230.8771487155899,0.017886631976024386,7,3,2
2024-07-04,270.70001220703125,274.3999938964844,264.54998779296875,265.3500061035156,248.73927307128903,19524632,-0.015398768470585744,-0.015518560867214105,233.08232192993165,221.59213470458985,240.5326825378231,232.20026903823427,0.018270712434186646,7,3,3
2024-07-05,265.67498779296875,268.25,264.7250061035156,267.54998779296875,250.8015289306641,10376090,0.008290833344937854,0.008256653177589657,234.81885528564453,222.2764370727539,242.11250505979862,233.57814014137722,0.018259088644841766,7,3,4
2024-07-08,267.9750061035156,271.5,267.5,270.6000061035156,253.6606292724609,12176360,0.011399852122062848,0.011335363452604646,236.1464500427246,223.03854431152342,243.88913955405437,235.0657319288649,0.018208550559029597,7,3,0
2024-07-09,272.0,272.4750061035156,268.79998779296875,270.5,253.56689453125,8681444,-0.0003695281426989716,-0.00036959643504757623,237.6873031616211,223.7884649658203,245.3780249351614,236.43618841793045,0.017379433049451276,7,3,1
2024-07-10,270.5,271.67498779296875,265.875,267.7749938964844,251.012451171875,9233748,-0.010074041266692979,-0.010125127808625725,239.0816864013672,224.45355072021485,246.24485974080966,237.51591158488932,0.017623798765111772,7,3,2
2024-07-11,268.3500061035156,269.7749938964844,265.0,267.04998779296875,250.33282470703125,8807618,-0.0027075408477581497,-0.002711212866069987,240.42216873168945,225.12051086425782,246.8737774279207,238.46531255689985,0.017402321090450413,7,3,3
2024-07-12,272.5,282.3999938964844,270.7749938964844,280.07501220703125,262.5425109863281,54186042,0.04877381259763314,0.04762168423651029,242.23955535888672,226.03682037353516,249.28435182152185,240.24880873685748,0.017697139653687927,7,3,4
2024-07-15,283.45001220703125,283.45001220703125,278.07501220703125,279.8500061035156,262.3315734863281,16099478,-0.0008034413139705876,-0.0008037642459259207,244.16591415405273,226.99578125,251.2916166930305,241.88456908867013,0.017749703775615664,7,3,0
2024-07-16,280.92498779296875,281.29998779296875,278.20001220703125,279.8500061035156,262.3315734863281,11239032,0.0,0.0,245.7559799194336,227.95521087646483,252.99007158430706,243.39916200701518,0.01778587441535644,7,3,1
2024-07-18,278.2749938964844,287.20001220703125,278.17498779296875,286.6000061035156,268.6590270996094,25019786,0.024120061223248168,0.023833767032718237,247.5710220336914,229.0290036010742,255.4006801251228,245.27026312498512,0.017554801455206475,7,3,3
2024-07-19,289.95001220703125,289.95001220703125,277.3500061035156,278.6000061035156,261.1598205566406,26523490,-0.027913473163097224,-0.02831045910415821,249.13648223876953,229.9035986328125,256.2867017299717,246.44726737918182,0.018328106531458912,7,3,4
2024-07-22,260.5,263.375,250.7749938964844,252.8999938964844,237.068603515625,76014568,-0.092247027087349,-0.09678299365846267,249.4938652038574,230.30293090820314,253.33007123545684,245.75255153743686,0.025603866222028662,7,3,0
2024-07-23,254.0,254.0,243.1750030517578,250.2749938964844,234.60794067382807,25847632,-0.010379539109381719,-0.010433782197414561,249.72821502685548,230.72148010253906,250.44974345674473,244.92702480679918,0.024071583307954388,7,3,1
2024-07-24,251.25,253.1750030517578,249.9250030517578,250.0500030517578,234.39703369140625,12240276,-0.000898976316897282,-0.0008993806384416101,249.80437927246095,231.1737759399414,247.98009580053883,244.14702546491822,0.023762400452700016,7,3,2
2024-07-25,248.0,253.75,246.6499938964844,253.4250030517578,237.56076049804688,21887890,0.013497298821647297,0.013407021708188718,250.07739715576173,231.68840911865234,246.37712113861699,243.65915398589073,0.023855007097496734,7,3,3
2024-07-26,255.0,264.2749938964844,254.25,262.3999938964844,245.9739227294922,26153996,0.035414780680980806,0.034802100717924146,250.40548782348634,232.33005981445314,246.31509061413627,243.83061833726862,0.024604713534089356,7,3,4
2024-07-29,264.0,265.2749938964844,261.42498779296875,262.20001220703125,245.78646850585932,12011554,-0.0007620898246153418,-0.0007623803626858492,250.62929458618163,232.94968231201173,246.2337641359398,243.9754961275346,0.02456349877951704,7,3,0
2024-07-30,262.20001220703125,263.4750061035156,259.875,260.75,244.42721557617188,10816526,-0.005530218721764291,-0.005545566993675042,250.4922004699707,233.4844692993164,245.95583358828318,244.00895682743365,0.02448412986379134,7,3,1
2024-07-31,260.8999938964844,262.45001220703125,259.7250061035156,261.0,244.6615753173828,7758508,0.0009588119745933543,0.0009583526079993872,250.11255416870117,234.05628356933593,245.7567169312216,244.05729893780025,0.023955987746337167,7,3,2
2024-08-01,261.5,263.3999938964844,258.75,260.7749938964844,244.4506378173828,10759752,-0.0008621603115501753,-0.000862532185510258,249.70361328125,234.62481689453125,245.55578168293871,244.08643515110265,0.023938140479265086,8,3,3
2024-08-02,257.5,259.625,250.5,251.0749969482422,235.3578643798828,15652228,-0.03719676708020192,-0.03790621524774209,249.0345428466797,235.00774536132812,243.98687132862244,243.43987435323453,0.024890320012283567,8,3,4
2024-08-05,245.0,247.9250030517578,240.125,242.5,227.3196563720703,21938080,-0.034153131143467186,-0.034749978187827865,247.86044921875,235.18772644042969,241.4226844122298,242.24578413240755,0.025709705286505995,8,3,0
2024-08-06,244.875,249.6750030517578,243.3000030517578,244.75,229.4288024902344,11271584,0.009278327056380542,0.009235547789658854,246.64885787963868,235.43004455566407,239.5774718088459,241.29637808483915,0.025766093063565088,8,3,1
2024-08-07,249.3500061035156,250.0500030517578,246.3249969482422,248.6999969482422,233.13153076171875,7079826,0.0161388990017588,0.016010051428013147,245.6270896911621,235.85140594482422,238.58578857082634,240.69157457942282,0.025828561751304248,8,3,2
2024-08-08,247.0,247.0,243.1750030517578,243.6499938964844,228.3976593017578,13160570,-0.020305582194282357,-0.020514574508631103,244.49635009765626,236.14434356689452,237.01838406789273,239.78091418848467,0.02609695508121604,8,3,3
2024-08-09,247.6750030517578,248.2250061035156,244.8249969482422,245.6499938964844,230.27247619628903,6065948,0.008208564397125473,0.008175057370568693,243.49333267211915,236.52399108886718,235.980552087646,239.07658544832205,0.025459991513407627,8,3,4
2024-08-12,245.7749938964844,247.0,243.6999969482422,244.5249938964844,229.21788024902344,7338468,-0.004579774207867704,-0.004590293503384965,241.8271011352539,237.01237670898436,234.94014103555023,238.34631098911473,0.025411526864061562,8,3,0
2024-08-13,244.5249938964844,246.3500061035156,243.5749969482422,245.25,229.89749145507807,6289418,0.0029649135805474014,0.0029605268929048956,240.20539703369136,237.50263671875,234.1643487924007,237.720472505112,0.024963052297353853,8,3,1
2024-08-14,246.5,248.4250030517578,245.2250061035156,247.5749969482422,232.07696533203125,11121756,0.009480198601379941,0.009435543522785481,238.69266662597653,237.9811798095703,233.84321287542076,237.30243493673566,0.02469627294869952,8,3,2
2024-08-16,250.5,258.7250061035156,248.9750061035156,258.125,241.966537475586,25931140,0.04261332928671213,0.04173037793033354,237.3580421447754,238.71328979492188,235.09295512160003,237.64792401368754,0.026029117396859317,8,3,4
2024-08-19,258.0,261.6000061035156,256.8500061035156,259.875,243.60699462890625,11466562,0.006779686027807763,0.006756807305314805,236.48040084838868,239.35306579589843,236.4028073534933,238.08933665185188,0.025923784061323972,8,3,0
2024-08-20,259.95001220703125,263.79998779296875,259.82501220703125,262.32501220703125,245.9036407470703,9543812,0.009427669027576968,0.009383505909126053,236.92215270996093,239.9497213745117,237.86447402942824,238.66817399223842,0.025937695996009515,8,3,1
2024-08-21,261.70001220703125,264.04998779296875,260.5249938964844,263.17498779296875,246.7003936767578,6454402,0.003240102209413953,0.003234864389249066,237.52677536010742,240.34155456542967,239.22384628286358,239.26315322812877,0.025853158955277747,8,3,2
2024-08-22,263.8999938964844,265.2749938964844,259.0249938964844,259.5,243.2554626464844,11496506,-0.013964027292097336,-0.01406244156843277,237.96969680786134,240.75166717529297,239.84409495418984,239.55887985171069,0.025967934691837526,8,3,3
2024-08-23,259.95001220703125,260.7250061035156,255.6750030517578,256.20001220703125,240.1620483398437,11277706,-0.012716731098188161,-0.012798280824730073,238.09976119995113,241.09241241455078,239.89301085967503,239.6035589989798,0.026004061434127982,8,3,4
2024-08-26,258.0,262.3999938964844,257.9750061035156,260.0,243.7241668701172,17351380,0.014832145856921164,0.014723225278059889,237.98727340698238,241.4964321899414,240.4824194766661,239.90878921165663,0.026164225282753292,8,3,0
2024-08-27,260.0,261.625,258.0,258.57501220703125,242.3883819580078,7965796,-0.005480724087657762,-0.005495798359767467,237.81736907958984,241.82030426025392,240.77564447379558,240.09246274842337,0.02445649470477236,8,3,1
2024-08-28,260.0,269.04998779296875,258.92498779296875,267.29998779296875,250.5671844482422,34375566,0.033742551619702965,0.03318576212516598,238.12436752319337,242.3555599975586,242.28203523909505,240.86836805952106,0.0253300720151697,8,3,2
2024-08-29,267.5,270.9750061035156,267.0249938964844,269.3500061035156,252.48887634277344,25685318,0.007669367793563531,0.0076401077014341835,238.5157325744629,242.79473236083984,243.8523184858148,241.7291464508731,0.02538135257232574,8,3,3
2024-08-30,270.8500061035156,271.0,267.8500061035156,269.20001220703125,252.3482818603516,19434804,-0.000556834362203662,-0.0005569894520326971,238.91061477661134,243.1945343017578,245.15938977420507,242.51574907379742,0.024936694883947085,8,3,4
2024-09-02,269.20001220703125,271.0,265.92498779296875,266.2250061035156,249.5594787597656,15735982,-0.01105140514540659,-0.011112925601480255,239.62069549560547,243.58871154785157,245.8363265412144,243.0375068283136,0.024513708154269922,9,3,0
2024-09-03,266.5,270.42498779296875,264.75,268.0249938964844,251.24679565429688,15056686,0.006761181354107304,0.00673842707375284,240.8170524597168,244.01522857666015,246.66870640476554,243.64560229690497,0.017495509890215775,9,3,1
2024-09-04,264.0,264.125,258.375,259.57501220703125,243.3257751464844,20402128,-0.031526851863660776,-0.032034521727140594,241.51190109252929,244.2833251953125,246.1544092881069,243.6219113968738,0.018416827032652926,9,3,2
2024-09-05,260.6000061035156,263.0,259.75,262.42498779296875,245.99734497070312,12069118,0.010979395103582368,0.010919559122022119,242.15519180297852,244.54579711914062,246.13024554696787,243.79786943937967,0.01849365186851667,9,3,3
2024-09-06,262.42498779296875,264.95001220703125,259.2250061035156,260.29998779296875,244.00537109375,14579954,-0.008097542179531847,-0.008130505341870563,242.93557739257812,244.783896484375,245.80334178493436,243.813239932296,0.01844191549409544,9,3,4
2024-09-09,258.54998779296875,260.875,256.7250061035156,257.42498779296875,241.31033325195312,11919540,-0.011044993926635382,-0.011106442758971427,243.48747024536132,244.82186096191407,245.11210970293726,243.62783943745578,0.017377216400628524,9,3,0
2024-09-10,258.3999938964844,264.0,257.0,262.875,246.4192047119141,10287272,0.021171374599308068,0.020950374851798893,244.34753646850587,244.92403839111327,245.31320124277985,243.83460723556382,0.017821186127217083,9,3,1
2024-09-11,262.5,263.125,256.625,257.17498779296875,241.0760040283203,8261524,-0.021683377680893234,-0.021921916638764898,244.906462097168,244.80217651367187,244.6613247482476,243.63026625724947,0.018240600199425853,9,3,2
2024-09-12,260.2250061035156,266.0,258.875,265.0249938964844,248.43460083007807,15779474,0.030523970361203245,0.030067381981488204,245.7243438720703,244.72577850341796,245.24182876083688,243.98614289227382,0.01908981389037144,9,3,3
2024-09-13,266.8999938964844,276.25,265.42498779296875,275.29998779296875,258.0663757324219,35919706,0.03876986084129097,0.038037186948218185,246.52933578491212,244.8345169067383,247.21483598723458,245.02912310265515,0.020311203648822294,9,3,4
2024-09-16,276.5,278.42498779296875,274.5,275.95001220703125,258.6757202148437,11088578,0.00236119285471581,0.0023584096191768262,247.28277206420898,245.0332458496094,248.97804894532828,246.03998214800242,0.018914323585041394,9,3,0
2024-09-17,274.5,277.45001220703125,273.5249938964844,275.95001220703125,258.6757202148437,8728238,0.0,0.0,247.92137603759767,245.19072967529297,250.46999837140757,246.9759627455462,0.017560034229092827,9,3,1
2024-09-18,274.5249938964844,274.5249938964844,266.32501220703125,269.07501220703125,252.2310791015625,16665520,-0.02491397765483583,-0.025229583829832813,248.1979103088379,245.162138671875,250.7409338683545,247.36523062376963,0.018329588443213203,9,3,2
2024-09-19,272.1000061035156,275.7250061035156,264.57501220703125,266.67498779296875,249.9813232421875,20969182,-0.008919423678432237,-0.008959439863055484,248.534203338623,245.09042724609375,250.62407069509806,247.55901526217096,0.018296435888740744,9,3,3
2024-09-20,268.95001220703125,270.375,265.5,269.54998779296875,252.67633056640625,16664232,0.010780834701029862,0.010723135826852146,249.15991744995117,245.12370483398436,250.93980298299164,247.93807565507726,0.01783540380703359,9,3,4
2024-09-23,269.54998779296875,270.20001220703125,266.0,267.45001220703125,250.7078094482422,8544290,-0.007790682703644469,-0.007821188616691689,249.50909957885742,245.13120452880858,250.90411166995327,248.14324112123762,0.01792950338899456,9,3,0
2024-09-24,266.1000061035156,270.95001220703125,264.67498779296875,269.7749938964844,252.88723754882807,12355694,0.008693100168608137,0.008655532734654936,250.03404235839844,244.9380990600586,251.20920795901094,248.49464826402212,0.017899946081021963,9,3,1
2024-09-25,269.3999938964844,269.70001220703125,265.375,268.1000061035156,251.317138671875,8065196,-0.006208691637314856,-0.006228045713819251,250.07154006958007,244.71781036376953,251.22581268406697,248.70372162756678,0.017986398286448633,9,3,2
2024-09-26,269.3500061035156,271.54998779296875,267.8500061035156,270.95001220703125,253.9887084960937,11403400,0.010630273121590594,0.010574169019323443,250.1465316772461,244.55095306396484,251.65087357822492,249.09520213634653,0.01800162100796747,9,3,3
2024-09-27,274.45001220703125,279.45001220703125,270.3500061035156,270.8999938964844,253.9418029785156,26462384,-0.0001846756017456208,-0.0001846926563843103,250.2262077331543,244.25660858154296,252.00332425519272,249.45420960613683,0.016391638255731793,9,3,4
2024-09-30,269.0,272.25,267.0,270.7250061035156,253.77780151367188,8199446,-0.0006458230307894164,-0.0006460316643146918,250.4371238708496,244.1089682006836,252.27632075649723,249.77447567336165,0.016368973366984233,9,3,0
2024-10-01,270.1000061035156,274.79998779296875,270.1000061035156,273.375,256.26190185546875,9411274,0.009788485545151326,0.009740888669359637,250.6878791809082,244.49283416748048,252.88948707941594,250.25502576092512,0.01637513566907418,10,4,1
2024-10-03,270.04998779296875,271.20001220703125,263.125,265.07501220703125,248.48147583007807,14035368,-0.030361227982218075,-0.030831676824469675,250.9456642150879,244.77030487060546,252.21133150259473,250.1236516919735,0.01737123662104088,10,4,3
2024-10-04,264.0249938964844,270.9750061035156,264.0249938964844,266.7749938964844,250.07505798339844,11922754,0.006413283517400448,0.006392805920454325,251.14954986572266,245.0838653564453,251.882674038103,250.12005215800497,0.01718823904946457,10,4,4
2024-10-07,269.0,270.8500061035156,262.9750061035156,265.7250061035156,249.09078979492188,9878074,-0.0039358910737187225,-0.00394365707711746,251.40382080078126,245.3144659423828,251.4531533853059,250.04381050148027,0.017019404053334353,10,4,0
2024-10-08,265.7749938964844,266.8999938964844,260.1499938964844,263.4750061035156,246.9816436767578,11502804,-0.008467378982179752,-0.008503430889956289,251.6873863220215,245.33462036132812,250.76522881476006,249.8169833292786,0.016914586838908487,10,4,1
2024-10-09,264.8999938964844,269.3500061035156,264.25,265.57501220703125,248.9501953125,8841688,0.00797043701886846,0.007938840864795118,251.81393585205075,245.39789489746093,250.48599289133546,249.75277680951723,0.016926652586165825,10,4,2
2024-10-10,267.5,268.79998779296875,261.7250061035156,262.5,246.0676727294922,12620244,-0.01157871187604198,-0.011646267135276254,252.06351928710933,245.43070404052733,249.80625132797496,249.4798061369228,0.01589744687021842,10,4,3
2024-10-11,260.17498779296875,267.20001220703125,260.17498779296875,264.1499938964844,247.6143798828125,8436982,0.006285698304712373,0.006266025697468905,252.0225082397461,245.48976013183594,249.46904033641152,249.34162641439613,0.015874974128737965,10,4,4
2024-10-14,269.3500061035156,275.92498779296875,268.1499938964844,274.7749938964844,257.5742492675781,33136266,0.04022330766686211,0.03943540901491966,251.9979019165039,245.75223236083986,250.715995556591,249.95145032944666,0.017531901174499598,10,4,0
2024-10-15,276.42498779296875,276.42498779296875,265.42498779296875,266.4750061035156,249.7938232421875,21601252,-0.03020653674625684,-0.030672154637021224,251.5538070678711,246.04095153808595,250.5741228928366,249.93977424890895,0.018311086426011047,10,4,1
2024-10-16,266.5,269.3999938964844,264.5,266.07501220703125,249.4188995361328,12553622,-0.001500932653931919,-0.0015020601817178159,251.09096603393556,246.4829364013672,250.39639622257448,249.90119093685144,0.018270979262228218,10,4,2
2024-10-17,267.4750061035156,269.0,262.5249938964844,264.375,247.8252868652344,23755278,-0.006389301988992013,-0.0064098009415941406,250.87067642211915,246.85086608886718,250.00084093682986,249.7474202648798,0.017331452307289844,10,4,3
2024-10-18,266.0,279.20001220703125,262.3999938964844,274.32501220703125,257.1524658203125,74653054,0.03763610676318985,0.036945151760051406,251.2292335510254,247.33128479003906,251.1010909189041,250.2959421578748,0.01851650549873606,10,4,4
2024-10-21,275.79998779296875,280.95001220703125,273.5,274.04998779296875,256.8946228027344,23966964,-0.0010026853787133971,-0.0010031884039765687,251.4401481628418,247.90122406005858,251.99240351641646,250.7847333167533,0.018432914983347634,10,4,0
2024-10-22,274.8999938964844,277.75,271.92498779296875,272.7250061035156,255.6526031494141,18478300,-0.004834743677270437,-0.004846468857910536,251.6873878479004,248.40882659912108,252.55551115226223,251.14531626732077,0.018317260932307195,10,4,1
2024-10-23,273.75,277.25,271.1000061035156,273.6000061035156,256.4728088378906,12698576,0.0032082821703058872,0.0032031466143404726,251.8666664123535,248.95392517089843,253.15817233466657,251.53994534662223,0.01796207130265958,10,4,2
2024-10-24,273.6000061035156,275.25,272.57501220703125,273.45001220703125,256.33221435546875,9576604,-0.0005481847493264969,-0.0005483350575198103,252.1174201965332,249.48261962890626,253.64648649171306,251.8949282361664,0.01742843328682648,10,4,3
2024-10-25,274.875,276.0,270.25,271.7250061035156,254.71519470214844,10124540,-0.006308296666442059,-0.006328278046497742,252.15374450683595,249.9353842163086,253.81090313947234,252.10383686327617,0.016643504060902297,10,4,4
2024-10-28,271.7250061035156,279.8999938964844,271.3500061035156,279.29998779296875,261.81597900390625,11185858,0.02787734869944103,0.027495849311240526,252.54745330810547,250.332373046875,255.04245327246215,252.82325479961915,0.01589220439627664,10,4,0
2024-10-29,279.8999938964844,281.70001220703125,276.625,281.1000061035156,263.5032958984375,12055630,0.006444667361215961,0.006423989287173628,253.03372802734376,250.73029907226564,256.3441213687661,253.61436895508717,0.015925241067609123,10,4,1
2024-10-30,281.25,289.375,280.54998779296875,282.625,264.9328308105469,20755492,0.005425112073969451,0.005410449161517907,253.46727447509767,251.11088287353516,257.6654612828862,254.4527735369731,0.015947352824586723,10,4,2
2024-10-31,282.3999938964844,283.1499938964844,274.1499938964844,275.8999938964844,258.6288146972656,15680094,-0.02379477127841978,-0.02408243934431506,253.97464141845703,251.34945129394532,257.81366950048306,254.76210991921698,0.015886026254260065,10,4,3
2024-11-01,275.8500061035156,277.45001220703125,275.0,275.67498779296875,258.4179077148437,1962810,-0.0008154813788587845,-0.0008158140646767734,254.39178390502929,251.6527001953125,257.90662922576934,255.0329097559301,0.015780852480884882,11,4,4
2024-11-04,275.5,276.2250061035156,267.1000061035156,270.3999938964844,253.4731292724609,9855560,-0.019134813396288308,-0.01932025332142864,254.61090087890625,251.91892181396486,257.2245523098757,254.9173704608583,0.016098303486146284,11,4,0
2024-11-05,271.5,272.67498779296875,270.20001220703125,271.8500061035156,254.83236694335932,6862260,0.005362452717571298,0.00534812596287118,255.00343704223633,252.14108581542968,256.8565237919501,254.91107390400654,0.016051384006856885,11,4,1
2024-11-06,273.7250061035156,282.92498779296875,270.5,281.95001220703125,264.30010986328125,19554884,0.037152827301668134,0.036479292835967805,255.77093276977538,252.57932037353515,258.0016908798472,255.60655804913802,0.017331953757157393,11,4,2
2024-11-07,283.0,284.8500061035156,277.2250061035156,281.70001220703125,264.0657653808594,11997142,-0.0008866605562256602,-0.0008870538722056737,256.67083740234375,252.8492919921875,258.93462541846446,256.2331659996359,0.017276242650387665,11,4,3
2024-11-08,282.5,289.3999938964844,282.5,284.5,266.6904602050781,20852658,0.009939549795230596,0.009890477374093841,257.62464141845703,253.1333236694336,260.1278307702512,257.0077803852242,0.017264516828714063,11,4,4
2024-11-11,284.5,291.6000061035156,283.0249938964844,286.75,268.7996520996094,16139444,0.00790876393894746,0.007877653587391852,258.18591156005857,253.46235107421876,261.461957128614,257.8812523640675,0.017296108732052767,11,4,0
2024-11-12,287.5,289.8500061035156,284.5249938964844,285.32501220703125,267.4638671875,11260890,-0.004969444348887686,-0.004981833097964219,259.06941375732424,253.82043884277343,262.3853279069042,258.59107568432177,0.017337231865590868,11,4,1
2024-11-13,285.0,286.79998779296875,282.7749938964844,284.5,266.6904602050781,11391200,-0.0028916316456296665,-0.0028958204894277083,259.9329917907715,254.12931213378906,263.0476559527771,259.19103009326665,0.01729271044593649,11,4,2
2024-11-14,284.4750061035156,287.2749938964844,282.1000061035156,283.3500061035156,265.61248779296875,9783520,-0.004042035891649198,-0.004050226998673835,260.8223518371582,254.57504638671875,263.44224546665276,259.6666936265779,0.01625863177912197,11,4,3
2024-11-18,283.3500061035156,283.3500061035156,270.1499938964844,276.42498779296875,259.1209716796875,15289764,-0.024439800128452704,-0.024743409012151912,260.92077713012696,254.83751892089845,262.77743411481197,259.6262697786601,0.01695377668114123,11,4,0
2024-11-19,278.0,284.8999938964844,277.3500061035156,281.0,263.4095764160156,12919778,0.016550589126492987,0.01641512080311234,261.246524810791,255.22560302734374,262.8746867765356,259.90651471476053,0.017146149860104515,11,4,1
2024-11-21,281.0,283.79998779296875,277.6499938964844,278.57501220703125,261.1363830566406,11672608,-0.008629881230228453,-0.008667334287890877,261.52071380615234,255.6221240234375,262.6072554350133,259.9976160734183,0.017149597914083638,11,4,3
2024-11-22,280.9750061035156,286.79998779296875,278.95001220703125,285.82501220703125,267.9325561523437,14733232,0.026025378065487548,0.02569248139928934,262.093701171875,256.0523910522461,263.4265324684487,260.585389412598,0.01767508052617978,11,4,4
2024-11-25,287.75,293.7749938964844,286.95001220703125,291.2250061035156,272.9945068359375,23297474,0.018892630131575494,0.01871638081027419,262.92681579589845,256.6907611083984,264.89852852498547,261.5045832958083,0.01770756227818436,11,4,0
2024-11-26,292.5,295.17498779296875,289.6499938964844,294.5,276.0644836425781,15771340,0.011245562565423972,0.011182801312134786,263.9942802429199,257.24335876464846,266.61636777384587,262.58309443260606,0.01775641603688755,11,4,1
2024-11-27,295.75,298.0,290.95001220703125,291.45001220703125,273.2054138183594,13659676,-0.010356528976470547,-0.010410530995246737,264.5637519836426,257.5461395263672,267.63006716530947,263.36993290562486,0.016536476718369417,11,4,2
2024-11-28,292.875,293.0,285.2749938964844,286.1000061035156,268.1903381347656,11896556,-0.01835642864283804,-0.018526998472389592,264.798104095459,257.73643188476564,267.71626269907193,263.7269999596353,0.01586617989604685,11,4,3
2024-11-29,287.5,290.375,285.79998779296875,288.92498779296875,270.8384704589844,8540112,0.009874078024720179,0.009825647857517094,265.09338607788084,257.97968688964846,268.1966023544431,264.25377555217966,0.015903336243281878,11,4,4
2024-12-02,291.2250061035156,292.7749938964844,289.1000061035156,292.2749938964844,273.9787902832031,11194000,0.011594807114723826,0.011528102461948398,265.8608848571777,258.4146411132813,269.08616972809847,264.97414701373697,0.0158811561590495,12,4,0
2024-12-03,295.3500061035156,296.20001220703125,289.29998779296875,291.6499938964844,273.39288330078125,15445286,-0.002138512188539221,-0.002140802070939554,266.6096336364746,258.88287231445315,269.7487410469727,265.5977571090736,0.014533661324739898,12,4,1
2024-12-04,294.6499938964844,297.0,291.79998779296875,294.0,275.59576416015625,14036431,0.008057564749962554,0.008025275905451195,267.71576538085935,259.3412609863281,270.64828306438557,266.33835022396863,0.014560107240938347,12,4,2
2024-12-05,295.0,300.8999938964844,293.8999938964844,299.29998779296875,280.56396484375,13487264,0.01802713005671075,0.017866568123620207,269.0023452758789,259.9383840942383,272.1737725689032,267.39209945506354,0.014762716076349842,12,4,3
2024-12-06,299.1499938964844,299.1499938964844,296.20001220703125,297.3500061035156,278.7360534667969,7894350,-0.006515132397601819,-0.006536448507977443,269.72414245605466,260.45536041259766,273.18335424550224,268.23239234482156,0.014869090619499422,12,4,4
2024-12-09,295.0,305.70001220703125,293.75,303.75,284.7354431152344,9285213,0.021523550950154124,0.021295190271791907,270.75762634277345,261.12372650146483,274.9605986869995,269.4548405500373,0.015234913016037646,12,4,0
2024-12-10,306.0,311.0,303.45001220703125,308.1000061035156,288.8131103515625,17028502,0.014320897994696935,0.014219322554121703,271.86375885009767,261.8202145385742,277.0917543277015,270.8887864612614,0.015236861245740094,12,4,1
2024-12-11,308.1499938964844,309.8999938964844,305.54998779296875,309.0,289.6568298339844,8608406,0.002921333735143916,0.002917074931988706,272.90661773681643,262.5345150756836,279.0248428671296,272.27901189627795,0.014572487595527334,12,4,2
2024-12-12,308.0,313.79998779296875,307.45001220703125,309.1000061035156,289.75054931640625,12958440,0.0003235535045922333,0.00032350117244492847,274.02095184326174,263.2539700317383,280.67495155163374,273.57319985332447,0.014572348498700805,12,4,3
2024-12-13,309.1000061035156,311.04998779296875,304.20001220703125,309.95001220703125,290.5473327636719,7382211,0.002749894518389917,0.0027461204756884937,275.2137954711914,263.93967864990236,282.1937794304089,274.83054303186873,0.014566905855278508,12,4,4
2024-12-16,310.0,311.3999938964844,307.1000061035156,309.20001220703125,289.84429931640625,7221189,-0.0024196864606479407,-0.00242261863284509,276.4253860473633,264.7669351196289,283.3707824897931,275.94267312701965,0.01369872172305688,12,4,0
2024-12-17,311.0,312.25,307.29998779296875,308.8500061035156,289.51617431640625,10568517,-0.0011320733261750426,-0.001132714605211909,277.94514617919924,265.5557574462891,284.3162273861951,276.9481176595668,0.013702597710664137,12,4,1
2024-12-18,309.0,313.25,308.54998779296875,312.6000061035156,293.0314636230469,10965226,0.012141944452467301,0.01206882234624232,279.4262405395508,266.43457092285155,285.6570329610954,278.13947661982456,0.013065768991904918,12,4,2
2024-12-19,306.3500061035156,313.3999938964844,301.1499938964844,312.75,293.1720275878906,12405595,0.0004796889832436868,0.0004795739692625207,281.0280227661133,267.3583786010742,286.8131859806024,279.2529989137554,0.013090556668206391,12,4,3
2024-12-20,315.5,320.0,304.3999938964844,305.20001220703125,286.0946960449219,22214824,-0.024140541651256342,-0.024436700531193768,281.9361297607422,268.10126861572263,286.70264906742074,279.7597912938418,0.012636639626898656,12,4,4
2024-12-23,306.6000061035156,310.6499938964844,305.0,307.8999938964844,288.6256408691406,6693583,0.008846528297124845,0.008807627024796988,282.71768646240236,268.95242797851563,286.998493959993,280.41652089201204,0.01266570946137009,12,4,0
2024-12-24,307.5,309.20001220703125,302.79998779296875,305.29998779296875,286.1884155273437,8837902,-0.008444244019546243,-0.008480098634164868,283.2238830566406,269.7239086914062,286.8738665088162,280.84406864277736,0.012765037521103037,12,4,1
2024-12-26,305.3999938964844,306.95001220703125,304.0,305.04998779296875,285.9540405273437,6516148,-0.0008189534840818968,-0.0008192890096855237,283.86131439208987,270.29150451660155,286.7323548193589,281.2225850786712,0.012735372760106476,12,4,3
2024-12-27,305.20001220703125,310.8999938964844,304.70001220703125,309.1000061035156,289.75054931640625,8063921,0.013276639777711097,0.01318927759711087,284.9393249511719,271.09063903808595,287.1966924342892,281.8542861333182,0.012819418844858958,12,4,4
2024-12-30,309.1000061035156,309.3999938964844,302.6499938964844,303.70001220703125,284.6885681152344,13709891,-0.01747013495958627,-0.01762453871300137,285.6318298339844,271.796032409668,286.8108271544346,282.0642329467935,0.013307703878871048,12,4,0
2024-12-31,300.95001220703125,303.0,295.25,301.8500061035156,282.9543762207031,9337030,-0.006091540331290335,-0.006110169454995518,286.0806091308594,272.49861419677734,286.2175270107836,282.1301694856016,0.013346402387804698,12,4,1
2025-01-01,300.0,303.3500061035156,298.95001220703125,300.29998779296875,281.5014038085937,7878201,-0.005135005973458173,-0.005148235424939961,286.48603515625,272.985592956543,285.4919695950621,282.08359425026765,0.012453359845147179,1,1,2
2025-01-02,298.0,304.45001220703125,297.1499938964844,303.79998779296875,284.78228759765625,8800435,0.011654946457366089,0.011587550725865195,286.945361328125,273.5433462524414,285.38278774930734,282.28349746118533,0.012298617951985679,1,1,3
2025-01-03,303.29998779296875,303.79998779296875,294.0,294.45001220703125,276.01763916015625,12535720,-0.03077666280243807,-0.0312602115042729,286.7180450439453,273.9506469726563,283.9419956586687,281.8193598092572,0.013596872131730928,1,1,4
2025-01-06,295.0,297.79998779296875,290.54998779296875,294.29998779296875,275.8769836425781,9173687,-0.0005095888726752706,-0.0005097187572118652,286.57509155273436,274.33873046875,282.70122457927016,281.3791837969106,0.012816649155502645,1,1,0
2025-01-07,294.29998779296875,297.5,291.29998779296875,294.04998779296875,275.64263916015625,7381943,-0.0008494528225141407,-0.0008498138120064857,286.12045135498045,274.7249389648438,281.615288360945,280.95425456455837,0.012368132915587469,1,1,1
2025-01-08,293.0,298.45001220703125,289.29998779296875,297.54998779296875,278.9235534667969,7937785,0.011902782227876996,0.011832501258520497,285.6259735107422,275.2091061401367,281.2011753003068,280.8038322610205,0.012388578047224525,1,1,2
2025-01-09,297.0,298.0,291.3500061035156,292.29998779296875,274.0022277832031,7964702,-0.017643994644502392,-0.017801505414212184,284.84324340820314,275.45283111572263,280.0936449130601,280.3000097071081,0.012675260273660446,1,1,3
2025-01-10,294.29998779296875,303.25,294.29998779296875,300.54998779296875,281.7357482910156,19505556,0.028224297920422137,0.027833331871837123,284.44250335693357,275.8174801635742,280.3462762019763,280.40636071332347,0.013170261356809097,1,1,4
2025-01-13,298.95001220703125,299.25,290.25,291.8500061035156,273.58038330078125,9541248,-0.028946859032636496,-0.029374084106605185,283.5941558837891,275.9904312133789,279.30536960179245,279.90073275683886,0.014208491141666512,1,1,0
2025-01-14,291.79998779296875,294.54998779296875,286.54998779296875,292.8500061035156,274.51776123046875,7670070,0.0034263345872167505,0.0034204780766287904,282.8278289794922,276.30821014404296,278.56881446774264,279.5019941252559,0.014064773800109448,1,1,1
2025-01-15,293.0,294.70001220703125,289.70001220703125,292.6499938964844,274.3302917480469,4662694,-0.0006829047475164218,-0.000683138033177482,282.0685348510742,276.626457824707,277.9167340493279,279.1189050602775,0.014059075317705167,1,1,2
2025-01-16,295.8999938964844,296.5,286.70001220703125,288.04998779296875,270.0182189941406,10345666,-0.01571854397277639,-0.015843390281402536,280.9178726196289,276.9573596191406,276.70157788699134,278.4447801664896,0.014270009129629828,1,1,3
2025-01-17,287.79998779296875,287.79998779296875,280.5,281.95001220703125,264.30010986328125,9358955,-0.021176753006372007,-0.02140419719133965,279.4742767333984,277.14671447753904,274.7936597294975,277.39702681069633,0.014302077278816744,1,1,4
2025-01-20,302.0,305.3999938964844,296.95001220703125,300.25,281.4545288085937,39380165,0.06490507686200431,0.06288566548206186,279.24226837158204,277.4898028564453,275.8184088185892,277.69758251424423,0.0187561470373701,1,1,0
2025-01-21,302.3999938964844,305.8500061035156,297.79998779296875,298.3500061035156,279.6734619140625,15619474,-0.00632808042588795,-0.006348187598246102,278.79465942382814,277.80195678710936,276.4114939102005,277.8439439512678,0.01836440766445297,1,1,1
2025-01-22,299.3500061035156,310.0,299.3500061035156,309.1000061035156,289.75054931640625,30859317,0.03603161820709411,0.035397662876497794,278.97276611328124,278.2631585693359,278.463656280386,278.7259147190558,0.01936647201059127,1,1,2
2025-01-23,311.1000061035156,324.6000061035156,310.6499938964844,317.70001220703125,297.81219482421875,39904371,0.027822710006355278,0.0274426910765387,279.565673828125,278.8434094238281,281.4403545178987,280.1397132453642,0.020006352841072352,1,1,3
2025-01-24,319.0,322.5,316.6000061035156,320.1000061035156,300.0619506835937,17479586,0.007554277153435152,0.007525886492743935,280.08124389648435,279.49537109375,284.3052154664672,281.61543453708487,0.02003999536078728,1,1,4
2025-01-27,317.79998779296875,319.1499938964844,306.75,307.95001220703125,288.67254638671875,12372895,-0.03795684281505163,-0.038695967384081466,280.2804428100586,279.9350128173828,284.9771125311213,282.1381835629837,0.021282098203563825,1,1,0
2025-01-28,304.0,307.6000061035156,301.54998779296875,303.6000061035156,290.2499694824219,12077491,0.005464402886410813,0.0054495272035028595,280.64522247314454,280.4277624511719,285.78832129285985,282.7390565940532,0.02129984874330679,1,1,1
2025-01-29,305.04998779296875,314.70001220703125,305.04998779296875,312.45001220703125,298.7108154296875,16338112,0.029150204433623594,0.02873341746602779,281.50569305419924,281.21955932617186,287.77639731391025,283.92214984113724,0.021939369255272446,1,1,2
2025-01-30,311.0,313.70001220703125,305.95001220703125,309.0,295.4125366210937,9984186,-0.011041712044638663,-0.011103124229279927,282.0372055053711,281.85961853027345,288.95118797655385,284.77328960261553,0.021951628622094085,1,1,3
2025-01-31,311.70001220703125,315.70001220703125,309.54998779296875,311.8999938964844,298.1849975585937,15597644,0.00938504834361864,0.009341282394683209,283.145573425293,282.6005908203125,290.37177406609845,285.7667494512065,0.022011471590872436,1,1,4
2025-02-01,312.54998779296875,313.25,303.3500061035156,304.79998779296875,291.3971862792969,6046117,-0.022763758521965882,-0.023026853223187607,283.9215835571289,283.06988342285155,290.5295297912059,286.1838188458799,0.02195905787527341,2,1,5
2025-02-03,303.0,314.0,300.29998779296875,313.6000061035156,299.81024169921875,14877076,0.028871436705837583,0.028462509013056813,285.12996368408204,283.6061981201172,291.9573316232079,287.19318350168277,0.02250821835713356,2,1,0
2025-02-04,318.0,318.8500061035156,313.3500061035156,316.25,302.3437194824219,15366864,0.008450270974214469,0.008414767304650704,286.3009719848633,284.13178283691406,293.5552374477023,288.315445426182,0.022461865416924465,2,1,1
2025-02-05,317.79998779296875,321.45001220703125,314.8999938964844,317.1000061035156,303.1563415527344,9628027,0.002687742519353886,0.0026841369984583214,287.75867767333983,284.7308013916016,295.03233038693804,289.4147710651859,0.02245541686916003,2,1,2
2025-02-06,320.0,323.6000061035156,314.54998779296875,317.95001220703125,303.9689636230469,15062390,0.0026805379236019,0.002676951689084199,288.8703384399414,285.44637390136717,296.4071970386471,290.4928594028052,0.022358152407386374,2,1,3
2025-02-07,319.0,319.0,314.0,318.0,304.0167541503906,8589587,0.00015722173334453693,0.0001572093753031038,290.39215698242185,286.1099395751953,297.5778981327615,291.49462938410784,0.022062926895773823,2,1,4
2025-02-10,318.79998779296875,321.0,315.8500061035156,319.04998779296875,305.02056884765625,12304840,0.0033018400583575414,0.0032964009538855323,291.91729736328125,286.73077514648435,298.72292439659145,292.4965508258522,0.02200447251061991,2,1,0
2025-02-11,319.5,320.3999938964844,311.6000061035156,313.0,299.23663330078125,10627890,-0.0189624442991706,-0.01914453707021555,293.162614440918,287.2476501464844,298.80195653569757,292.99581619436543,0.022317659497749158,2,1,1
2025-02-12,313.45001220703125,315.75,309.3500061035156,310.20001220703125,296.5597839355469,9668342,-0.008945593778766026,-0.008985845834965367,294.4896926879883,287.6669305419922,298.45700690490514,293.2598138048233,0.022336084012848034,2,1,2
2025-02-13,310.29998779296875,313.6499938964844,306.95001220703125,308.54998779296875,294.9822998046875,8832731,-0.005319278662551996,-0.005333476395476836,296.02380218505857,287.9552972412109,297.9224365817947,293.3874053603688,0.02153315973456888,2,1,3
2025-02-14,310.04998779296875,312.3999938964844,304.54998779296875,308.1000061035156,294.5521240234375,7371341,-0.00145831048688283,-0.001459374856534374,296.6786819458008,288.27161865234376,297.4039269574321,293.4736808168924,0.021538335451344127,2,1,4
2025-02-17,308.1000061035156,310.29998779296875,302.0,305.3500061035156,291.92303466796875,7507772,-0.008925718543654315,-0.008965791400320496,297.2911605834961,288.4153704833984,296.5607127590531,293.35881813919434,0.02163072114353874,2,1,0
2025-02-18,305.3500061035156,312.75,305.3500061035156,312.20001220703125,298.4718322753906,10368789,0.022433302034114755,0.022185376522747883,297.7272247314453,288.608544921875,296.85473114618196,293.7375599270607,0.02187866479315081,2,1,1
2025-02-19,311.25,316.5,308.29998779296875,314.1000061035156,300.28826904296875,7835672,0.006085789582656931,0.006067345956758701,297.8510284423828,288.8211737060547,297.3829677456876,294.2227976393502,0.02155220111159429,2,1,2
2025-02-20,311.20001220703125,314.29998779296875,310.25,313.29998779296875,299.5234069824219,7697134,-0.002547092708564791,-0.002550342067983675,297.82410125732423,289.016630859375,297.71226608980055,294.6154353684666,0.021050521412884902,2,1,3
2025-02-21,312.79998779296875,312.79998779296875,305.04998779296875,306.3500061035156,292.8790588378906,8722925,-0.02218306813303972,-0.02243281269895061,298.0344268798828,289.0632653808594,296.9686957433529,294.4868148847202,0.020738731511072646,2,1,4
2025-02-24,302.95001220703125,303.29998779296875,293.3500061035156,295.04998779296875,282.075927734375,12600963,-0.03688597998908205,-0.03758347335076326,297.62572479248047,288.90789794921875,294.6775006650486,293.56748991062057,0.02194614396608687,2,1,0
2025-02-25,294.3500061035156,296.29998779296875,290.1000061035156,291.29998779296875,278.4908447265625,10810040,-0.012709638275792523,-0.012791096668833674,296.6147262573242,288.68739135742186,292.18724590528154,292.4507013784681,0.022089894721977987,2,1,1
2025-02-27,294.0,295.79998779296875,291.3500061035156,294.5,281.5501403808594,15555649,0.010985264730338562,0.010925364986855278,295.9216064453125,288.4577648925781,290.5507681322935,291.6432524156823,0.021941539591821446,2,1,3
2025-02-28,294.0,294.0,277.0,277.6499938964844,265.4410705566406,17458839,-0.05721563414043285,-0.058917690726760674,294.28441009521487,287.9031457519531,286.68773773603925,289.7023500557533,0.0241121950238211,2,1,4
2025-03-03,279.45001220703125,286.3500061035156,279.29998779296875,283.54998779296875,271.08160400390625,11471554,0.0212496635710413,0.021027037763420395,293.2686309814453,287.60288391113284,284.2867940849419,288.32303553339426,0.021231826675549598,3,1,0
2025-03-04,279.0,283.1000061035156,276.29998779296875,280.0,267.6877136230469,9331785,-0.012519810753408689,-0.012598843930534329,291.6625045776367,287.18412536621094,281.73308939849653,286.7944931696648,0.02131502505306535,3,1,1
2025-03-05,281.3999938964844,286.95001220703125,278.6499938964844,285.1000061035156,272.5634765625,10285712,0.018214369548238185,0.01805047508366546,290.1734924316406,286.91162658691405,280.32237973142014,285.7403437913563,0.02047234169709345,3,1,2
2025-03-06,288.45001220703125,292.0,283.5,285.8999938964844,273.3282775878906,9782051,0.0028059556439332667,0.002802026299057525,288.6820892333984,286.659111328125,279.246364017031,284.8209314799885,0.019718419554895915,3,1,3
2025-03-07,287.3999938964844,287.70001220703125,282.8999938964844,284.79998779296875,272.2766418457031,8097300,-0.0038475190034055196,-0.0038549397450581106,287.09747314453125,286.30963317871095,278.17409906759593,283.89172484041177,0.01962430902809164,3,1,4
2025-03-10,284.45001220703125,285.6499938964844,277.95001220703125,280.8999938964844,268.54815673828125,8165123,-0.013693738405715972,-0.013788362472652534,285.3240432739258,285.98682495117185,276.69318486308595,282.755164240254,0.018609640023958478,3,1,0
2025-03-11,277.0,279.29998779296875,273.20001220703125,277.75,265.5366516113281,8602609,-0.011214022704643,-0.011277373917136797,283.3498474121094,285.6384704589844,274.9767951320463,281.47971886033355,0.018620771351042863,3,1,1
2025-03-12,277.70001220703125,277.70001220703125,262.20001220703125,268.54998779296875,256.7412109375,18584311,-0.033123264229083516,-0.03368426241823669,281.22507629394534,285.1432666015625,272.1713206405776,279.6472367919755,0.01840690906025332,3,1,2
2025-03-13,268.54998779296875,271.1000061035156,263.3500061035156,264.0,252.3912811279297,8683943,-0.01694285772699433,-0.017088030033123272,279.01665115356445,284.49544647216794,269.1282376386318,277.6282771131573,0.0185064184720853,3,1,3
2025-03-17,264.0,265.20001220703125,258.8999938964844,259.8500061035156,248.4237670898437,12697926,-0.015719695309423076,-0.015844560005075586,276.68872451782227,283.9435690307617,265.9429344772798,275.46498007439334,0.01839776014457604,3,1,0
2025-03-18,259.8500061035156,259.8500061035156,259.8500061035156,259.8500061035156,248.4237670898437,0,0.0,0.0,274.3823066711426,283.39450469970706,263.24767795613576,273.461927260723,0.018146038286731288,3,1,1
2025-03-19,262.0,266.5,256.25,265.70001220703125,254.0165405273437,14044300,0.02251303690873252,0.022263358886529017,272.4869819641113,282.9619827270508,261.8275029670908,272.0215282434356,0.01776824868218996,3,1,2
2025-03-20,269.20001220703125,273.95001220703125,267.5,268.0,256.21539306640625,17038774,0.008656336057871306,0.00861908479947751,270.37416000366204,282.507819519043,260.9641014439086,270.8507034155075,0.017773808484741065,3,1,3
2025-03-21,264.0,269.54998779296875,260.20001220703125,264.29998779296875,252.67808532714844,22659168,-0.013805992282208468,-0.01390218134341277,267.99365081787107,282.0813366699219,259.6893297336378,269.50458355711055,0.017771764968817376,3,1,4
2025-03-24,267.04998779296875,271.6499938964844,265.3999938964844,269.3999938964844,257.5538330078125,9269617,0.01929628236002867,0.019112469937495505,265.89517211914057,281.59769836425784,259.36079177581854,268.61934277568105,0.018299413035589768,3,1,0
2025-03-25,272.0,274.70001220703125,269.3500061035156,271.0,259.0834655761719,12563930,0.005939079028627781,0.005921512218241915,264.20539245605465,281.3077600097656,259.31812620664215,267.91298150164334,0.01838957476289555,3,1,1
2025-03-26,272.0,272.25,266.75,267.3999938964844,255.6417694091797,7308412,-0.013284121236136204,-0.013373144450425523,262.8836845397949,280.9302401733398,258.7525328531864,267.0040028281275,0.018375991671210658,3,1,2
2025-03-27,270.0,273.54998779296875,269.6000061035156,272.20001220703125,260.230712890625,14783522,0.017950679546816284,0.017791468572367942,261.970677947998,280.6482485961914,258.97994516663846,266.50227764757176,0.01869075451421725,3,1,3
2025-03-28,271.0,271.8500061035156,261.6000061035156,262.25,250.71823120117188,14283389,-0.036554031550654176,-0.037238871112887345,260.42908248901364,280.262248840332,257.70891224887436,265.3330890219125,0.019577191226198123,3,1,4
2025-04-01,260.3500061035156,263.0,258.5,262.6000061035156,251.05284118652344,8388635,0.0013346057195300354,0.0013337159249120724,259.70967102050776,279.9973034667969,256.68490131620496,264.27529288595775,0.01961572102215927,4,2,1
2025-04-02,262.79998779296875,265.54998779296875,261.1000061035156,263.6000061035156,252.0088806152344,7136992,0.003808120331132425,0.0038008877966634862,258.75603485107416,279.4083905029297,255.96551351605564,263.36666975479307,0.01967358419688847,4,2,2
2025-04-03,259.8999938964844,260.5,255.3000030517578,256.3500061035156,245.0776824951172,12262561,-0.027503785196759445,-0.02788909573028212,257.62553329467767,278.71647491455076,254.29046258975742,262.01192995778007,0.020089520366606644,4,2,3
2025-04-04,253.0,253.9499969482422,244.8500061035156,246.3000030517578,235.46958923339844,14639785,-0.039204276635471214,-0.03999345934561925,255.77083892822262,277.63085571289065,251.39494361185604,260.0458306448629,0.02027301117845503,4,2,4
2025-04-07,231.0500030517578,243.8500061035156,228.0,242.8999938964844,232.21908569335932,13011904,-0.013804345396029927,-0.013900511403430826,253.71537933349606,276.3189935302734,248.44481162439502,257.98459027808485,0.0201323682887329,4,2,0
2025-04-08,244.75,249.5,243.8500061035156,247.25,236.37782287597656,13806651,0.01790867951357278,0.017750208322181656,251.92043838500973,275.0453109741211,246.58835181694602,256.3840889890398,0.02067421975490973,4,2,1
2025-04-09,240.6999969482422,242.3000030517578,234.0,236.6499938964844,226.24392700195312,19063559,-0.04287160170410964,-0.043817729030518594,249.80522689819333,273.79673858642576,243.4584403069471,254.15148439740378,0.021504043668843207,4,2,2
2025-04-11,245.0,245.0,238.3500061035156,239.75,229.2076110839844,11205821,0.01309950778040414,0.013014451222479913,247.98877487182614,272.57589141845705,241.26600504187593,252.30379007789125,0.021149643282428073,4,2,4
2025-04-15,245.0500030517578,245.0500030517578,241.3500061035156,244.0,233.270736694336,10694621,0.017726835470846636,0.017571547612176077,246.81525115966798,271.26708984375,240.03596375763902,250.893934271702,0.021575907639371526,4,2,1
2025-04-16,244.0,248.4499969482422,241.1999969482422,247.6499938964844,236.76022338867188,16203319,0.014958956034456738,0.014848174271660653,246.03369827270507,270.09404357910154,239.53200370087484,249.84699272481086,0.021693498474212838,4,2,2
2025-04-17,235.0,237.8000030517578,232.1499938964844,236.8999938964844,226.48292541503903,54875421,-0.04340804306794965,-0.04437835574530996,244.9366561889648,268.66000213623045,237.52445319536164,248.11632107223517,0.02068196110767758,4,2,3
2025-04-21,237.3999938964844,240.8000030517578,237.3999938964844,238.4499969482422,227.9647674560547,16298364,0.0065428421957201,0.006521530711664222,243.9137062072754,267.39135375976565,236.05373231239133,246.62361339696253,0.020205452832839983,4,2,0
2025-04-22,238.4499969482422,239.0,233.5,234.1499938964844,223.85385131835932,18367713,-0.0180331205719666,-0.018197698866488903,242.40557174682618,265.8722259521484,234.17682754407872,244.93696435410303,0.020295827104174383,4,2,1
2025-04-23,237.1999969482422,245.3500061035156,236.1000061035156,243.6000061035156,232.8883209228516,31898042,0.04035878565986195,0.03956563987062668,241.23921813964844,264.48311798095705,233.97859575619765,244.0444722480844,0.021560435591467975,4,2,2
2025-04-24,244.8000030517578,245.1499938964844,241.5,242.75,232.07568359375,23000820,-0.0034893863542895254,-0.003495488462064051,240.2090980529785,263.06150482177736,233.68584003889802,243.15789531072627,0.02151238665212675,4,2,3
2025-04-25,243.9499969482422,246.1499938964844,238.0500030517578,240.8999938964844,230.3070373535156,16620430,-0.007620989036190573,-0.007650177162627341,238.84675827026368,261.58826629638673,233.16602424114689,242.20597990648847,0.021515155686977854,4,2,4
2025-04-28,240.5,241.9499969482422,238.75,240.5,229.9246368408203,14218414,-0.0016603943895483475,-0.0016617743720678058,237.3888168334961,260.10642395019534,232.66734925648126,241.29625079051303,0.02146614593434282,4,2,0
2025-04-29,241.6000061035156,243.6000061035156,239.8500061035156,241.3999938964844,230.78504943847656,16647246,0.0037421505127870347,0.0037351660866498143,236.14598083496094,258.62171356201173,232.37776466909594,240.51764328295477,0.0214890298351133,4,2,1
2025-04-30,241.5500030517578,243.3999938964844,239.1999969482422,241.5,230.8806610107422,14206640,0.0004142884146882686,0.00041420262093774953,234.6784782409668,257.2545941162109,232.14744102934924,239.80379274427236,0.0208069066568611,4,2,2
2025-05-02,242.0399932861328,245.8000030517578,240.75,241.67999267578125,231.052734375,10822257,0.0007452913704617536,0.0007450137787642129,233.6952033996582,255.944453125,231.97902462098781,239.15556619840032,0.020657695193249698,5,2,4
2025-05-05,244.0,246.8699951171875,242.6999969482422,243.57000732421875,232.85964965820312,12170446,0.00782035879424181,0.007789938285007908,232.7855438232422,254.7020001220703,232.114505395944,238.68920201023758,0.020594340045969415,5,2,0
2025-05-06,244.5,245.8999938964844,240.6100006103516,241.19000244140625,230.5843048095703,8869045,-0.009771314403215103,-0.00981936697655821,231.71431503295898,253.42264373779298,231.87908992111727,238.0888392546326,0.020639696936633485,5,2,1
2025-05-07,236.009994506836,244.4499969482422,236.009994506836,244.0399932861328,233.3089599609375,9130056,0.011816307938293358,0.011747040494665996,231.12587890625,252.25036224365235,232.09906992724348,237.7347741217663,0.02028610752957352,5,2,2
2025-05-08,243.1100006103516,245.8300018310547,239.3099975585937,241.57000732421875,230.9475860595703,11434833,-0.01012123109957952,-0.010172799007948376,230.8997787475586,250.89987731933593,231.92191856298606,237.23201945049252,0.02021543638183286,5,2,3
2025-05-09,236.6000061035156,242.9499969482422,236.5,242.009994506836,231.36822509765625,10582438,0.0018213614840616454,0.001819704816522442,230.85723571777345,249.5214764404297,231.83673495293533,236.7976643132454,0.02013538522191547,5,2,4
2025-05-12,245.08999633789065,257.94000244140625,244.8800048828125,257.2799987792969,245.9667816162109,19791711,0.06309663529809617,0.06118600331644045,231.33668365478516,248.45034393310547,234.01058828574696,237.47685818753916,0.023150209875140014,5,2,0
2025-05-13,256.95001220703125,256.95001220703125,250.6199951171875,251.57000732421875,240.50787353515625,11714159,-0.02219368015951173,-0.022443665532146218,232.0498809814453,247.40292022705077,235.01017063180996,237.7013778429182,0.02341618620735831,5,2,1
2025-05-14,251.57000732421875,253.69000244140625,250.75,252.94000244140625,241.817611694336,8839105,0.0054457184287910465,0.005430944117742583,232.68038101196288,246.59775390625,236.05746925681396,238.00628405413434,0.02336043616853761,5,2,2
2025-05-15,253.1999969482422,257.1000061035156,250.6199951171875,256.57000732421875,245.2880096435547,12083645,0.014351303550236727,0.014249298373299303,233.28124465942383,245.93369720458983,237.4775523932356,238.54567113483213,0.02326567524437167,5,2,3
2025-05-16,257.0,257.0,253.52999877929688,254.3099975585937,243.1273651123047,6640387,-0.008808602321775827,-0.008847627399149986,233.59960174560547,245.16524169921874,238.34675435001546,238.88505587390418,0.02236683063699239,5,2,4
2025-05-19,254.3099975585937,254.7400054931641,251.27999877929688,251.75,240.6799468994141,6788784,-0.01006640372119405,-0.010117412568946596,234.30945281982423,244.67001922607423,238.70570704992295,239.01801076468269,0.022426382228439994,5,2,0
2025-05-20,253.0,254.6000061035156,249.3099975585937,249.7100067138672,238.7296600341797,9366429,-0.008103237890647708,-0.008136247567251696,234.84769744873046,244.02298034667967,238.709392124424,238.9966514513121,0.022440767647931174,5,2,1
2025-05-21,249.7100067138672,252.1100006103516,248.1000061035156,250.9199981689453,239.88644409179688,5313593,0.004845581640134489,0.004833879596332829,235.64932708740236,243.46695495605468,238.89047704248136,239.06256201727393,0.021922391998460234,5,2,2
2025-05-22,249.0,249.88999938964844,245.0,245.94000244140625,235.1254272460937,11469037,-0.01984696077232817,-0.02004655703239366,235.76118240356445,242.71819396972657,238.31123861226786,238.77092240459393,0.021009231366684,5,2,3
2025-05-23,246.1000061035156,250.4900054931641,245.6000061035156,247.3600006103516,236.4829864501953,7437642,0.005773766027783678,0.005757161722968745,235.9815475463867,241.98128814697264,238.0299690488721,238.60144566723108,0.020863973715640256,5,2,4
2025-05-26,248.4900054931641,250.8500061035156,248.1999969482422,250.2400054931641,239.23635864257807,3690751,0.011643003303168475,0.011575745095162938,236.42801361083986,241.32048248291017,238.21556744790377,238.64847625799752,0.02071781634273537,5,2,0
2025-05-27,250.9900054931641,250.9900054931641,247.9900054931641,248.25,237.33384704589844,6861143,-0.007952435020640025,-0.007984224278856896,236.79847412109376,240.6961962890625,238.07991815528754,238.55109631636054,0.019109345047443244,5,2,1
2025-05-28,249.58999633789065,250.13999938964844,246.9600067138672,247.42999267578125,236.5498962402344,6205160,-0.0033031563572658573,-0.0033086238214722285,237.08671646118165,240.11646118164063,237.8445301683563,238.40285927368456,0.019008424002517076,5,2,2
2025-05-29,249.6499938964844,251.7400054931641,248.1000061035156,250.13999938964844,239.14073181152344,11785042,0.01095259652389724,0.010893051227792574,237.4997200012207,239.7644515991211,238.0439458057666,238.45751649870965,0.018845158121521214,5,2,3
2025-05-30,250.0,251.1100006103516,248.5200042724609,249.6699981689453,238.69140625,13858429,-0.001878916896004057,-0.0018806842745403467,237.88165359497071,239.4904541015625,238.14355510487945,238.4748416654719,0.018664911448791555,5,2,4
2025-06-02,247.6000061035156,248.4199981689453,246.1999969482422,247.67999267578125,236.78890991210932,5846259,-0.00797052716635327,-0.008002461620823909,238.078116607666,239.2577569580078,237.9351481521456,238.34995783188947,0.01682508572811764,6,2,0
2025-06-03,248.0,249.5,245.72999572753903,246.22000122070312,235.3931121826172,8573438,-0.005894692154333692,-0.005912134430473436,238.31855697631835,238.9971438598633,237.54406569529507,238.13093222823966,0.016852769992401855,6,2,1
2025-06-04,246.509994506836,249.8099975585937,246.509994506836,246.8600006103516,236.0049591064453,6698150,0.0025992558497356377,0.0025958836264994467,238.45335693359374,238.6369122314453,237.30728006624128,237.97345273773638,0.016457008569556855,6,2,2
2025-06-05,246.8999938964844,249.4900054931641,246.8800048828125,247.94000244140625,237.0374755859375,6468060,0.004374977896233423,0.004365435502155904,238.75785140991212,238.25335388183595,237.2657716846561,237.9041210968624,0.014782834867926918,6,2,3
2025-06-06,247.1000061035156,249.97999572753903,247.1000061035156,248.58999633789065,237.6588897705078,4445411,0.0026215862408853763,0.002618155877696856,239.0723846435547,237.95296997070312,237.32625139017176,237.88595581342872,0.014765323115272884,6,2,4
2025-06-09,249.6000061035156,253.3999938964844,249.22000122070312,251.2899932861328,240.2401733398437,9193904,0.01086129608628772,0.010802735855042106,238.78605422973632,237.60669677734376,237.7745470747367,238.06034229686685,0.014783285133864297,6,2,0
2025-06-10,252.8999938964844,255.8000030517578,251.8300018310547,254.8699951171875,243.66275024414065,10739851,0.014246480331394862,0.014145952880399685,238.94379806518555,237.29828247070313,238.68042448541422,238.4753354781464,0.014949910754719926,6,2,1
2025-06-11,256.0199890136719,261.6000061035156,254.1000061035156,258.9200134277344,247.53468322753903,17268454,0.01589054124817535,0.015765608360505654,239.2296516418457,237.1361407470703,240.0426181380488,239.1463982743977,0.015160596160929577,6,2,2
2025-06-12,260.0,263.0,256.32000732421875,259.6099853515625,248.19430541992188,14528657,0.00266476674614724,0.0026612225501491146,239.37496643066407,236.89541259765625,241.29672387372156,239.8166136185106,0.015155758445912396,6,2,3
2025-06-13,255.0,262.25,254.0,260.2099914550781,248.76792907714844,8692116,0.002311187826231631,0.0023085211396662096,239.65699462890626,236.8564065551758,242.44614005886416,240.47967402285414,0.01515212453095924,6,2,4
2025-06-16,260.0,265.3099975585937,258.0,262.8900146484375,251.33009338378903,10935361,0.010299415668834078,0.010246738077467663,240.189501953125,236.86195159912108,243.8129021088526,241.28340879033078,0.015188438712721167,6,2,0
2025-06-17,262.8900146484375,265.45001220703125,261.6600036621094,262.9100036621094,251.3492126464844,7528454,7.60723176360667e-05,7.60694242840465e-05,240.82047958374022,236.8487582397461,244.9723344992575,242.0290238907866,0.015016015353594597,6,2,1
2025-06-18,262.8999938964844,265.6000061035156,261.0299987792969,261.5899963378906,250.08724975585932,5016660,-0.005020755296337498,-0.005033401635417688,241.33051986694335,236.94894958496093,245.7592445387347,242.6259295104216,0.014989184163060807,6,2,2
2025-06-19,262.8500061035156,266.44000244140625,261.8099975585937,265.5799865722656,253.9017944335937,14184486,0.015252855479270577,0.015137700167628842,242.26933822631835,237.31759368896485,247.01194452255913,243.4611787639899,0.014972776900104363,6,2,3
2025-06-20,266.0,267.20001220703125,262.8699951171875,266.5400085449219,254.8195953369141,12904674,0.0036147869902527496,0.0036082693496264306,243.1861686706543,237.76960388183593,248.21312157092143,244.30254295457686,0.014970375134102326,6,2,4
2025-06-23,264.0,265.20001220703125,261.8099975585937,263.239990234375,251.66470336914065,6214062,-0.012380884459070485,-0.01245816614868248,243.8075859069824,238.07534149169922,248.74413415526283,244.84788817047047,0.010143877980676614,6,2,0
2025-06-24,265.5,268.6499938964844,264.7099914550781,264.9700012207031,253.31863403320312,6319428,0.006571961192493925,0.006550460007427033,244.60682525634766,238.6168356323242,249.44790336725367,245.4753508269692,0.009210745476894742,6,2,1
2025-06-25,265.8999938964844,269.9599914550781,265.8500061035156,269.4100036621094,257.5633850097656,5331739,0.016756568235742675,0.016617725814567174,245.65749969482422,239.18395111083984,250.69643900456322,246.37076076643558,0.009589983501854997,6,2,2
2025-06-26,269.1000061035156,271.29998779296875,267.19000244140625,268.5199890136719,256.7124938964844,8564099,-0.0033036183044767853,-0.003309087299731366,246.53608779907228,239.6527862548828,251.62198591101262,247.13681507236512,0.009354187955084081,6,2,3
2025-06-27,269.0,270.0,264.5,265.04998779296875,253.3950958251953,8906108,-0.012922620247017513,-0.013006843682499705,247.27127227783203,239.98548370361328,251.8947720516561,247.60039142442662,0.009539763625656096,6,2,4
2025-06-30,266.1000061035156,266.739990234375,262.8999938964844,265.9800109863281,254.2842254638672,7119563,0.0035088667986109545,0.0035027250882749446,248.14603805541992,240.54150970458986,252.26238026891934,248.09549024216295,0.009294764499677432,6,2,0
2025-07-01,265.5,268.3500061035156,263.70001220703125,264.54998779296875,252.9170684814453,3886095,-0.005376491522145699,-0.00539099686796363,249.02223587036133,241.04055572509765,252.3631015323849,248.4526441858135,0.009206727227988922,7,3,1
2025-07-02,265.0,268.70001220703125,264.45001220703125,267.0,255.2593688964844,8750887,0.009261140140136126,0.009218518728276465,249.98495635986328,241.66866607666014,252.80868112686173,248.95684601623358,0.00928925589440403,7,3,2
2025-07-03,268.3999938964844,270.8500061035156,266.45001220703125,267.04998779296875,255.30715942382807,9357962,0.00018722340163357387,0.00018720587751976293,250.8984405517578,242.11704284667968,253.1930624033181,249.42723960198134,0.008326224152918968,7,3,3
2025-07-04,268.29998779296875,271.3999938964844,267.5,270.04998779296875,258.1752624511719,7141779,0.0112339310570706,0.01117129908589202,251.92425918579102,242.63903442382812,253.95955471837252,250.07524129451397,0.008452592742169609,7,3,4
2025-07-07,270.04998779296875,270.54998779296875,267.29998779296875,267.75,255.97637939453125,4849218,-0.008517016834858393,-0.008553493887528575,252.7110694885254,243.15242126464844,254.26983543778155,250.512362635256,0.008539745685937126,7,3,0
2025-07-08,267.79998779296875,270.29998779296875,267.3500061035156,269.6499938964844,257.7928161621094,5519016,0.00709611086723938,0.007071051949918389,253.41757278442384,243.70978485107423,254.81183247229353,251.05165548909702,0.008357256671080608,7,3,1
2025-07-09,268.0,269.3999938964844,264.8500061035156,267.79998779296875,256.024169921875,11564433,-0.006860727411124534,-0.006884370402227274,253.84204711914063,244.2145672607422,254.9983459260753,251.41998989152503,0.008471215618431931,7,3,2
2025-07-10,267.54998779296875,267.54998779296875,263.1499938964844,265.04998779296875,253.3950958251953,6911031,-0.010268851169332738,-0.010321939572162197,254.1020866394043,244.66485595703125,254.75169206440145,251.56629403475986,0.008640529883128224,7,3,3
2025-07-11,261.0,262.04998779296875,257.75,258.29998779296875,246.94190979003903,13109857,-0.025466893959179115,-0.025796788276195373,254.01078567504882,244.98263946533203,253.55018709911494,251.22374705366946,0.009973106252948276,7,3,4
2025-07-14,258.29998779296875,259.54998779296875,251.6499938964844,254.25,243.07000732421875,10388421,-0.015679406015416175,-0.01580362809852242,253.5977813720703,245.18684661865234,251.9378517491309,250.6197663329694,0.010310645226102717,7,3,0
2025-07-15,254.0,259.8500061035156,252.8000030517578,257.3999938964844,246.0814971923828,8750149,0.012389393086030598,0.01231327263476822,253.33439559936522,245.4967904663086,251.0368741250158,250.2835982484815,0.010433317031693186,7,3,1
2025-07-16,257.3999938964844,264.0,256.04998779296875,262.79998779296875,251.2440490722656,12179338,0.020979033120262613,0.020762003340193156,253.39223556518556,245.85549224853514,251.06874719382347,250.35474275394697,0.011021110800412386,7,3,2
2025-07-17,263.8500061035156,264.3500061035156,258.0,260.6000061035156,249.1407928466797,7484171,-0.008371367335275437,-0.008406604021439125,253.15418548583983,246.21935638427735,250.77213883272444,250.26482053859385,0.01117683939852252,7,3,3
2025-07-18,268.6000061035156,271.8999938964844,265.6000061035156,266.95001220703125,255.21157836914065,30319126,0.02436688690397193,0.024074750439660526,253.17378463745118,246.69622344970702,251.45512953063462,250.6312470445603,0.011917761290523408,7,3,4
2025-07-21,266.95001220703125,267.1499938964844,259.20001220703125,260.3500061035156,248.9017791748047,12190000,-0.02472379675975911,-0.025034562727409237,253.03563842773437,246.7549234008789,251.06230639896847,250.5031383134673,0.012790319415341003,7,3,0
2025-07-22,261.70001220703125,262.1499938964844,258.75,259.70001220703125,248.2803649902344,6724044,-0.0024966241166716197,-0.002499745879656558,252.78372497558593,246.91037322998048,250.6343154130094,250.33848843767225,0.012567488887464557,7,3,1
2025-07-23,260.25,261.75,258.1499938964844,261.3999938964844,249.9055938720703,6510321,0.006545942051840559,0.006524610413011443,252.40083541870118,247.07213287353517,250.52220440671107,250.3064221735536,0.012290826363040542,7,3,2
2025-07-24,262.0,263.3999938964844,260.25,261.8500061035156,250.33583068847656,8139900,0.001721597382996043,0.0017201171329077431,252.08200225830078,247.1730892944336,250.49353152698268,250.30860058206642,0.01228601476691392,7,3,3
2025-07-25,261.79998779296875,262.04998779296875,256.04998779296875,259.20001220703125,247.8023681640625,8427780,-0.01012025532839822,-0.010171813260267929,251.80236587524413,247.26658935546874,250.07950639422572,250.12295373628834,0.012426754421323613,7,3,4
2025-07-28,254.0,254.0,249.0,250.0500030517578,243.75680541992188,8998911,-0.016325763042999597,-0.016460496745392617,251.27599487304687,247.3281265258789,249.10678316740976,249.65138719433526,0.012611161906390457,7,3,0
2025-07-29,249.1999969482422,252.6999969482422,247.25,251.8000030517578,245.46275329589844,12923128,0.0069985651191879494,0.006974188828943279,250.90327911376954,247.4627883911133,248.54616318717726,249.34111801667328,0.012693502731423828,7,3,1
2025-07-30,251.4499969482422,252.5,249.1999969482422,250.1999969482422,243.90301513671875,6057152,-0.0063542763137650615,-0.006374550658995316,250.33546142578126,247.54311981201172,247.83183271787595,248.93829558112108,0.012711435037124246,7,3,2
2025-07-31,248.1000061035156,250.1499938964844,246.0500030517578,248.3000030517578,242.05084228515625,7338764,-0.007593890754176491,-0.00762287115177524,249.67264556884766,247.68162811279296,246.94244957438062,248.42811385549408,0.012399812744340075,7,3,3
2025-08-01,246.5,246.8999938964844,242.1999969482422,242.75,236.64051818847656,7436999,-0.02235201516178109,-0.022605607442255343,248.59590835571288,247.6847787475586,245.3575370534723,247.55495862090018,0.012924391095044629,8,3,4
2025-08-04,242.75,246.4199981689453,241.1000061035156,246.0500030517578,239.8574676513672,5234393,0.013594246190453463,0.013502673400998184,247.7899627685547,247.69720092773437,244.5113725300715,246.9847741046385,0.013100399744849256,8,3,0
2025-08-05,246.0500030517578,246.9499969482422,244.52999877929688,245.91000366210932,239.7209930419922,7383968,-0.0005689821155511199,-0.0005691440473021219,246.88637161254883,247.74494384765626,243.774391070367,246.44671624814617,0.013012932059676522,8,3,1
2025-08-06,246.0,246.0,239.3099975585937,239.9600067138672,233.92074584960932,7700190,-0.024195824982949365,-0.024493353051395182,245.78120040893555,247.69236083984376,242.2584456517889,245.5188665889953,0.013151280340508446,8,3,2
2025-08-07,239.1100006103516,243.17999267578125,238.6100006103516,242.32000732421875,236.2213592529297,6190830,0.009835012260090314,0.009786963311487519,244.92251358032226,247.63397338867188,241.3296631288875,244.83016234187934,0.013362050138816306,8,3,3
2025-08-08,242.3999938964844,243.25,238.3999938964844,239.0500030517578,233.0336456298828,8922847,-0.01349460367651889,-0.013586483363641615,244.22710037231445,247.52081817626953,240.05335274442524,243.95634628913885,0.013377564440546755,8,3,4
2025-08-11,239.0500030517578,244.75,238.6199951171875,241.6199951171875,235.53895568847656,3047287,0.010750851242197212,0.010693471727057579,243.85054779052734,247.49581909179688,239.35883012043314,243.33283587427496,0.013557627221439206,8,3,0
2025-08-12,242.6999969482422,246.2899932861328,241.1000061035156,241.72000122070312,235.63644409179688,8101435,0.0004138950308043565,0.00041380939988342125,243.32829513549805,247.50068572998046,238.78615534679682,242.76273277927658,0.01355589551948492,8,3,1
2025-08-13,242.88999938964844,242.88999938964844,240.1199951171875,241.6499938964844,235.56820678710932,5820844,-0.00028958722811556203,-0.00028962916659366634,242.54450302124025,247.49195068359376,238.29108633761413,242.22980492800494,0.01338691368044448,8,3,2
2025-08-14,243.1000061035156,248.42999267578125,242.41000366210932,246.8099975585937,240.5983428955078,12857225,0.021353204564418915,0.021128419187172936,242.11738052368165,247.56316802978515,238.64604888498238,242.10895588856073,0.014078006403389196,8,3,3
2025-08-18,248.63999938964844,249.009994506836,244.759994506836,245.2100067138672,239.0386199951172,5789317,-0.006482683469968942,-0.006503787318276809,241.30873260498046,247.59076263427735,238.7064444403877,241.8815236001575,0.013879112468470865,8,3,0
2025-08-19,245.4600067138672,247.5,244.77999877929688,246.9600067138672,240.7445831298828,4090961,0.007136767836094737,0.007111421630396499,240.90087280273437,247.60085083007812,239.02000423877158,241.79730578754456,0.013938086338404605,8,3,1
2025-08-20,245.3000030517578,252.88999938964844,245.3000030517578,250.83999633789065,244.52691650390625,10099384,0.015710980180114076,0.015588840360841431,240.71320037841798,247.61813415527342,239.86722151033075,241.99949917394173,0.014216819634367477,8,3,2
2025-08-21,252.7400054931641,252.7400054931641,249.6100006103516,249.91000366210932,243.62033081054688,7607486,-0.0037075087942103346,-0.003714398639653451,240.3989372253418,247.5398471069336,240.44462294113325,242.1195607766532,0.014188684773481232,8,3,3
2025-08-22,252.0,253.0,247.6100006103516,248.63999938964844,242.38229370117188,13572686,-0.00508183001499074,-0.005094786426635155,240.00126037597656,247.4236068725586,240.74272613498533,242.1390224747657,0.01411024434887731,8,3,4
2025-08-25,250.6000061035156,257.2900085449219,250.6000061035156,253.83999633789065,247.451416015625,16391069,0.02091374843041449,0.02069805807288016,239.98371276855468,247.39727661132812,241.77483227046838,242.53253310742195,0.013920135494122951,8,3,0
2025-08-26,253.0,254.82000732421875,251.3099975585937,252.02999877929688,245.6869659423828,15797327,-0.0071304909127324345,-0.00715603436036879,240.08022079467773,247.2844140625,242.37669898922445,242.76619479890053,0.013669904607932479,8,3,1
2025-08-28,252.0200042724609,252.3500061035156,249.0800018310547,250.6499938964844,244.34169006347656,5851451,-0.005475568774054307,-0.005490614649037567,240.02416763305663,247.14426361083986,242.67900530834015,242.88289815183208,0.013520039566264849,8,3,3
2025-08-29,250.5,253.1000061035156,248.66000366210932,249.41000366210932,243.13291931152344,10117017,-0.004947050794480101,-0.00495932795749762,239.98566284179688,247.00517700195311,242.7488382319068,242.90141823773516,0.012939140158926884,8,3,4
2025-09-01,249.4199981689453,252.9900054931641,249.3999938964844,250.3600006103516,244.0590057373047,3198345,0.0038089717690374947,0.003801736004131354,240.0860710144043,246.80832122802735,242.95040246350646,242.98716545992548,0.0128912743579622,9,3,0
2025-09-02,250.3600006103516,253.1499938964844,249.6000061035156,250.92999267578125,244.61463928222656,5046939,0.002276636107908736,0.0022740484985439,240.4847770690918,246.6042221069336,243.2064388971557,243.10771907639224,0.01201686655332867,9,3,1
2025-09-03,251.8999938964844,252.3999938964844,249.1199951171875,249.5599975585937,243.2791290283203,3862765,-0.005459649748784656,-0.005474608106245966,240.65586013793944,246.4365106201172,243.21762199425794,243.12041610986842,0.01121213914197794,9,3,2
2025-09-04,249.5,250.33999633789065,244.44000244140625,244.97000122070312,238.80465698242188,5021036,-0.018392338314305423,-0.018563580312621758,240.61004333496095,246.14623107910157,242.53870430012933,242.8007302485761,0.011666340065982215,9,3,3
2025-09-05,246.1000061035156,247.32000732421875,241.2700042724609,243.6699981689453,237.5373687744141,6233782,-0.005306798552513481,-0.0053209296239566705,240.79087448120117,245.74571075439454,241.76926806540388,242.4108516208604,0.011594386152973887,9,3,4
2025-09-08,244.3600006103516,246.9900054931641,242.1999969482422,242.5200042724609,236.41632080078125,6596932,-0.004719459424076922,-0.004730631236507278,240.80062255859374,245.33978729248048,240.9457377170004,241.9668123008545,0.011589904477874289,9,3,0
2025-09-09,245.0,249.8500061035156,245.0,249.1499938964844,242.8794403076172,12836972,0.027337873649942113,0.02697086773653963,241.29291229248048,245.12947418212892,241.24323042324914,242.03441437542952,0.012637492413724465,9,3,1
2025-09-10,249.3000030517578,257.1700134277344,249.25,255.75,249.31333923339844,15261331,0.02649009285278514,0.026145306044777158,241.98163146972655,245.03005645751952,242.48478562481057,242.57359399453833,0.013204266042200498,9,3,2
2025-09-11,255.6999969482422,255.6999969482422,252.1699981689453,253.91000366210932,247.5196533203125,5865301,-0.007194504387937117,-0.007220509639631875,242.57579193115234,244.92210815429686,243.25938065488782,242.93996875941048,0.013230076163984791,9,3,3
2025-09-12,254.8800048828125,255.8999938964844,250.82000732421875,251.94000244140625,245.5992431640625,5345794,-0.00775861686330348,-0.007788871522256657,243.07734375,244.72890563964845,243.61935950245316,243.13695204864396,0.013257118166202078,9,3,4
2025-09-15,251.5,251.7899932861328,249.6000061035156,251.27999877929688,244.95584106445312,3700703,-0.0026197234621752052,-0.002623160942495364,243.29521865844725,244.52187927246095,243.82497205045314,243.2716845683335,0.013185695830510576,9,3,0
2025-09-16,252.0,254.5,250.1999969482422,254.009994506836,247.6171264648437,7316998,0.010864347585368694,0.01080575456244242,243.7241439819336,244.31071655273433,244.40838042189785,243.59356915326018,0.012583063488877173,9,3,1
2025-09-17,253.3000030517578,255.5,252.8500061035156,254.1499938964844,247.75360107421875,7339871,0.0005511517370524466,0.0005509999087182239,244.0745948791504,244.1462609863281,244.92302975302414,243.90171966592376,0.012377599472967987,9,3,2
2025-09-18,257.0,259.79998779296875,256.0,256.92999267578125,250.4636383056641,10498239,0.010938437300991977,0.010879045306930747,244.37143096923828,243.9996774291992,245.7754310688149,244.38778771331192,0.01250006608313286,9,3,3
2025-09-19,257.0,257.6600036621094,254.6999969482422,255.8800048828125,249.4400787353516,10741757,-0.0040866593539752305,-0.00409503256641005,244.66241836547852,243.86799560546876,246.33922301751284,244.76203149272226,0.011577690793568778,9,3,4
2025-09-22,248.5500030517578,251.77999877929688,247.2100067138672,250.3300018310547,244.02975463867188,15784007,-0.021689874875400084,-0.021928557858931556,244.74479141235352,243.68068878173827,245.98392018999886,244.7077887627926,0.012271418851034678,9,3,0
2025-09-23,250.22000122070312,252.0,248.75,249.6300048828125,243.34738159179688,8674114,-0.0027962698560484167,-0.0028001867220492373,244.53958969116212,243.60879821777343,245.57829886719855,244.60701786123735,0.011983016139821803,9,3,1
2025-09-24,248.3300018310547,249.1199951171875,244.25,244.58999633789065,238.4342193603516,7888797,-0.020189912047982816,-0.02039651390086622,244.17695236206055,243.5160824584961,244.47920971229902,244.14977352783842,0.01248170095588248,9,3,2
2025-09-25,245.4499969482422,245.63999938964844,241.27999877929688,242.0,235.909408569336,7957740,-0.01058912935311429,-0.010645593138632281,243.7553382873535,243.31264068603517,243.16077876722778,243.53937612350492,0.012644377487678807,9,3,3
2025-09-26,241.4499969482422,241.5500030517578,235.009994506836,235.75,229.8166961669922,16999628,-0.02582649178467633,-0.02616585135315952,243.08952713012695,242.8840936279297,241.10784298257616,242.5228813119114,0.013503016881511736,9,3,4
2025-09-29,236.8800048828125,240.7899932861328,236.2899932861328,239.63999938964844,233.6087951660156,8894412,0.016500537438184804,0.01636588280052175,242.5670166015625,242.5734536743164,239.9541433184899,241.86257863443763,0.013256091997130497,9,3,0
2025-09-30,239.92999267578125,241.5,239.0,239.3699951171875,233.3455810546875,5590909,-0.0011267303148455587,-0.001127365552652714,242.00356369018556,242.13613372802735,238.93744143175107,241.2316899248265,0.013214278257416884,9,3,1
2025-10-01,240.0,243.57000732421875,237.83999633789065,241.07000732421875,235.0028076171875,9479378,0.0071020267665218295,0.007076926147865386,241.5897476196289,241.858154296875,238.33211315258745,240.77029123537176,0.013213567582414685,10,4,2
2025-10-03,240.97999572753903,241.3999938964844,238.0599975585937,240.97999572753903,234.91506958007807,10968346,-0.0003733488888879588,-0.0003734186009361929,241.39526824951173,241.59084838867187,237.80641414143219,240.3365711127574,0.012845055585092737,10,4,4
2025-10-06,240.0,242.9600067138672,239.32000732421875,242.1300048828125,236.0361328125,6064946,0.004772206544373159,0.004760855664891394,241.32020645141603,241.31345916748046,237.53406316775033,240.01802012755317,0.012882499838446446,10,4,0
2025-10-07,242.8999938964844,245.0,242.13999938964844,243.52999877929688,237.40089416503903,6587728,0.005782001832842942,0.0057653502158665285,241.36943511962892,241.0547604370117,237.51357562887168,239.82415894514472,0.012915684224291873,10,4,1
2025-10-08,243.25,246.3500061035156,242.57000732421875,244.2700042724609,238.1222686767578,7360563,0.00303863434995022,0.003034027031538311,241.13157653808594,240.86115844726564,237.60722071316187,239.6980929993383,0.012285355829951205,10,4,2
2025-10-09,243.9900054931641,246.8000030517578,243.16000366210932,246.3999938964844,240.1986541748047,4629760,0.008719829143176483,0.008682031002988162,240.67584228515625,240.7899954223633,238.00590278418383,239.7351716049284,0.01236242790647028,10,4,3
2025-10-10,248.0,251.25,246.25,248.6999969482422,242.44078063964844,7070200,0.00933446722483322,0.009291170312835363,240.42189865112306,240.72955596923828,238.68819168502455,239.93558708898175,0.012459603263587093,10,4,4
2025-10-13,246.0599975585937,247.6999969482422,244.509994506836,245.1300048828125,238.96063232421875,6717589,-0.014354632526127675,-0.01445865695190271,240.08996810913087,240.63070831298828,238.73010562951595,239.86336821751783,0.012699653949482697,10,4,0
2025-10-14,245.8000030517578,250.1499938964844,245.1100006103516,248.4199981689453,242.16781616210932,7888607,0.013421389986695065,0.013332120987792925,239.95056686401367,240.6330477905273,239.25898417299186,240.03406806526533,0.012931239661383886,10,4,1
2025-10-15,250.0,252.1300048828125,248.5399932861328,250.2100067138672,243.91278076171875,13278925,0.007205600757622221,0.0071797644529746985,239.7653495788574,240.77849304199216,239.97495287894986,240.32138011685447,0.012994666123145591,10,4,2
2025-10-16,250.3999938964844,254.07000732421875,248.8000030517578,253.8099975585937,247.4221649169922,10661302,0.014387864974988007,0.014285341868020033,239.7487777709961,240.92978698730465,241.12067780787945,240.84736417612393,0.013211299023233465,10,4,3
2025-10-17,250.0,250.0,239.1100006103516,240.8999938964844,234.8370819091797,43802251,-0.05086481646474428,-0.05220404211316749,238.9674499511719,240.8321087646484,240.153970746541,240.4021580822762,0.015884781544057907,10,4,4
2025-10-20,240.8999938964844,241.94000244140625,239.2700042724609,241.2400054931641,235.1685333251953,9871824,0.0014114100435969057,0.0014104149406634595,238.25387268066407,240.85706451416013,239.38698037402628,240.0144821743443,0.01586107011908989,10,4,0
2025-10-21,241.0,242.16000366210932,240.3600006103516,241.3600006103516,235.28550720214844,2082336,0.0004974044584076243,0.0004972807938158492,237.8166603088379,240.8383474731445,238.75598450142968,239.66418773195943,0.01583851923472838,10,4,1
2025-10-23,244.8000030517578,247.8000030517578,243.3699951171875,244.3000030517578,238.15151977539065,18964626,0.012180999192525022,0.012107407830031032,237.55686721801757,240.94070495605465,238.66298992819293,239.55213825369506,0.0151624930471037,10,4,3
2025-10-24,245.0,245.8800048828125,242.16000366210932,242.97999572753903,236.8647308349609,6803979,-0.005403236316288695,-0.005417886594072792,237.47839279174804,240.96722045898434,238.3863346830803,239.35307103749253,0.014295043659425957,10,4,4
2025-10-27,243.2899932861328,245.72999572753903,243.0599975585937,243.91000366210932,237.77133178710932,9550336,0.003827505044556867,0.003820198784354708,237.5714889526367,241.0099182128906,238.2917188529309,239.2359051670938,0.014288084589351088,10,4,0
2025-10-28,243.66000366210932,244.6999969482422,241.3999938964844,242.3800048828125,236.27984619140625,8780789,-0.006272773023109801,-0.006292529525846897,237.89464645385743,241.02415100097656,237.98219998192712,239.01693783556138,0.014267262670475992,10,4,1
2025-10-29,243.6000061035156,243.6000061035156,241.63999938964844,242.27999877929688,236.182357788086,8776917,-0.0004125972015458501,-0.00041268234319148705,238.02332458496093,240.93583129882813,237.70530118287462,238.8069689431558,0.014265318920388157,10,4,2
2025-10-30,242.88999938964844,244.7700042724609,240.5,241.9199981689453,235.83140563964844,8344622,-0.0014859371873678917,-0.0014870422869049586,238.147615814209,240.87168701171876,237.4170095608398,238.58655684659968,0.014084753752368622,10,4,3
2025-10-31,242.1100006103516,243.19000244140625,240.5,240.6699981689453,234.6128692626953,5659566,-0.00516698093558865,-0.00518037594266964,238.12811889648438,240.749052734375,236.98560336112524,238.29220961816233,0.014094352815948844,10,4,4
2025-11-03,240.6699981689453,241.2899932861328,239.5,240.5,234.44715881347656,4902693,-0.0007063144052562587,-0.0007065639627934365,238.1047233581543,240.5474575805664,236.59507343071775,238.00739104003748,0.013892700882612914,11,4,0
2025-11-04,240.5,240.83999633789065,237.5200042724609,237.9199981689453,231.9320831298828,6848284,-0.010727686768832734,-0.010785643265983497,237.89952087402344,240.31369262695313,235.87769030751238,237.5573682318779,0.013978005531037865,11,4,1
2025-11-06,240.0,240.6199951171875,238.3699951171875,240.0500030517578,234.00848388671875,7141517,0.008952624099328066,0.008912786948345361,237.72990036010742,240.14621643066405,235.59012008892873,237.29448791001425,0.013629524552621943,11,4,3
2025-11-07,238.6999969482422,239.25,236.0,236.4900054931641,230.5380859375,5520619,-0.01483022278328483,-0.014941290006220555,237.35069122314454,239.80794982910157,234.81288406563198,236.794013689828,0.013850214611845027,11,4,4
2025-11-10,237.44000244140625,241.5500030517578,237.0200042724609,239.83999633789065,233.8037567138672,8566758,0.014165428515150014,0.014066036354634388,237.03094635009765,239.57028564453125,234.657633703822,236.57251317309016,0.013688614080827008,11,4,0
2025-11-11,241.1000061035156,242.0500030517578,238.8099975585937,241.69000244140625,235.60720825195312,8831094,0.007713526777471946,0.0076839296312862584,236.68926773071288,239.39559600830077,234.80372209584218,236.5010091048578,0.01363403204574201,11,4,1
2025-11-12,242.75,246.3000030517578,242.1000061035156,245.22000122070312,239.04835510253903,13152546,0.014605439604827408,0.014499807465498595,236.69365386962892,239.3139047241211,235.45674255841092,236.68970140098233,0.012970255039337769,11,4,2
2025-11-13,246.0,246.0,244.0,245.3300018310547,239.1555938720703,6211124,0.0004486070171254575,0.00044850642308122207,236.54304275512695,239.2158364868164,236.02579660666623,236.8723601025444,0.012652891477409542,11,4,3
2025-11-14,243.9199981689453,245.8999938964844,242.1499938964844,244.3699951171875,238.21974182128903,6841554,-0.003913151415901539,-0.003920827825415983,236.25839080810547,239.08793853759767,236.3633266396851,236.97216615578475,0.012678190662927838,11,4,4
2025-11-17,243.97000122070312,244.77999877929688,242.69000244140625,244.0500030517578,237.9078063964844,6559062,-0.001309444055390907,-0.0013103021264037928,235.78267288208008,238.98051208496094,236.6009389099619,237.04147284028102,0.012626197517461541,11,4,0
2025-11-18,242.92999267578125,244.0,240.3000030517578,240.8999938964844,234.8370819091797,4730012,-0.012907203566860703,-0.012991225292207835,235.78267288208008,238.9011605834961,236.32957629445696,236.87818462316238,0.012860875171193938,11,4,1
2025-11-19,241.1999969482422,246.8500061035156,240.5399932861328,246.07000732421875,239.87696838378903,13298452,0.02146120379982608,0.021234154916337157,236.01809463500976,238.94795257568356,236.875328923585,237.10031675357916,0.013420055627598688,11,4,2
2025-11-20,247.5,247.8000030517578,245.7100067138672,246.259994506836,240.0621795654297,6705862,0.0007721090644448036,0.0007718111415838694,236.25692825317384,239.02086975097652,237.36561363771494,237.31971399890142,0.013384815873481563,11,4,3
2025-11-21,245.0,247.25,243.6100006103516,244.4900054931641,238.3367462158203,5516450,-0.007187443489569345,-0.007213397598763537,236.2661895751953,238.9300158691406,237.51501864973113,237.3950497186732,0.013446940938437207,11,4,4
2025-11-24,245.0200042724609,249.3800048828125,245.0200042724609,247.2700042724609,241.04676818847656,19711070,0.011370558739617342,0.011306399826984797,236.47529144287108,238.76468444824215,238.05836473261505,237.66554738310307,0.013513947762516557,11,4,0
2025-11-25,248.0,248.0,244.0,245.63999938964844,239.45779418945312,8188793,-0.006591973876957424,-0.006613796894130094,236.5596145629883,238.60344726562496,238.2736615721286,237.79830640579567,0.013455726898074097,11,4,1
2025-11-26,246.0,250.5500030517578,245.6199951171875,250.19000244140625,243.89328002929688,8202096,0.01852303807799416,0.018353576044018362,236.9402862548828,238.56932800292964,239.1382182578468,238.24978593346242,0.013611539116977349,11,4,2
2025-11-27,250.3999938964844,251.9199981689453,247.69000244140625,249.5599975585937,243.2791290283203,5268129,-0.002518113663905752,-0.0025212894445559362,237.29512481689454,238.535793762207,239.77528145330427,238.62232986641487,0.01341036656293821,11,4,3
2025-11-28,251.0,251.9900054931641,248.6000061035156,249.52999877929688,243.24989318847656,7049965,-0.00012017405669162429,-0.00012018127817213735,237.66604919433593,238.4484490966797,240.30983710486925,238.96511233471574,0.013345713064280215,11,4,4
2025-12-01,250.1000061035156,250.75,248.8600006103516,250.27999877929688,243.98101806640625,3865446,0.003005653438717726,0.003001145493043643,238.13445663452148,238.37299743652343,240.87463417587492,239.33666090743355,0.013081656431186327,12,4,0
2025-12-02,250.0,251.4499969482422,248.8699951171875,250.1699981689453,243.873779296875,8535708,-0.00043953734754098583,-0.000439633972395453,238.6057876586914,238.24120025634767,241.33604111756725,239.67274375109588,0.008962700008520907,12,4,1
2025-12-03,250.6000061035156,257.1300048828125,250.5500030517578,254.69000244140625,248.280029296875,17215454,0.018067748048617105,0.017906466059957576,239.423184967041,238.21799926757808,242.4043469913069,240.31032045819063,0.009471428059691459,12,4,2
2025-12-04,256.0,258.79998779296875,255.5,256.92999267578125,250.4636383056641,10687381,0.008794944220737566,0.008756493979505104,240.24594268798828,238.34667694091794,243.64423796274647,241.06241807652202,0.009551283546011763,12,4,3
2025-12-05,258.20001220703125,261.1000061035156,257.70001220703125,259.9100036621094,253.36865234375,7886562,0.011598546031422963,0.011531798516696034,241.3874710083008,238.547102355957,245.14030171367008,241.97399098520557,0.00953071774716752,12,4,4
2025-12-08,260.010009765625,263.07000732421875,259.7099914550781,261.3800048828125,254.80165100097656,9684253,0.00565578513352305,0.005639851231703652,242.43736572265624,238.8744509887695,246.62666314248645,242.92418802341084,0.009443551998678064,12,4,0
2025-12-09,261.3800048828125,261.82000732421875,257.04998779296875,257.4100036621094,250.9315643310547,8560580,-0.015188624778208482,-0.01530515338474504,243.20358352661134,239.17489410400387,247.2889556330354,243.51732700916222,0.009973268224853608,12,4,1
2025-12-10,258.010009765625,260.3699951171875,257.25,257.9800109863281,251.4872283935547,7944200,0.002214404807865833,0.002211956627048714,243.8255271911621,239.60830474853512,247.93484375003837,244.10769007467275,0.009854719614397024,12,4,2
2025-12-11,258.3099975585937,259.9800109863281,257.7200012207031,259.25,252.72525024414065,6473376,0.004922802078237476,0.004910724708203996,244.50401000976564,239.99063385009762,248.67182936451565,244.7460278650037,0.009855429739603155,12,4,3
2025-12-12,259.5,260.82000732421875,257.3599853515625,260.6000061035156,254.04129028320312,4008271,0.005207394345405181,0.005193882753961984,245.29508743286132,240.40454803466793,249.49790027508294,245.43456582190734,0.009842381061829712,12,4,4
2025-12-15,259.989990234375,262.5,258.5400085449219,261.739990234375,255.152572631836,4023911,0.004374416250972457,0.004364876303220882,246.1573257446289,240.80754333496094,250.36784986842957,246.15441817819834,0.00973872901521306,12,4,0
2025-12-16,261.739990234375,261.75,258.79998779296875,259.2200012207031,252.69601440429688,2982041,-0.009627801131692815,-0.00967444805533677,247.05027236938477,241.1631622314453,250.72602902779377,246.63898086161305,0.009984102096988978,12,4,1
2025-12-17,259.0,262.1300048828125,258.3099975585937,261.1400146484375,254.5677032470703,4923276,0.0074068791594743555,0.007379582933728007,247.78480911254883,241.5337936401367,251.3170558307594,247.22629363090618,0.009697360843798379,12,4,2
2025-12-18,261.17999267578125,264.989990234375,261.0,263.8500061035156,257.2095031738281,9008412,0.010377592652410561,0.010324115098429995,248.64217529296874,241.9299658203125,252.2235861912315,247.9657906340856,0.009730175730713766,12,4,3
2025-12-19,267.0,267.0,263.29998779296875,264.45001220703125,257.7944030761719,12750745,0.002274021352735467,0.002271439679292025,249.61505813598632,242.3234085083008,253.08063494276078,248.69383600016607,0.009119078522728915,12,4,4
2025-12-22,267.510009765625,273.1000061035156,266.79998779296875,272.6700134277344,265.8075256347656,14651313,0.0310833845226115,0.030610079089948686,250.85309600830078,242.8355859375,255.03861812614613,249.96151671384013,0.010238402678285751,12,4,0
2025-12-23,272.0,272.4800109863281,270.2099914550781,271.3999938964844,264.5694580078125,7572420,-0.004657759873414213,-0.0046686410379818775,252.10867919921876,243.2781594848633,256.504901184864,251.04358643931957,0.010346239920005332,12,4,1
2025-12-24,270.94000244140625,270.9800109863281,267.20001220703125,268.0599975585937,261.31353759765625,4694861,-0.012306486299186181,-0.01238283816381758,252.9796920776367,243.72521759033202,257.2446914022167,251.8043235621593,0.010552756760725847,12,4,2
2025-12-26,267.20001220703125,268.8800048828125,265.739990234375,266.29998779296875,259.5978088378906,2899112,-0.006565785973198679,-0.0065874355623332746,253.79562606811524,244.07381744384764,257.60670946924347,252.38161876776906,0.01068867310273301,12,4,4
2025-12-29,265.989990234375,267.3900146484375,263.6000061035156,264.239990234375,257.58966064453125,3755074,-0.007735613032902711,-0.007765688087117945,254.51261444091796,244.3473550415039,257.6040865731339,252.76739964752923,0.010793633366137013,12,4,0
2025-12-30,264.0,264.7200012207031,263.0199890136719,263.6499938964844,257.0145263671875,5117699,-0.0022327537367170525,-0.0022352500477989187,255.16428985595704,244.53920227050781,257.5133850029883,253.08200162676317,0.010806665828789174,12,4,1
2025-12-31,264.0,264.6000061035156,261.260009765625,263.2799987792969,256.6538391113281,5705044,-0.0014033730348146367,-0.001404358685016594,255.80329284667968,244.9755374145508,257.3811471735021,253.3465821811754,0.010433844578541953,12,4,2
2026-01-01,264.5,268.04998779296875,263.75,267.3500061035156,260.62139892578125,3639755,0.015458797843004968,0.01534052794389485,256.420361328125,245.4845947265625,257.8796474430835,253.88545749559063,0.01012083376311119,1,1,3
2026-01-02,267.3500061035156,272.3999938964844,266.1499938964844,269.0,262.2298583984375,8286204,0.006171632411175576,0.006152665884152148,257.0086723327637,246.0234817504883,258.5489106669841,254.5035612661719,0.01013120649956466,1,1,4
2026-01-05,269.45001220703125,269.6499938964844,261.70001220703125,263.29998779296875,256.6733093261719,7006599,-0.02118961244994033,-0.021417334934113984,257.1739051818848,246.3939175415039,258.2603566145515,254.6642833446904,0.01090927107855297,1,1,0
2026-01-06,263.29998779296875,266.1000061035156,262.95001220703125,265.6000061035156,258.9154357910156,4083654,0.008735331580560057,0.00869739931221821,257.37959442138674,246.834931640625,258.3611380263152,254.97918352589969,0.010846067327368892,1,1,1
2026-01-07,265.0,272.5,264.5,270.79998779296875,263.98455810546875,10242615,0.019578293194325802,0.019389103762328885,258.0322441101074,247.35919616699218,259.2262795769542,255.64624830957146,0.011142691897301757,1,1,2
2026-01-08,270.8999938964844,270.8999938964844,261.3500061035156,262.20001220703125,255.6010284423828,9269522,-0.031757651747707505,-0.0322728632755711,258.2379341125488,247.7456198120117,258.668548633174,255.6428986897797,0.012477860622105158,1,1,3
2026-01-09,261.3500061035156,263.95001220703125,260.45001220703125,261.95001220703125,255.35731506347656,4735387,-0.0009534913861318772,-0.0009539462482046224,258.3695373535156,248.12911895751952,258.1591280839898,255.6217443470906,0.012463144959005037,1,1,4
2026-01-12,260.70001220703125,264.5,259.04998779296875,263.1000061035156,256.4783630371094,3802164,0.004390114978120474,0.004380506534543944,258.49139099121095,248.54205810546875,257.9005488460082,255.6851975833883,0.012467738456117351,1,1,0
2026-01-13,263.45001220703125,264.8500061035156,261.29998779296875,264.20001220703125,257.5506896972656,6931244,0.004180963444472274,0.004172247502388214,258.6112968444824,249.00081451416017,257.84672436158627,255.82338218441626,0.012473366437596202,1,1,1
2026-01-14,264.0,264.0,259.6000061035156,260.20001220703125,253.6513671875,5625861,-0.015140019676705307,-0.01525579987064107,258.65906448364257,249.38489868164064,257.20128479634224,255.6624921846447,0.012850724457048717,1,1,2
2026-01-15,260.20001220703125,260.20001220703125,260.20001220703125,260.20001220703125,253.6513671875,0,0.0,0.0,258.6132476806641,249.81928436279296,256.6551436257511,255.51351996263398,0.012459640874708878,1,1,3
2026-01-16,263.25,269.79998779296875,263.0,267.45001220703125,260.7189025878906,12028289,0.0278631866989556,0.02748207130740999,258.78871765136716,250.3534927368164,257.2803373122341,255.89910386080115,0.013337577261276809,1,1,4
2026-01-19,252.0,252.0,241.5500030517578,245.9499969482422,239.75997924804688,65833247,-0.08038896731999823,-0.08380448890539706,257.8869964599609,250.53793060302735,254.58489761005146,254.7036131487453,0.01988476361871414,1,1,0
2026-01-20,245.9499969482422,246.0,239.3999938964844,239.8999938964844,233.8622436523437,16796201,-0.024598498941316604,-0.024906096791351532,256.2897323608398,250.53910034179688,251.39679700117333,253.15980800086368,0.02026544331767349,1,1,1
2026-01-21,239.8999938964844,242.6000061035156,237.6000061035156,239.5500030517578,233.5210723876953,14397792,-0.0014588556892303206,-0.0014599208552663813,254.737313079834,250.49737762451173,248.6466855221767,251.7050868443327,0.020127081059052372,1,1,2
2026-01-22,242.0,242.8999938964844,239.1999969482422,240.6499938964844,234.59336853027344,8537915,0.004591860304571815,0.004581349876705957,253.40130462646485,250.4082778930664,246.4846367541916,250.4375521544024,0.020149699305374708,1,1,3
2026-01-23,242.3000030517578,243.5500030517578,237.8500061035156,238.3999938964844,232.3999938964844,13546802,-0.00934968728029495,-0.0093936699706879,252.04141387939453,250.27316589355468,244.31776862223663,249.10143672788996,0.020146334112051835,1,1,4
2026-01-27,235.1999969482422,236.3999938964844,231.75,234.8000030517578,234.8000030517578,15677537,0.010327062040898394,0.0102741022364263,250.90193099975585,250.20477111816408,242.8534969960091,248.04207127039868,0.020236137536842492,1,1,1
2026-01-28,235.5,238.1000061035156,234.9499969482422,237.3500061035156,237.3500061035156,10155128,0.01086031950006272,0.010801769761374739,249.91870498657227,250.19361511230468,242.00680608947167,247.25006644322215,0.020345563587012592,1,1,2
2026-01-29,236.1999969482422,240.8999938964844,235.4499969482422,239.8000030517578,239.8000030517578,12201949,0.010322295703559803,0.010269384607095578,249.07601318359374,250.29287353515625,241.66729792982338,246.69820989570627,0.0204203875094034,1,1,3
2026-01-30,238.0,238.0,235.3000030517578,236.8999938964844,236.8999938964844,11362317,-0.012093449200863748,-0.01216716991903839,247.88994293212892,250.23333404541015,240.93386654007892,245.9724161179861,0.020436221988648706,1,1,4
2026-02-02,244.0,244.0800018310547,239.2899932861328,242.3000030517578,242.3000030517578,12335721,0.022794467262134965,0.022538555016797617,246.89345016479493,250.2780905151367,241.14404138802954,245.7003855204877,0.020821579695679233,2,1,0
2026-02-03,259.2099914550781,259.8900146484375,242.27999877929688,242.69000244140625,242.69000244140625,25915412,0.0016095723678761775,0.0016082783945821542,246.19428482055665,250.36515563964844,241.38188155008748,245.47739418129652,0.020817478972316634,2,1,1
2026-02-04,235.91000366210932,235.9199981689453,226.259994506836,233.33999633789065,233.33999633789065,25995324,-0.03852654006945755,-0.039288317110613175,244.9155128479004,250.21102020263672,240.14466844051873,244.57832767437756,0.02090560639015422,2,1,2
2026-02-05,233.33999633789065,235.57000732421875,231.6999969482422,233.38999938964844,233.38999938964844,10102736,0.00021429267396300133,0.0002142697165676201,243.3857849121094,250.08966430664063,239.10548858653868,243.74956261624948,0.02092017005638313,2,1,3
2026-02-06,232.92999267578125,232.92999267578125,228.6000061035156,230.72000122070312,230.72000122070312,12279085,-0.011440071022442155,-0.011506012030546062,242.1417335510254,249.82619873046875,237.81541360717935,242.78440992028308,0.02090883590208558,2,1,4
2026-02-09,231.8500061035156,232.92999267578125,229.6100006103516,230.0800018310547,230.0800018310547,9112474,-0.0027739224439247145,-0.0027777768964054772,240.87786788940429,249.56221618652344,236.62535025700635,241.8433426544143,0.020903779237491614,2,1,0
2026-02-10,229.97999572753903,232.8600006103516,227.1999969482422,231.47000122070312,231.47000122070312,12435622,0.00604137421151929,0.00602319827867547,239.627449798584,249.32661834716797,235.8322196360366,241.0749469926579,0.02096553593440401,2,1,1
2026-02-11,231.47000122070312,233.0,229.5,229.8099975585937,229.8099975585937,7874912,-0.007171571492439965,-0.007197410824468008,238.24041519165038,249.0431979370117,234.90572393181463,240.24050629383834,0.020975938474824877,2,1,2
2026-02-12,226.1999969482422,226.259994506836,218.5,219.0800018310547,219.0800018310547,40899346,-0.046690726432836005,-0.047815901671780806,236.51184692382813,248.54732238769532,232.47099745477465,238.67306151881732,0.022400790910131845,2,1,3
2026-02-13,210.6499938964844,216.47999572753903,209.009994506836,214.08999633789065,214.08999633789065,23721186,-0.022777092621224848,-0.02304049802028349,234.53377838134764,247.86352172851562,229.64315112910018,236.85209372763757,0.022283281460583344,2,1,4
2026-02-16,214.6199951171875,216.91000366210932,210.1100006103516,213.259994506836,213.259994506836,20754327,-0.003876882830829209,-0.003884417421191724,232.16083297729492,247.1194488525391,227.12266549490568,235.104530822393,0.022164748918902997,2,1,0
2026-02-17,213.259994506836,219.38999938964844,212.259994506836,215.69000244140625,215.69000244140625,26941553,0.01139457937335897,0.011330150121361697,230.95733413696288,246.36587585449223,225.36379425590576,233.6664176089866,0.02222458754695587,2,1,1
2026-02-18,216.1999969482422,216.3999938964844,210.259994506836,211.9499969482422,211.9499969482422,22679760,-0.01733972576767928,-0.01749181955316814,229.86172180175782,245.50884277343755,223.30013313164983,232.05779385633886,0.022156968260763833,2,1,2
2026-02-19,214.0,215.44000244140625,210.3999938964844,211.2100067138672,211.2100067138672,14151588,-0.0034913434537849897,-0.003497452416477072,228.7461685180664,244.71441162109377,221.4401136827602,230.51351332726688,0.021617836473203283,2,1,3
2026-02-20,209.6999969482422,211.9600067138672,208.25,209.8600006103516,209.8600006103516,17690420,-0.006391771509881572,-0.006412286345549012,227.5095001220703,243.88186706542973,219.65855782546657,228.98362349638427,0.021113351097337016,2,1,4
2026-02-23,210.3600006103516,211.7400054931641,204.27999877929688,205.88999938964844,205.88999938964844,20946229,-0.018917379248817756,-0.01909860201394162,226.18400039672852,242.94516204833988,217.54031806610993,227.2729846736631,0.02121015185070161,2,1,0
2026-02-24,203.0,203.2899932861328,199.3600006103516,200.13999938964844,200.13999938964844,25036686,-0.027927534202951132,-0.02832492401151139,224.45100021362305,241.8671362304688,214.86334596203892,225.26313391188424,0.021435001819431768,2,1,1
2026-02-25,201.3099975585937,205.47999572753903,201.3099975585937,201.9199981689453,201.9199981689453,13979068,0.008893768285825887,0.00885445167194278,222.67949981689452,240.80248474121095,212.87206168617837,223.5340127457406,0.021544381920587347,2,1,2
2026-02-26,203.7100067138672,204.6300048828125,199.1199951171875,201.0800018310547,201.0800018310547,14378069,-0.004160045292729286,-0.004168722354154819,220.74349975585938,239.7701644897461,211.05789863154394,221.8707526779861,0.021509469525242197,2,1,3
2026-02-27,204.0,204.0,200.0500030517578,200.9600067138672,200.9600067138672,13288519,-0.0005967531136602533,-0.0005969312416687393,218.9465003967285,238.69801055908204,209.5043767980552,220.32180853249582,0.02150258643423831,2,1,4
2026-03-02,195.0,200.3600006103516,194.6999969482422,198.57000732421875,198.57000732421875,10486866,-0.01189291057822961,-0.011964197005045548,216.76000061035157,237.52522064208983,207.82216610977267,218.7105639985494,0.020447054783290935,3,1,0
2026-03-04,196.009994506836,197.1199951171875,194.509994506836,195.5500030517578,195.5500030517578,19562075,-0.015208763464111485,-0.015325602876214523,214.40300064086915,236.28033264160158,205.9341410239242,216.99496689137965,0.015427688772358093,3,1,2
2026-03-05,196.3999938964844,196.97000122070312,193.22000122070312,195.67999267578125,195.67999267578125,13149281,0.0006647385425457841,0.0006645177017429873,212.52000045776367,234.87778198242188,204.35657973959454,215.41607991244643,0.015100470225881006,3,1,3
2026-03-06,195.6000061035156,198.92999267578125,195.0,195.3999938964844,195.3999938964844,9022914,-0.0014309014195476033,-0.0014319261366132203,210.62050018310546,233.4943927001953,202.97864345603915,213.93340687422705,0.015100748992047965,3,1,4
2026-03-09,194.0,199.5,193.02999877929688,198.75,198.75,25862728,0.01714435111646062,0.016999045161765498,209.02200012207032,232.2431219482422,202.32808292434083,212.80871006872874,0.015565692957961286,3,1,0
2026-03-10,200.5,201.3099975585937,197.4199981689453,200.92999267578125,200.92999267578125,12982340,0.010968516607704482,0.010908798710425972,207.56449966430665,231.069765625,202.11299211687015,211.92880507665853,0.015827427450017112,3,1,1
2026-03-11,202.69000244140625,205.9499969482422,201.5800018310547,202.22999572753903,202.22999572753903,29199002,0.006469930319737971,0.006449090161848034,206.10249938964844,229.96257232666017,202.13099267235768,211.21037475450154,0.015716292646666328,3,1,2
2026-03-12,201.0599975585937,203.8000030517578,199.6999969482422,202.509994506836,202.509994506836,19042475,0.001384556125265446,0.0013835985112451022,204.73749923706055,228.87248168945314,202.1893006468928,210.56590214356336,0.015483277120680582,3,1,3
2026-03-13,200.6000061035156,202.07000732421875,196.0399932861328,197.5800018310547,197.5800018310547,12629652,-0.02434444130911717,-0.024645666034223412,203.66249923706056,227.69100494384764,201.48017775214848,209.60398360189606,0.015581260525319414,3,1,4
2026-03-16,196.2400054931641,198.2899932861328,192.7700042724609,195.1100006103516,195.1100006103516,12631649,-0.012501271372672207,-0.012580069673686075,202.7134994506836,226.38077697753906,200.50015049956434,208.53035523215203,0.015586652172162204,3,1,0
2026-03-17,195.0,195.1100006103516,188.25,191.32000732421875,191.32000732421875,21778468,-0.019424905306118734,-0.01961604811539875,201.61650009155272,224.9625799560547,199.08782078028042,207.2555146463792,0.014749929110468019,3,1,1
2026-03-18,193.0,198.0,192.69000244140625,194.3000030517578,194.3000030517578,24529164,0.015575975399630071,0.015455914995164322,200.5470001220703,223.7151138305664,198.3512334374308,206.29584712085168,0.015266456228299067,3,1,2
2026-03-19,191.97999572753903,192.7899932861328,187.67999267578125,188.41000366210932,188.41000366210932,13685195,-0.030313943886452255,-0.03078291336299143,199.37000045776367,222.3050051879883,196.82181347199673,204.9709698276115,0.014751618839551521,3,1,3
2026-03-20,191.19000244140625,192.3000030517578,188.41000366210932,190.8999938964844,190.8999938964844,24395304,0.013215806942186381,0.013129240032557938,198.35449981689453,220.8433139038086,195.91076430653328,203.9286753141947,0.015156228068279843,3,1,4
2026-03-23,189.41000366210932,190.6199951171875,187.0,187.5399932861328,187.5399932861328,12014988,-0.01760084189512101,-0.017757578567558868,197.2384994506836,219.4820932006836,194.62295338031782,202.7146988676716,0.015265915993606907,3,1,0
2026-03-24,191.5,191.5,187.8000030517578,188.7400054931641,188.7400054931641,11843191,0.006398700277227887,0.006378315505760626,196.38099975585936,218.14974700927735,193.71788447460185,201.67953639548585,0.015439566553114034,3,1,1
2026-03-25,189.0,190.6199951171875,187.8999938964844,189.0500030517578,189.0500030517578,13862888,0.0016424581412071149,0.001641110781953337,195.82649993896484,216.8011798095703,192.99974887108738,200.74401540706157,0.015337260765385581,3,1,2
2026-03-27,189.0500030517578,192.2899932861328,187.8999938964844,191.6000061035156,191.6000061035156,26269256,0.013488511031970907,0.013398350912731023,195.31050033569335,215.48216613769532,192.7844038299225,200.0666813845767,0.015768945641529433,3,1,4
2026-03-30,189.9900054931641,191.6300048828125,186.5,187.63999938964844,187.63999938964844,27946986,-0.02066809283778248,-0.02088466718479131,194.63850021362305,214.1619387817383,191.99295699295726,199.14618642198943,0.014073562815900473,3,1,0
2026-04-01,191.509994506836,194.4900054931641,190.41000366210932,191.17999267578125,191.17999267578125,11769673,0.018865877732080705,0.018690124117547266,194.14949951171874,212.9125112915039,191.86788555954558,198.5560979963444,0.014316791961648829,4,2,2
2026-04-02,190.5,195.33999633789065,188.5800018310547,194.91000366210932,194.91000366210932,16623045,0.019510467251945718,0.019322578024243548,193.96649932861328,211.5963333129883,192.33590372917075,198.2860169345492,0.014928585068456643,4,2,3
2026-04-06,197.0,201.17999267578125,196.1100006103516,197.2899932861328,197.2899932861328,23282287,0.01221071047820299,0.012136761127160405,194.05349884033203,210.74693359375,193.09807135331877,198.21223740503686,0.01495622474944146,4,2,0
2026-04-07,197.009994506836,205.2700042724609,197.009994506836,204.72000122070312,204.72000122070312,24771466,0.03766033852408546,0.03696850433789804,194.50549926757813,210.16408874511723,194.8860605636856,198.69429398397511,0.01641938073793799,4,2,1
2026-04-08,207.6999969482422,209.0,202.8000030517578,203.4199981689453,203.4199981689453,22084158,-0.006350151641296264,-0.006370399618227325,194.90649948120117,209.56206726074223,196.19897404141787,199.04434614582476,0.01644246271369949,4,2,2
2026-04-09,203.7100067138672,204.16000366210932,201.6300048828125,202.8699951171875,202.8699951171875,14540807,-0.0027037806346896787,-0.002707442451538937,195.11249923706055,208.9275997924805,197.22528497615167,199.32772755111088,0.016415462473548092,4,2,3
2026-04-10,208.6999969482422,208.6999969482422,200.6199951171875,204.8800048828125,204.8800048828125,51219565,0.009907871119452238,0.009859109979257048,195.30999984741212,208.37720001220706,198.40293419256105,199.73900735345916,0.016172247064716275,4,2,4
2026-04-13,203.009994506836,203.3999938964844,200.3099975585937,202.97000122070312,202.97000122070312,21930624,-0.009322547913847679,-0.00936627484007797,195.3470001220703,207.74059997558598,199.10555988919828,199.97834023251426,0.015404345089878277,4,2,0
2026-04-15,206.5,210.4900054931641,205.1000061035156,209.75,209.75,27890080,0.0334039451077528,0.03285815446357578,195.70900039672853,207.18859985351565,200.74316606009086,200.70216688195765,0.016473231429239024,4,2,2
2026-04-16,212.97999572753903,212.97999572753903,208.2100067138672,210.259994506836,210.259994506836,36305074,0.0024314398418878724,0.002428488674790996,196.34300003051757,206.59779968261722,202.20729351343627,201.4101541134301,0.016440443891360134,4,2,3
2026-04-17,205.0,206.4499969482422,202.5,204.32000732421875,204.32000732421875,80542603,-0.028250676960919097,-0.028657405891075304,196.80350036621093,205.9461999511719,202.53232640740282,201.62569879571075,0.017320689081733953,4,2,4
2026-04-20,204.5,205.1999969482422,202.0,202.47999572753903,202.47999572753903,27927164,-0.009005538032112348,-0.00904633299481967,197.36149978637695,205.14979980468755,202.52427553357762,201.68898004992025,0.017256216571610312,4,2,0
2026-04-21,203.0,205.6999969482422,202.47999572753903,205.009994506836,205.009994506836,21530723,0.012495055475511663,0.012417636505656787,197.89699935913086,204.39619964599612,202.90669383715584,201.9349811208029,0.017110975752667075,4,2,1
2026-04-22,203.5,205.3800048828125,202.1999969482422,204.0,204.0,21790433,-0.004926562284271019,-0.004938737797652041,198.6764991760254,203.8093997192383,203.07489478528572,202.0879454822249,0.01715323569961098,4,2,2
2026-04-23,204.0,204.8999938964844,202.3000030517578,202.759994506836,202.759994506836,20307250,-0.006078458299823564,-0.0060970073320192565,199.26949920654297,203.19679962158204,203.02644858860117,202.13772689145537,0.017201826909804856,4,2,3
2026-04-24,202.75,202.75,197.8800048828125,199.3600006103516,199.3600006103516,39363394,-0.016768563763054245,-0.016910747851553914,199.8604995727539,202.569599609375,202.46237966887048,201.9319693891514,0.017244127621020428,4,2,4
2026-04-27,199.3600006103516,205.25,199.3600006103516,205.0500030517578,205.0500030517578,42632215,0.02854134442208056,0.028141628060418446,200.6759994506836,202.06899963378908,202.86047557393007,202.16293484564076,0.017906664264740937,4,2,0
2026-04-28,204.5599975585937,205.67999267578125,201.0200042724609,201.5800018310547,201.5800018310547,23455983,-0.016922707481390464,-0.017067532710816104,201.30249938964843,201.47119964599608,202.6634796134877,202.1197546223381,0.01816019406828907,4,2,1
2026-04-29,201.5800018310547,203.6000061035156,200.3000030517578,200.67999267578125,200.67999267578125,15667662,-0.004464774020727202,-0.004474770891197859,201.75649871826172,200.88859954833987,202.3583277769175,202.0131055892598,0.01817678339841532,4,2,2
2026-04-30,200.88999938964844,202.1499938964844,200.0,200.6499938964844,200.6499938964844,15300274,-0.00014948565074601738,-0.00014949682483949848,202.40699844360353,200.51999938964846,202.09550717992778,201.91213435275793,0.017593356303420158,4,2,3
2026-05-01,200.6499938964844,200.6499938964844,200.6499938964844,200.6499938964844,200.6499938964844,0,0.0,0.0,202.8804985046387,200.25119934082034,201.87312052093648,201.81864246710805,0.017417971657240214,5,2,4
2026-05-04,202.3999938964844,203.3699951171875,200.0599975585937,200.75,200.75,8446995,0.0004984106980197023,0.0004982865326629336,203.17249832153323,200.0009994506836,201.70033274848473,201.7394837658408,0.016983608266038026,5,2,0
2026-05-05,200.0,202.3000030517578,199.6000061035156,199.77999877929688,199.77999877929688,8899200,-0.00483188652903177,-0.004843597833104309,203.29699859619143,199.6827993774414,201.40489675322505,201.5943367298005,0.016818383475479908,5,2,1
2026-05-06,200.509994506836,201.1300048828125,198.25,199.1199951171875,199.1199951171875,13166683,-0.003303652348293884,-0.0033091214563896075,203.01699829101565,199.42619934082032,201.05337342460388,201.41105216590321,0.015771075548553608,5,2,2
2026-05-07,199.5,200.27999877929688,197.19000244140625,197.3600006103516,197.3600006103516,19303572,-0.008838863750474157,-0.008878158223695832,202.71399841308596,199.14919921875,200.48516222241122,201.1109742728994,0.015742505292353912,5,2,3
2026-05-08,198.0,198.94000244140625,196.6999969482422,197.91000366210932,197.91000366210932,15970687,0.0027868010237981355,0.002782925093120245,202.46599884033205,198.91019927978516,200.08898398236477,200.87386533876682,0.015336432045220533,5,2,4
2026-05-11,197.8800048828125,198.2400054931641,196.1499938964844,196.67999267578125,196.67999267578125,9199527,-0.006215001584397251,-0.006234395102329163,202.0559982299805,198.7259991455078,199.5645237813519,200.56320810447158,0.01538192529978768,5,2,0
2026-05-12,196.1000061035156,196.13999938964844,189.1000061035156,189.57000732421875,189.57000732421875,27435195,-0.03615001838688803,-0.0368196172150405,201.38599853515626,198.5145993041992,198.0269058648699,199.74889693556395,0.016846670546163983,5,2,1
2026-05-13,190.6699981689453,191.3000030517578,187.3099975585937,187.8000030517578,187.8000030517578,17242394,-0.009336942575698282,-0.009380805065227824,200.28849868774415,198.23219940185547,196.4535362013142,198.86379368491166,0.016742259603074582,5,2,2
2026-05-14,188.25,190.17999267578125,187.0,188.3000030517578,188.3000030517578,18280387,0.0026624067724971834,0.00265886884579481,199.19049911499025,197.97659942626953,195.19914648599783,198.08129067504842,0.01631100402932905,5,2,3
2026-05-15,189.8999938964844,191.8999938964844,188.8000030517578,190.0,190.0,17902610,0.009028130221404806,0.008987620290487311,198.47449874877933,197.7573992919922,194.3992777958443,197.48267655097075,0.016020030870540748,5,2,4
2026-05-18,190.9900054931641,192.75,189.1999969482422,192.1699981689453,192.1699981689453,16327369,0.011421042994449015,0.011356315255542912,197.95899887084963,197.62939910888673,194.05631169939832,197.08914481896886,0.015744579777669375,5,2,0
2026-05-19,192.3999938964844,198.0,192.3999938964844,195.1699981689453,195.1699981689453,20534622,0.015611177751911898,0.015490576845236317,197.4669990539551,197.62179901123048,194.22764807932862,196.94698580785598,0.015850030605316912,5,2,1
2026-05-20,194.6100006103516,197.94000244140625,194.009994506836,197.1199951171875,197.1199951171875,16201692,0.0099912741022532,0.00994169131312776,197.12299880981448,197.6505990600586,194.67262454669154,196.9598013122509,0.014297645098930379,5,2,2
2026-05-21,198.5,200.0399932861328,197.5,199.7400054931641,199.7400054931641,18980608,0.013291449071003658,0.013203892742167494,196.97199935913088,197.73739929199218,195.45222161537964,197.16574236268892,0.014500127553698715,5,2,3
2026-05-22,200.0,205.3999938964844,198.8300018310547,203.1100006103516,203.1100006103516,40014399,0.016871908603721453,0.016731158891863288,197.15949935913085,197.8245993041992,196.63034146075995,197.60605778844172,0.014834454414402332,5,2,4
2026-05-25,207.0,209.5500030517578,204.0599975585937,206.83999633789065,206.83999633789065,72041558,0.018364411975433592,0.018197822614561977,197.2489990234375,197.94279937744142,198.20105759570313,198.29005323654906,0.015104240855216599,5,2,0
2026-05-26,206.9900054931641,208.69000244140625,202.94000244140625,203.72999572753903,203.72999572753903,46458415,-0.01503577966261016,-0.015149963000368598,197.35649871826172,197.97279937744142,199.05166346213943,198.69301193958535,0.015266561729800609,5,2,1
2026-05-27,203.8500061035156,205.9900054931641,200.1999969482422,201.5800018310547,201.5800018310547,39465643,-0.010553153397007242,-0.010609232812371926,197.4014991760254,197.95419952392578,199.4406385958187,198.90686304265716,0.01403317730077874,5,2,2
2026-05-28,201.5800018310547,201.5800018310547,201.5800018310547,201.5800018310547,201.5800018310547,0,0.0,0.0,197.4479995727539,198.0341995239258,199.76977140123964,199.1048733232792,0.014018327612116379,5,2,3
2026-05-29,211.0,211.0,203.6499938964844,204.25,204.25,82734524,0.013245352439192226,0.013158399729866873,197.62799987792968,198.21699951171874,200.45903733951047,199.4859938178511,0.013296960893285567,5,2,4
2026-06-01,205.1000061035156,207.75,205.1000061035156,206.41000366210932,206.41000366210932,26491139,0.01057529332734064,0.010519766047971937,197.91100006103517,198.51879943847655,201.3745706199103,199.9988834359443,0.013316460027381764,6,2,0
2026-06-02,208.0,210.17999267578125,206.509994506836,209.83999633789065,209.83999633789065,42476874,0.016617376168435172,0.016480818318621363,198.41399993896485,198.8295993041992,202.67694380729188,200.72785476201437,0.013462548419533331,6,2,1
2026-06-03,208.0,208.3999938964844,202.0,204.1000061035156,204.1000061035156,62282204,-0.027354128548174206,-0.027735218386371815,198.66300048828126,199.14339935302735,202.89587646824938,200.97764375027373,0.014386233212534273,6,2,2
2026-06-04,203.0,205.08999633789065,202.1000061035156,204.32000732421875,204.32000732421875,40659957,0.001077908937403782,0.0010773284106976135,199.0110008239746,199.41179962158202,203.1149735230139,201.22522623723262,0.01433921961402856,6,2,3
2026-06-05,191.5200042724609,199.0,188.1499938964844,198.3699951171875,198.3699951171875,43539069,-0.02912104538832394,-0.029553479005686507,199.03400039672852,199.62839965820314,202.38497684519444,201.0137276357478,0.015009566751535966,6,2,4
2026-06-08,193.38999938964844,193.88999938964844,181.0,181.759994506836,181.759994506836,75164049,-0.08373242435449535,-0.08744684381463191,198.28800048828126,199.48879943847658,199.21190263929313,199.58752518175433,0.02059208352083427,6,2,0
2026-06-09,183.97000122070312,184.3500061035156,180.6000061035156,181.6699981689453,181.6699981689453,28381665,-0.0004951383176197144,-0.0004952609390745598,197.89300003051758,199.3411993408203,196.51314810539347,198.2603009585833,0.02044898457775048,6,2,1
2026-06-10,182.1000061035156,182.2899932861328,178.5,178.92999267578125,178.92999267578125,16935979,-0.015082322457095954,-0.015197217401299474,197.44949951171876,199.08779907226562,193.80804727006853,196.82842627096832,0.02056227774701293,6,2,2
2026-06-11,176.97000122070312,178.1999969482422,175.8300018310547,177.3699951171875,177.3699951171875,14468882,-0.008718479977923188,-0.00875670828180914,196.90299911499022,198.8823989868164,191.2791161696253,195.38706100031789,0.020572132377697217,6,2,3
2026-06-12,178.64999389648438,180.4499969482422,177.57000732421875,180.13999938964844,180.13999938964844,13850153,0.015617096175882583,0.015496404278860267,196.40999908447264,198.66159912109376,189.5654058957827,194.2576490291572,0.02086942835517317,6,2,4
2026-06-15,183.0,183.0,180.91000366210932,181.3800048828125,181.3800048828125,13870660,0.006883565545494852,0.006859981972378006,195.87049942016603,198.3909991455078,188.30611343224885,193.3037494627613,0.0209426753711058,6,2,0
2026-06-16,182.38999938964844,183.3800048828125,181.6300048828125,182.6699981689453,182.6699981689453,11706020,0.007112103051084784,0.007086931324985209,195.24549942016603,198.09859924316407,187.43901877635602,192.51606418173787,0.021023122490636165,6,2,1
2026-06-17,184.0,185.25,183.5800018310547,184.47000122070312,184.47000122070312,16131548,0.009853851589208595,0.009805618986087736,194.6129997253418,197.69359924316407,186.9822468447171,191.92005951795753,0.0211482483832683,6,2,2
2026-06-18,184.47000122070312,184.759994506836,181.7100067138672,182.83999633789065,182.83999633789065,18165845,-0.00883615152613515,-0.008875421816335877,193.76799926757812,197.28199920654296,186.34497753597458,191.24746224535997,0.02114821956360736,6,2,3
2026-06-19,176.75999450683594,181.47999572753903,174.88999938964844,180.8000030517578,180.8000030517578,37469436,-0.011157259500065297,-0.011219968597237751,192.65249938964843,196.84059936523437,185.49190453840276,190.4735763791672,0.021185296603962133,6,2,4
2026-06-22,180.83999633789065,182.3999938964844,180.0,180.17999267578125,180.17999267578125,10368112,-0.0034292608711907757,-0.003435154263429068,191.31949920654296,196.34659912109376,184.67468732876867,189.71108869743495,0.02117584909600101,6,2,0
2026-06-23,179.5,179.5,174.0,174.49000549316406,174.49000549316406,23954730,-0.0315794617266737,-0.03208884568244594,189.8574996948242,195.77699920654297,183.1078132002141,188.58360105267414,0.02094198595072222,6,2,1
2026-06-24,171.5,175.49000549316406,171.49000549316406,174.47999572753906,174.47999572753906,56627728,-5.736583935977979e-05,-5.736748484247248e-05,188.50249938964845,195.07159912109375,181.7804566659564,187.53888954710857,0.02090663616612572,6,2,2
2026-06-25,176.0,176.38999938964844,172.69000244140625,175.0,175.0,21544904,0.002980308833070877,0.0029758765169641747,187.1734992980957,194.36639923095703,180.73730948657848,186.6100829139894,0.02090928232125476,6,2,3
2026-06-26,175.0,175.0,175.0,175.0,175.0,0,0.0,0.0,185.71099929809571,193.77999908447265,179.85464648864334,185.7500767722124,0.02080652230284366,6,2,4
2026-06-29,176.27999877929688,176.69000244140625,174.60000610351562,175.47999572753906,175.47999572753906,24484011,0.0027428327287946086,0.0027390780272174577,184.16449890136718,193.23999908447266,179.1816232946273,184.9893300281625,0.02066584905020061,6,2,0
2026-06-30,175.0,175.39999389648438,170.0500030517578,170.38999938964844,170.38999938964844,26845383,-0.02900613438464894,-0.0294351283056693,182.19199905395507,192.54759918212892,177.82906577078438,183.9078981290133,0.020898552389087367,6,2,1
2026-07-01,171.0,172.14999389648438,169.25,170.1300048828125,170.1300048828125,34638511,-0.00152587891171585,-0.0015270442505372745,180.4934989929199,191.87019927978517,176.64459486494255,182.88731344410954,0.020732134113385016,7,3,2
2026-07-02,169.49000549316406,174.97000122070312,169.0,174.0,174.0,43447174,0.022747281526578345,0.022492419820003974,178.97749862670898,191.29499938964844,176.23773411648986,182.22899392973105,0.021083703772231108,7,3,3
2026-07-03,176.1999969482422,178.13999938964844,174.58999633789062,176.0800018310547,176.0800018310547,29538753,0.01195403351180846,0.011883148402670057,177.86299896240234,190.8293994140625,176.21346761103828,181.7735130335328,0.020931446487034978,7,3,4
2026-07-06,176.0800018310547,176.3000030517578,173.6199951171875,173.77000427246094,173.77000427246094,5089594,-0.013119022799705227,-0.013205837296163325,177.4634994506836,190.20379943847655,175.83755017433407,181.18066053271266,0.020529363930885572,7,3,0
