Date,Open,High,Low,Close,Adj Close,Volume
2021-07-06,431.7000122070313,436.5,428.2000122070313,429.75,393.1126708984375,20195278
2021-07-07,429.3500061035156,434.0,427.5499877929688,432.8500061035156,395.9483337402344,14473774
2021-07-08,432.7999877929688,435.3999938964844,422.1000061035156,424.4500122070313,388.2644348144531,21433043
2021-07-09,425.0,427.5,421.0499877929688,423.75,387.6241149902344,16844494
2021-07-12,426.5,430.25,424.6000061035156,427.4500122070313,391.0086975097656,12886781
2021-07-13,430.0,431.7999877929688,428.2999877929688,429.1000061035156,392.5180358886719,12831125
2021-07-14,429.0,432.2999877929688,426.3999938964844,431.0499877929688,394.3017883300781,12767351
2021-07-15,432.7000122070313,432.9500122070313,429.6499938964844,431.7000122070313,394.8963928222656,11030732
2021-07-16,432.0,432.5,427.4500122070313,430.0,393.34130859375,8713863
2021-07-19,423.3999938964844,429.4500122070313,418.8500061035156,427.8999938964844,391.4203186035156,14426686
2021-07-20,427.0,427.0,418.8999938964844,420.8999938964844,385.01708984375,14623321
2021-07-22,425.5499877929688,426.7000122070313,420.8999938964844,422.0499877929688,386.0690612792969,11799761
2021-07-23,422.8999938964844,429.9500122070313,419.5,428.8999938964844,392.3350830078125,17704661
2021-07-26,427.7999877929688,427.7999877929688,422.2999877929688,423.2999877929688,387.2124938964844,14037519
2021-07-27,424.1499938964844,433.25,424.0,429.9500122070313,393.2955932617188,24119619
2021-07-28,430.0,430.5,421.0499877929688,425.5,389.2249450683594,17636515
2021-07-29,426.0,443.6000061035156,425.5,441.5499877929688,403.9065856933594,35263606
2021-07-30,441.5,444.3999938964844,430.7000122070313,431.7999877929688,394.9878540039063,35196813
2021-08-02,434.75,436.7000122070313,431.7999877929688,434.8999938964844,397.8235778808594,16926025
2021-08-03,434.9500122070313,447.8999938964844,433.6000061035156,446.5,408.43463134765625,40922962
2021-08-04,448.6499938964844,467.4500122070313,441.5,456.9500122070313,417.9937744140625,129761158
2021-08-05,461.0,462.5,438.3999938964844,441.8500061035156,404.18109130859375,58595639
2021-08-06,443.7000122070313,447.0,434.0,435.6499938964844,398.5096130371094,38236066
2021-08-09,437.8999938964844,441.7999877929688,431.0,433.3999938964844,396.4514465332031,22196404
2021-08-10,434.3999938964844,436.3999938964844,421.7000122070313,426.4500122070313,390.0939636230469,27794251
2021-08-11,429.7999877929688,432.8999938964844,423.1499938964844,428.0499877929688,391.5575256347656,23827946
2021-08-12,430.0,430.4500122070313,425.0,427.1499938964844,390.7342834472656,16847144
2021-08-13,427.6000061035156,432.25,425.0,431.2000122070313,394.4390258789063,20908992
2021-08-16,430.0,434.0,424.0,424.8500061035156,388.6303405761719,17608693
2021-08-17,424.8500061035156,425.8500061035156,415.25,421.5,385.5659790039063,22957877
2021-08-18,422.1499938964844,424.3500061035156,418.0,419.7000122070313,383.91943359375,17668574
2021-08-20,415.0,417.3500061035156,405.1499938964844,406.7000122070313,372.0277099609375,25541790
2021-08-23,411.1000061035156,413.0,401.25,409.5,374.5889587402344,26559937
2021-08-24,409.5,418.75,408.2000122070313,417.6000061035156,381.9984436035156,19012313
2021-08-25,419.0,421.2999877929688,414.2999877929688,416.25,380.7635192871094,16410980
2021-08-26,414.5,415.7999877929688,410.0,410.75,375.732421875,15897679
2021-08-27,410.3500061035156,414.3500061035156,407.5,412.4500122070313,377.28753662109375,15090541
2021-08-30,414.3999938964844,423.2999877929688,413.5,422.7000122070313,386.6636657714844,20308691
2021-08-31,423.8500061035156,427.0,418.7000122070313,426.0499877929688,389.7280578613281,26262421
2021-09-01,427.5,432.5499877929688,425.1499938964844,429.8999938964844,393.2498474121094,18776721
2021-09-02,431.3999938964844,433.5,427.75,429.75,393.1126708984375,14372717
2021-09-03,431.25,434.2999877929688,428.2000122070313,431.3999938964844,394.6219482421875,14233624
2021-09-06,432.0,433.8500061035156,430.0499877929688,431.0499877929688,394.3017883300781,10694099
2021-09-07,431.0499877929688,431.7000122070313,425.1000061035156,429.1000061035156,392.5180358886719,14928735
2021-09-08,429.0,435.3999938964844,427.3500061035156,431.3500061035156,394.5762023925781,22817464
2021-09-09,430.25,433.7999877929688,430.0,432.2999877929688,395.4452209472656,9662128
2021-09-13,430.1000061035156,433.7999877929688,428.7999877929688,432.8500061035156,395.9483337402344,9567921
2021-09-14,435.0,436.75,432.25,433.0,396.0855407714844,9981562
2021-09-15,433.0,445.0,431.4500122070313,443.8500061035156,406.0105590820313,22181568
2021-09-16,444.8500061035156,466.1000061035156,442.75,463.7000122070313,424.1682739257813,42637448
2021-09-17,468.0,471.8999938964844,450.3500061035156,454.1000061035156,415.3867492675781,41529478
2021-09-20,449.3999938964844,453.5,435.6499938964844,437.4500122070313,400.1562194824219,18376916
2021-09-21,440.1499938964844,441.3500061035156,432.6499938964844,438.7999877929688,401.3910827636719,17279588
2021-09-22,438.8999938964844,442.7999877929688,436.1000061035156,438.8500061035156,401.4367980957031,14321143
2021-09-23,442.3999938964844,451.1499938964844,442.0499877929688,449.7999877929688,411.4532775878906,20516770
2021-09-24,451.1000061035156,451.8999938964844,440.0,440.75,403.17486572265625,10731274
2021-09-27,444.8999938964844,450.5499877929688,442.25,446.6000061035156,408.526123046875,11746892
2021-09-28,449.2000122070313,455.7999877929688,439.6000061035156,444.8999938964844,406.9710083007813,19241170
2021-09-29,441.8500061035156,462.2999877929688,439.1000061035156,460.0,420.7837219238281,38635938
2021-09-30,459.9500122070313,464.8999938964844,451.3999938964844,453.0,414.3804931640625,26530369
2021-10-01,448.5,455.5499877929688,443.7999877929688,451.6499938964844,413.14556884765625,14777309
2021-10-04,453.7999877929688,464.3999938964844,451.6000061035156,463.1499938964844,423.6651611328125,16246765
2021-10-05,462.0,469.0,458.7000122070313,464.7000122070313,425.08306884765625,16487568
2021-10-06,465.0,471.0,453.6499938964844,457.2000122070313,418.222412109375,19056690
2021-10-07,462.1000061035156,464.0,457.1000061035156,457.8999938964844,418.8627624511719,9984651
2021-10-08,461.8999938964844,464.0,454.25,458.0,418.9542541503906,16521128
2021-10-11,460.0,474.9500122070313,458.6499938964844,469.25,429.2451477050781,20686981
2021-10-12,470.0,484.3999938964844,468.1000061035156,483.0,441.8229064941406,33763609
2021-10-13,486.1499938964844,486.1499938964844,478.0,481.7000122070313,440.6337585449219,17638983
2021-10-14,482.0,493.8999938964844,482.0,490.6000061035156,448.7749938964844,23431826
2021-10-18,494.0,501.0,491.7000122070313,497.9500122070313,455.4983825683594,20084248
2021-10-19,500.3500061035156,504.2000122070313,483.25,488.2000122070313,446.5796203613281,20645100
2021-10-20,488.7999877929688,507.5,483.1000061035156,499.8999938964844,457.2821350097656,34080545
2021-10-21,504.8999938964844,506.5,491.75,502.9500122070313,460.0721435546875,20808243
2021-10-22,504.6000061035156,508.7000122070313,500.0,502.9500122070313,460.0721435546875,24080485
2021-10-25,506.5,515.4500122070312,497.8500061035156,506.5,463.3194580078125,35619415
2021-10-26,507.6000061035156,518.2000122070312,507.6000061035156,512.5499877929688,468.8536682128906,21107457
2021-10-27,513.7000122070312,526.8499755859375,512.75,519.1500244140625,474.89105224609375,29463032
2021-10-28,519.5999755859375,520.5499877929688,497.6000061035156,501.3500061035156,458.6085205078125,28140401
2021-10-29,501.5,512.6500244140625,488.3999938964844,502.1499938964844,459.34033203125,31355893
2021-11-01,508.5,516.9500122070312,501.0,515.7000122070312,471.7351684570313,20679604
2021-11-02,514.7999877929688,525.0,512.0499877929688,521.7000122070312,477.2236328125,26797820
2021-11-03,524.0,542.2999877929688,515.2000122070312,527.6500244140625,482.6663818359375,80775924
2021-11-04,531.5,535.9000244140625,528.0499877929688,530.4500122070312,485.2276611328125,9796046
2021-11-08,534.4500122070312,534.4500122070312,516.4500122070312,523.25,478.6415100097656,36802110
2021-11-09,526.25,532.0,522.2000122070312,529.1500244140625,484.03851318359375,25451967
2021-11-10,525.5499877929688,528.5,521.5,524.4000244140625,479.69342041015625,15805538
2021-11-11,522.8499755859375,522.8499755859375,507.1000061035156,509.6000061035156,466.1551818847656,23086898
2021-11-12,512.0,513.0,502.7000122070313,511.3500061035156,467.7560119628906,19836221
2021-11-15,512.4000244140625,515.9000244140625,505.5,506.5499877929688,463.36517333984375,13328183
2021-11-16,507.3999938964844,507.3999938964844,493.5,495.1000061035156,452.891357421875,19553216
2021-11-17,493.8500061035156,505.3999938964844,491.0,498.1499938964844,455.6813354492188,20488483
2021-11-18,499.1000061035156,506.2000122070313,492.2999877929688,503.7999877929688,460.84967041015625,22471070
2021-11-22,506.0,506.0,477.5,486.3999938964844,444.9330139160156,28800269
2021-11-23,485.25,495.3999938964844,480.0,493.0499877929688,451.01611328125,20000371
2021-11-24,495.7999877929688,500.0,489.0499877929688,493.1499938964844,451.1075744628906,13963769
2021-11-25,490.0,495.4500122070313,486.2999877929688,490.5499877929688,448.729248046875,12894211
2021-11-26,486.25,487.8999938964844,467.1000061035156,470.5,430.3885803222656,26305817
2021-11-29,470.0,477.75,454.2999877929688,465.1000061035156,425.4489440917969,22407465
2021-11-30,468.0,477.25,458.0,460.5499877929688,421.2868347167969,23026652
2021-12-01,464.4500122070313,477.25,464.0,475.2999877929688,434.77935791015625,17156956
2021-12-02,474.5,478.1499938964844,470.9500122070313,477.0,436.33441162109375,12962679
2021-12-03,475.75,481.5,470.0499877929688,473.1499938964844,432.8126525878906,16653993
2021-12-06,473.1499938964844,477.0,463.7999877929688,465.2999877929688,425.6318664550781,14353300
2021-12-07,469.2000122070313,479.7000122070313,469.2000122070313,476.7000122070313,436.05999755859375,13644942
2021-12-08,480.8999938964844,492.3999938964844,480.25,491.5499877929688,449.64398193359375,20397660
2021-12-09,492.2999877929688,493.5,486.1000061035156,488.6499938964844,446.9912109375,12560970
2021-12-10,488.5,495.9500122070313,484.3999938964844,494.7000122070313,452.5254821777344,13261408
2021-12-13,497.75,500.4500122070313,486.3500061035156,487.7999877929688,446.2136840820313,14047645
2021-12-14,486.0,490.3500061035156,481.7999877929688,488.5499877929688,446.8997497558594,11642447
2021-12-15,490.0,491.0,483.5,484.7999877929688,443.4694519042969,8639835
2021-12-16,488.3500061035156,490.5499877929688,478.25,481.1499938964844,440.1306457519531,11107781
2021-12-17,480.0499877929688,481.3999938964844,466.5,467.7999877929688,427.9187622070313,12648603
2021-12-20,459.0,464.0,443.0,449.2000122070313,410.9044494628906,22336114
2021-12-21,457.0499877929688,458.25,444.5,446.0,407.9772644042969,16617447
2021-12-22,450.0,457.2999877929688,449.0,455.8500061035156,416.987548828125,13102553
2021-12-23,461.0,465.0,457.75,461.7999877929688,422.4302673339844,14471377
2021-12-24,462.6000061035156,463.6000061035156,452.2000122070313,456.9500122070313,417.9937744140625,13221159
2021-12-27,453.7000122070313,460.5,450.5499877929688,458.0499877929688,418.9999694824219,8856482
2021-12-28,461.2000122070313,462.8999938964844,459.0499877929688,461.2000122070313,421.8814392089844,8832210
2021-12-29,461.0,462.1499938964844,451.3999938964844,454.3999938964844,415.6611328125,11757303
2021-12-30,452.75,454.8999938964844,448.5,451.7000122070313,413.1913146972656,28879190
2021-12-31,454.25,461.3999938964844,453.1000061035156,460.4500122070313,421.19537353515625,10005842
2022-01-03,462.0,472.0,460.1000061035156,470.7999877929688,430.6629943847656,13124509
2022-01-04,472.5,484.7000122070313,471.0499877929688,483.5,442.2802734375,23296671
2022-01-05,481.8999938964844,495.0,479.1499938964844,492.3999938964844,450.4215393066406,24694169
2022-01-06,487.7000122070313,494.3999938964844,485.3999938964844,491.7000122070313,449.78125,18190843
2022-01-07,493.4500122070313,501.9500122070313,489.4500122070313,491.25,449.36956787109375,22746330
2022-01-10,493.3500061035156,504.9500122070313,492.5,503.6499938964844,460.71240234375,15832274
2022-01-11,503.0,507.7999877929688,499.25,505.9500122070313,462.8163757324219,16107950
2022-01-12,509.8999938964844,513.5,508.5,510.25,466.749755859375,14489616
2022-01-13,510.0,512.8499755859375,507.0,511.3500061035156,467.7560119628906,10450974
2022-01-14,509.0,510.3500061035156,505.1499938964844,508.3500061035156,465.0117492675781,8724574
2022-01-17,508.0,518.9000244140625,507.5499877929688,514.0,470.1800842285156,17422211
2022-01-18,514.0,517.4500122070312,505.0,506.7999877929688,463.5938720703125,12592506
2022-01-19,505.0,517.6500244140625,500.2999877929688,515.7999877929688,471.8266296386719,16079457
2022-01-20,516.0,519.1500244140625,508.0,511.3999938964844,467.8017272949219,17724642
2022-01-21,505.2999877929688,507.5,498.0,502.7000122070313,459.8434753417969,16947941
2022-01-24,502.3999938964844,506.7999877929688,488.0,494.1499938964844,452.0223388671875,20233933
2022-01-25,490.0,517.5,489.0,514.6500244140625,470.7747192382813,21791739
2022-01-27,503.5499877929688,530.8499755859375,503.2000122070313,528.9500122070312,483.8555603027344,35409230
2022-01-28,534.0,536.4000244140625,521.4000244140625,523.4500122070312,478.824462890625,24715250
2022-01-31,529.0,540.9000244140625,527.0499877929688,538.2999877929688,492.4084167480469,28674232
2022-02-01,543.9500122070312,543.9500122070312,520.0,532.2999877929688,486.9199523925781,32245356
2022-02-02,536.6500244140625,544.25,531.3499755859375,539.7999877929688,493.7805480957031,21661864
2022-02-03,537.1500244140625,544.7000122070312,537.1500244140625,540.0999755859375,494.0549621582031,22717677
2022-02-04,542.1500244140625,546.4000244140625,527.2999877929688,530.2999877929688,485.0904846191406,25332894
2022-02-07,531.9000244140625,549.0,525.25,533.25,487.7889404296875,52289545
2022-02-08,535.5,537.6500244140625,519.0,531.3499755859375,486.0509033203125,26567546
2022-02-09,534.9500122070312,536.5,527.75,535.25,489.6184692382813,14856155
2022-02-10,537.0999755859375,543.9500122070312,534.4000244140625,540.5499877929688,494.4666137695313,18659370
2022-02-11,536.25,537.7000122070312,527.0999755859375,529.5999755859375,484.4501037597656,14607095
2022-02-14,515.0,515.5999755859375,499.7000122070313,501.3999938964844,458.6542663574219,26153332
2022-02-15,502.0,526.8499755859375,497.1000061035156,524.7999877929688,480.059326171875,23842951
2022-02-16,526.5,528.0,514.0,516.7000122070312,472.64990234375,19773807
2022-02-17,520.0,520.0,511.1499938964844,512.9500122070312,469.2196044921875,16408356
2022-02-18,510.1000061035156,520.9000244140625,510.1000061035156,515.2999877929688,471.3692321777344,15111223
2022-02-21,511.5499877929688,517.5,504.6499938964844,511.8500061035156,468.21337890625,16866932
2022-02-22,500.8999938964844,505.2999877929688,495.5,498.3999938964844,455.9100341796875,27108772
2022-02-23,503.0,505.3500061035156,497.25,498.7000122070313,456.1844482421875,13899433
2022-02-24,480.0,487.9500122070313,468.0,472.6499938964844,432.3552856445313,32356037
2022-02-25,480.0,491.8999938964844,479.2999877929688,482.9500122070313,441.7771606445313,21792287
2022-02-28,476.8999938964844,485.2999877929688,473.1000061035156,483.2000122070313,442.005859375,18069367
2022-03-02,478.0,479.7999877929688,467.0,474.25,433.8188781738281,22003848
2022-03-03,480.0,483.3999938964844,464.6000061035156,467.3999938964844,427.5528259277344,20358590
2022-03-04,460.2999877929688,470.8999938964844,457.6499938964844,461.9500122070313,422.5674743652344,20684268
2022-03-07,447.5,453.9500122070313,433.4500122070313,440.2999877929688,402.7632141113281,33720472
2022-03-08,438.0,442.1000061035156,425.0,440.2999877929688,402.7632141113281,42510207
2022-03-09,442.0,454.2999877929688,438.5499877929688,451.7000122070313,413.1913146972656,32331325
2022-03-10,469.8999938964844,476.6499938964844,461.6499938964844,468.7000122070313,428.7420349121094,34553299
2022-03-11,466.3999938964844,474.7999877929688,462.0,470.3500061035156,430.25140380859375,22091309
2022-03-14,471.0,486.0,470.5499877929688,485.1499938964844,443.7896423339844,27750689
2022-03-15,489.0,490.5,480.6499938964844,485.8500061035156,444.429931640625,27204899
2022-03-16,493.0,494.2999877929688,489.3999938964844,492.75,450.74169921875,16211288
2022-03-17,499.0,503.5,498.2999877929688,501.8999938964844,459.1116638183594,22947673
2022-03-21,502.0,502.0,489.0,490.6000061035156,448.7749938964844,19064060
2022-03-22,490.6000061035156,495.7999877929688,477.25,493.7000122070313,451.6107177734375,26157969
2022-03-23,498.5,502.3999938964844,489.2000122070313,490.6499938964844,448.8207092285156,15800195
2022-03-24,485.0,494.7999877929688,483.5,487.1000061035156,445.5733642578125,18174877
2022-03-25,491.75,493.2999877929688,486.6000061035156,490.7000122070313,448.8664855957031,11541196
2022-03-28,490.9500122070313,498.6000061035156,481.9500122070313,497.5,455.0867309570313,16738684
2022-03-29,500.0,501.3999938964844,491.7000122070313,495.0,452.7998962402344,14301429
2022-03-30,499.2999877929688,500.3999938964844,492.2999877929688,494.2999877929688,452.1595458984375,16461225
2022-03-31,494.2999877929688,497.5499877929688,492.2000122070313,493.5499877929688,451.4734802246094,10240982
2022-04-01,491.0,509.75,491.0,508.2000122070313,464.87451171875,18527226
2022-04-04,509.2999877929688,514.9000244140625,506.0,512.4000244140625,468.7165222167969,16257176
2022-04-05,514.4000244140625,516.4000244140625,507.7000122070313,509.3999938964844,465.9722595214844,13602384
2022-04-06,507.0,515.2000122070312,506.0,513.9500122070312,470.1343383789063,13738275
2022-04-07,510.0499877929688,519.9000244140625,510.0499877929688,514.9500122070312,471.0491027832031,19620958
2022-04-08,519.5,519.5,512.3499755859375,516.0999755859375,472.1010437011719,13572638
2022-04-11,513.5,522.0,513.2000122070312,514.9000244140625,471.00335693359375,12370288
2022-04-12,512.75,516.7000122070312,504.3500061035156,512.8499755859375,469.1281127929688,14460680
2022-04-13,514.2999877929688,520.9000244140625,513.75,517.7000122070312,473.5646362304688,15440525
2022-04-18,512.0,515.0,504.0,509.5,466.063720703125,14492183
2022-04-19,513.25,520.9500122070312,505.1000061035156,511.7999877929688,468.1676330566406,20362934
2022-04-20,512.0,513.7000122070312,507.0,509.2999877929688,465.8807678222656,11881305
2022-04-21,513.4000244140625,518.0,512.2000122070312,516.2999877929688,472.2839965820313,10035638
2022-04-22,512.9000244140625,513.5,499.0,500.6000061035156,457.9224548339844,16760456
2022-04-25,495.0,499.2000122070313,490.0499877929688,494.75,452.5711975097656,14057444
2022-04-26,499.0,507.8999938964844,498.4500122070313,505.5,462.40472412109375,12137213
2022-04-27,500.0,502.7999877929688,491.8500061035156,497.25,454.8580627441406,12367342
2022-04-28,499.1499938964844,510.0,496.5,507.5,464.2342529296875,12154792
2022-04-29,508.1000061035156,512.5,494.0,496.2999877929688,453.989013671875,12894773
2022-05-02,492.6499938964844,495.0,481.2999877929688,491.0,449.1408996582031,18590895
2022-05-04,492.0,496.4500122070313,477.5,479.6499938964844,438.7585144042969,14645323
2022-05-05,485.0,494.0,478.6499938964844,480.0,439.0786437988281,14130385
2022-05-06,471.0,486.1000061035156,471.0,483.9500122070313,442.6919555664063,16710020
2022-05-09,477.1000061035156,483.7000122070313,473.7999877929688,475.8999938964844,435.32818603515625,13544947
2022-05-10,477.0,482.5499877929688,473.5,475.2000122070313,434.68792724609375,10884328
2022-05-11,475.25,479.0,463.6499938964844,476.5499877929688,435.9227600097656,14771351
2022-05-12,473.0,473.0,456.3500061035156,462.6499938964844,423.2077941894531,18947096
2022-05-13,469.4500122070313,477.0,439.75,444.6499938964844,406.7423400878906,61403008
2022-05-16,445.0,461.5,438.8500061035156,455.0,416.2099914550781,27940958
2022-05-17,458.2999877929688,469.6499938964844,456.1499938964844,467.2999877929688,427.4613952636719,16880698
2022-05-18,467.8999938964844,468.6000061035156,457.1000061035156,458.0,418.9542541503906,15644497
2022-05-19,449.0499877929688,450.0,444.4500122070313,447.5,409.349365234375,14201420
2022-05-20,454.8500061035156,464.0,454.1499938964844,462.3999938964844,422.9790954589844,13596860
2022-05-23,463.1000061035156,471.3999938964844,459.5,460.8999938964844,421.6069641113281,13499415
2022-05-24,462.3999938964844,466.7999877929688,460.2000122070313,462.0499877929688,422.6589050292969,17175179
2022-05-25,461.0,464.4500122070313,452.0499877929688,454.1000061035156,421.8692932128906,12728644
2022-05-26,456.8500061035156,470.1000061035156,452.5,468.8999938964844,435.6188049316406,17055257
2022-05-27,471.3999938964844,475.0,467.5,468.9500122070313,435.665283203125,10977001
2022-05-30,473.0,476.8999938964844,471.1000061035156,474.6000061035156,440.914306640625,9365470
2022-05-31,474.0,476.3999938964844,465.0,468.1000061035156,434.8756408691406,15441579
2022-06-01,468.0,472.0,464.7000122070313,468.2999877929688,435.0614013671875,9424008
2022-06-02,466.8999938964844,472.3500061035156,466.1499938964844,469.8500061035156,436.50140380859375,9370989
2022-06-03,473.25,475.5,463.5,464.5,431.5311279296875,11306291
2022-06-06,464.2000122070313,465.6000061035156,456.5,463.7000122070313,430.7879333496094,10661432
2022-06-07,461.8500061035156,465.9500122070313,460.5,463.3999938964844,430.5092468261719,7672515
2022-06-08,466.6000061035156,475.5499877929688,463.2000122070313,471.2999877929688,437.8484802246094,17168871
2022-06-09,468.9500122070313,470.8999938964844,462.4500122070313,466.9500122070313,433.8072509765625,12635601
2022-06-10,462.0,464.1499938964844,458.6000061035156,461.8500061035156,429.0692138671875,8621104
2022-06-13,454.0,454.0499877929688,442.1000061035156,445.8500061035156,414.2048645019531,13426836
2022-06-14,445.0,449.25,443.3500061035156,448.1000061035156,416.295166015625,11351101
2022-06-15,448.9500122070313,455.4500122070313,448.6000061035156,451.3500061035156,419.3144836425781,9920926
2022-06-16,455.1499938964844,457.75,440.1499938964844,441.6000061035156,410.2565002441406,10780703
2022-06-17,440.0,447.5499877929688,437.25,441.0,409.6991271972656,14326050
2022-06-20,441.5,443.4500122070313,430.7000122070313,434.7000122070313,403.8462524414063,12368534
2022-06-21,439.5,454.9500122070313,437.6000061035156,450.75,418.7570495605469,13801891
2022-06-22,448.75,451.2000122070313,444.6499938964844,447.6499938964844,415.8771057128906,11066447
2022-06-23,449.0,456.4500122070313,446.0,451.3999938964844,419.3609008789063,12229833
2022-06-24,455.7999877929688,460.3500061035156,453.2000122070313,454.25,422.0086669921875,10833364
2022-06-27,459.9500122070313,464.8500061035156,458.0499877929688,461.2000122070313,428.4653625488281,9509175
2022-06-28,458.8999938964844,465.75,458.0,464.25,431.2988586425781,13261290
2022-06-29,460.0,462.7000122070313,458.0,459.1000061035156,426.514404296875,11800876
2022-06-30,459.0,469.2999877929688,458.6000061035156,465.8999938964844,432.831787109375,16926328
2022-07-01,463.3500061035156,468.7999877929688,460.5499877929688,466.8500061035156,433.71435546875,9405495
2022-07-04,466.8500061035156,474.1499938964844,466.8500061035156,473.4500122070313,439.8458862304688,9186358
2022-07-05,475.1499938964844,480.0,471.0,472.1499938964844,438.6381530761719,12003244
2022-07-06,475.1499938964844,481.0,473.8999938964844,479.9500122070313,445.8845520019531,12059857
2022-07-07,484.0,488.25,481.6000061035156,486.75,452.2018737792969,11497832
2022-07-08,489.0,489.8999938964844,485.1499938964844,488.5499877929688,453.87408447265625,9057231
2022-07-11,485.0,491.2999877929688,485.0,488.2000122070313,453.5489807128906,7704792
2022-07-12,485.0,491.3500061035156,483.1000061035156,484.9500122070313,450.5296630859375,7364457
2022-07-13,487.75,492.4500122070313,484.5499877929688,486.5,451.9696044921875,8208853
2022-07-14,486.6000061035156,488.8999938964844,476.7999877929688,479.3500061035156,445.3271484375,9385630
2022-07-15,482.5499877929688,484.3999938964844,474.7000122070313,479.1000061035156,445.0948791503906,6945602
2022-07-18,484.5499877929688,491.5,482.1000061035156,490.2999877929688,455.4999084472656,9934786
2022-07-19,488.0,498.5499877929688,488.0,497.9500122070313,462.60693359375,11724183
2022-07-20,501.0,510.6000061035156,500.3999938964844,508.6000061035156,472.5010681152344,19280117
2022-07-21,509.7999877929688,513.4000244140625,506.75,512.0499877929688,475.7061462402344,13814893
2022-07-22,513.4500122070312,520.2000122070312,511.2000122070313,513.7000122070312,477.2390441894531,14699129
2022-07-25,513.4000244140625,519.0,509.1499938964844,517.7999877929688,481.0480041503906,10229778
2022-07-26,517.7000122070312,520.7999877929688,513.0999755859375,514.2000122070312,477.7035827636719,8862656
2022-07-27,515.2999877929688,529.9500122070312,512.25,528.2000122070312,490.7098693847656,15101546
2022-07-28,533.2000122070312,537.5,529.5499877929688,532.4500122070312,494.6582336425781,12160734
2022-07-29,535.0499877929688,537.0,526.75,528.3499755859375,490.8492431640625,11921058
2022-08-01,529.0499877929688,535.0,526.4000244140625,533.75,495.8659973144531,8295631
2022-08-02,531.9000244140625,544.9000244140625,531.0999755859375,542.0999755859375,503.6232604980469,16845027
2022-08-03,541.9000244140625,546.4000244140625,534.6500244140625,540.8499755859375,502.4620361328125,24262125
2022-08-04,543.6500244140625,544.0,524.2000122070312,533.25,495.4014587402344,18072293
2022-08-05,535.5499877929688,542.9000244140625,529.0,531.0499877929688,493.3576049804688,21110734
2022-08-08,524.0,524.0,513.8499755859375,520.4000244140625,483.4635009765625,32566317
2022-08-10,521.5499877929688,523.5,513.4000244140625,514.7000122070312,478.1680908203125,16904151
2022-08-11,520.0,526.0,517.2000122070312,524.75,487.5047912597656,13862195
2022-08-12,525.7000122070312,531.7999877929688,525.1500244140625,530.7000122070312,493.032470703125,12154012
2022-08-16,533.2999877929688,533.8499755859375,525.0,525.9500122070312,488.61956787109375,10721167
2022-08-17,528.8499755859375,530.5499877929688,524.3499755859375,528.1500244140625,490.6634826660156,12054183
2022-08-18,526.8499755859375,534.7999877929688,526.2000122070312,532.3499755859375,494.5653381347656,9013662
2022-08-19,532.0,533.6500244140625,518.5,520.3499755859375,483.4170227050781,11087222
2022-08-22,519.0,519.9000244140625,510.0,511.2999877929688,475.0093994140625,9676954
2022-08-23,508.25,524.0,508.25,521.9000244140625,484.8570556640625,8597965
2022-08-24,519.0,523.0,512.2999877929688,519.2999877929688,482.4415893554688,11930650
2022-08-25,521.9500122070312,528.2999877929688,518.5,520.4000244140625,483.4635009765625,15473450
2022-08-26,523.7999877929688,529.5,522.2000122070312,523.7999877929688,486.6221618652344,12855886
2022-08-29,511.2999877929688,517.0,508.75,514.8499755859375,478.3074340820313,9421339
2022-08-30,518.2000122070312,532.5,517.9500122070312,531.25,493.5434265136719,14835308
2022-09-01,522.25,540.9000244140625,522.25,533.2999877929688,495.4478759765625,16670228
2022-09-02,537.0,537.8499755859375,531.25,536.7000122070312,498.6065673828125,10017930
2022-09-05,537.0,540.7999877929688,536.2999877929688,538.9000244140625,500.65045166015625,7819994
2022-09-06,538.0,542.7000122070312,534.0999755859375,537.7999877929688,499.6284790039063,8657868
2022-09-07,534.4000244140625,537.4500122070312,531.5499877929688,532.8499755859375,495.0298156738281,8445359
2022-09-08,536.0,546.2999877929688,535.5,544.6500244140625,505.9923095703125,12240707
2022-09-09,549.6500244140625,557.0,548.0,553.3499755859375,514.0747680664062,18587927
2022-09-12,554.9000244140625,558.5999755859375,551.25,554.9000244140625,515.5148315429688,9677415
2022-09-13,560.0,560.0,553.75,558.0,518.394775390625,16707275
2022-09-14,550.0,574.8499755859375,549.25,571.75,531.1688232421875,21632641
2022-09-15,572.5499877929688,578.5,567.9000244140625,572.1500244140625,531.5404052734375,12749947
2022-09-16,569.0999755859375,574.0,560.2999877929688,561.7999877929688,521.925048828125,14739280
2022-09-19,560.7000122070312,574.4000244140625,559.5499877929688,572.25,531.6333618164062,11194003
2022-09-20,577.9500122070312,577.9500122070312,572.8499755859375,574.0499877929688,533.3056030273438,8484017
2022-09-21,575.0,577.2999877929688,565.4000244140625,569.7000122070312,529.2643432617188,9392526
2022-09-22,566.75,574.0,562.0,567.2999877929688,527.0347290039062,11869435
2022-09-23,564.7999877929688,568.0,549.5,550.5999755859375,511.5199279785156,12563239
2022-09-26,545.7999877929688,549.0,533.0,543.2999877929688,504.7381286621094,16158750
2022-09-27,544.5499877929688,550.9000244140625,533.2000122070312,536.5,498.4207763671875,11066799
2022-09-28,532.9000244140625,539.7999877929688,520.3499755859375,524.8499755859375,487.59765625,12233485
2022-09-29,529.0,535.7000122070312,519.5499877929688,521.75,484.7176818847656,17310168
2022-09-30,524.0,536.9000244140625,516.1500244140625,530.5999755859375,492.9395446777344,17466950
2022-10-03,527.5999755859375,531.6500244140625,518.5,519.75,482.8596496582031,9351162
2022-10-04,533.0,535.7999877929688,527.7999877929688,532.7000122070312,494.8905029296875,8745887
2022-10-06,534.5999755859375,541.7999877929688,534.5999755859375,537.2999877929688,499.16400146484375,9507322
2022-10-07,535.5,535.5999755859375,526.5499877929688,530.2000122070312,492.5679321289063,11065307
2022-10-10,525.7000122070312,533.9000244140625,522.2000122070312,530.75,493.078857421875,9649292
2022-10-11,530.75,533.7000122070312,525.5,527.4000244140625,489.9667053222656,10825440
2022-10-12,530.0,535.0,526.0,533.7999877929688,495.9124145507813,8522604
2022-10-13,533.0,533.7999877929688,520.2000122070312,521.4500122070312,484.43896484375,12972765
2022-10-14,530.2000122070312,534.8499755859375,526.0,527.2000122070312,489.7808837890625,8545479
2022-10-17,526.4000244140625,544.7000122070312,524.2000122070312,543.6500244140625,505.0632629394531,13485349
2022-10-18,547.0999755859375,563.5,546.75,562.4500122070312,522.5288696289062,20440781
2022-10-19,563.0,563.4500122070312,551.5499877929688,553.4000244140625,514.1212768554688,9540583
2022-10-20,552.0,556.7999877929688,545.2999877929688,555.4000244140625,515.9793090820312,11225588
2022-10-21,557.25,565.7999877929688,557.25,560.8499755859375,521.04248046875,11767639
2022-10-24,567.0,572.5,565.9000244140625,570.5,530.007568359375,3692065
2022-10-25,572.5,586.2000122070312,568.0,578.5499877929688,537.4861450195312,19899324
2022-10-27,583.9500122070312,585.0,577.5999755859375,579.6500244140625,538.5081176757812,13613533
2022-10-28,579.9500122070312,582.6500244140625,567.0,570.75,530.2398071289062,10043644
2022-10-31,574.9500122070312,577.4500122070312,568.4000244140625,573.7999877929688,533.0733032226562,9894639
2022-11-01,576.3499755859375,585.75,574.5999755859375,576.9000244140625,535.953369140625,12069579
2022-11-02,575.9000244140625,578.9500122070312,569.9000244140625,573.8499755859375,533.1197509765625,10241440
2022-11-03,569.0,587.9500122070312,568.0,584.9000244140625,543.385498046875,17557998
2022-11-04,586.0,596.9500122070312,580.4000244140625,593.9500122070312,551.7931518554688,25759031
2022-11-07,613.0,622.7000122070312,607.7000122070312,614.1500244140625,570.5594482421875,44265903
2022-11-09,621.0,621.0,610.5499877929688,615.5499877929688,571.8600463867188,18939854
2022-11-10,613.0999755859375,615.0999755859375,602.2000122070312,605.75,562.755615234375,11618405
2022-11-11,617.25,619.5499877929688,598.5,601.2999877929688,558.6213989257812,15525267
2022-11-14,603.9500122070312,603.9500122070312,591.6500244140625,592.5499877929688,550.4925537109375,12957268
2022-11-15,594.2999877929688,602.0999755859375,592.6500244140625,600.8499755859375,558.203369140625,10286417
2022-11-16,599.9500122070312,603.5,596.0,599.75,557.1815185546875,11555749
2022-11-17,599.0999755859375,602.75,596.1500244140625,599.0499877929688,556.5311279296875,8167131
2022-11-18,601.0,605.75,597.1500244140625,602.7000122070312,559.9220581054688,12933675
2022-11-21,602.0999755859375,602.0999755859375,595.3499755859375,598.0999755859375,555.6484985351562,7412419
2022-11-22,598.1500244140625,600.7000122070312,596.1500244140625,599.0999755859375,556.5775756835938,8048595
2022-11-23,601.5499877929688,609.5999755859375,601.0,607.6500244140625,564.520751953125,12435924
2022-11-24,609.75,611.2999877929688,605.7999877929688,609.3499755859375,566.10009765625,8960032
2022-11-25,610.5499877929688,613.7000122070312,606.25,607.4000244140625,564.28857421875,9994513
2022-11-28,605.5999755859375,610.9000244140625,602.3499755859375,608.5999755859375,565.4033203125,7934274
2022-11-29,607.0999755859375,611.7999877929688,607.0999755859375,608.5499877929688,565.3568725585938,6942919
2022-11-30,608.5,611.4000244140625,598.4000244140625,602.4500122070312,559.6898803710938,15606230
2022-12-01,607.8499755859375,609.7999877929688,601.5499877929688,608.0999755859375,564.9388427734375,14209313
2022-12-02,607.5,609.5999755859375,604.25,607.5499877929688,564.4278564453125,7533838
2022-12-05,608.5,618.0,607.5499877929688,617.2999877929688,573.48583984375,11585602
2022-12-06,614.75,619.7999877929688,607.7999877929688,608.9500122070312,565.728515625,12996244
2022-12-07,610.8499755859375,612.9000244140625,604.5,607.0499877929688,563.9633178710938,7613892
2022-12-08,609.75,613.7999877929688,607.1500244140625,611.6500244140625,568.2368774414062,10020015
2022-12-09,614.4000244140625,618.0,609.0999755859375,616.5,572.7426147460938,11202267
2022-12-12,614.7999877929688,618.7000122070312,611.0,613.0499877929688,569.5374755859375,9285187
2022-12-13,613.5,617.4000244140625,612.5,616.75,572.9749145507812,7455415
2022-12-14,618.5,626.75,617.5,625.5,581.1038208007812,14010673
2022-12-15,625.5499877929688,629.5499877929688,614.2999877929688,615.9500122070312,572.2316284179688,10622271
2022-12-16,612.0,615.5999755859375,602.0999755859375,603.3499755859375,560.5259399414062,9435071
2022-12-19,604.0,609.5,603.0,604.4500122070312,561.5478515625,8322012
2022-12-20,603.0,606.5,599.5499877929688,604.4500122070312,561.5478515625,6753785
2022-12-21,605.9000244140625,609.1500244140625,589.5999755859375,593.4000244140625,551.2822265625,9217253
2022-12-22,597.0,599.0,587.5499877929688,593.4000244140625,551.2822265625,8740149
2022-12-23,590.0,590.7000122070312,571.5,574.0,533.2590942382812,13047046
2022-12-26,574.0,601.7000122070312,570.7000122070312,597.0999755859375,554.7196044921875,13201587
2022-12-27,600.4000244140625,603.0999755859375,593.2999877929688,601.9000244140625,559.1788940429688,9638618
2022-12-28,600.9000244140625,607.0,598.5499877929688,601.0499877929688,558.3892211914062,7988631
2022-12-29,600.0,618.0,597.1500244140625,611.7999877929688,568.376220703125,20130392
2022-12-30,615.25,620.5499877929688,611.3499755859375,613.7000122070312,570.1412963867188,13052895
2023-01-02,614.9500122070312,619.2000122070312,611.2000122070312,612.2000122070312,568.7478637695312,6726084
2023-01-03,614.5,616.5999755859375,610.0,612.4000244140625,568.9336547851562,6818062
2023-01-04,611.8499755859375,614.9500122070312,604.0,605.2000122070312,562.2445678710938,7011191
2023-01-05,607.0,611.5999755859375,601.9500122070312,605.0999755859375,562.1517333984375,8241475
2023-01-06,607.4000244140625,607.4500122070312,597.0,600.6500244140625,558.0177001953125,7972036
2023-01-09,605.0,609.0,600.0999755859375,607.7000122070312,564.5671997070312,8878905
2023-01-10,608.4500122070312,609.0,590.5999755859375,595.1500244140625,552.9080200195312,10622660
2023-01-11,596.4500122070312,599.5,592.25,596.7000122070312,554.3479614257812,7419630
2023-01-12,597.9000244140625,597.9000244140625,590.0999755859375,594.9000244140625,552.6757202148438,8183715
2023-01-13,597.9000244140625,602.9000244140625,593.6500244140625,600.0999755859375,557.506591796875,7877610
2023-01-16,603.0,606.0999755859375,600.5999755859375,603.0,560.2008056640625,5483191
2023-01-17,603.0,606.0,586.0499877929688,592.9500122070312,550.8640747070312,13461999
2023-01-18,595.9000244140625,597.1500244140625,587.5999755859375,591.4500122070312,549.4706420898438,11538075
2023-01-19,591.0,591.75,587.5499877929688,589.8499755859375,547.984130859375,7475688
2023-01-20,593.7999877929688,596.5999755859375,590.7999877929688,592.2000122070312,550.1673583984375,6750607
2023-01-23,598.5,601.75,592.9500122070312,600.4500122070312,557.8318481445312,6604469
2023-01-24,603.5,604.5999755859375,593.0499877929688,594.3499755859375,552.1647338867188,7609623
2023-01-25,595.8499755859375,595.8499755859375,567.4000244140625,568.7000122070312,528.3353271484375,25686294
2023-01-27,568.0,568.5499877929688,532.25,539.9500122070312,501.62591552734375,40163464
2023-01-30,536.0,554.3499755859375,525.2000122070312,538.2000122070312,500.0001220703125,40797825
2023-01-31,545.0,557.0,537.8499755859375,553.5,514.2141723632812,21911943
2023-02-01,561.4000244140625,565.0,499.3500061035156,527.3499755859375,489.9201965332031,38218810
2023-02-02,520.2000122070312,532.6500244140625,502.5,528.0999755859375,490.6169128417969,39287056
2023-02-03,536.0,545.9500122070312,519.1500244140625,544.2000122070312,505.5743103027344,32317232
2023-02-06,558.7999877929688,558.7999877929688,536.5499877929688,545.4000244140625,506.6890869140625,25338586
2023-02-07,548.0,551.4000244140625,541.0499877929688,547.0999755859375,508.2683715820313,16195947
2023-02-08,550.0,554.5,545.5,549.75,510.7303161621094,15502847
2023-02-09,552.0,552.0,542.7999877929688,550.7999877929688,511.7057189941406,15061047
2023-02-10,546.5,557.25,546.5,553.0499877929688,513.7960815429688,13824475
2023-02-13,554.0,556.9000244140625,533.2999877929688,537.5,499.3497619628906,18488732
2023-02-14,539.9500122070312,544.5999755859375,530.75,540.8499755859375,502.4620361328125,18559909
2023-02-15,540.0,544.6500244140625,536.7999877929688,542.25,503.7626647949219,12796579
2023-02-16,546.8499755859375,546.8499755859375,538.5,540.0999755859375,501.7652282714844,12767016
2023-02-17,538.5,539.6500244140625,527.75,531.0,493.3111877441406,14192008
2023-02-20,532.0,533.9500122070312,522.1500244140625,525.1500244140625,487.8764343261719,12570032
2023-02-21,527.0999755859375,528.9500122070312,522.4000244140625,523.4500122070312,486.2970275878906,10223218
2023-02-22,520.75,521.9000244140625,512.5,516.3499755859375,479.700927734375,14763050
2023-02-23,516.9500122070312,524.0,511.3500061035156,521.0,484.0209045410156,15535085
2023-02-24,524.2000122070312,527.5,517.5999755859375,521.0499877929688,484.0673522949219,12253035
2023-02-27,521.0999755859375,529.7999877929688,519.0,527.7000122070312,490.2454223632813,11048799
2023-02-28,527.25,528.4500122070312,521.0499877929688,522.7999877929688,485.6932067871094,15768010
2023-03-01,523.25,537.4000244140625,523.0999755859375,536.7000122070312,498.6065673828125,13510198
2023-03-02,535.9500122070312,539.9000244140625,532.5,533.75,495.8659973144531,10376913
2023-03-03,542.0,564.2999877929688,541.75,561.2000122070312,521.36767578125,27656538
2023-03-06,564.9000244140625,567.9000244140625,559.0,561.7000122070312,521.8321533203125,16162268
2023-03-08,560.0,565.5,556.4500122070312,564.7999877929688,524.712158203125,12637578
2023-03-09,564.75,565.75,558.0,558.9000244140625,519.2308959960938,8993423
2023-03-10,553.0999755859375,554.9500122070312,545.0,547.3499755859375,508.5006713867188,11522371
2023-03-13,547.0,553.1500244140625,528.4500122070312,530.0,492.3821411132813,14373729
2023-03-14,527.6500244140625,532.7999877929688,520.0,525.4000244140625,488.108642578125,14750800
2023-03-15,529.7999877929688,532.0,515.5499877929688,517.5499877929688,480.8157958984375,11282329
2023-03-16,518.4000244140625,529.3499755859375,514.2999877929688,524.5,487.2724914550781,20040008
2023-03-17,528.6500244140625,531.5999755859375,520.0999755859375,529.7999877929688,492.1963195800781,18787379
2023-03-20,526.5999755859375,526.5999755859375,515.0,519.2000122070312,482.34869384765625,14275315
2023-03-21,522.0,523.4500122070312,516.4500122070312,521.8499755859375,484.810546875,29485180
2023-03-22,522.2000122070312,527.0,520.0999755859375,521.5499877929688,484.5318603515625,11619538
2023-03-23,519.4000244140625,521.0,511.5,512.75,476.3564758300781,22097792
2023-03-24,514.5,514.9500122070312,503.4500122070313,505.3500061035156,469.4817199707031,14416984
2023-03-27,507.0,514.1500244140625,501.5499877929688,510.1499938964844,473.9410095214844,15674218
2023-03-28,511.4500122070313,511.75,503.8500061035156,508.1000061035156,472.03656005859375,15833599
2023-03-29,509.0,518.0,506.2999877929688,516.5,479.84033203125,24203789
2023-03-31,520.6500244140625,524.9000244140625,519.3499755859375,523.75,486.5757446289063,17356345
2023-04-03,524.75,528.5,522.0999755859375,526.75,489.36279296875,14210949
2023-04-05,527.0,527.5999755859375,519.0499877929688,523.0,485.8789978027344,13574801
2023-04-06,524.0,533.7000122070312,521.6500244140625,527.6500244140625,490.1989440917969,25125879
2023-04-10,529.25,530.4000244140625,524.4000244140625,526.2999877929688,488.9447326660156,17335453
2023-04-11,530.8499755859375,535.7000122070312,527.1500244140625,532.0999755859375,494.33306884765625,26414406
2023-04-12,533.2000122070312,534.0,526.0,528.2000122070312,490.7098693847656,21292441
2023-04-13,529.2999877929688,534.25,527.1500244140625,532.9500122070312,495.1227416992188,28597560
2023-04-17,528.0,545.0,528.0,544.0,505.3884582519531,32476990
2023-04-18,545.3499755859375,548.5,540.5,545.8499755859375,507.1071472167969,22283456
2023-04-19,544.0,547.5,538.25,540.2999877929688,501.9510803222656,21156372
2023-04-20,541.2000122070312,545.4500122070312,536.6500244140625,544.7999877929688,506.1317138671875,25588577
2023-04-21,545.0,546.4000244140625,539.7000122070312,543.1500244140625,504.5988464355469,22599418
2023-04-24,543.7999877929688,555.5499877929688,543.5,554.5999755859375,515.236083984375,23335611
2023-04-25,555.0,567.9000244140625,555.0,561.7999877929688,521.925048828125,38142390
2023-04-26,562.0,567.0,556.4500122070312,566.3499755859375,526.1520385742188,23143882
2023-04-27,565.0,567.4000244140625,561.0999755859375,564.75,524.6657104492188,17845169
2023-04-28,567.7999877929688,580.4500122070312,565.5,578.2999877929688,537.2539672851562,16183423
2023-05-02,580.0,580.8499755859375,573.1500244140625,575.2999877929688,534.4668579101562,13667511
2023-05-03,570.6500244140625,575.0,569.0,570.5,530.007568359375,9699527
2023-05-04,570.2000122070312,580.7999877929688,568.5,580.0,538.8333129882812,12533761
2023-05-05,580.2000122070312,588.25,575.0499877929688,576.5,535.581787109375,18163461
2023-05-08,577.6500244140625,587.5999755859375,577.3499755859375,583.5999755859375,542.1777954101562,12990869
2023-05-09,585.0,586.4500122070312,572.0999755859375,573.5,532.7946166992188,18959065
2023-05-10,575.0,575.0,563.25,572.2000122070312,531.5869140625,18561315
2023-05-11,572.2000122070312,580.0,572.0,573.4500122070312,532.7481689453125,16016715
2023-05-12,574.7000122070312,580.75,571.5499877929688,578.1500244140625,537.1146240234375,11319335
2023-05-15,578.75,584.0,574.6500244140625,581.9000244140625,540.598388671875,11410243
2023-05-16,584.0,590.4000244140625,582.0,586.2999877929688,544.6860961914062,22178229
2023-05-17,586.0,590.5,579.5,586.2999877929688,544.6860961914062,23739774
2023-05-18,590.2999877929688,593.9000244140625,571.4000244140625,574.2000122070312,533.4449462890625,45656620
2023-05-19,579.0,586.25,569.9000244140625,575.1500244140625,534.3275146484375,42293962
2023-05-22,577.5,580.2999877929688,573.4500122070312,577.1500244140625,536.1856079101562,21484049
2023-05-23,578.9000244140625,583.7000122070312,576.7999877929688,581.5999755859375,540.3197021484375,16120548
2023-05-24,579.7999877929688,585.25,578.25,582.7000122070312,541.3416748046875,17616658
2023-05-25,582.0,582.9000244140625,577.0,581.25,539.9945068359375,16479436
2023-05-26,581.25,587.75,580.5499877929688,586.0,544.4074096679688,9788076
2023-05-29,590.0,596.4000244140625,588.0499877929688,595.0,552.7686767578125,18432231
2023-05-30,595.0,595.5,591.5,592.7999877929688,550.7247314453125,15031640
2023-05-31,583.7999877929688,584.7999877929688,577.5,579.8499755859375,549.1620483398438,28797643
2023-06-01,581.7999877929688,586.4000244140625,581.0,582.75,551.9086303710938,17820226
2023-06-02,584.7000122070312,588.9000244140625,583.0,587.2000122070312,556.1231079101562,11323908
2023-06-05,588.5,589.7999877929688,586.0,587.2000122070312,556.1231079101562,12920507
2023-06-06,588.0,588.9000244140625,583.0,585.3499755859375,554.3710327148438,11199940
2023-06-07,588.0,590.5999755859375,586.0,589.2000122070312,558.0172729492188,11113781
2023-06-08,589.9500122070312,593.9500122070312,586.3499755859375,588.5,557.3543090820312,15971917
2023-06-09,588.0,589.0999755859375,576.75,578.7000122070312,548.072998046875,18870272
2023-06-12,580.0,581.5,577.7000122070312,578.6500244140625,548.0256958007812,8786066
2023-06-13,579.4500122070312,581.4000244140625,574.25,576.4000244140625,545.8947143554688,12612098
2023-06-14,577.0,578.5499877929688,575.25,576.5499877929688,546.0367431640625,8948696
2023-06-15,576.0,576.7000122070312,565.25,566.5,536.5186767578125,17934877
2023-06-16,568.75,574.7000122070312,567.0499877929688,571.25,541.0172119140625,12660226
2023-06-19,571.25,572.75,565.9000244140625,568.8499755859375,538.7442626953125,17903691
2023-06-20,568.8499755859375,569.4500122070312,562.5499877929688,567.4000244140625,537.3710327148438,14549152
2023-06-21,567.4000244140625,569.5,565.6500244140625,566.3499755859375,536.3765258789062,14946871
2023-06-22,566.3499755859375,569.0,561.0499877929688,562.9500122070312,533.1565551757812,14979063
2023-06-23,562.0,562.0999755859375,553.7999877929688,554.5999755859375,525.2484130859375,12215712
2023-06-26,556.0,558.5,554.5,557.0499877929688,527.5687255859375,8360264
2023-06-27,558.25,567.9500122070312,555.6500244140625,566.0999755859375,536.1398315429688,10694768
2023-06-28,572.25,574.0,568.5499877929688,569.7999877929688,539.6439819335938,18028934
2023-06-30,574.0,574.0,570.2000122070312,572.8499755859375,542.5325317382812,8718232
2023-07-03,574.5,586.3499755859375,573.9000244140625,585.4500122070312,554.4657592773438,15421985
2023-07-04,588.2000122070312,595.9500122070312,582.25,589.25,558.0646362304688,24799250
2023-07-05,589.7999877929688,593.7000122070312,588.2000122070312,590.5999755859375,559.3431396484375,13598114
2023-07-06,590.4000244140625,593.5,589.0999755859375,592.5,561.1426391601562,11323509
2023-07-07,590.0,595.5,585.5,593.5999755859375,562.1843872070312,11707209
2023-07-10,594.6500244140625,599.7999877929688,590.25,592.5999755859375,561.2373046875,11417363
2023-07-11,595.0,595.9500122070312,587.3499755859375,588.5499877929688,557.4016723632812,13221177
2023-07-12,589.0,594.5,588.2000122070312,589.25,558.0646362304688,16029716
2023-07-13,594.9000244140625,598.0,583.3499755859375,585.6500244140625,554.6551513671875,20024503
2023-07-14,586.75,591.2999877929688,580.7000122070312,584.4000244140625,553.4713134765625,12190152
2023-07-17,587.0,602.8499755859375,584.2000122070312,601.0999755859375,569.2874145507812,19378986
2023-07-18,603.0499877929688,604.0499877929688,588.75,592.3499755859375,561.0005493164062,25757209
2023-07-19,594.6500244140625,602.4000244140625,592.0,601.4500122070312,569.6190185546875,17556585
2023-07-20,601.4000244140625,610.7999877929688,598.75,610.0499877929688,577.7637939453125,34038351
2023-07-21,610.0,619.5,609.0,615.0999755859375,582.5465087890625,21040281
2023-07-24,615.0499877929688,621.9000244140625,614.2999877929688,617.6500244140625,584.9616088867188,11756364
2023-07-25,621.7999877929688,621.7999877929688,604.2000122070312,609.5999755859375,577.3375854492188,18503305
2023-07-26,612.0,616.3499755859375,609.1500244140625,615.1500244140625,582.5939331054688,9999125
2023-07-27,616.4000244140625,621.25,613.0999755859375,616.5499877929688,583.9197387695312,17444742
2023-07-28,616.4000244140625,619.9000244140625,613.5999755859375,616.0499877929688,583.4462280273438,11930586
2023-07-31,616.6500244140625,621.0,614.5,620.2000122070312,587.3766479492188,8605483
2023-08-01,620.2000122070312,620.8499755859375,610.5999755859375,611.8499755859375,579.468505859375,13493453
2023-08-02,609.8499755859375,610.5,594.0999755859375,598.4500122070312,566.7777099609375,14977497
2023-08-03,598.7000122070312,600.8499755859375,585.0,590.5,559.2484741210938,27774877
2023-08-04,594.7999877929688,598.7000122070312,571.4000244140625,573.2999877929688,542.958740234375,52725616
2023-08-07,577.0,577.0,566.6500244140625,567.9000244140625,537.8446044921875,32736325
2023-08-08,571.0,574.25,568.4500122070312,573.0999755859375,542.769287109375,25038671
2023-08-09,575.0,575.0,568.3499755859375,573.75,543.3849487304688,15769111
2023-08-10,573.75,577.5999755859375,570.0999755859375,573.6500244140625,543.290283203125,27325801
2023-08-11,575.4500122070312,579.0,572.0,574.1500244140625,543.7637939453125,18221179
2023-08-14,572.9500122070312,573.0,558.5999755859375,560.7999877929688,531.1203002929688,28084093
2023-08-16,558.7999877929688,566.4000244140625,554.0,565.3499755859375,535.4295043945312,15725767
2023-08-17,565.75,573.1500244140625,564.0,572.1500244140625,541.86962890625,27910162
2023-08-18,570.0,575.25,567.4000244140625,572.9500122070312,542.6273193359375,18253227
2023-08-21,572.9500122070312,575.5499877929688,570.75,571.7000122070312,541.4434204101562,9380810
2023-08-22,572.5,574.4500122070312,567.5,568.5,538.4127197265625,14073413
2023-08-23,571.0,577.9500122070312,566.0,576.9000244140625,546.3682861328125,18579297
2023-08-24,578.1500244140625,582.0,575.5499877929688,576.9500122070312,546.4155883789062,24131644
2023-08-25,573.7999877929688,575.2999877929688,567.2000122070312,569.9500122070312,539.7860717773438,12271885
2023-08-28,572.7999877929688,574.7999877929688,569.2000122070312,572.8499755859375,542.5325317382812,9711932
2023-08-29,573.6500244140625,576.2999877929688,571.8499755859375,574.8499755859375,544.4266967773438,13144855
2023-08-30,576.7000122070312,577.7000122070312,566.0999755859375,567.4000244140625,537.3710327148438,15281416
2023-08-31,569.2999877929688,570.2999877929688,559.4000244140625,561.3499755859375,531.6411743164062,27898476
2023-09-01,562.7000122070312,571.2000122070312,562.0999755859375,569.5499877929688,539.4072265625,18121168
2023-09-04,572.0,576.3499755859375,568.4500122070312,575.5499877929688,545.0896606445312,12108655
2023-09-05,575.5999755859375,578.25,571.3499755859375,573.0,542.6746215820312,14444729
2023-09-06,574.25,574.25,568.0,570.5,540.3069458007812,20609936
2023-09-07,568.0,581.0,568.0,579.0499877929688,548.4044799804688,12390597
2023-09-08,581.0,588.5,579.7000122070312,583.4500122070312,552.5715942382812,14032068
2023-09-11,587.0,592.2999877929688,585.3499755859375,591.7000122070312,560.3849487304688,10946134
2023-09-12,593.6500244140625,594.25,584.6500244140625,588.3499755859375,557.2122802734375,16093060
2023-09-13,588.4000244140625,598.0,583.4500122070312,596.4500122070312,564.8836059570312,19377172
2023-09-14,598.4500122070312,603.7000122070312,595.2000122070312,597.2999877929688,565.6885375976562,13178911
2023-09-15,599.3499755859375,600.7000122070312,595.2000122070312,598.7999877929688,567.1091918945312,11756389
2023-09-18,598.7999877929688,608.4000244140625,597.0499877929688,603.9500122070312,571.9866333007812,19305055
2023-09-20,600.8499755859375,606.7999877929688,599.4000244140625,601.0999755859375,569.2874145507812,21314600
2023-09-21,600.0,606.5999755859375,584.6500244140625,588.1500244140625,557.0228881835938,23453425
2023-09-22,593.5,602.0,591.4000244140625,598.1500244140625,566.49365234375,18784139
2023-09-25,601.5,601.5,590.4500122070312,594.0499877929688,562.6105346679688,9712784
2023-09-26,594.0,595.0,591.25,594.4000244140625,562.9420776367188,8327427
2023-09-27,593.4500122070312,594.2999877929688,588.2000122070312,589.75,558.5381469726562,9865347
2023-09-28,591.25,595.2000122070312,588.8499755859375,589.9500122070312,558.7276000976562,21960816
2023-09-29,592.8499755859375,600.0,591.2999877929688,598.5499877929688,566.8724365234375,12189735
2023-10-03,596.5999755859375,604.9000244140625,589.5999755859375,602.9500122070312,571.03955078125,15322196
2023-10-04,600.0,600.4500122070312,584.4500122070312,586.25,555.223388671875,24914612
2023-10-05,590.0,594.3499755859375,587.0999755859375,592.1500244140625,560.8112182617188,13248028
2023-10-06,593.4000244140625,598.9500122070312,592.2000122070312,594.25,562.7999877929688,8216780
2023-10-09,588.0,589.0,581.5499877929688,585.0999755859375,554.13427734375,9189597
2023-10-10,587.0,595.0,585.75,591.6500244140625,560.337646484375,10373508
2023-10-11,596.9000244140625,597.0,587.5999755859375,588.3499755859375,557.2122802734375,14220119
2023-10-12,590.7999877929688,593.0,585.0,586.0499877929688,555.0339965820312,11983797
2023-10-13,577.75,581.2999877929688,574.7999877929688,576.1500244140625,545.657958984375,19064577
2023-10-16,576.0,578.75,571.5,575.6500244140625,545.1843872070312,11290293
2023-10-17,577.7000122070312,579.9500122070312,575.2999877929688,576.4500122070312,545.9420776367188,10765224
2023-10-18,577.75,579.25,569.3499755859375,572.6500244140625,542.3432006835938,11777454
2023-10-19,569.7999877929688,574.0,567.0,571.2000122070312,540.9699096679688,11441499
2023-10-20,569.9000244140625,570.0,562.0999755859375,563.0999755859375,533.298583984375,11110988
2023-10-23,563.0999755859375,566.0,551.0,552.9500122070312,523.685791015625,11875035
2023-10-25,558.5999755859375,560.7999877929688,553.5999755859375,556.2000122070312,526.7637939453125,12134624
2023-10-26,551.4500122070312,552.9000244140625,543.2000122070312,547.0,518.0506591796875,19424825
2023-10-27,550.0,562.5,550.0,561.1500244140625,531.4518432617188,10415296
2023-10-30,563.0,566.7000122070312,556.5,565.2000122070312,535.2874145507812,8593704
2023-10-31,567.0,569.5,563.1500244140625,565.5499877929688,535.6189575195312,13039696
2023-11-01,566.25,569.6500244140625,563.8499755859375,566.4000244140625,536.4239501953125,13575575
2023-11-02,571.0999755859375,575.4500122070312,567.5999755859375,572.0999755859375,541.822265625,11148516
2023-11-03,576.0,579.5,573.4500122070312,578.1500244140625,547.5520629882812,11371371
2023-11-06,582.0,582.5,573.25,574.3499755859375,543.9531860351562,16499138
2023-11-07,574.7999877929688,581.2000122070312,572.5999755859375,579.75,549.0673828125,17923281
2023-11-08,581.9000244140625,582.5999755859375,579.0,580.2999877929688,549.5882568359375,15434808
2023-11-09,581.0,581.8499755859375,576.5,578.3499755859375,547.7415161132812,12434363
2023-11-10,577.7999877929688,581.0,575.4000244140625,579.5,548.8306274414062,6773038
2023-11-13,581.0,582.5,575.2000122070312,581.3499755859375,550.5826416015625,11282362
2023-11-15,587.25,588.0,582.5999755859375,584.7000122070312,553.7554321289062,11397676
2023-11-16,584.7000122070312,588.0,582.9000244140625,584.6500244140625,553.7080688476562,8622660
2023-11-17,574.5,574.5,562.0999755859375,563.0499877929688,533.251220703125,37173221
2023-11-20,564.0,566.7999877929688,560.5999755859375,563.75,533.9141845703125,12714585
2023-11-21,566.0,566.6500244140625,561.0,561.5,531.7832641601562,14280013
2023-11-22,562.9500122070312,564.5,555.1500244140625,558.9500122070312,529.3682250976562,14909071
2023-11-23,561.75,563.5,558.2999877929688,559.9500122070312,530.3153076171875,6376210
2023-11-24,561.9500122070312,562.4500122070312,559.25,560.3499755859375,530.694091796875,6529851
2023-11-28,563.5999755859375,565.2000122070312,561.0999755859375,564.4500122070312,534.5771484375,8153314
2023-11-29,568.0,569.0,565.0999755859375,568.5999755859375,538.5075073242188,10299034
2023-11-30,569.75,570.2000122070312,563.6500244140625,564.75,534.8612670898438,19758998
2023-12-01,567.0,574.2000122070312,566.5499877929688,571.75,541.49072265625,10614230
2023-12-04,588.0,596.0,584.5499877929688,594.7000122070312,563.2262573242188,26077882
2023-12-05,595.0499877929688,611.2999877929688,595.0499877929688,608.25,576.05908203125,36430152
2023-12-06,614.0,614.0,604.5499877929688,608.4500122070312,576.24853515625,21439069
2023-12-07,610.0,612.5499877929688,605.0,611.7000122070312,579.3265380859375,10725706
2023-12-08,610.0,616.7999877929688,605.3499755859375,614.1500244140625,581.6468505859375,17722136
2023-12-11,615.0,619.9000244140625,613.0999755859375,614.25,581.7415771484375,11706255
2023-12-12,617.0,617.9500122070312,610.7999877929688,612.4000244140625,579.989501953125,14494836
2023-12-13,614.4500122070312,620.5,611.6500244140625,619.8499755859375,587.0451049804688,13977914
2023-12-14,626.0,627.75,622.4000244140625,623.6500244140625,590.64404296875,15813797
2023-12-15,628.0,650.0,619.8499755859375,648.25,613.9420776367188,29813572
2023-12-18,646.6500244140625,655.6500244140625,642.4000244140625,648.5,614.1788940429688,16221796
2023-12-19,648.5,659.5999755859375,640.25,655.4000244140625,620.7137451171875,19964008
2023-12-20,658.7000122070312,660.4000244140625,633.9500122070312,636.4500122070312,602.7666015625,22542056
2023-12-21,632.1500244140625,648.9500122070312,627.5,643.75,609.6802978515625,19915516
2023-12-22,644.75,649.4000244140625,635.1500244140625,636.75,603.0507202148438,14998068
2023-12-26,638.8499755859375,641.2999877929688,635.6500244140625,638.0499877929688,604.2819213867188,10153089
2023-12-27,640.75,649.4500122070312,639.0,648.5499877929688,614.2261962890625,14417646
2023-12-28,650.25,653.2999877929688,646.5,651.4000244140625,616.9254150390625,16982092
2023-12-29,645.5,649.5999755859375,639.5499877929688,642.0499877929688,608.0702514648438,13221898
2024-01-01,642.2000122070312,646.9000244140625,638.0,641.3499755859375,607.4072875976562,8295548
2024-01-02,641.3499755859375,648.0,633.8499755859375,639.4500122070312,605.6078491210938,15164482
2024-01-03,639.3499755859375,648.0,635.7999877929688,643.4500122070312,609.3961181640625,14571772
2024-01-04,642.5,646.4000244140625,638.6500244140625,642.75,608.733154296875,13883388
2024-01-05,645.0,651.75,637.75,641.9500122070312,607.9755859375,15984585
2024-01-08,640.0,645.0,625.0499877929688,627.0,593.8167114257812,14739531
2024-01-09,632.0,634.3499755859375,624.5,625.4000244140625,592.3014526367188,13400235
2024-01-10,624.7999877929688,625.2999877929688,618.2000122070312,621.75,588.8446044921875,12742464
2024-01-11,626.0,627.1500244140625,618.5,620.2000122070312,587.3766479492188,15533860
2024-01-12,623.7999877929688,636.5,621.0999755859375,633.5999755859375,600.0673828125,16620797
2024-01-15,638.9000244140625,645.5,636.0999755859375,640.0999755859375,606.223388671875,16844018
2024-01-16,640.0,644.9000244140625,633.4500122070312,636.9000244140625,603.1928100585938,15025543
2024-01-17,624.0,636.7999877929688,623.0,626.0,592.8696899414062,30016308
2024-01-18,625.7999877929688,633.4500122070312,619.0499877929688,628.2999877929688,595.0479125976562,14695436
2024-01-19,633.0,635.5,624.7000122070312,627.75,594.527099609375,11675202
2024-01-23,627.0,634.9000244140625,600.6500244140625,605.0999755859375,573.0757446289062,30954343
2024-01-24,609.9500122070312,622.3499755859375,603.0999755859375,618.2999877929688,585.5771484375,19221835
2024-01-25,618.5,623.7999877929688,606.25,612.75,580.3209228515625,22684904
2024-01-29,619.0,629.5,615.5999755859375,622.9500122070312,589.9810791015625,19572140
2024-01-30,625.4500122070312,633.5,624.2000122070312,626.75,593.5799560546875,16966577
2024-01-31,626.4000244140625,643.2000122070312,622.0,640.5,606.602294921875,23270745
2024-02-01,642.75,652.9500122070312,633.25,647.6500244140625,613.3739013671875,26587707
2024-02-02,652.0,660.5499877929688,646.7000122070312,649.6500244140625,615.2680053710938,27471811
2024-02-05,647.0999755859375,654.7999877929688,638.75,642.9500122070312,608.922607421875,28339525
2024-02-06,644.4500122070312,655.0,637.7000122070312,650.25,615.8363037109375,14079390
2024-02-07,655.0499877929688,677.9500122070312,655.0,675.25,639.5131225585938,41696232
2024-02-08,680.4000244140625,718.9000244140625,678.5,699.5499877929688,662.5271606445312,74222434
2024-02-09,703.6500244140625,728.3499755859375,694.2000122070312,725.25,686.8670043945312,43235061
2024-02-12,726.0,726.0,704.5,707.9000244140625,670.4351806640625,22873137
2024-02-13,708.5499877929688,718.0,702.1500244140625,713.4500122070312,675.6915283203125,23351472
2024-02-14,705.5499877929688,748.5,705.5499877929688,743.4000244140625,704.056396484375,36782182
2024-02-15,747.7000122070312,764.0,741.6500244140625,761.7000122070312,721.3878784179688,33941282
2024-02-16,763.4500122070312,774.5999755859375,753.3499755859375,754.7000122070312,714.7584228515625,27365121
2024-02-19,758.7000122070312,765.0,750.0,759.25,719.0675659179688,13979584
2024-02-20,759.0499877929688,763.5,754.0,760.0999755859375,719.87255859375,12528399
2024-02-21,760.6500244140625,777.5,759.5999755859375,771.5,730.6692504882812,21465311
2024-02-22,773.0,773.0,757.0,765.9000244140625,725.3656005859375,18799244
2024-02-23,765.9000244140625,770.5,755.0,759.0499877929688,718.8781127929688,14143636
2024-02-26,755.0,766.3499755859375,752.7000122070312,758.9000244140625,718.7361450195312,11355186
2024-02-27,758.9000244140625,762.3499755859375,742.2000122070312,749.8499755859375,710.1650390625,13969393
2024-02-28,749.8499755859375,756.75,741.0,742.5,703.2040405273438,11263318
2024-02-29,743.9000244140625,753.9000244140625,737.1500244140625,748.0999755859375,708.5076293945312,19217113
2024-03-01,752.0,772.0,751.9500122070312,769.1500244140625,728.443603515625,17348526
2024-03-04,774.4000244140625,777.0,769.0,772.0499877929688,731.1901245117188,9789141
2024-03-05,769.5,786.9500122070312,769.0999755859375,783.9500122070312,742.4603881835938,18088847
2024-03-06,783.6500244140625,790.2999877929688,772.9000244140625,783.9000244140625,742.4130249023438,26710525
2024-03-07,790.0,793.4000244140625,783.0,788.0499877929688,746.3433227539062,15497868
2024-03-11,790.0,792.7999877929688,770.5499877929688,773.7000122070312,732.7528076171875,16778340
2024-03-12,770.0,777.75,757.3499755859375,759.7000122070312,719.4937744140625,21529705
2024-03-13,758.6500244140625,763.7000122070312,743.0,747.25,707.70263671875,27950252
2024-03-14,749.9000244140625,750.7999877929688,734.0499877929688,741.0499877929688,701.8307495117188,19730882
2024-03-15,739.25,746.5499877929688,723.0,731.9000244140625,693.1651000976562,29792241
2024-03-18,727.0999755859375,737.9000244140625,722.0999755859375,730.9500122070312,692.2653198242188,18145126
2024-03-19,730.0,734.3499755859375,721.1500244140625,723.7999877929688,685.4937133789062,15205043
2024-03-20,725.1500244140625,738.9500122070312,719.7999877929688,736.25,697.2848510742188,25405455
2024-03-21,742.0,750.5999755859375,740.5499877929688,744.2999877929688,704.90869140625,15161161
2024-03-22,743.8499755859375,748.7999877929688,741.4000244140625,746.7000122070312,707.1817626953125,15535921
2024-03-26,743.0499877929688,747.8499755859375,738.5,740.0499877929688,700.8837280273438,14678342
2024-03-27,743.0,745.8499755859375,730.2000122070312,733.2999877929688,694.490966796875,30088789
2024-03-28,737.75,759.5499877929688,736.9000244140625,752.3499755859375,712.53271484375,21705116
2024-04-01,759.0499877929688,761.5,752.0999755859375,758.2999877929688,718.1678466796875,9949971
2024-04-02,758.2000122070312,768.75,753.3499755859375,766.4000244140625,725.8391723632812,15713063
2024-04-03,764.9000244140625,772.5999755859375,760.1500244140625,771.0499877929688,730.2431030273438,19136981
2024-04-04,775.0,775.2999877929688,758.0999755859375,759.2999877929688,719.1149291992188,15889530
2024-04-05,757.9500122070312,767.7000122070312,752.5999755859375,764.75,724.2764892578125,9939620
2024-04-08,766.0499877929688,770.0,761.7999877929688,768.2999877929688,727.6386108398438,9797174
2024-04-09,768.4500122070312,772.4500122070312,761.0999755859375,764.2000122070312,723.755615234375,7465892
2024-04-10,766.5,780.7000122070312,763.6500244140625,779.0499877929688,737.8196411132812,14530669
2024-04-12,777.25,779.5,764.7999877929688,766.2999877929688,725.744384765625,14408722
2024-04-15,759.7999877929688,763.2999877929688,748.75,757.5,717.41015625,11356572
2024-04-16,751.25,754.9000244140625,744.4000244140625,751.7000122070312,711.9171752929688,13338991
2024-04-18,752.0499877929688,759.9500122070312,742.0,744.7999877929688,705.38232421875,14589648
2024-04-19,734.5,752.0,732.0499877929688,750.4500122070312,710.7332763671875,10886554
2024-04-22,754.1500244140625,769.0,750.4500122070312,766.0999755859375,725.5549926757812,17452186
2024-04-23,770.3499755859375,777.7000122070312,765.5499877929688,773.0,732.08984375,12292429
2024-04-24,778.5,778.5,770.2000122070312,773.0999755859375,732.1845092773438,7842615
2024-04-25,770.6500244140625,814.4000244140625,769.6500244140625,812.7000122070312,769.6887817382812,36732974
2024-04-26,815.9000244140625,816.9000244140625,798.9000244140625,801.2999877929688,758.8921508789062,14964358
2024-04-29,807.0,831.25,798.7000122070312,826.5,782.7584838867188,27302732
2024-04-30,826.5,834.8499755859375,819.9000244140625,826.25,782.521728515625,27449073
2024-05-02,826.9000244140625,833.9000244140625,825.0,830.0499877929688,786.12060546875,19943724
2024-05-03,834.7999877929688,836.2000122070312,820.0,831.4500122070312,787.4464111328125,22667634
2024-05-06,835.0,836.0,803.0,807.7999877929688,765.048095703125,35283557
2024-05-07,812.0,814.6500244140625,793.2000122070312,801.9000244140625,759.4603271484375,16725013
2024-05-08,802.5999755859375,822.0,799.5,810.7999877929688,767.8892822265625,27908322
2024-05-09,811.9000244140625,839.6500244140625,803.5499877929688,819.7999877929688,776.4130249023438,49290254
2024-05-10,827.0,832.0499877929688,815.5999755859375,817.3499755859375,774.0927124023438,20543142
2024-05-13,819.8499755859375,819.8499755859375,798.5999755859375,808.7999877929688,765.9951782226562,15398505
2024-05-14,813.0,822.4000244140625,807.9000244140625,818.2000122070312,774.897705078125,10912462
2024-05-15,821.0,825.2999877929688,818.0499877929688,820.2999877929688,776.8865356445312,9755062
2024-05-16,825.2999877929688,826.1500244140625,797.3499755859375,811.9500122070312,768.978515625,20536990
2024-05-17,814.5,822.4500122070312,811.2000122070312,817.8499755859375,774.566162109375,12492509
2024-05-21,821.0,836.2999877929688,819.5999755859375,830.6500244140625,786.6888427734375,14037801
2024-05-22,826.5499877929688,826.6500244140625,813.5499877929688,818.75,788.422119140625,19239277
2024-05-23,824.7000122070312,835.5,822.0,832.0999755859375,801.277587890625,17497488
2024-05-24,830.0,841.25,827.0,828.5999755859375,797.9072265625,12252075
2024-05-27,832.5999755859375,839.4000244140625,823.0,833.7000122070312,802.818359375,12295193
2024-05-28,835.7000122070312,840.7000122070312,823.2999877929688,831.1500244140625,800.3628540039062,13818893
2024-05-29,828.4000244140625,834.4500122070312,819.2999877929688,822.6500244140625,792.1776733398438,14518232
2024-05-30,821.4000244140625,836.0,819.2999877929688,825.8499755859375,795.2590942382812,17818705
2024-05-31,830.7000122070312,835.0,817.0999755859375,830.3499755859375,799.5924072265625,22267336
2024-06-03,863.5499877929688,912.0,856.75,905.6500244140624,872.1032104492188,64269020
2024-06-04,897.0,897.0,731.9500122070312,775.2000122070312,746.4852905273438,122381193
2024-06-05,790.75,795.0,744.0499877929688,789.75,760.4962768554688,74256082
2024-06-06,800.0,833.3499755859375,796.0,816.9500122070312,786.6887817382812,40555649
2024-06-07,819.9000244140625,831.5,810.5,829.9500122070312,799.207275390625,25061284
2024-06-10,834.1500244140625,845.4500122070312,829.2000122070312,831.7999877929688,800.9887084960938,16725508
2024-06-11,836.0,839.5999755859375,829.0499877929688,835.5499877929688,804.5997924804688,14754408
2024-06-12,837.0,845.5499877929688,833.0,839.0999755859375,808.018310546875,15071442
2024-06-13,845.0,845.9000244140625,836.0999755859375,843.9000244140625,812.6405639648438,12523972
2024-06-14,845.0,849.9000244140625,835.0999755859375,839.2000122070312,808.1145629882812,12903496
2024-06-18,841.5499877929688,851.5,840.25,844.9000244140625,813.6034545898438,14929083
2024-06-19,846.7999877929688,860.5999755859375,841.0,852.5999755859375,821.0182495117188,32925140
2024-06-20,853.0,853.0999755859375,842.3499755859375,843.75,812.4960327148438,13985352
2024-06-21,844.9000244140625,848.0499877929688,828.5999755859375,836.2999877929688,805.322021484375,18990090
2024-06-24,831.5,836.0,821.0499877929688,832.7000122070312,801.8554077148438,12715254
2024-06-25,837.0,845.8499755859375,834.2999877929688,842.25,811.0516357421875,20917530
2024-06-26,839.8499755859375,848.7999877929688,836.0,845.3499755859375,814.0367431640625,16281760
2024-06-27,843.9000244140625,847.4000244140625,838.25,844.0,812.7367553710938,20378887
2024-06-28,846.9000244140625,864.0,844.0,848.9500122070312,817.5034790039062,23636388
2024-07-01,849.3499755859375,850.5,839.9500122070312,841.9500122070312,810.7627563476562,10967797
2024-07-02,844.0,846.2999877929688,823.1500244140625,826.1500244140625,795.5480346679688,21142840
2024-07-03,829.0,843.8499755859375,825.0,839.9500122070312,808.8368530273438,23598009
2024-07-04,843.0,844.9000244140625,834.2999877929688,839.2999877929688,808.2108764648438,13372587
2024-07-05,838.0,861.25,837.0,859.75,827.9033813476562,24873722
2024-07-08,859.75,865.0,853.5,856.25,824.5330810546875,10359800
2024-07-09,859.9000244140625,869.9500122070312,856.0,861.2999877929688,829.39599609375,13585081
2024-07-10,860.0999755859375,860.25,843.5,849.0,817.5515747070312,17343236
2024-07-11,854.4000244140625,858.2999877929688,849.75,856.7000122070312,824.9664306640625,8501366
2024-07-12,856.7000122070312,863.0,855.2999877929688,859.7000122070312,827.8552856445312,11446064
2024-07-15,859.7000122070312,887.3499755859375,859.7000122070312,881.3499755859375,848.7033081054688,25392820
2024-07-16,882.2999877929688,888.0999755859375,874.2999877929688,880.7000122070312,848.0773315429688,11893692
2024-07-18,880.6500244140625,894.9000244140625,877.5,893.5499877929688,860.4513549804688,19435183
2024-07-19,895.0,899.0,883.2999877929688,889.3499755859375,856.406982421875,14562742
2024-07-22,881.4500122070312,895.0,868.0,876.7999877929688,844.3218383789062,14614111
2024-07-23,883.0,884.5,849.0999755859375,863.9000244140625,831.899658203125,18279212
2024-07-24,864.2000122070312,868.0,847.2000122070312,852.0,820.4404296875,19624845
2024-07-25,847.5,850.75,841.2000122070312,848.5,817.0701293945312,9522375
2024-07-26,844.6500244140625,864.25,844.0,862.4500122070312,830.5033569335938,12081506
2024-07-29,866.0499877929688,889.0999755859375,863.2000122070312,871.5999755859375,839.3143920898438,26582781
2024-07-30,874.7000122070312,880.5499877929688,869.0,872.7999877929688,840.469970703125,13528447
2024-07-31,873.8499755859375,874.9500122070312,868.0,872.4000244140625,840.0848388671875,11636874
2024-08-01,877.7999877929688,881.4000244140625,859.4500122070312,862.6500244140625,830.696044921875,11787203
2024-08-02,856.7000122070312,858.2999877929688,846.1500244140625,847.8499755859375,816.4441528320312,12609331
2024-08-05,830.0,831.3499755859375,800.0,811.6500244140625,781.5851440429688,27676951
2024-08-06,822.6500244140625,826.5499877929688,795.6500244140625,797.7000122070312,768.15185546875,17900930
2024-08-07,809.0,810.7000122070312,800.5499877929688,808.6500244140625,778.6962280273438,17692355
2024-08-08,812.0,817.7999877929688,802.7999877929688,808.0499877929688,778.1184692382812,14769069
2024-08-09,816.0,829.9500122070312,809.5499877929688,824.2999877929688,793.7665405273438,15320885
2024-08-12,820.5999755859375,823.0,811.2000122070312,812.5999755859375,782.4998779296875,16120449
2024-08-13,813.5,820.0,795.0499877929688,797.5499877929688,768.0073852539062,17585172
2024-08-14,800.9500122070312,809.1500244140625,800.4000244140625,803.0,773.2554931640625,11788665
2024-08-16,803.0,814.9000244140625,803.0,812.0999755859375,782.0183715820312,11427335
2024-08-19,815.0,825.4000244140625,812.5999755859375,813.7000122070312,783.5591430664062,10151482
2024-08-20,817.9500122070312,823.0,813.3499755859375,820.2999877929688,789.9146728515625,10347493
2024-08-21,820.2999877929688,821.0,811.2000122070312,815.5499877929688,785.3406372070312,14607257
2024-08-22,819.0,823.9000244140625,817.0999755859375,820.2999877929688,789.9146728515625,7832917
2024-08-23,821.5,822.0,814.5,815.3499755859375,785.1480102539062,5537747
2024-08-26,818.0,823.4500122070312,813.7999877929688,815.0499877929688,784.859130859375,8523795
2024-08-27,817.7999877929688,819.4500122070312,811.0499877929688,815.9000244140625,785.677734375,12833290
2024-08-28,814.75,817.2000122070312,806.5,809.4000244140625,779.41845703125,10371300
2024-08-29,809.5499877929688,816.0,806.9500122070312,814.5,784.3295288085938,18247268
2024-08-30,817.1500244140625,820.7000122070312,814.3499755859375,815.5999755859375,785.3887939453125,8911426
2024-09-02,817.2999877929688,825.4000244140625,813.0499877929688,822.1500244140625,791.6961669921875,11813750
2024-09-03,822.1500244140625,825.9500122070312,816.4000244140625,824.7999877929688,794.248046875,10548350
2024-09-04,815.4500122070312,818.6500244140625,813.6500244140625,816.5,786.2554321289062,10789570
2024-09-05,818.3499755859375,822.1500244140625,814.4000244140625,818.75,788.422119140625,8395074
2024-09-06,811.5,812.9000244140625,777.0,782.5,753.514892578125,40220096
2024-09-09,785.0,788.2000122070312,771.0,784.25,755.2000122070312,21322103
2024-09-10,788.0,788.7999877929688,777.5,782.6500244140625,753.6593017578125,12824701
2024-09-11,780.0499877929688,788.0,765.4000244140625,768.5999755859375,740.1297607421875,20060665
2024-09-12,775.0,789.9000244140625,772.75,787.75,758.5703735351562,17578964
2024-09-13,791.0,795.0,785.0999755859375,790.8499755859375,761.5555419921875,12950936
2024-09-16,790.8499755859375,795.0,784.4000244140625,785.5499877929688,756.451904296875,9553736
2024-09-17,785.5999755859375,787.5,780.5499877929688,782.9000244140625,753.9000854492188,10665630
2024-09-18,783.7999877929688,794.75,782.0,792.75,763.3851928710938,18324412
2024-09-19,795.0499877929688,801.3499755859375,784.0499877929688,789.9500122070312,760.6889038085938,10645478
2024-09-20,794.8499755859375,794.8499755859375,779.5,781.7000122070312,752.7445068359375,21372244
2024-09-23,786.0,805.0,784.5,801.8499755859375,772.1480712890625,17309545
2024-09-24,799.25,804.25,796.5,798.25,768.6814575195312,15180653
2024-09-25,797.9000244140625,798.0,788.7000122070312,793.0999755859375,763.72216796875,18465571
2024-09-26,796.0,803.0,791.5999755859375,801.8499755859375,772.1480712890625,23198842
2024-09-27,801.8499755859375,808.0,798.4500122070312,802.6500244140625,772.9185180664062,15193681
2024-09-30,801.9000244140625,802.5999755859375,786.4500122070312,787.9000244140625,758.71484375,15484573
2024-10-01,788.0,800.3499755859375,788.0,796.9500122070312,767.4296264648438,13280535
2024-10-03,789.9000244140625,804.0,784.2999877929688,794.0999755859375,764.6851806640625,15944135
2024-10-04,792.0,809.8499755859375,785.25,796.6500244140625,767.1407470703125,20097454
2024-10-07,800.0,804.0,765.4000244140625,770.6500244140625,742.1038208007812,24267990
2024-10-08,772.25,784.4000244140625,772.25,781.4500122070312,752.5037841796875,8560960
2024-10-09,786.7000122070312,804.3499755859375,782.0499877929688,797.4000244140625,767.8629760742188,18758697
2024-10-10,799.0,804.4500122070312,795.0,797.0999755859375,767.5740356445312,10241015
2024-10-11,797.2000122070312,802.7000122070312,793.0,799.75,770.1258544921875,14322720
2024-10-14,802.0,809.25,800.7999877929688,805.1500244140625,775.325927734375,8967564
2024-10-15,805.5,807.5,801.5999755859375,804.6500244140625,774.8444213867188,6252104
2024-10-16,802.7999877929688,809.0,802.0499877929688,805.4500122070312,775.61474609375,6494240
2024-10-17,809.5,819.5,806.0,811.0499877929688,781.00732421875,18580553
2024-10-18,811.0999755859375,822.5999755859375,802.9000244140625,820.4000244140625,790.0110473632812,11704698
2024-10-21,824.7000122070312,826.4500122070312,809.0,813.9500122070312,783.7999267578125,10359618
2024-10-22,814.0,816.8499755859375,787.5,790.4000244140625,761.1222534179688,16645356
2024-10-23,790.0,792.5999755859375,779.7999877929688,786.0,756.88525390625,13866198
2024-10-24,786.0499877929688,797.0,784.6500244140625,794.5499877929688,765.1184692382812,5607500
2024-10-25,798.0,800.75,772.0,780.9500122070312,752.0223388671875,9717125
2024-10-28,783.7999877929688,803.9500122070312,783.5499877929688,792.0499877929688,762.7111206054688,13757251
2024-10-29,796.0,834.8499755859375,790.5,832.7000122070312,801.8554077148438,28274791
2024-10-30,828.0,833.0,821.0499877929688,822.4500122070312,791.9850463867188,15977682
2024-10-31,820.0,828.0,813.5499877929688,820.2000122070312,789.8184204101562,13402324
2024-11-01,822.4000244140625,825.5999755859375,818.9000244140625,821.2000122070312,790.7813720703125,1637141
2024-11-04,822.7000122070312,837.5,807.0999755859375,829.8499755859375,799.1109008789062,14498161
2024-11-05,829.8499755859375,851.4000244140625,826.25,849.2000122070312,817.7442016601562,26254561
2024-11-06,849.2000122070312,861.4000244140625,846.2000122070312,854.7999877929688,823.13671875,15002433
2024-11-07,861.0,862.4000244140625,846.7000122070312,859.5999755859375,827.7589111328125,15283847
2024-11-08,859.5999755859375,863.5,834.2000122070312,843.1500244140625,811.9183349609375,26139105
2024-11-11,846.0,854.0,842.0,847.6500244140625,816.2515869140625,12621337
2024-11-12,852.5,853.4000244140625,824.2999877929688,826.7000122070312,796.07763671875,11350729
2024-11-13,823.3499755859375,831.75,804.6500244140625,808.6500244140625,778.6962280273438,13756706
2024-11-14,808.6500244140625,818.0,801.0499877929688,804.25,774.459228515625,9461484
2024-11-18,811.0,816.7000122070312,799.25,814.2999877929688,784.136962890625,9322451
2024-11-19,819.0,820.2999877929688,800.0999755859375,803.0,773.2554931640625,13677029
2024-11-21,798.5,798.5,761.5499877929688,780.75,751.8297119140625,29486577
2024-11-22,786.0,819.9500122070312,784.0499877929688,816.0499877929688,785.8221435546875,20665405
2024-11-25,827.0,849.5999755859375,825.6500244140625,844.4500122070312,813.1701049804688,23434605
2024-11-26,844.0,846.7000122070312,835.5499877929688,839.4000244140625,808.3072509765625,8893744
2024-11-27,838.5,842.5,832.0999755859375,834.0999755859375,803.2034912109375,8375108
2024-11-28,834.0999755859375,845.7999877929688,830.5,838.8499755859375,807.7775268554688,13505677
2024-11-29,841.0999755859375,844.0499877929688,831.5499877929688,838.9500122070312,807.8738403320312,10822949
2024-12-02,838.9500122070312,842.0,832.7000122070312,836.4000244140625,805.4183349609375,6651119
2024-12-03,838.0,856.5999755859375,836.9000244140625,853.9500122070312,822.3182373046875,12186182
2024-12-04,853.9500122070312,864.0,850.2999877929688,859.7000122070312,827.8552856445312,10749716
2024-12-05,860.0,871.4500122070312,855.5999755859375,865.4500122070312,833.3922729492188,14716036
2024-12-06,865.25,875.4500122070312,857.0,863.6500244140625,831.658935546875,14520568
2024-12-09,859.0,866.8499755859375,856.9500122070312,858.0499877929688,826.266357421875,9630346
2024-12-10,861.7999877929688,868.9500122070312,858.0499877929688,867.5,835.3662719726562,7379849
2024-12-11,867.5,869.8499755859375,860.9500122070312,861.5999755859375,829.684814453125,7006973
2024-12-12,861.5,864.2999877929688,851.1500244140625,853.7000122070312,822.0775146484375,8845103
2024-12-13,852.5999755859375,862.9000244140625,835.0,861.5499877929688,829.6366577148438,9379370
2024-12-16,859.7999877929688,866.4000244140625,857.7999877929688,860.9500122070312,829.0589599609375,6432713
2024-12-17,858.5499877929688,862.5999755859375,847.0499877929688,850.5499877929688,819.044189453125,8791216
2024-12-18,851.0,852.0,837.0,838.1500244140625,807.103515625,8295338
2024-12-19,824.5999755859375,838.0,820.2000122070312,832.7999877929688,801.9515991210938,9453398
2024-12-20,834.9000244140625,836.0,810.0,812.0,781.9221801757812,10244198
2024-12-23,817.2999877929688,824.0,812.2000122070312,821.1500244140625,790.7332763671875,4933200
2024-12-24,824.25,826.2000122070312,809.2000122070312,812.0499877929688,781.9702758789062,10602771
2024-12-26,813.0,822.8499755859375,808.0,812.4500122070312,782.3555297851562,8318714
2024-12-27,816.2999877929688,818.2999877929688,797.2000122070312,799.6500244140625,770.0296630859375,10649800
2024-12-30,802.0,807.9500122070312,785.0,788.2999877929688,759.1000366210938,21515438
2024-12-31,786.9500122070312,799.2000122070312,786.0,794.9500122070312,765.503662109375,9086044
2025-01-01,795.5499877929688,798.6500244140625,789.5,793.2000122070312,763.8185424804688,7273098
2025-01-02,795.0,802.4000244140625,787.0,801.2000122070312,771.522216796875,11398319
2025-01-03,801.2000122070312,809.5,792.1500244140625,793.4000244140625,764.0111083984375,13336514
2025-01-06,797.4000244140625,797.5999755859375,773.1500244140625,776.4000244140625,747.640869140625,11419367
2025-01-07,779.8499755859375,783.8499755859375,774.8499755859375,778.75,749.9037475585938,9669152
2025-01-08,780.9000244140625,783.9500122070312,760.0999755859375,771.1500244140625,742.5853271484375,15641490
2025-01-09,771.1500244140625,771.3499755859375,726.25,760.4500122070312,732.2816772460938,15351029
2025-01-10,760.3499755859375,763.4000244140625,742.0499877929688,743.25,715.71875,11779296
2025-01-13,741.5,743.9500122070312,722.5,729.5,702.4780883789062,10414733
2025-01-14,732.9500122070312,757.0,732.9500122070312,748.1500244140625,720.4373168945312,11960975
2025-01-15,753.1500244140625,758.9000244140625,750.0,753.7000122070312,725.7816772460938,7792299
2025-01-16,760.4000244140625,776.7000122070312,760.4000244140625,766.2999877929688,737.9149169921875,11816079
2025-01-17,766.2999877929688,767.9500122070312,759.4000244140625,764.0999755859375,735.7964477539062,5766573
2025-01-20,769.0,785.0,767.8499755859375,779.25,750.38525390625,9198929
2025-01-21,784.7999877929688,784.9000244140625,756.0499877929688,759.0499877929688,730.9334716796875,13751780
2025-01-22,762.0,763.0,738.0,753.4500122070312,725.5408935546875,9908339
2025-01-23,750.0,755.6500244140625,743.0999755859375,745.9000244140625,718.2705688476562,10986405
2025-01-24,749.9000244140625,753.7000122070312,739.0,744.1500244140625,716.58544921875,10579213
2025-01-27,740.0,755.3499755859375,735.9000244140625,749.2000122070312,721.4483642578125,11433353
2025-01-28,757.0,759.75,745.4000244140625,752.4000244140625,724.5298461914062,14140860
2025-01-29,753.0,760.7999877929688,749.7999877929688,758.4500122070312,730.355712890625,9251973
2025-01-30,758.5499877929688,765.0,754.75,762.5999755859375,734.3519897460938,11085824
2025-01-31,764.9000244140625,777.5499877929688,759.5,772.9000244140625,744.2705078125,10083763
2025-02-01,774.7999877929688,778.75,752.1500244140625,766.0,737.6260375976562,9363077
2025-02-03,762.7999877929688,762.7999877929688,753.1500244140625,760.9500122070312,732.7631225585938,7862190
2025-02-04,767.0,781.25,765.6500244140625,779.2000122070312,750.3370971679688,12020807
2025-02-05,780.0,782.0,765.0,766.0499877929688,737.6741943359375,13419162
2025-02-06,769.0,770.8499755859375,750.0499877929688,752.25,724.3853759765625,32745391
2025-02-07,759.7999877929688,759.9000244140625,731.75,737.2000122070312,709.8928833007812,37240692
2025-02-10,740.0,743.9000244140625,733.4000244140625,736.7999877929688,709.5076293945312,12667049
2025-02-11,737.4500122070312,740.1500244140625,726.5499877929688,731.0999755859375,704.018798828125,13017060
2025-02-12,733.1500244140625,738.7000122070312,717.1500244140625,733.1500244140625,705.9928588867188,12697743
2025-02-13,734.4000244140625,737.5,726.1500244140625,727.6500244140625,700.6965942382812,12370571
2025-02-14,730.9500122070312,732.9000244140625,716.2000122070312,722.1500244140625,695.4003295898438,10417539
2025-02-17,719.0499877929688,728.75,711.5499877929688,727.7000122070312,700.7447509765625,9093600
2025-02-18,727.7000122070312,728.25,717.3499755859375,725.7999877929688,698.9151000976562,8562003
2025-02-19,722.0499877929688,734.8499755859375,722.0499877929688,727.2999877929688,700.3595581054688,6766606
2025-02-20,724.9000244140625,731.5,723.3499755859375,729.7000122070312,702.670654296875,7423268
2025-02-21,727.2999877929688,731.7000122070312,720.0,722.0,695.255859375,6571602
2025-02-24,710.5,719.75,710.5,716.4000244140625,689.8633422851562,6912148
2025-02-25,718.9500122070312,718.9500122070312,710.0,710.9000244140625,684.5670776367188,8599635
2025-02-27,716.0,717.7000122070312,701.0999755859375,703.9000244140625,677.8263549804688,12033139
2025-02-28,700.9000244140625,701.3499755859375,682.5999755859375,688.7999877929688,663.2857055664062,15780609
2025-03-03,690.1500244140625,697.4000244140625,680.0,695.2999877929688,669.5448608398438,10598479
2025-03-04,693.0,718.4500122070312,692.0999755859375,716.0499877929688,689.5262451171875,14386214
2025-03-05,717.5499877929688,731.2999877929688,717.0,730.3499755859375,703.2965698242188,10409805
2025-03-06,736.0,736.75,727.0,732.0499877929688,704.93359375,10928847
2025-03-07,732.0499877929688,734.8499755859375,728.0,732.75,705.607666015625,7246729
2025-03-10,732.75,738.5,726.5999755859375,728.9000244140625,701.9003295898438,7400109
2025-03-11,724.9000244140625,734.0499877929688,722.7000122070312,729.8499755859375,702.8151245117188,5538789
2025-03-12,730.5999755859375,737.0,719.0499877929688,723.0499877929688,696.2670288085938,5547762
2025-03-13,725.9000244140625,731.4500122070312,724.5,727.8499755859375,700.8892211914062,5908337
2025-03-17,728.9000244140625,731.25,722.2999877929688,723.1500244140625,696.36328125,5149563
2025-03-18,723.1500244140625,723.1500244140625,723.1500244140625,723.1500244140625,696.36328125,0
2025-03-19,739.5999755859375,749.2999877929688,739.0999755859375,745.0999755859375,717.5001831054688,7604850
2025-03-20,748.0,752.7000122070312,744.2000122070312,749.5499877929688,721.7853393554688,6963197
2025-03-21,749.9500122070312,755.5999755859375,747.0,753.2000122070312,725.3001708984375,9577327
2025-03-24,758.0,782.9500122070312,755.0999755859375,780.7999877929688,751.8778076171875,12095064
2025-03-25,783.9000244140625,786.0,769.2000122070312,772.8499755859375,744.2222900390625,15190143
2025-03-26,772.0,776.0499877929688,761.4500122070312,764.0,735.7001342773438,7711852
2025-03-27,763.7999877929688,775.7999877929688,760.5,772.2999877929688,743.6926879882812,15648616
2025-03-28,772.0999755859375,778.5999755859375,767.0,771.5,742.9223022460938,7628185
2025-04-01,766.7999877929688,782.75,763.2000122070312,771.7000122070312,743.1149291992188,7011125
2025-04-02,772.2999877929688,777.0,764.2999877929688,775.9500122070312,747.20751953125,5458436
2025-04-03,770.0,784.7000122070312,769.9500122070312,779.2000122070312,750.3370971679688,7956680
2025-04-04,779.0999755859375,782.9000244140625,765.0,767.4500122070312,739.0223388671875,8231194
2025-04-07,730.0,753.7000122070312,730.0,746.9000244140625,719.2335815429688,14923235
2025-04-08,760.0,774.0,758.1500244140625,768.5999755859375,740.1297607421875,12911288
2025-04-09,767.0,767.9500122070312,741.0,742.2000122070312,714.7077026367188,11319387
2025-04-11,759.0,759.7000122070312,746.0,753.8499755859375,725.9260864257812,9360327
2025-04-15,770.0,770.7000122070312,757.0999755859375,763.5,735.2186279296875,7859090
2025-04-16,763.5,774.75,760.5,771.75,743.1630859375,12536694
2025-04-17,772.0,801.0,767.1500244140625,797.4500122070312,767.9110717773438,27034818
2025-04-21,803.0,824.3499755859375,801.4000244140625,816.7000122070312,786.4480590820312,16398507
2025-04-22,821.1500244140625,835.5,814.0,822.4000244140625,791.9369506835938,25117557
2025-04-23,826.0,831.0,810.0999755859375,813.4500122070312,783.3184204101562,12104382
2025-04-24,812.75,819.0,811.1500244140625,813.4000244140625,783.270263671875,12713521
2025-04-25,815.0,819.0,787.0,798.6500244140625,769.066650390625,13131038
2025-04-28,798.6500244140625,822.7999877929688,797.4000244140625,817.3499755859375,787.0739135742188,11317611
2025-04-29,820.0,829.0,809.0,812.5499877929688,782.4517211914062,11283059
2025-04-30,811.5,811.5,784.5,788.6500244140625,759.4370727539062,25635764
2025-05-02,790.3499755859375,803.4000244140625,789.0,796.7000122070312,767.1889038085938,14720184
2025-05-05,782.0,799.0,782.0,790.0,760.737060546875,23986447
2025-05-06,793.9500122070312,799.1500244140625,771.0999755859375,774.0999755859375,745.426025390625,18869468
2025-05-07,765.2999877929688,782.4000244140625,764.5499877929688,776.0999755859375,747.3519287109375,15586266
2025-05-08,779.0,786.5,764.0,769.0,740.514892578125,14491673
2025-05-09,756.5,781.7000122070312,755.5,779.25,750.38525390625,13578216
2025-05-12,799.0,803.9000244140625,793.0,801.6500244140625,771.95556640625,15096824
2025-05-13,798.5999755859375,807.6500244140625,797.2000122070312,801.75,772.0518188476562,13909596
2025-05-14,805.75,807.5,796.2999877929688,800.7000122070312,771.0407104492188,9281719
2025-05-15,804.4500122070312,809.4500122070312,794.5,807.75,777.8295288085938,17058854
2025-05-16,804.0,804.0,791.0,792.0999755859375,778.0751342773438,14733924
2025-05-19,792.0999755859375,801.4000244140625,792.0999755859375,795.0,780.9237670898438,10666184
2025-05-20,798.1500244140625,799.4000244140625,783.7999877929688,785.6500244140625,771.7393798828125,11324667
2025-05-21,787.0,791.0,779.0999755859375,787.0999755859375,773.1636352539062,8206040
2025-05-22,788.0,788.2000122070312,780.2999877929688,785.25,771.346435546875,7355826
2025-05-23,787.9000244140625,794.9500122070312,786.2000122070312,790.5,776.5034790039062,5534158
2025-05-26,792.0,797.5499877929688,789.2000122070312,794.4000244140625,780.33447265625,4965466
2025-05-27,794.4000244140625,801.3499755859375,790.0499877929688,793.7000122070312,779.6468505859375,11995043
2025-05-28,794.5,798.9000244140625,792.6500244140625,796.5499877929688,782.4463500976562,6873519
2025-05-29,799.0,800.4000244140625,791.3499755859375,797.3499755859375,783.232177734375,14034127
2025-05-30,798.0,814.5,792.5999755859375,812.2999877929688,797.91748046875,22037314
2025-06-02,812.8499755859375,822.5499877929688,809.2000122070312,813.6500244140625,799.2435913085938,26891575
2025-06-03,816.2000122070312,818.4000244140625,805.1500244140625,809.7999877929688,795.4617309570312,14247597
2025-06-04,817.0,817.0,805.25,806.5,792.2201538085938,9607927
2025-06-05,808.7000122070312,811.7000122070312,802.8499755859375,806.0,791.72900390625,13595507
2025-06-06,806.6500244140625,816.4500122070312,803.0999755859375,813.0499877929688,798.6541748046875,17163935
2025-06-09,817.4000244140625,824.5,815.7000122070312,820.0499877929688,805.5302734375,12793040
2025-06-10,821.0,822.0499877929688,814.5999755859375,817.0499877929688,802.5833740234375,6560513
2025-06-11,817.0,820.5999755859375,813.0499877929688,815.0499877929688,800.6187744140625,7197825
2025-06-12,816.0,816.5,801.2000122070312,805.9500122070312,791.679931640625,13448521
2025-06-13,786.25,796.2999877929688,786.25,792.3499755859375,778.3206787109375,11377117
2025-06-16,792.5,795.4000244140625,786.1500244140625,792.5,778.4680786132812,8085001
2025-06-17,794.0,798.8499755859375,790.5499877929688,792.2999877929688,778.2716064453125,7753156
2025-06-18,792.5,795.5,788.3499755859375,791.9000244140625,777.8787231445312,5710169
2025-06-19,792.3499755859375,793.25,781.7000122070312,785.0999755859375,771.1990356445312,11824333
2025-06-20,787.5,799.4500122070312,786.0999755859375,796.1500244140625,782.053466796875,11367669
2025-06-23,790.0,794.9500122070312,788.5,790.2000122070312,776.2088012695312,5549253
2025-06-24,799.0,806.6500244140625,793.6500244140625,795.4000244140625,781.3167114257812,11402190
2025-06-25,799.5,803.7999877929688,796.0999755859375,800.0499877929688,785.8843383789062,6528324
2025-06-26,802.0,803.3499755859375,791.4000244140625,797.0499877929688,782.9375,24704402
2025-06-27,805.0,809.4500122070312,802.6500244140625,805.4000244140625,791.1396484375,19375990
2025-06-30,809.0,821.0,807.0499877929688,820.3499755859375,805.824951171875,19652607
2025-07-01,820.0,824.9000244140625,813.25,820.2999877929688,805.7758178710938,11456405
2025-07-02,821.0,824.0499877929688,809.0,812.9000244140625,798.5068969726562,6661200
2025-07-03,813.5,814.5,805.7999877929688,807.0999755859375,792.8095092773438,7020403
2025-07-04,808.75,813.8499755859375,804.0999755859375,811.8499755859375,797.4754028320312,4319538
2025-07-07,811.2000122070312,812.6500244140625,805.1500244140625,806.8499755859375,792.56396484375,4461783
2025-07-08,807.9000244140625,813.5499877929688,805.3499755859375,812.6500244140625,798.2612915039062,5935770
2025-07-09,810.0,812.4500122070312,809.0,810.9500122070312,796.5913696289062,4099112
2025-07-10,811.2999877929688,815.5,806.9000244140625,808.0,793.693603515625,12178137
2025-07-11,807.5499877929688,812.5499877929688,804.5499877929688,808.6500244140625,794.3321533203125,6202372
2025-07-14,809.7999877929688,815.5,808.0,808.8499755859375,794.528564453125,6938635
2025-07-15,811.0,821.0,810.5,816.4500122070312,801.9940185546875,9297645
2025-07-16,816.0,834.2000122070312,815.2999877929688,831.7000122070312,816.9739990234375,16458920
2025-07-17,838.4000244140625,842.5,826.3499755859375,829.0,814.32177734375,23073718
2025-07-18,832.0,832.6500244140625,820.25,823.3499755859375,808.7717895507812,15387801
2025-07-21,823.0,827.3499755859375,817.9500122070312,824.2000122070312,809.6068115234375,8852594
2025-07-22,827.5,828.0499877929688,814.0,815.0,800.5697021484375,7851163
2025-07-23,812.5,825.2000122070312,811.5,820.6500244140625,806.1196899414062,15470390
2025-07-24,820.0,821.9500122070312,810.6500244140625,815.7000122070312,801.25732421875,10118309
2025-07-25,815.0,819.2000122070312,805.5,806.5499877929688,792.269287109375,6734439
2025-07-28,806.5499877929688,808.9500122070312,796.0,797.1500244140625,783.0357666015625,7734158
2025-07-29,796.2000122070312,800.0,793.0999755859375,799.2000122070312,785.0494384765625,7833759
2025-07-30,798.9500122070312,803.4000244140625,796.2000122070312,801.6500244140625,787.4560546875,8743723
2025-07-31,795.0999755859375,803.7999877929688,792.5499877929688,796.5499877929688,782.4463500976562,11359112
2025-08-01,795.7000122070312,801.0,792.0,794.0,779.9415283203125,15468391
2025-08-04,794.5,797.2000122070312,786.5499877929688,795.7000122070312,781.6113891601562,8820724
2025-08-05,798.0,804.0499877929688,796.2999877929688,800.5999755859375,786.4246215820312,7381537
2025-08-06,800.9500122070312,810.2000122070312,799.0,805.1500244140625,790.8941040039062,7409396
2025-08-07,801.0999755859375,806.6500244140625,793.4000244140625,805.1500244140625,790.8941040039062,7091392
2025-08-08,805.0,807.7999877929688,790.0,804.2999877929688,790.0591430664062,15708181
2025-08-11,808.0,825.0,808.0,823.4500122070312,808.8700561523438,15236297
2025-08-12,824.9500122070312,825.5,820.0,820.5999755859375,806.0704956054688,7986728
2025-08-13,822.6500244140625,824.9500122070312,820.6500244140625,821.8499755859375,807.29833984375,4447508
2025-08-14,822.0,828.0,819.0999755859375,826.5499877929688,811.9151611328125,7087573
2025-08-18,836.0,838.0,825.1500244140625,827.6500244140625,812.9957275390625,6138124
2025-08-19,827.5,831.0,825.7999877929688,830.4000244140625,815.697021484375,5076681
2025-08-20,828.7000122070312,831.9000244140625,827.4000244140625,828.9500122070312,814.272705078125,4493888
2025-08-21,828.9500122070312,833.25,824.0499877929688,825.7000122070312,811.0802612304688,4402511
2025-08-22,824.0,826.0,815.7000122070312,816.25,801.7975463867188,5097647
2025-08-25,817.4500122070312,820.5,814.2000122070312,816.4500122070312,801.9940185546875,5672898
2025-08-26,814.8499755859375,815.8499755859375,806.75,807.8499755859375,793.5462646484375,6997817
2025-08-28,807.25,811.0,800.6500244140625,801.9500122070312,787.750732421875,7898436
2025-08-29,800.7000122070312,806.7000122070312,798.5,802.5,788.291015625,6861440
2025-09-01,803.0999755859375,808.2999877929688,802.6500244140625,806.0499877929688,791.7781372070312,5619805
2025-09-02,806.2999877929688,810.5,802.6500244140625,803.9000244140625,789.666259765625,5075460
2025-09-03,804.2999877929688,813.2999877929688,803.0,812.1500244140625,797.7701416015625,4261589
2025-09-04,814.6500244140625,816.75,808.0,809.4000244140625,795.06884765625,4471950
2025-09-05,811.5,812.5,803.6500244140625,806.5999755859375,792.318359375,5194842
2025-09-08,808.0,813.8499755859375,806.7999877929688,808.7999877929688,794.4794311523438,4614227
2025-09-09,812.0,812.3499755859375,805.5999755859375,808.8499755859375,794.528564453125,4567272
2025-09-10,812.0,824.5999755859375,810.4000244140625,818.2000122070312,803.7130126953125,7285853
2025-09-11,819.0999755859375,825.7000122070312,819.0,823.6500244140625,809.0665283203125,7425055
2025-09-12,824.0999755859375,825.7999877929688,819.7999877929688,823.5499877929688,808.96826171875,5078018
2025-09-15,823.5499877929688,827.7999877929688,821.0999755859375,824.75,810.1470336914062,3852494
2025-09-16,825.0999755859375,833.0,821.6500244140625,831.5499877929688,816.82666015625,9467531
2025-09-17,834.2999877929688,858.1500244140625,831.0,857.1500244140625,841.973388671875,17243938
2025-09-18,858.6500244140625,860.7999877929688,851.0999755859375,854.3499755859375,839.222900390625,10400847
2025-09-19,852.0,864.4500122070312,849.2999877929688,862.3499755859375,847.081298828125,15206426
2025-09-22,862.0,868.2000122070312,854.0,855.25,840.1069946289062,6594034
2025-09-23,854.5999755859375,874.25,851.2000122070312,870.5999755859375,855.1851806640625,14357863
2025-09-24,876.0,880.5,864.4500122070312,866.2000122070312,850.8631591796875,12840160
2025-09-25,866.5499877929688,870.1500244140625,859.9500122070312,861.1500244140625,845.902587890625,8678821
2025-09-26,862.0,864.3499755859375,853.0,856.9500122070312,841.7769165039062,6959545
2025-09-29,858.0499877929688,873.5,856.0,870.75,855.3325805664062,22641712
2025-09-30,869.9500122070312,877.5999755859375,867.5999755859375,872.4500122070312,857.0025024414062,12831593
2025-10-01,872.2999877929688,876.4500122070312,862.7999877929688,864.0999755859375,848.80029296875,10832384
2025-10-03,865.1500244140625,873.0,863.7999877929688,867.2999877929688,851.9436645507812,8019442
2025-10-06,868.0,875.2999877929688,862.7999877929688,874.0499877929688,858.5741577148438,7820352
2025-10-07,874.1500244140625,877.0,863.0,864.7000122070312,849.3897094726562,9242580
2025-10-08,866.7999877929688,867.7999877929688,857.25,858.25,843.0538940429688,7156112
2025-10-09,861.5999755859375,865.7999877929688,858.0999755859375,862.0999755859375,846.835693359375,7020501
2025-10-10,862.0999755859375,883.75,861.2999877929688,880.6500244140625,865.0573120117188,13713015
2025-10-13,879.0,888.0999755859375,876.0,882.9500122070312,867.3165893554688,11923143
2025-10-14,883.0,884.1500244140625,872.0999755859375,876.9500122070312,861.4227905273438,7681973
2025-10-15,878.0999755859375,887.5,877.0499877929688,886.0999755859375,870.4107666015625,8269225
2025-10-16,888.2999877929688,891.8499755859375,882.4500122070312,886.9500122070312,871.2457275390625,8493686
2025-10-17,887.5,894.75,883.0,889.1500244140625,873.4067993164062,8511854
2025-10-20,894.5999755859375,913.6500244140624,891.0499877929688,907.5,891.431884765625,13546463
2025-10-21,908.0,910.0,906.4000244140624,907.8499755859376,891.775634765625,1783576
2025-10-23,912.0,918.0,904.7999877929688,911.5499877929688,895.41015625,13382769
2025-10-24,910.9500122070312,914.0999755859376,900.9500122070312,904.5,888.4849853515625,5313227
2025-10-27,906.9500122070312,928.0,906.0,922.75,906.411865234375,9150761
2025-10-28,927.0999755859376,935.8499755859376,917.7000122070312,930.25,913.779052734375,22066289
2025-10-29,933.9000244140624,942.0499877929688,930.25,939.75,923.11083984375,12314222
2025-10-30,939.4500122070312,944.9000244140624,933.0499877929688,934.3499755859376,917.8064575195312,13044473
2025-10-31,934.9000244140624,946.7000122070312,930.25,937.0,920.4095458984376,12078252
2025-11-03,938.75,953.4000244140624,937.5,949.7000122070312,932.8847045898438,11744735
2025-11-04,951.0,959.2999877929688,941.5,957.5999755859376,940.644775390625,19154518
2025-11-06,969.6500244140624,971.4000244140624,955.2999877929688,960.75,943.739013671875,23088096
2025-11-07,958.75,964.8499755859376,944.0,955.8499755859376,938.92578125,13371323
2025-11-10,956.0,963.2000122070312,949.0999755859376,951.1500244140624,934.3090209960938,7343249
2025-11-11,953.5999755859376,954.9500122070312,945.0499877929688,953.2999877929688,936.4209594726562,8648917
2025-11-12,957.7000122070312,961.5499877929688,951.4000244140624,957.1500244140624,940.2028198242188,7043323
2025-11-13,954.25,963.9500122070312,952.4500122070312,954.0,937.1085815429688,8894441
2025-11-14,952.9500122070312,969.0499877929688,952.0,967.8499755859376,950.7133178710938,11032927
2025-11-17,971.0,976.0,968.5,973.3499755859376,956.1159057617188,7415026
2025-11-18,975.5999755859376,976.7000122070312,968.8499755859376,972.4500122070312,955.2318725585938,6594686
2025-11-19,972.4500122070312,984.4500122070312,968.7999877929688,982.75,965.3494873046876,8291226
2025-11-20,986.0,986.5999755859376,979.3499755859376,981.5499877929688,964.1707153320312,6440857
2025-11-21,979.7000122070312,980.5999755859376,971.0499877929688,972.5999755859376,955.3792114257812,5377241
2025-11-24,975.5499877929688,977.7000122070312,968.0499877929688,970.5999755859376,953.4146118164062,9901946
2025-11-25,975.5499877929688,988.9500122070312,971.3499755859376,983.5999755859376,966.1844482421876,9140201
2025-11-26,986.5999755859376,999.0,982.1500244140624,983.9000244140624,966.4791870117188,13943490
2025-11-27,986.7000122070312,988.5499877929688,968.9000244140624,972.8499755859376,955.624755859375,11909168
2025-11-28,976.7999877929688,983.0,973.0499877929688,979.0,961.6658935546876,8117842
2025-12-01,985.4500122070312,991.2000122070312,969.8499755859376,973.0999755859376,955.870361328125,8808306
2025-12-02,976.0,980.4500122070312,964.9000244140624,967.2999877929688,950.1730346679688,13444314
2025-12-03,970.4500122070312,972.5499877929688,947.5499877929688,951.0499877929688,934.2107543945312,14051968
2025-12-04,951.0499877929688,952.5499877929688,944.4500122070312,948.0999755859376,931.31298828125,13622724
2025-12-05,948.8499755859376,973.2999877929688,946.7000122070312,971.5,954.2987060546876,17347847
2025-12-08,970.8499755859376,972.5,951.7000122070312,956.4000244140624,939.466064453125,15386438
2025-12-09,954.7999877929688,964.0,950.4500122070312,959.3499755859376,942.3638305664062,9580294
2025-12-10,960.0999755859376,963.9500122070312,955.25,959.75,942.7567749023438,6989178
2025-12-11,962.0999755859376,966.5,958.4500122070312,963.25,946.1947631835938,5979035
2025-12-12,966.0,967.0,958.0,963.1500244140624,946.0965576171876,5681930
2025-12-15,957.25,968.8499755859376,957.25,967.25,950.1239624023438,4416952
2025-12-16,966.0499877929688,969.0,958.0499877929688,961.1500244140624,944.1319580078124,4764786
2025-12-17,965.5499877929688,978.5,964.2999877929688,975.8499755859376,958.5716552734376,8013382
2025-12-18,977.9000244140624,981.4500122070312,973.5,977.5499877929688,960.2415771484376,4926879
2025-12-19,979.9500122070312,982.0,977.0499877929688,980.2999877929688,962.94287109375,5376584
2025-12-22,981.0999755859376,983.0,972.5499877929688,974.2999877929688,957.0491333007812,5959037
2025-12-23,976.2999877929688,977.5499877929688,970.7000122070312,971.9000244140624,954.691650390625,5123287
2025-12-24,973.2000122070312,977.2999877929688,967.5,968.9500122070312,951.7938842773438,4105643
2025-12-26,968.9500122070312,971.0,964.75,966.2999877929688,949.1907348632812,3286321
2025-12-29,966.9000244140624,968.9000244140624,961.4500122070312,965.0499877929688,947.962890625,5267233
2025-12-30,963.0,976.2000122070312,959.5,973.4500122070312,956.2141723632812,15030644
2025-12-31,975.25,985.6500244140624,973.5,982.2000122070312,964.8092651367188,5807630
2026-01-01,983.2000122070312,987.6500244140624,980.3499755859376,984.75,967.3140869140624,4328348
2026-01-02,984.5,1009.5,983.9500122070312,998.9500122070312,981.2626953125,7357435
2026-01-05,1000.0,1015.5,1000.0,1005.5499877929688,987.7457885742188,11259060
2026-01-06,1007.9500122070312,1024.0,1004.9500122070312,1018.9000244140624,1000.8594360351562,9575742
2026-01-07,1022.7000122070312,1022.7000122070312,1004.0,1007.1500244140624,989.3175048828124,7896720
2026-01-08,1006.5999755859376,1011.5999755859376,995.8499755859376,998.0,980.3294677734376,6854268
2026-01-09,996.0,1008.0,994.0,1000.5,982.7852172851562,7809460
2026-01-12,1008.0,1017.25,996.0,1015.1500244140624,997.1758422851562,7617922
2026-01-13,1022.7999877929688,1029.5,1016.0,1028.449951171875,1010.2402954101562,11016895
2026-01-14,1030.0,1030.4000244140625,1020.5,1028.3499755859375,1010.14208984375,7370514
2026-01-15,1028.3499755859375,1028.3499755859375,1028.3499755859375,1028.3499755859375,1010.14208984375,0
2026-01-16,1032.0,1047.449951171875,1028.4000244140625,1042.300048828125,1023.8451538085938,11051580
2026-01-19,1035.0,1043.5999755859375,1034.0,1038.4000244140625,1020.0142211914062,5460164
2026-01-20,1039.75,1052.0,1033.050048828125,1036.4000244140625,1018.0496215820312,8905718
2026-01-21,1032.0,1040.5999755859375,1022.0,1028.6500244140625,1010.4368286132812,7408949
2026-01-22,1035.0,1055.5,1034.050048828125,1048.3499755859375,1029.7879638671875,12001641
2026-01-23,1051.9000244140625,1053.0,1025.5999755859375,1029.5,1011.271728515625,10917698
2026-01-27,1034.0999755859375,1055.0,1030.25,1053.1500244140625,1034.5030517578125,14420630
2026-01-28,1059.4000244140625,1065.5999755859375,1044.1500244140625,1063.5,1044.6697998046875,12171257
2026-01-29,1063.0,1075.0,1060.300048828125,1066.199951171875,1047.3218994140625,14800724
2026-01-30,1064.0,1082.5,1060.4000244140625,1077.1500244140625,1058.078125,9480769
2026-02-02,1019.9000244140624,1031.300048828125,990.0,1028.699951171875,1010.4859008789062,14434549
2026-02-03,1087.0,1089.800048828125,1040.300048828125,1064.199951171875,1045.3572998046875,16129381
2026-02-04,1064.199951171875,1073.9000244140625,1056.300048828125,1068.199951171875,1049.2864990234375,7312276
2026-02-05,1068.199951171875,1081.0,1067.5,1073.5,1054.49267578125,9551567
2026-02-06,1070.0,1073.5999755859375,1051.0,1066.4000244140625,1047.5184326171875,7041557
2026-02-09,1120.0,1150.0,1100.5,1146.0,1125.708984375,40852966
2026-02-10,1151.0,1154.0,1138.0999755859375,1144.0999755859375,1123.8426513671875,17280036
2026-02-11,1144.699951171875,1187.5,1142.800048828125,1182.9000244140625,1161.9556884765625,29491859
2026-02-12,1183.0,1203.699951171875,1174.800048828125,1192.4000244140625,1171.2874755859375,33214985
2026-02-13,1189.0,1201.0,1184.5,1198.5999755859375,1177.377685546875,18141390
2026-02-16,1194.0,1212.300048828125,1185.300048828125,1208.0999755859375,1186.70947265625,14972739
2026-02-17,1206.0999755859375,1225.5,1204.0999755859375,1213.4000244140625,1191.9156494140625,20107196
2026-02-18,1218.800048828125,1224.0999755859375,1214.0,1218.9000244140625,1197.3182373046875,10417264
2026-02-19,1222.9000244140625,1224.9000244140625,1199.199951171875,1205.699951171875,1184.3519287109375,9630899
2026-02-20,1206.199951171875,1218.0,1201.800048828125,1216.0999755859375,1194.5677490234375,9958162
2026-02-23,1222.0,1231.0999755859375,1217.0999755859375,1227.800048828125,1206.0606689453125,9733835
2026-02-24,1232.0,1234.699951171875,1219.699951171875,1223.300048828125,1201.640380859375,15788449
2026-02-25,1228.0999755859375,1228.0999755859375,1197.5,1200.0999755859375,1178.85107421875,19581100
2026-02-26,1201.0,1215.4000244140625,1188.9000244140625,1209.5,1188.084716796875,16196052
2026-02-27,1207.0,1211.800048828125,1198.5999755859375,1201.699951171875,1180.4227294921875,10700355
2026-03-02,1185.0,1197.300048828125,1179.4000244140625,1189.9000244140625,1168.831787109375,16270835
2026-03-04,1172.0999755859375,1182.699951171875,1157.5999755859375,1174.5,1153.704345703125,13855065
2026-03-05,1181.0,1183.199951171875,1150.5999755859375,1169.5,1148.79296875,22100665
2026-03-06,1168.5,1169.300048828125,1138.0,1143.0,1122.7620849609375,20333328
2026-03-09,1115.0,1115.0,1064.300048828125,1098.5,1079.050048828125,24631198
2026-03-10,1111.0999755859375,1119.9000244140625,1104.5,1112.199951171875,1092.5074462890625,17491459
2026-03-11,1113.4000244140625,1115.9000244140625,1088.0,1091.0999755859375,1071.781005859375,8364878
2026-03-12,1075.0999755859375,1098.0,1070.5,1085.199951171875,1065.9854736328125,14614140
2026-03-13,1077.5,1081.300048828125,1042.300048828125,1047.0,1028.4619140625,15978675
2026-03-16,1048.699951171875,1073.0,1036.0999755859375,1066.699951171875,1047.8131103515625,15322269
2026-03-17,1073.9000244140625,1073.9000244140625,1047.0,1064.699951171875,1045.8485107421875,16427877
2026-03-18,1067.5,1075.4000244140625,1061.300048828125,1069.800048828125,1050.8582763671875,10749915
2026-03-19,1049.5,1059.699951171875,1041.0,1048.9000244140625,1030.3282470703125,13431191
2026-03-20,1058.4000244140625,1085.0,1054.0,1058.0,1039.26708984375,17748625
2026-03-23,1039.0,1045.5999755859375,1014.2000122070312,1031.9000244140625,1013.6292724609376,16039603
2026-03-24,1055.199951171875,1059.0,1020.0,1030.800048828125,1012.5487670898438,30416734
2026-03-25,1043.0,1065.5,1043.0,1060.5999755859375,1041.821044921875,16205333
2026-03-27,1051.300048828125,1055.300048828125,1013.0,1019.5,1001.4487915039062,20445349
2026-03-30,1005.0,1009.4000244140624,975.7999877929688,979.4000244140624,962.058837890625,21438137
2026-04-01,1008.0,1031.0,998.4500122070312,1017.7999877929688,999.7789306640624,17424479
2026-04-02,1000.0,1026.0,977.9000244140624,1018.4000244140624,1000.3683471679688,20777629
2026-04-06,1020.0,1035.699951171875,1005.0499877929688,1032.75,1014.4642333984376,23576634
2026-04-07,1025.0,1033.699951171875,1012.0,1030.4000244140625,1012.1558227539062,15021291
2026-04-08,1074.0,1077.800048828125,1059.449951171875,1061.449951171875,1042.656005859375,28533742
2026-04-09,1060.0999755859375,1064.3499755859375,1038.300048828125,1040.949951171875,1022.5189819335938,24772948
2026-04-10,1049.0,1069.449951171875,1046.1500244140625,1066.699951171875,1047.8131103515625,17861336
2026-04-13,1042.0,1067.25,1030.0,1063.550048828125,1044.7188720703125,17763348
2026-04-15,1076.0,1088.0,1068.199951171875,1071.5,1052.528076171875,16195810
2026-04-16,1078.0,1084.1500244140625,1062.0,1067.1500244140625,1048.255126953125,20313165
2026-04-17,1067.0,1082.1500244140625,1060.0,1080.25,1061.1231689453125,16823879
2026-04-20,1080.300048828125,1120.949951171875,1075.8499755859375,1107.8499755859375,1088.2344970703125,31179584
2026-04-21,1113.4000244140625,1114.75,1105.949951171875,1111.8499755859375,1092.1636962890625,16963734
2026-04-22,1110.0,1117.8499755859375,1100.0999755859375,1103.300048828125,1083.76513671875,12412659
2026-04-23,1095.0,1101.9000244140625,1082.199951171875,1094.25,1074.875244140625,13669001
2026-04-24,1091.3499755859375,1106.0,1090.050048828125,1101.0999755859375,1081.60400390625,13774745
2026-04-27,1110.949951171875,1114.800048828125,1103.4000244140625,1111.8499755859375,1092.1636962890625,11624385
2026-04-28,1102.300048828125,1110.5,1089.1500244140625,1091.300048828125,1071.9775390625,10727835
2026-04-29,1094.0,1105.0,1084.25,1086.9000244140625,1067.655517578125,10611104
2026-04-30,1075.0,1077.699951171875,1063.0,1068.449951171875,1049.5321044921875,14269539
2026-05-01,1068.449951171875,1068.449951171875,1068.449951171875,1068.449951171875,1049.5321044921875,0
2026-05-04,1063.5999755859375,1089.0999755859375,1063.5999755859375,1068.4000244140625,1049.4830322265625,11693211
2026-05-05,1060.5999755859375,1068.5,1049.4000244140625,1059.9000244140625,1041.133544921875,12194631
2026-05-06,1072.0,1101.0999755859375,1061.199951171875,1096.0,1076.5943603515625,14384779
2026-05-07,1106.0,1108.0,1086.0999755859375,1092.0,1072.6651611328125,16105163
2026-05-08,1090.0,1095.0,1010.9000244140624,1019.2999877929688,1001.2523193359376,48065909
2026-05-11,1007.0,1007.0,971.0999755859376,973.5999755859376,956.3615112304688,46927396
2026-05-12,976.9000244140624,981.4000244140624,962.4000244140624,974.5999755859376,957.3438110351562,25787092
2026-05-13,978.0,981.2000122070312,961.2000122070312,970.0999755859376,952.9234619140624,17584580
2026-05-14,973.5,987.0,963.5999755859376,979.9000244140624,962.5499877929688,16487142
2026-05-15,971.2000122070312,972.5,957.0,963.2000122070312,963.2000122070312,26972493
2026-05-18,952.0,954.9000244140624,933.9000244140624,939.4000244140624,939.4000244140624,16554877
2026-05-19,942.0,956.5999755859376,939.5,948.7999877929688,948.7999877929688,17280869
2026-05-20,941.0999755859376,955.0,935.0,950.9000244140624,950.9000244140624,11928460
2026-05-21,957.0,960.9000244140624,946.5,950.9000244140624,950.9000244140624,11756520
2026-05-22,950.9000244140624,958.5999755859376,947.7000122070312,949.2000122070312,949.2000122070312,7807192
2026-05-25,959.9000244140624,972.5,957.5,969.5999755859376,969.5999755859376,10934747
2026-05-26,969.9000244140624,978.7999877929688,962.0999755859376,968.5,968.5,16269800
2026-05-27,969.7999877929688,975.9000244140624,966.5999755859376,967.7999877929688,967.7999877929688,8111259
2026-05-28,967.7999877929688,967.7999877929688,967.7999877929688,967.7999877929688,967.7999877929688,0
2026-05-29,967.7999877929688,973.7000122070312,960.2999877929688,964.4000244140624,964.4000244140624,22292535
2026-06-01,966.25,970.25,950.0999755859376,954.0999755859376,954.0999755859376,11118975
2026-06-02,950.9500122070312,961.2999877929688,939.9000244140624,956.6500244140624,956.6500244140624,15911760
2026-06-03,953.75,974.0,937.2000122070312,970.4500122070312,970.4500122070312,27947005
2026-06-04,969.9000244140624,985.7999877929688,961.0999755859376,979.25,979.25,18875883
2026-06-05,980.0,992.5999755859376,970.5999755859376,977.7000122070312,977.7000122070312,20955539
2026-06-08,966.0,988.6500244140624,965.1500244140624,981.9500122070312,981.9500122070312,12895416
2026-06-09,985.0,1009.0,983.0,1002.7000122070312,1002.7000122070312,22142480
2026-06-10,1002.7000122070312,1012.4000244140624,999.5,1003.25,1003.25,19122317
2026-06-11,998.0999755859376,1009.4000244140624,993.0,1000.7000122070312,1000.7000122070312,13773978
2026-06-12,1018.0,1018.7000122070312,1004.3499755859376,1017.1500244140624,1017.1500244140624,11081119
2026-06-15,1034.0,1034.0,1018.5,1020.8499755859376,1020.8499755859376,12463437
2026-06-16,1023.7999877929688,1026.550048828125,1007.4000244140624,1015.2999877929688,1015.2999877929688,9693677
2026-06-17,1017.0,1028.0999755859375,1013.4500122070312,1026.5,1026.5,8190062
2026-06-18,1027.9000244140625,1045.699951171875,1024.449951171875,1042.699951171875,1042.699951171875,11048009
2026-06-19,1042.0,1042.0,1029.300048828125,1035.0999755859375,1035.0999755859375,9099878
2026-06-22,1038.0,1043.0,1033.5999755859375,1040.75,1040.75,6209440
2026-06-23,1041.0,1045.5,1022.3499755859376,1024.199951171875,1024.199951171875,10411004
2026-06-24,1024.0,1044.5,1020.5,1034.5999755859375,1034.5999755859375,11724076
2026-06-25,1040.0,1055.4000244140625,1038.550048828125,1045.4000244140625,1045.4000244140625,16002360
2026-06-26,1045.4000244140625,1045.4000244140625,1045.4000244140625,1045.4000244140625,1045.4000244140625,0
2026-06-29,1044.449951171875,1046.4000244140625,1030.8499755859375,1036.0999755859375,1036.0999755859375,16818246
2026-06-30,1040.0,1044.0,1025.050048828125,1026.9000244140625,1026.9000244140625,11161643
2026-07-01,1031.0,1049.9000244140625,1025.5,1047.4000244140625,1047.4000244140625,6295315
2026-07-02,1050.9000244140625,1059.800048828125,1045.0,1051.5999755859375,1051.5999755859375,14682790
2026-07-03,1055.0,1057.0,1034.5,1040.0,1040.0,10441493
2026-07-06,1041.9000244140625,1048.4000244140625,1037.800048828125,1045.0999755859375,1045.0999755859375,5322384
