Date,Open,High,Low,Close,Adj Close,Volume,Daily Return,Log Return,SMA_20,SMA_50,EMA_12,EMA_26,Rolling Volatility,Month,Quarter,Day of Week
2021-09-20,711.6389770507812,720.1786499023438,707.0255737304688,711.5899047851562,695.4793701171875,14330899,-0.004394658258243256,-0.004404343153799912,636.8608489990235,584.4588580322265,665.6784928447694,634.2244168203279,0.02241238796083477,9,3,0
2021-09-21,709.5776977539062,727.0986938476562,708.6942749023438,713.258544921875,697.1102905273438,14216876,0.0023450306079983996,0.0023422853147489747,641.8494598388672,588.3221520996094,670.514154026704,638.8826296875142,0.02236353499072895,9,3,1
2021-09-22,713.6021118164062,718.55908203125,710.7555541992188,713.3567504882812,697.206298828125,16348622,0.00013772325855154754,0.00013771377557424887,646.965185546875,591.9772717285156,674.6206378423072,643.2029014757076,0.02206270545074744,9,3,2
2021-09-23,719.8841552734375,726.460693359375,709.8721313476562,713.4058227539062,697.2542724609375,26497345,6.880837550249375e-05,6.880600831481171e-05,652.4502593994141,595.7599822998047,678.1027354759426,647.2067067338727,0.021263195576166155,9,3,3
2021-09-24,715.6143188476562,739.1229858398438,714.5836791992188,725.7736206054688,709.3419799804688,72175065,0.017336154107551183,0.01718759746410146,659.7652862548828,599.776771850586,682.9087730920236,651.8093195669538,0.02132164918746047,9,3,4
2021-09-27,731.0,731.9000244140625,718.1500244140625,722.5499877929688,706.1913452148438,11282248,-0.00444163020735322,-0.004451523552726005,666.52705078125,603.7305487060547,686.4907072647652,655.8376177630938,0.021404365054872265,9,3,0
2021-09-28,724.4000244140625,726.7999877929688,686.0,696.1500244140625,680.3890380859375,21944239,-0.03653727464056711,-0.03722147858137681,670.7851257324219,607.2565405273438,685.551988929561,657.6562414907119,0.022506108521813138,9,3,1
2021-09-29,697.0,702.0,689.1500244140625,694.0999755859375,678.385498046875,16729859,-0.002944697705152377,-0.002949041857679754,672.8516479492188,610.4412255859374,684.4494518706863,659.1917419763536,0.022485331266957564,9,3,2
2021-09-30,695.7999877929688,709.7999877929688,686.7999877929688,688.2999877929688,672.716796875,13911568,-0.008356165024452356,-0.008391273489632301,674.522006225586,613.5643420410156,682.6444280251961,660.1935978947719,0.022402707952018357,9,3,3
2021-10-01,687.3499755859375,687.3499755859375,667.6500244140625,675.9000244140625,660.5975341796875,14952128,-0.01801540076241681,-0.018179653808102523,675.5816040039062,616.6887475585937,679.2525982028102,660.2235191010619,0.022701445921221957,10,4,4
2021-10-04,675.0,686.2000122070312,669.7000122070312,681.4000244140625,665.9730834960938,8917898,0.008137404453199215,0.008104474300941635,677.2961212158203,619.5186975097656,677.2095959402384,660.6494127599532,0.022444089184329562,10,4,0
2021-10-05,684.4000244140625,703.4500122070312,680.4000244140625,699.25,683.4188842773438,25598885,0.026195954781935704,0.025858717578702114,680.0676025390625,622.6668640136719,678.1648710690238,662.3360402797598,0.022724927905051512,10,4,1
2021-10-06,705.75,707.9500122070312,688.2000122070312,691.4000244140625,675.7467041015625,10406502,-0.011226175267155414,-0.011289664379857674,681.6903930664063,625.7431323242188,677.792845381722,663.3294227850785,0.022857475589448967,10,4,2
2021-10-07,695.75,702.2000122070312,691.2999877929688,692.5,676.8217163085938,8121590,0.0015908508328732474,0.0015895867701329525,683.4964477539063,628.9080554199219,677.643440908933,664.3288519349684,0.02264403578202995,10,4,3
2021-10-08,695.1500244140625,699.5499877929688,688.9000244140625,695.5,679.7537841796875,6297352,0.004332112579196412,0.004322755992289313,684.5712982177735,631.60685546875,677.9681091044337,665.4714395086513,0.020860601271941573,10,4,4
2021-10-11,693.0999755859375,696.0499877929688,685.0,690.8499755859375,675.2091064453125,8792050,-0.006685770407088509,-0.006708220289177805,685.0759521484375,634.2291516113281,677.5436471568765,666.1927481706263,0.02094525607926367,10,4,0
2021-10-12,691.0,698.4000244140625,684.2000122070312,686.3499755859375,670.8109130859375,8579567,-0.006513824113732136,-0.0065351316454353645,685.3175231933594,636.8690112304688,676.5078419151936,666.5348344606493,0.019868219636991178,10,4,1
2021-10-13,689.0,696.7999877929688,683.0999755859375,689.9000244140625,674.2806396484375,7062149,0.005172436069261543,0.005159104971556606,684.2312042236329,639.5111120605469,676.1651954126157,667.1085978078929,0.015468806391910792,10,4,2
2021-10-14,693.0,694.0,681.8499755859375,685.7999877929688,670.2733764648438,9820591,-0.005943019787255199,-0.00596074981083881,683.2754943847656,641.7843041992187,675.2587617283431,667.3430258565559,0.015533218055292449,10,4,3
2021-10-18,700.0,701.9500122070312,679.6500244140625,680.5999755859375,665.1911010742188,8574445,-0.007582391855439519,-0.007611284330601801,681.6075866699218,644.0671350097656,673.7098908584778,667.1836240208271,0.015623605136329056,10,4,0
2021-10-19,699.0,699.0,675.4500122070312,681.0999755859375,665.6798095703125,7328862,0.0007346888665595852,0.0007344191148085814,680.1176086425781,645.89349609375,672.4744937372217,667.072230357826,0.015415178600407519,10,4,1
2021-10-20,683.4000244140625,713.9000244140625,681.4000244140625,708.4500122070312,692.41064453125,21217306,0.0401556943392829,0.03937040804390639,679.8826263427734,648.0779528808594,675.5415938593799,668.9491499262278,0.016843652119150825,10,4,2
2021-10-21,710.9500122070312,712.3499755859375,689.2000122070312,696.0499877929688,680.291259765625,8908979,-0.017503175119194747,-0.01765816691742328,679.0368743896485,650.1859899902344,676.27231169111,669.7893062106276,0.016780716130485335,10,4,3
2021-10-22,698.5,705.2999877929688,684.25,694.5,678.7764282226562,6587256,-0.0022267396813103746,-0.0022292225526046494,678.1129821777344,651.8233898925781,676.6575603882709,670.4550189522594,0.01676163039561134,10,4,4
2021-10-25,693.0,704.0,675.0,691.0999755859375,675.453369140625,9540441,-0.00489566069748848,-0.00490768370073481,676.4185516357422,653.4202319335938,676.4723001963254,670.8252671143605,0.01610213537487126,10,4,0
2021-10-26,695.0,709.8499755859375,689.0,696.2000122070312,680.43798828125,10953878,0.007379664338586167,0.007352567842747111,675.1308837890625,655.07263671875,677.0824060555445,671.5373205341301,0.01605017701412862,10,4,1
2021-10-27,699.4000244140625,714.6500244140625,694.0,702.3499755859375,686.4486694335938,11878571,0.008833547297273148,0.008794759771946653,675.4338653564453,656.5785546875,678.5233696521675,672.6418648970533,0.01611573008511096,10,4,2
2021-10-28,702.75,706.0499877929688,684.4000244140625,689.75,674.134033203125,8884507,-0.01793963158327605,-0.018102497551065452,675.2212921142578,657.8957421875,677.8480871215456,672.7523958826882,0.014180172935296319,10,4,3
2021-10-29,692.2000122070312,701.0,677.0499877929688,685.3499755859375,669.8335571289062,8602343,-0.0063792597056481215,-0.0063996941335491345,675.0771301269531,659.2746594238281,676.6150825072934,672.5361856046303,0.014126538744773607,10,4,4
2021-11-01,689.9500122070312,722.7999877929688,689.5999755859375,712.5,696.368896484375,17121001,0.039614825314525426,0.038850284278481646,676.8656982421875,661.2495190429687,679.6541308114598,674.3015715957225,0.01575923012728469,11,4,0
2021-11-02,712.5,723.0999755859375,709.5499877929688,713.9500122070312,697.7860717773438,7725455,0.0020350927505856653,0.0020330247545677508,678.45634765625,663.4302014160156,682.4436601908266,676.0411642017685,0.015740902761370672,11,4,1
2021-11-03,725.75,732.5,696.0,699.0999755859375,683.2722778320312,23261507,-0.02079977593755078,-0.021019138402155906,678.4490173339843,665.1488854980469,682.571139827935,676.5768022484547,0.016194288570481902,11,4,2
2021-11-04,704.0,704.7999877929688,699.2000122070312,701.0999755859375,685.2269287109375,1064714,0.0028607203048076624,0.002856636231550022,678.9230285644531,666.9555883789062,682.9797227330123,677.2175523567868,0.016205857640911762,11,4,3
2021-11-08,707.4500122070312,714.9000244140625,704.0,709.0,692.9481811523438,7565546,0.011268168424045433,0.011205155532307463,679.7293518066406,669.06349609375,684.5133317206017,678.3827841194206,0.0163466353414792,11,4,0
2021-11-09,711.7000122070312,716.4500122070312,705.1500244140625,713.2000122070312,697.0531005859375,5278131,0.005923847619842881,0.005906370621283753,680.5943176269532,671.7437292480469,686.4425269306535,679.7657705243479,0.01605764151770931,11,4,1
2021-11-10,717.5,738.0,707.3499755859375,735.4500122070312,718.7993774414062,15180490,0.03119744656065504,0.03072069645732239,682.7738311767578,674.700595703125,691.4205039323077,682.6571488145004,0.017041009937481175,11,4,2
2021-11-11,735.0,738.5999755859375,724.25,728.5999755859375,712.1044311523438,7421118,-0.009314068012820753,-0.009357715177478833,684.8385070800781,677.0381335449218,694.602646581544,684.838428987674,0.01565671018540882,11,4,3
2021-11-12,733.0,745.0,725.25,743.5,726.6669921875,9207508,0.02045003569433046,0.020243741456051522,687.4578247070312,678.8303723144531,699.5356228286141,687.9368410765501,0.01599950900411856,11,4,4
2021-11-15,740.0,746.0,736.2000122070312,737.5499877929688,720.8517456054688,5454742,-0.008002629326158694,-0.00803482223117883,689.9867431640625,680.4612145996093,702.8150263327456,690.3749821527663,0.015991428726952913,11,4,0
2021-11-16,741.3499755859375,742.0499877929688,727.0499877929688,730.2999877929688,713.7659912109375,4639931,-0.009829697212676791,-0.009878327630265913,692.4154876708984,681.9484228515626,704.4997901601597,692.1076494904087,0.015697709916872523,11,4,1
2021-11-17,724.5499877929688,732.3499755859375,716.25,720.0499877929688,703.7479858398438,8002927,-0.014035419863725584,-0.014134847807423395,694.318896484375,683.3897277832032,704.3841279570341,692.9698966274038,0.015952846496385592,11,4,2
2021-11-18,720.5999755859375,723.4500122070312,708.0,714.3499755859375,698.1770629882812,4469597,-0.007916076441645825,-0.00794757491442887,694.6072174072266,684.7934838867187,703.4291948849183,693.3556126541355,0.015371074508754686,11,4,3
2021-11-22,740.0,755.9500122070312,733.0999755859375,742.0999755859375,725.2987060546875,36884348,0.0388463679260993,0.038110835857755536,696.8575897216797,686.4336401367187,706.7937350648829,695.721767720843,0.01668018323990582,11,4,0
2021-11-23,745.0,761.0,735.7000122070312,758.9000244140625,741.7184448242188,18240414,0.022638588256757686,0.02238613838770437,700.0046905517578,688.4539965820312,712.1667673355499,699.1289289877598,0.017078759740970284,11,4,1
2021-11-24,764.0,781.7999877929688,756.25,758.9000244140625,741.7184448242188,21653712,0.0,0.0,703.3179443359375,690.1232299804688,716.7131792568837,702.2837079386086,0.017087133653178318,11,4,2
2021-11-25,759.0499877929688,768.5,752.7999877929688,765.1500244140625,747.826904296875,8483653,0.008235550181179496,0.008201823085383734,706.6873901367187,691.7774475097656,721.4999061861131,705.6572780392208,0.017010922842836024,11,4,3
2021-11-26,763.0,763.0,733.0999755859375,738.75,722.0245971679688,11142921,-0.034503047403952714,-0.03511233341471963,708.4661865234375,692.898349609375,721.5806278756294,706.8696720487577,0.018300508079841023,11,4,4
2021-11-29,752.0,755.0,727.0999755859375,739.3499755859375,722.6109619140625,15885643,0.0008121118704178532,0.0008117822860003573,710.8900329589844,693.4304284667969,721.7391408046191,708.0356935202618,0.01829681811771639,11,4,0
2021-11-30,740.0,750.2000122070312,722.6500244140625,728.25,711.7623901367188,14272616,-0.015013018552345048,-0.015126854701802115,712.986474609375,693.8779248046875,720.2042560864807,708.3117451214808,0.018514279153583158,11,4,1
2021-12-01,733.0,737.4000244140625,718.25,722.25,705.898193359375,10488561,-0.0082389809557335,-0.00827310894181675,713.462939453125,694.0249035644531,718.0033233592336,708.132963509473,0.018526587081492425,12,4,2
2021-12-02,723.9000244140625,735.7000122070312,714.1500244140625,732.5499877929688,715.9649658203125,11507427,0.014260940962363966,0.014160210290372705,714.3718841552734,694.4346154785156,717.6897298917073,708.7131118287945,0.018655193891661766,12,4,3
2021-12-03,730.0,734.6500244140625,716.2999877929688,718.3499755859375,702.0864868164062,11024093,-0.019384299045980602,-0.01957463831454302,715.3125946044922,694.5341394042969,715.2892309570456,708.2222507167656,0.017662397223032214,12,4,4
2021-12-06,718.0,721.9000244140625,693.8499755859375,697.5999755859375,681.8062744140625,8804487,-0.028885632729243715,-0.029311034649590423,715.1415618896484,694.2261389160157,710.1380068735097,706.2655117313802,0.01817965117686111,12,4,0
2021-12-07,702.3499755859375,705.7000122070312,694.0999755859375,698.8499755859375,683.0278930664062,10238693,0.0017917386480399422,0.001790135399131521,714.6455474853516,693.941611328125,705.9672201339553,704.5442066450859,0.018175705715378014,12,4,1
2021-12-08,705.0,719.0,702.2999877929688,715.1500244140625,698.9589233398438,8296393,0.02332412839235043,0.023056277834205247,714.7408386230469,693.7339501953124,704.8890206271689,704.1304819558087,0.01861878757649456,12,4,2
2021-12-09,716.7999877929688,723.9500122070312,711.0,713.9500122070312,697.7860717773438,9069515,-0.0016779978384076077,-0.0016794072536649622,713.6901733398438,693.5658447265625,703.7962592656573,703.6605256462929,0.018590347281941994,12,4,3
2021-12-10,711.0,718.9000244140625,707.0,710.7000122070312,694.609619140625,4251339,-0.004552186931200741,-0.004562579685964387,712.8154327392579,693.8502563476562,702.3829300156524,702.9900881273545,0.018556599315059485,12,4,4
2021-12-13,715.0,718.4000244140625,698.3499755859375,703.0999755859375,687.1817016601562,9896899,-0.010693657668689682,-0.010751245745267564,710.8411682128906,694.0261804199218,700.0442794994223,701.8190965371917,0.018353556588278322,12,4,0
2021-12-14,701.0,706.2999877929688,688.4000244140625,691.5999755859375,675.9420776367188,9275631,-0.016356116579186786,-0.01649135452672975,708.5956848144531,694.0906860351563,696.3362484436217,699.9022803223419,0.018577176652348187,12,4,1
2021-12-15,691.75,694.9000244140625,684.0999755859375,685.4500122070312,669.9313354492188,7674319,-0.008892392390358661,-0.008932165673556846,706.4039520263672,694.2773620605469,692.2739541367904,697.6822103317402,0.017105150928509415,12,4,2
2021-12-16,689.9000244140625,689.9000244140625,677.5999755859375,681.4000244140625,665.9730834960938,9633006,-0.00590844425939685,-0.005925968176331552,704.5152069091797,694.2773620605469,688.227666345914,695.3333861216922,0.01711565169097673,12,4,3
2021-12-17,681.0,685.7000122070312,661.0999755859375,666.0499877929688,650.9705200195312,13850460,-0.022527282030386342,-0.022784897517617992,702.1548797607422,693.6283947753906,682.4957976803167,692.0472478919025,0.017185886714438978,12,4,4
2021-12-20,659.1500244140625,661.1500244140625,645.0999755859375,658.25,643.34716796875,11812939,-0.011710748515236236,-0.01177985942078788,698.0573028564453,692.9804040527343,676.4729315708449,688.4398345642616,0.017264979373786522,12,4,0
2021-12-21,663.9500122070312,670.9000244140625,659.2000122070312,667.0,651.8989868164062,8084499,0.013292696810428328,0.013205124114106534,693.5663299560547,692.4819494628906,672.6923246855467,685.7331051014575,0.0173223147835222,12,4,1
2021-12-22,667.0,686.0,667.0,684.75,669.2471923828125,8522226,0.02661180016727349,0.02626386549381832,689.9427673339844,692.2718176269532,672.16230433128,684.5119263815578,0.018040950844405254,12,4,2
2021-12-23,689.0,689.0,675.5,678.75,663.3829956054688,5602466,-0.008762377853935632,-0.008800993227246399,685.720571899414,692.0352954101562,670.8116414503859,682.9468203981438,0.017012391612662308,12,4,3
2021-12-24,682.0999755859375,682.8499755859375,672.6500244140625,677.0499877929688,661.7214965820312,3756020,-0.00250458488451466,-0.00250772660413519,682.7054168701172,691.8535070800781,669.4131576244852,681.374574189543,0.016964132777171494,12,4,4
2021-12-27,674.9500122070312,678.3499755859375,668.6500244140625,675.75,660.450927734375,3658572,-0.0019200960739813588,-0.0019219418215014974,679.5974151611329,691.5769128417969,668.0343530260067,679.8246744521232,0.016412124252863407,12,4,0
2021-12-28,679.8499755859375,683.5,675.0499877929688,680.0499877929688,664.653564453125,3892590,0.0063632838448222095,0.00634312363241572,677.2419738769531,691.4645166015625,667.5142317071018,678.7008885262715,0.016472107713732358,12,4,1
2021-12-29,679.9500122070312,683.5,675.0,676.8499755859375,661.5260620117188,3847574,-0.00470546252765458,-0.004716568067951691,675.0233673095703,691.3912158203125,666.592974830889,677.428679154823,0.016420732570108752,12,4,2
2021-12-30,677.5,685.7999877929688,674.2000122070312,679.3499755859375,663.9693603515625,5701612,0.0036934271832218535,0.003686623229169257,672.4235870361329,691.3570068359375,666.1893418340695,676.4316925768037,0.016306182056887514,12,4,3
2021-12-31,680.5,694.0999755859375,680.0,683.7999877929688,668.3186645507812,4598628,0.006550459191243085,0.006529098165708974,670.7351959228515,690.8751672363281,666.5169299443329,675.8307275378392,0.01633324843456691,12,4,4
2022-01-03,687.7999877929688,692.5999755859375,683.0999755859375,691.2999877929688,675.6488647460938,2939833,0.010968121323140956,0.010908407714431231,670.4273254394532,690.7823193359375,667.9218429907577,675.8172562199321,0.014677955986459238,1,1,0
2022-01-04,692.25,703.25,690.4000244140625,697.4500122070312,681.6596069335938,6473875,0.00889625144232098,0.008856912935474482,670.3589111328125,690.8399829101562,670.0353451358094,676.2500229394626,0.014076336396516882,1,1,1
2022-01-05,700.9000244140625,702.75,691.75,700.0,684.1519775390625,4586105,0.003656327263809267,0.0036496591482116456,669.6185638427735,691.013955078125,672.2071347363099,676.8353529098033,0.014116421897576843,1,1,2
2022-01-06,702.0,720.5,700.0,710.4000244140625,694.3164672851562,21642414,0.014857064043951151,0.01474777897515764,669.4450836181641,691.2915246582031,675.6085705130555,678.1302502709406,0.01434153452470006,1,1,3
2022-01-07,713.9000244140625,715.1500244140625,701.4500122070312,704.7000122070312,688.7455444335938,4315015,-0.008023607553692802,-0.008055969917629984,669.1518798828125,691.3374621582032,677.6296434239075,678.916568357063,0.013052770382105842,1,1,4
2022-01-10,705.4000244140625,711.3499755859375,703.6500244140625,704.9500122070312,688.9898681640625,3565324,0.00035473729368318274,0.00035467438928533544,669.2422882080078,691.6345788574218,679.3773703070083,679.6627387131371,0.013050256494844339,1,1,0
2022-01-11,703.0,709.5499877929688,694.5999755859375,703.4500122070312,687.5238647460938,10642484,-0.0021277575849920627,-0.00213002447733137,669.8213775634765,691.9883850097656,680.6306771437906,680.2450443452079,0.012799975039408032,1,1,1
2022-01-12,707.9500122070312,732.7000122070312,704.2000122070312,730.2000122070312,713.668212890625,12366953,0.03802682275499847,0.037321625214259184,672.0082214355468,692.3343713378906,685.713374950996,682.7208346078314,0.014571609820966235,1,1,2
2022-01-13,729.0,735.6500244140625,726.1500244140625,731.7999877929688,715.23193359375,5829874,0.0021911031973687045,0.0021887062314524977,674.4711639404297,692.6832885742188,690.2546916652659,685.1290641623439,0.01434245014671225,1,1,3
2022-01-14,729.9500122070312,730.9000244140625,718.4500122070312,720.5999755859375,704.2854614257812,5344096,-0.01530478667663393,-0.015423113790905399,677.1369110107422,693.1035522460937,692.4132716284222,686.5480565522281,0.014169992633109644,1,1,4
2022-01-17,720.0,734.75,719.5499877929688,728.5999755859375,712.1044311523438,4340924,0.011101989398919931,0.011040814672295564,680.5747741699219,693.6411022949219,695.4426807859486,688.4411213374219,0.013186179892885543,1,1,0
2022-01-18,727.0,730.7000122070312,712.5499877929688,714.3499755859375,698.1770629882812,4312058,-0.01955804170678299,-0.019751831127245597,682.8886779785156,693.7456799316407,695.8633549709228,689.1623022004485,0.013736420434823796,1,1,1
2022-01-19,714.0,715.0,701.7000122070312,703.7000122070312,687.7681274414062,5879490,-0.014908733183418454,-0.01502098543583171,683.8147247314453,693.55998046875,694.6179353509973,689.059029996075,0.013344739478327953,1,1,2
2022-01-20,706.0,719.6500244140625,705.25,715.4000244140625,699.2033081054688,4812496,0.01662650566056767,0.016489798542011335,685.6057403564453,693.1680590820313,695.3233773132237,689.8104580041783,0.013700486155256208,1,1,3
2022-01-21,709.5999755859375,714.0,689.3499755859375,695.25,679.5094604492188,6704622,-0.028166124828001182,-0.028570399445404158,686.4951385498047,692.5161596679687,692.8904670264536,689.0474211482554,0.01462740728294524,1,1,4
2022-01-24,690.2999877929688,707.0,677.3499755859375,689.9000244140625,674.2806396484375,11091633,-0.007694993381437976,-0.0077247526059987725,687.1866241455078,691.4684326171875,690.027416660605,687.9535854816022,0.014566380032714538,1,1,0
2022-01-25,684.0,720.4500122070312,682.1500244140625,711.8499755859375,695.7335815429688,14128764,0.03181604310293795,0.03132039836322049,688.740625,690.9660693359375,690.9052881809687,688.5298814861478,0.01539322610188306,1,1,1
2022-01-27,706.5,716.0,701.5,707.25,691.23779296875,8937312,-0.006461939876824974,-0.0064829085915050775,690.2262115478516,690.5155053710937,690.9564427637043,688.7304675218961,0.015345272053743619,1,1,3
2022-01-28,714.9000244140625,754.0,701.6500244140625,715.7999877929688,699.5941772460938,21450677,0.012089015332125363,0.012016526811389289,692.0074523925781,690.4324291992187,692.2853249917642,689.5351867607255,0.015411170805727771,1,1,4
2022-01-31,728.0,735.0,719.5499877929688,729.2999877929688,712.7885131835938,10745370,0.01885998535527933,0.018684340830493664,694.2309448242188,690.724658203125,695.4396616366611,691.2576553846417,0.015009520121315888,1,1,0
2022-02-01,733.0,735.0,718.2999877929688,723.0499877929688,706.6800537109375,4814511,-0.008569806274477454,-0.008606738215365773,695.782504272461,690.35228515625,697.1689527250113,692.4000552606636,0.01491302453047142,2,1,1
2022-02-02,726.0999755859375,731.75,720.5,725.0499877929688,708.6347045898438,3286577,0.002765962996467586,0.0027621447599321734,697.1312591552735,689.6906103515626,698.9329145503701,693.60262187764,0.014791724373355148,2,1,2
2022-02-03,726.0,729.0,718.5,721.6500244140625,705.311767578125,3651578,-0.004689210096818552,-0.00470023893367994,698.1892486572266,688.9624768066407,699.9142765546401,694.4699660036018,0.014150866098927246,2,1,3
2022-02-04,721.0999755859375,723.25,716.5,720.2000122070312,703.8946533203125,3284198,-0.002009202629184137,-0.0020112237845142074,698.6681579589844,688.0838317871094,700.5266422108973,695.1680909900248,0.014029464362427179,2,1,4
2022-02-07,718.0,720.0999755859375,699.5,706.5,690.5048217773438,6833983,-0.01902249360725805,-0.019205748942913534,698.7561218261719,687.4534362792969,698.9848236826583,694.8226636409372,0.014530469890828042,2,1,0
2022-02-08,711.2000122070312,714.7000122070312,701.0,708.9000244140625,692.8504638671875,7167684,0.0033969959598632027,0.0033912392025245712,698.9491516113281,686.8582263183594,698.0410760187397,694.6765747688077,0.01451946271957678,2,1,1
2022-02-09,707.0999755859375,726.0999755859375,702.1500244140625,719.3499755859375,703.0637817382812,10185173,0.014741013254270685,0.014633420579665438,699.7261474609375,686.6842541503906,698.8137999755921,695.297849359139,0.014691807560287953,2,1,2
2022-02-10,722.9500122070312,726.9500122070312,708.5999755859375,724.0499877929688,707.6574096679688,6074014,0.006533728587653886,0.006512476303899961,699.4256072998047,686.7194384765625,700.1743553128808,696.2133723449783,0.014658756562718893,2,1,3
2022-02-11,721.7000122070312,725.4000244140625,710.9000244140625,715.1500244140625,698.9589233398438,5646980,-0.01229194552234858,-0.012368116319842056,698.6119567871094,686.3793176269531,699.9873657785674,696.4167464927461,0.014896949354534212,2,1,4
2022-02-14,704.0,704.0,685.0,689.7000122070312,674.0851440429688,7441445,-0.035586897121250405,-0.036235546207121404,697.1019409179687,685.8192907714844,696.0024085884753,694.7625537186885,0.016351080496351936,2,1,0
2022-02-15,696.0,713.0999755859375,686.5999755859375,711.5499877929688,695.4404296875,4650249,0.03168039799312061,0.031188927227810467,696.2687408447266,686.0919738769531,695.9159502960175,694.8127667534154,0.017225894396850218,2,1,1
2022-02-16,717.4000244140625,728.2000122070312,708.0,721.7999877929688,705.4583129882812,5433910,0.014405091900226319,0.01430232430595718,696.6328033447265,686.5405822753906,697.3840060948273,695.6013257337759,0.017340781643339753,2,1,2
2022-02-17,724.4500122070312,727.5,715.0,717.0,700.7670288085938,5107708,-0.006649980719364512,-0.0066721903583546556,697.282748413086,686.5767443847657,697.9044711277145,695.9839704059846,0.017394284525603813,2,1,3
2022-02-18,712.0499877929688,719.5499877929688,711.3499755859375,712.5499877929688,696.4177856445312,4099366,-0.006206403819336126,-0.006225743605392586,697.1434722900391,686.5493786621093,697.6757502841477,696.0161048680991,0.017237813679782877,2,1,4
2022-02-21,708.0499877929688,716.5499877929688,703.0,709.9500122070312,693.8766479492188,4307430,-0.003648869612025596,-0.003655542975182185,697.8618316650391,686.5347192382812,697.0912730018509,695.8576265778116,0.01718388206958082,2,1,0
2022-02-22,694.2000122070312,702.5,687.5,699.25,683.4188842773438,9148804,-0.015071502554212413,-0.015186231870529579,698.3187438964844,686.459462890625,694.987828582696,694.9362382592584,0.017414228024558095,2,1,1
2022-02-23,700.0999755859375,708.9500122070312,699.5,704.4000244140625,688.4523315429688,4124469,0.00736509830416443,0.007338108408785972,697.9546813964844,686.70966796875,693.982367499661,694.4559488728665,0.017462749924549503,2,1,2
2022-02-24,682.0,688.5499877929688,645.4500122070312,670.9000244140625,655.7107543945312,14139461,-0.047558234097423435,-0.048726312010319114,696.1783294677734,686.4252563476563,688.0944270219487,691.5859344670639,0.018049668705462544,2,1,3
2022-02-25,677.5,695.1500244140625,677.5,688.6500244140625,673.0588989257812,6452099,0.026457007781226505,0.026113074262914603,694.8515655517579,686.56697265625,685.7812688533076,690.2135614640059,0.01880261101382545,2,1,4
2022-02-28,681.0,690.0,666.4500122070312,686.5,670.9575805664062,8301523,-0.0031220423097128025,-0.003126926051285499,692.7600189208985,686.9667138671875,683.5007014245535,688.7871925086282,0.01863283692532737,2,1,0
2022-03-02,684.0,684.0,666.0,674.25,658.9849243164062,10220908,-0.01784413291804976,-0.018005259106971958,690.3752624511719,687.2794689941406,679.7290434079155,686.5796170869821,0.018709962183478607,3,1,2
2022-03-03,675.0,679.7999877929688,668.5999755859375,672.0499877929688,656.834716796875,6517030,-0.0032629085130615465,-0.0032682434070521625,687.7852630615234,687.37818359375,676.2068393139092,684.3762911395668,0.018429422400410643,3,1,3
2022-03-04,665.0,667.9500122070312,650.0,653.7000122070312,638.9002075195312,7094874,-0.027304447859886727,-0.027684141811642277,684.4646850585938,686.7712438964844,670.4673574993894,681.0076923528975,0.018865681758579705,3,1,4
2022-03-07,640.0,679.3499755859375,639.0,675.4000244140625,660.1088256835938,12615451,0.033195509900369125,0.03265643641164721,682.2753936767579,686.7057604980469,668.8737372200362,679.4596281551712,0.01966393172132034,3,1,0
2022-03-08,675.0,686.8499755859375,667.5999755859375,683.0,667.5367431640625,8462985,0.011252565018770255,0.011189725870680286,681.1269897460937,686.8220654296875,668.6680458268095,678.5764514891632,0.01914662342308286,3,1,1
2022-03-09,682.0,698.0,674.2999877929688,691.5,675.8443603515625,9896395,0.012445183388891223,0.012368378670118398,680.2766845703125,687.1299340820312,669.772094215233,678.3740743678594,0.01923542851194544,3,1,2
2022-03-10,699.9500122070312,707.5,690.5999755859375,697.75,681.952880859375,5989327,0.009038353896501983,0.008997752439430594,679.2211395263672,687.4759204101563,671.6460613912549,678.6391711450087,0.01837716416042137,3,1,3
2022-03-11,696.7000122070312,702.4000244140625,691.5,694.8499755859375,679.1184692382812,3353880,-0.00415631592834087,-0.004164977417644011,677.7941925048829,687.8277685546875,672.7956625984897,678.6746747074734,0.018356191127087272,3,1,4
2022-03-14,688.1500244140625,704.8499755859375,688.1500244140625,700.4000244140625,684.5428466796875,4016137,0.007987380239401265,0.007955649967037393,677.073388671875,688.23923828125,674.6029216879047,679.1093541128226,0.018274859832527926,3,1,0
2022-03-15,699.0,709.5,695.5,703.0999755859375,687.1817016601562,6006439,0.003854915719692764,0.0038475045722164815,677.7282165527344,688.6164990234375,676.5381186067126,679.7073057829955,0.017926983121649333,3,1,1
2022-03-16,710.0,715.5,705.0,712.0,695.8801879882812,3843706,0.012658204237846249,0.012578758891733018,677.7502044677734,689.0211254882812,679.5138215884924,680.9052970574611,0.01803904040957124,3,1,2
2022-03-17,720.0,727.9500122070312,715.0,722.9000244140625,706.533447265625,8168953,0.015309042362797065,0.015193041384855993,677.8039611816406,689.5186022949218,683.6706870772821,682.8036785543621,0.018257901026428814,3,1,3
2022-03-21,722.0,724.3499755859375,706.7999877929688,708.2000122070312,692.166259765625,6317305,-0.020334759176091177,-0.02054435666902465,677.3739227294922,689.6788879394531,684.9776982601041,683.4972030885298,0.01861822368322807,3,1,0
2022-03-22,708.5,721.0,705.8499755859375,719.25,702.9661254882812,3000133,0.015602993602018778,0.015482518463201981,677.7013397216797,689.8518811035157,687.7451486029006,684.9393454885113,0.018843941956898466,3,1,1
2022-03-23,719.25,719.8499755859375,703.0,704.9500122070312,688.9898681640625,7974713,-0.019881836147525367,-0.02008213922647586,677.4570007324219,689.856767578125,687.9366439200024,685.2393842052188,0.018874685765053197,3,1,2
2022-03-24,698.0,708.8499755859375,697.8499755859375,706.3499755859375,690.358154296875,3597143,0.0019859307023752937,0.0019839613488999534,677.8039642333985,689.8841333007813,688.3091839779828,685.6185523601564,0.018867943625334962,3,1,3
2022-03-25,712.2999877929688,714.4500122070312,705.8499755859375,709.3499755859375,693.2901611328125,2930336,0.004247080761903499,0.004238087369189352,678.0458557128907,689.9994592285157,689.0754881556489,686.1868196766494,0.018682614937765067,3,1,4
2022-03-28,715.25,737.0,710.0999755859375,733.0499877929688,716.4536743164062,7960258,0.03341099366785372,0.03286497516142222,681.0830017089844,690.0551684570313,693.2875167957654,688.4288089092239,0.019641299402074878,3,1,0
2022-03-29,740.4000244140625,763.0,737.0,754.9500122070312,737.8578491210938,15833573,0.02987516928447609,0.02943760002741209,684.32294921875,690.5076867675781,700.1444909996621,692.0902192952883,0.020188142642378868,3,1,1
2022-03-30,762.75,769.9000244140625,744.5999755859375,749.5,732.5311889648438,9938988,-0.007219087203036323,-0.007245270904109062,687.4016296386719,691.0726013183594,705.1270599173823,695.0858466782183,0.018995820455786863,3,1,2
2022-03-31,753.0,759.0,739.7000122070312,754.9500122070312,737.8578491210938,7371181,0.007271581383145209,0.007245270904109047,691.3452758789062,691.5876696777344,710.1625659487225,698.2541431554683,0.018230130599054623,3,1,3
2022-04-01,759.7999877929688,766.6500244140625,749.25,758.5,741.3274536132812,5920139,0.004702266834079705,0.004691245713385906,695.5699127197265,692.4506774902344,714.9571640509623,701.4447587449359,0.018090503411724468,4,2,4
2022-04-04,757.8499755859375,775.0,756.2000122070312,767.7999877929688,750.4168701171875,5783224,0.012261000802821664,0.012186443544898113,701.1457458496094,693.70365234375,720.4125034457662,705.0723225502878,0.018114891849757085,4,2,0
2022-04-05,767.7999877929688,773.7999877929688,761.0,766.5999755859375,749.2440795898438,3990794,-0.0015628520280475122,-0.0015640745551970172,705.6025085449219,694.7044677734375,724.848130544855,708.344304553218,0.018058181541039785,4,2,1
2022-04-06,764.0,780.7000122070312,763.0,775.6500244140625,758.0892333984375,7490027,0.011805437039203337,0.011736296491625796,710.1301330566406,696.2760632324218,729.9621463684831,712.0291140973084,0.018094215435797836,4,2,2
2022-04-07,775.0,777.8499755859375,759.5499877929688,762.4000244140625,745.1392211914062,5818505,-0.017082437840434284,-0.017230025871991163,713.5948760986328,697.6932348632813,732.2970809566251,714.4817146227971,0.018167482769219718,4,2,3
2022-04-08,768.3499755859375,768.3499755859375,757.5999755859375,762.0999755859375,744.845947265625,5583587,-0.00039358272580569675,-0.000393660199815678,716.7395294189453,698.6754821777344,734.2276757733944,716.7309170407843,0.018159108705936376,4,2,4
2022-04-11,757.0,765.2000122070312,756.0,758.0499877929688,740.8876342773438,4927865,-0.0053142706929029115,-0.005328441657259076,719.8279876708984,699.6684790039062,735.252284774002,718.5203035027516,0.0155743685886816,4,2,0
2022-04-12,759.9500122070312,759.9500122070312,740.0999755859375,741.6500244140625,724.8590087890625,3904026,-0.02163435418100268,-0.021871807839089964,721.8437957763672,700.1737756347657,733.6533192378574,718.9898372276637,0.015678709564519815,4,2,1
2022-04-13,742.0,756.5,737.9500122070312,740.6500244140625,723.8816528320312,6343030,-0.0013483393945313837,-0.0013492492220222648,723.6787933349609,700.3956384277344,732.1499859446535,719.3521939390982,0.015659748078003355,4,2,2
2022-04-18,736.6500244140625,740.1500244140625,723.4000244140625,729.5,712.9840698242188,8950327,-0.015054371063526806,-0.015168838382837549,724.5339874267578,700.52171875,729.2013834645867,718.8804810416998,0.015541676423208872,4,2,0
2022-04-19,739.0,739.0,716.8499755859375,723.5,707.119873046875,9957060,-0.008224863675831529,-0.008258874484971585,724.5633087158203,700.4914221191407,725.8042280157081,718.009324893935,0.015633949638967037,4,2,1
2022-04-20,730.0499877929688,744.5,723.9500122070312,739.3499755859375,722.6109619140625,6632292,0.021907302365069548,0.021670785481000193,726.0855438232422,700.8374060058594,725.3129563077626,718.350186895426,0.014957358762714878,4,2,2
2022-04-21,743.9000244140625,743.9000244140625,730.0,735.75,719.092529296875,6111830,-0.0048690551384217295,-0.004880947606485019,726.8918640136719,701.1413635253906,724.3559675368568,718.4051752214592,0.013998396845719742,4,2,3
2022-04-22,731.0,740.9000244140625,729.0,738.75,722.0245971679688,5182247,0.004077455614732495,0.004069165320484627,728.5436004638672,701.7717590332031,723.9972951724126,718.6732805508303,0.013912707658981406,4,2,4
2022-04-25,729.9500122070312,743.0,729.1500244140625,739.3499755859375,722.6109619140625,3571031,0.0008121118704178532,0.0008117822860003573,730.1562408447265,702.3669689941406,723.7840131326665,718.9649606518105,0.013793684961991032,4,2,0
2022-04-26,745.0,758.9000244140625,739.0999755859375,756.2999877929688,739.17724609375,4987848,0.022925592127479577,0.022666749355922697,732.4505950927735,703.08923828125,726.152202818987,720.4621669808431,0.01425217571420716,4,2,1
2022-04-27,750.0,761.5499877929688,746.4000244140625,752.5,735.4633178710938,4571399,-0.005024408208292197,-0.005037072987036036,733.4010772705078,703.6453564453125,727.5846820577726,721.5733633430839,0.014267632394256179,4,2,2
2022-04-28,751.0,754.2999877929688,744.5999755859375,747.3499755859375,730.4298706054688,6101866,-0.00684391341256152,-0.006867440393821688,733.0296783447266,704.274775390625,728.0224033728028,722.2294009180754,0.014336982437596376,4,2,3
2022-04-29,752.0,761.0,735.5499877929688,739.0,722.2689819335938,7219115,-0.011172720339476583,-0.01123560400582866,732.516567993164,705.2384521484375,727.1372616129245,722.2323328451508,0.014540559944807638,4,2,4
2022-05-02,734.0,742.9500122070312,730.3499755859375,741.3499755859375,724.565673828125,3938533,0.00317982905535108,0.0031747840908610716,731.8519592285156,705.82095703125,726.7416327229553,722.4051729179637,0.014397936545660423,5,2,0
2022-05-04,737.0,739.3499755859375,717.0,722.4000244140625,706.0447998046875,6785271,-0.025561346186309786,-0.02589371346428703,730.0878265380859,705.8326867675781,723.5575045816832,721.1932934280914,0.014963564541714686,5,2,2
2022-05-05,726.0,733.0999755859375,714.25,718.9500122070312,702.6728515625,4836692,-0.004775827600628557,-0.004787268305688036,727.7006256103516,705.8708032226563,720.3444810402705,719.821408845455,0.014493683660077594,5,2,3
2022-05-06,711.25,723.9000244140625,707.75,710.25,694.169921875,5912312,-0.012100837066057801,-0.012174648250680755,724.9469177246094,705.8258459472656,716.317625784075,717.9212986994954,0.014387212445715093,5,2,4
2022-05-09,706.0999755859375,720.5,704.4500122070312,711.5,695.3915405273438,4819274,0.0017598265408043101,0.0017582798604043979,721.8120330810547,705.8561437988282,713.0982280522702,716.2524277237806,0.013907100843383688,5,2,0
2022-05-10,711.0,728.5,710.1500244140625,719.6500244140625,703.3570556640625,6746893,0.011454719639928612,0.011389611067480319,719.7229248046875,706.2549072265625,711.5995861463921,715.2972149786162,0.014051008551535214,5,2,1
2022-05-11,719.6500244140625,735.0,716.9000244140625,722.8499755859375,706.4845581054688,6919703,0.004446535960961562,0.0044366793277170954,717.8048553466797,706.6155517578125,710.8126587554808,714.6444255806053,0.01405278358194039,5,2,2
2022-05-12,715.25,722.7999877929688,701.25,705.4000244140625,689.4296875,6754953,-0.024140471875568892,-0.0244366290294172,715.2319580078125,707.2899304199219,707.5229708700222,712.7766672042642,0.013347206887381056,5,2,3
2022-05-13,713.0,713.0,684.75,689.9000244140625,674.2806396484375,11938252,-0.021973303625052454,-0.02221831241297417,712.7030395507812,707.314365234375,702.4087660667014,709.9251096075362,0.012516313143706964,5,2,4
2022-05-16,685.8499755859375,698.0,679.6500244140625,693.2000122070312,677.505859375,5412233,0.0047832008468227105,0.004771797689589219,710.3842498779297,707.4453308105469,698.5775496525935,707.5236836643853,0.012565983075600404,5,2,0
2022-05-17,695.0,710.0,690.8499755859375,707.0499877929688,691.0422973632812,4847812,0.01997980947466438,0.019782832467581404,709.2871612548828,708.0864782714843,697.4182800696224,706.3028402346739,0.013109976955233997,5,2,1
2022-05-18,721.0,727.1500244140625,689.2000122070312,696.1500244140625,680.3890380859375,18992703,-0.015416218830586748,-0.015536284300907666,707.9506195068359,708.5575646972657,694.798396687517,704.3832993347676,0.013263713483295615,5,2,2
2022-05-19,685.0,693.0,667.8499755859375,674.25,658.9849243164062,7322668,-0.03145863994185594,-0.03196409177264674,704.7693176269531,708.9592590332031,689.2886317073461,701.0204567408148,0.01393983283979919,5,2,3
2022-05-20,688.5,691.5,683.0,687.9000244140625,672.3258056640625,5577407,0.020244592638436032,0.020042395253894528,702.4309814453125,709.2035986328125,686.6789661622256,698.8949270314257,0.014634834193269856,5,2,4
2022-05-23,681.7999877929688,693.9000244140625,679.5999755859375,685.8499755859375,670.322265625,3788601,-0.002980013591897701,-0.002984462673482539,699.8458648681641,709.2593090820312,684.1625506949601,696.7784335939127,0.014347758941698532,5,2,0
2022-05-24,689.25,689.25,675.8499755859375,678.2000122070312,662.845458984375,4053608,-0.011154047872262929,-0.011216720737436212,696.8575897216797,708.9993310546874,680.8829981241009,694.2648799191321,0.014201343150497564,5,2,1
2022-05-25,681.25,689.9000244140625,679.5499877929688,688.2000122070312,672.6190185546875,4188088,0.014744854079995928,0.014637205603042115,693.5296783447266,708.8126538085937,679.6116166518834,692.6614827810251,0.014590033839311402,5,2,2
2022-05-26,690.0,695.5,675.9000244140625,693.6500244140625,677.9456787109375,5780597,0.007919282698392704,0.00788808975476524,690.6537963867188,708.7891979980469,679.3553185071225,691.5714232202779,0.014726171657983367,5,2,3
2022-05-27,697.0499877929688,700.0,676.0,684.4000244140625,668.9050903320312,7131633,-0.013335269569231922,-0.01342498273531477,687.5775573730468,708.4764428710937,677.7475910955701,689.8924355989263,0.014436227885279505,5,2,4
2022-05-30,687.4500122070312,703.75,683.0,699.0499877929688,683.223388671875,4675033,0.021405575389980003,0.02117969379295261,685.625277709961,708.3972766113282,678.5900214919246,689.3984321228485,0.015085918074277066,5,2,0
2022-05-31,697.5,706.5999755859375,692.5999755859375,700.2000122070312,684.347412109375,44593174,0.0016451770477077243,0.0016438252264024036,683.6143646240234,708.16662109375,679.4757738946093,689.0242824922209,0.014887338822272667,5,2,1
2022-06-01,701.5499877929688,706.2000122070312,691.25,694.6500244140625,678.923095703125,3749781,-0.0079262612969202,-0.00795784108981219,682.2582794189453,707.6144140625,679.3907464805349,688.2760464337694,0.014882619470906178,6,2,2
2022-06-02,688.9000244140625,696.9500122070312,683.0499877929688,695.9500122070312,680.1936645507812,3466993,0.0018714473784993135,0.0018696984025916882,681.1343200683593,707.3749621582032,679.5142723374959,687.6773514794739,0.014243512264915749,6,2,3
2022-06-03,697.0499877929688,700.7999877929688,685.25,686.5,670.9575805664062,6673615,-0.013578609248697915,-0.013671641690630874,679.9737030029297,706.7347912597656,678.1978582188667,686.4388499303578,0.014393745808369673,6,2,4
2022-06-06,682.2000122070312,689.7999877929688,676.5,682.9500122070312,667.4879150390625,6407024,-0.0051712144371552915,-0.00518463144132454,678.5785217285156,706.3047521972657,676.550174652743,685.0350769754472,0.014353504592501575,6,2,0
2022-06-07,678.1500244140625,687.25,673.2999877929688,685.2999877929688,669.7847290039062,8349903,0.0034409820958472004,0.0034350754628226315,676.8999053955079,705.8932836914063,675.5093368606142,683.9054215701478,0.01438251063892402,6,2,1
2022-06-08,682.5,687.7999877929688,660.4500122070312,663.2999877929688,648.2828369140625,13904149,-0.03210269084788042,-0.03262928291968721,673.9898193359375,704.9931372070313,671.3206445611447,681.266711595623,0.014545755673475859,6,2,2
2022-06-09,660.0,679.4000244140625,655.0999755859375,676.3499755859375,661.037353515625,6774925,0.01967430861238939,0.0194832710254227,672.5702026367187,703.8848107910156,669.738599784911,679.7682406267343,0.01518596178290496,6,2,3
2022-06-10,668.0,676.4500122070312,668.0,673.3499755859375,658.105224609375,3221484,-0.0044356478354149464,-0.004445514508810911,671.7614318847657,702.2897583007813,667.9488497579055,678.1635727735966,0.015173697243306677,6,2,4
2022-06-13,660.0999755859375,673.3499755859375,658.0,671.2999877929688,656.1017456054688,5982102,-0.0030443140838084526,-0.003048957434201548,670.6912261962891,700.7611694335938,666.1262183498383,676.5293633537352,0.015101739939391356,6,2,0
2022-06-14,669.0999755859375,689.4000244140625,669.0999755859375,682.0499877929688,666.6083374023438,8878530,0.016013662312663435,0.01588679622401123,669.4695281982422,699.3361791992188,666.2003905117622,675.794472542521,0.015462837758470809,6,2,1
2022-06-15,681.9500122070312,685.0,673.5,682.0999755859375,666.6571655273438,6005970,7.324859630508662e-05,7.324591375765072e-05,668.7829345703125,697.8427734375,666.2706635910824,675.1176349858412,0.014849736749813353,6,2,2
2022-06-16,683.0999755859375,683.9000244140625,650.0,654.2000122070312,639.3888549804688,9525587,-0.04090304875866002,-0.041763113023651974,667.8031311035156,695.6222131347656,662.135000727911,672.471058689147,0.01647493903015353,6,2,3
2022-06-17,656.0,661.75,638.0,643.6500244140625,629.07763671875,11085830,-0.01612667812615176,-0.016258128150403672,665.64072265625,693.2188842773437,657.0492524188094,669.2567311357842,0.01656768601580067,6,2,4
2022-06-20,644.9500122070312,647.4500122070312,634.2000122070312,640.9000244140625,626.3899536132812,3883001,-0.004272418774076359,-0.004281571634371342,663.4441070556641,690.5848986816407,652.3324372179588,666.0814142822654,0.01654271757953804,6,2,0
2022-06-21,642.0999755859375,658.1500244140625,640.5,654.2999877929688,639.4865112304688,3515991,0.020907994359808946,0.02069242186038915,662.2761596679687,688.4718444824218,650.3561409121911,664.1114214636139,0.016920058359350728,6,2,1
2022-06-22,648.5999755859375,650.3499755859375,641.4500122070312,642.8499755859375,628.2957763671875,4348884,-0.01749956358226945,-0.017654491047745052,660.0599975585938,686.1408410644531,646.9622386744983,661.4584107157305,0.0170595556545609,6,2,2
2022-06-23,648.1500244140625,664.5999755859375,647.75,660.2000122070312,645.2530517578125,4336533,0.026989319407289658,0.02663153109418288,658.4253662109375,684.2281494140625,646.699286841162,660.2580137558847,0.017501614268001453,6,2,3
2022-06-24,662.0999755859375,675.7000122070312,662.0999755859375,671.2000122070312,656.0039672851562,5621332,0.01666154929148478,0.016524268454757077,657.7803100585937,682.8510485839844,648.130776140238,659.9428992024974,0.017406689871750137,6,2,4
2022-06-27,675.0,687.0,671.2000122070312,683.9500122070312,668.4652709960938,5284297,0.01899577492268545,0.018817607934332816,657.0424041748047,681.7427209472656,651.2591599642158,660.5741860020231,0.017752959510092495,6,2,0
2022-06-28,683.0,684.9000244140625,676.2999877929688,681.1500244140625,665.7286987304688,3216376,-0.004093813671946167,-0.004102216267417175,656.1114685058594,680.7976135253906,653.4852428513316,660.9560017596858,0.017344307868760164,6,2,1
2022-06-29,677.0,689.0999755859375,675.0,687.7999877929688,672.2281494140625,5011798,0.009762911972982513,0.009715562676466751,655.7767211914063,680.0997790527343,656.3687669379055,661.7909756600101,0.017236380228460007,6,2,2
2022-06-30,689.7999877929688,691.5999755859375,679.0,684.9500122070312,669.442626953125,6505666,-0.0041437158848011135,-0.004152324865812728,655.2391693115235,679.0364123535156,658.38013001717,662.3577646446852,0.016223040871125867,6,2,3
2022-07-01,684.8499755859375,685.7999877929688,666.0,673.4500122070312,658.2030639648438,4488771,-0.01678943427823909,-0.016931974529142007,654.6014434814454,677.818623046875,658.352889086043,662.050009038771,0.016089297088705327,7,3,4
2022-07-04,670.5,685.5,666.0499877929688,681.9000244140625,666.4617309570312,4229588,0.012547293448376573,0.012469228486342283,654.5501342773438,676.7073657226563,659.6004032200411,662.3768032549384,0.016258345942068996,7,3,0
2022-07-05,683.2999877929688,689.2999877929688,680.0499877929688,684.4500122070312,668.9539794921875,3494504,0.00373952234523256,0.0037325477139991347,654.5085968017578,675.6342260742188,661.0394149542175,662.8640014947346,0.016134956232293492,7,3,1
2022-07-06,684.5,694.9500122070312,684.2000122070312,693.9500122070312,678.2389526367188,4697006,0.01387983841815199,0.013784395600808746,656.0064025878906,674.4154602050781,663.6854976746023,664.0028867645111,0.016109249623956448,7,3,2
2022-07-07,692.0,696.5,685.4500122070312,686.7999877929688,671.250732421875,3485283,-0.010303478129170207,-0.010356926412402465,656.5170715332031,673.1312084960938,664.8493799434135,664.5397642206121,0.016159563685374224,7,3,3
2022-07-08,688.0,696.5999755859375,686.6500244140625,695.1500244140625,679.4117431640625,2732170,0.0121579170762951,0.012084603233384275,657.5823974609375,672.1108459472656,667.089743515821,665.6413922904974,0.016115459093558878,7,3,4
2022-07-11,675.0,681.0,658.9500122070312,660.5499877929688,645.5950927734375,18687521,-0.049773426395514964,-0.05105482429276706,657.0570648193359,670.5773681640625,663.782874170839,664.1564812151596,0.01807435678647817,7,3,0
2022-07-12,663.25,666.9000244140625,660.0,663.0,647.9895629882812,7416645,0.003708934968134958,0.0037020738286163883,656.1261260986328,669.0458459472657,661.3531339889071,662.9589317168724,0.0180915523749203,7,3,1
2022-07-13,670.0,670.0,641.0,643.5,628.9310302734375,12030163,-0.02941178963894575,-0.02985298883829226,654.2398193359375,667.5035705566406,656.3651180326809,660.4383464247661,0.01876112860838323,7,3,2
2022-07-14,650.0,652.2000122070312,628.75,641.6500244140625,627.123046875,11379990,-0.002874692631482101,-0.00287883249614068,653.6265289306641,665.9925744628906,651.8663378545762,657.9705464581168,0.018744095930637465,7,3,3
2022-07-15,648.9500122070312,657.5,643.25,651.7999877929688,637.0431518554688,5567877,0.015818434723299246,0.015694627205469016,654.0248046875,664.8500390625,649.5858477008674,656.4203690801429,0.01891434377364963,7,3,4
2022-07-18,657.0,670.0,649.1500244140625,663.0499877929688,648.0384521484375,8982417,0.017259898738325008,0.01711263873295164,655.1072296142578,663.9029772949219,649.3477868466474,655.799486344461,0.019207449965122133,7,3,0
2022-07-19,675.0,677.0,663.0999755859375,672.9000244140625,657.6654663085938,7836419,0.014855621804909624,0.014746357848855791,656.0161773681641,662.9891455078125,650.627429840793,655.937707082545,0.01940648330545708,7,3,1
2022-07-20,680.0,680.0,668.2000122070312,670.6500244140625,655.4664916992188,4458819,-0.0033436066237712003,-0.0033492089679075772,657.3747131347657,661.9687841796875,651.3719008959355,655.9028022393356,0.018475676131873207,7,3,2
2022-07-21,671.5,679.9500122070312,671.2000122070312,678.3499755859375,662.9921264648438,3550107,0.011481341702328285,0.011415931288776434,658.2616668701172,661.4400329589844,653.1596279065368,656.427937367151,0.018242077945024342,7,3,3
2022-07-22,679.7000122070312,681.9000244140625,675.2000122070312,678.8499755859375,663.480712890625,2415220,0.0007369415205373819,0.0007366701124681006,658.6355041503906,661.2240344238281,654.747487134858,656.9503651837047,0.018220585511578045,7,3,4
2022-07-25,680.0,686.5499877929688,676.5499877929688,678.4000244140625,663.0409545898438,2913348,-0.0006628049500720934,-0.0006630247023803237,658.3642883300781,660.934736328125,656.0234052048557,657.4015199545297,0.01821009493288599,7,3,0
2022-07-26,682.5999755859375,685.3499755859375,670.25,684.0999755859375,668.6118774414062,5016687,0.008402079559336917,0.008366978566051198,658.508447265625,660.4861279296875,657.960093241248,658.2319168054095,0.01803890038339642,7,3,1
2022-07-27,683.9500122070312,683.9500122070312,669.7000122070312,674.9000244140625,659.6202392578125,6237523,-0.013448217848002209,-0.013539464119565709,657.8780517578125,660.070751953125,658.2155003207196,658.3347555055874,0.018211803691662913,7,3,2
2022-07-28,678.7999877929688,679.4000244140625,664.2000122070312,666.8499755859375,651.75244140625,7374170,-0.011927769015115608,-0.011999475622253668,656.9935424804687,659.9261022949219,657.2211835646473,657.8471766834143,0.016682368501805222,7,3,3
2022-07-29,672.7999877929688,680.6500244140625,671.0,677.9500122070312,662.60107421875,7669970,0.016645327463741477,0.016508312351004032,657.2134429931641,659.7316076660156,658.0488590498938,658.1993172415873,0.0166103173227309,7,3,4
2022-08-01,677.9500122070312,697.7999877929688,677.0499877929688,694.4500122070312,681.744384765625,8812526,0.028891155314600514,0.028481674109011028,657.9775756835937,659.9600500488282,661.6943245446216,659.943396317442,0.017277788479256224,8,3,0
2022-08-02,700.0,700.2999877929688,681.1500244140625,686.7999877929688,674.2342529296875,6236599,-0.011016052355927175,-0.011077178386928115,658.2415893554687,660.1878259277344,663.6235442961702,661.0019782887193,0.0171173956722361,8,3,1
2022-08-03,688.0,696.8499755859375,687.0,693.1500244140625,680.4681396484375,5237250,0.00924587662472276,0.00920339515893845,658.3530487060547,660.3448083496094,666.2150205042113,662.443916167217,0.01676458598854236,8,3,2
2022-08-04,698.2000122070312,698.5,680.7000122070312,694.2999877929688,681.5971069335938,6352142,0.0016591038130595592,0.0016577290207337124,658.8703674316406,660.4178369140625,668.581495339501,663.8626710388005,0.01613014397817004,8,3,3
2022-08-05,698.0,710.0,696.3499755859375,703.6500244140625,690.7760009765625,5811092,0.013466744429510902,0.01337687377118861,659.4385803222656,660.8552551269531,671.9960346682797,665.8562510341902,0.01603999798290496,8,3,4
2022-08-08,707.9500122070312,709.8499755859375,699.0,704.3499755859375,691.4631958007812,5918607,0.0009948157192016804,0.0009943212179753167,661.7319854736328,661.0200512695312,674.9909825348184,667.7530617576414,0.015709733654719494,8,3,0
2022-08-10,713.9000244140625,718.0,706.0,715.25,702.163818359375,12201239,0.01547533205466034,0.015356810315058282,664.4406982421875,661.3763793945312,679.1714188155195,670.3020066911032,0.01588553951858661,8,3,2
2022-08-11,718.7999877929688,719.4000244140625,705.7000122070312,709.7999877929688,696.8134765625,7142902,-0.007619791360620409,-0.007648970290218502,667.8348205566406,661.7341870117187,681.8855815458242,672.2658192741696,0.015905897004882832,8,3,3
2022-08-12,709.8499755859375,712.5,706.6500244140625,709.7000122070312,696.71533203125,4540159,-0.00014084763649258036,-0.00014085755645241267,671.3144348144531,662.0646203613281,684.167081620505,674.0768942932127,0.015875228258780388,8,3,4
2022-08-16,715.0,716.0,700.5,704.0999755859375,691.2178344726562,6679663,-0.00789059362676281,-0.007921889095915112,674.0231689453125,662.4698254394531,685.2518128285283,675.3465935657641,0.015603383647035823,8,3,1
2022-08-17,707.0,724.6500244140625,702.2999877929688,722.9500122070312,709.722900390625,8812954,0.026771684691970776,0.026419593370466125,677.1073913574219,663.3145251464844,689.0165955303893,677.892986663902,0.01614931428881375,8,3,2
2022-08-18,725.0,736.0,720.9000244140625,733.2000122070312,719.785400390625,10354897,0.01417806864406046,0.014078499853966047,680.2133880615235,664.3145385742188,693.7502578165794,680.996128421437,0.016294849020988555,8,3,3
2022-08-19,730.2000122070312,737.5999755859375,726.0,732.2999877929688,718.90185546875,13743828,-0.0012275115908095824,-0.0012282656002624234,683.38515625,665.7269189453125,697.6197343784518,683.8039600545713,0.016166332433910174,8,3,4
2022-08-22,731.8499755859375,734.4000244140625,724.4000244140625,727.5999755859375,714.287841796875,8118490,-0.006418141275858158,-0.006438826097480947,685.9499420166015,666.7919287109376,700.1840585966708,686.062025368816,0.016079113631830327,8,3,0
2022-08-23,725.0,742.5999755859375,722.5499877929688,737.5999755859375,724.1048583984375,8229797,0.013743782306117058,0.013650193068496035,688.9811492919922,668.1119213867188,703.8641816430963,688.8800130006398,0.016115546741219587,8,3,1
2022-08-24,722.8499755859375,754.2000122070312,718.0,738.75,725.2338256835938,14922081,0.001559121268227992,0.0015579071005227655,692.0907928466797,669.4945629882812,707.1518191877882,691.5728880141919,0.012781380853393063,8,3,2
2022-08-25,744.7999877929688,754.0499877929688,735.25,741.0,727.4426879882812,9849958,0.003045724325675847,0.003041095503703995,695.0323333740234,670.71125,710.2734913109409,694.2299102344948,0.012782410294995872,8,3,3
2022-08-26,741.5,741.5,728.0,730.8499755859375,717.4783935546875,5928897,-0.013697703747837076,-0.013792382877111731,697.9252410888672,671.7276745605469,711.3819378099788,695.9520201100646,0.011639371996422414,8,3,4
2022-08-29,717.7000122070312,724.9000244140625,715.0999755859375,720.5999755859375,707.4158325195312,5878942,-0.014024897649254853,-0.014124175863890557,700.7084106445312,673.0882141113282,710.7717677652945,696.8011913996547,0.012052536330561442,8,3,0
2022-08-30,722.0,730.0999755859375,711.7999877929688,726.5999755859375,713.3060913085938,8894800,0.00832644467128163,0.008291971060398346,703.2436614990235,674.772783203125,711.1616636950329,698.0237765780946,0.011877568123499646,8,3,1
2022-09-01,726.5,746.0,726.5,735.0499877929688,721.6015014648438,11869518,0.01162952378695059,0.011562420625979867,705.2365173339844,676.6770141601562,712.7677925826961,699.7702747178538,0.011701449765692191,9,3,3
2022-09-02,725.0,740.9000244140625,719.6500244140625,735.0,721.552490234375,5693707,-6.792007828315683e-05,-6.792238495612068e-05,707.6024291992187,678.3183337402344,714.1192845291082,701.383772163522,0.011524811143038449,9,3,4
2022-09-05,735.0,741.9500122070312,733.25,740.4000244140625,726.8536987304688,3660135,0.007346947821317729,0.0073200904663389636,709.9217071533203,680.2894921875,716.0784251754714,703.2704333907033,0.011482016356198377,9,3,0
2022-09-06,740.4000244140625,765.0,740.4000244140625,761.25,747.3221435546875,10166270,0.028160336612401027,0.027771124338316754,713.207958984375,682.3308740234374,720.8851510799661,706.5335230324799,0.012258582790715027,9,3,1
2022-09-07,755.5,761.9000244140625,686.2000122070312,753.0999755859375,739.3212280273438,126794211,-0.010706113282401675,-0.010763836074055854,715.635220336914,683.9972192382812,723.721470610332,708.9622419209883,0.012540692679075333,9,3,2
2022-09-08,759.0,776.0,757.0499877929688,769.7999877929688,755.7157592773438,10648073,0.022175112290152788,0.021932819853680587,718.8478485107422,685.7422290039062,728.6436688667953,712.4254654288665,0.01295373276166989,9,3,3
2022-09-09,773.0,774.7999877929688,762.9000244140625,765.75,751.7398681640625,4627905,-0.005261093293969732,-0.00527498157841697,721.3266510009765,687.4624523925781,732.196930297144,715.3376434092513,0.013049863312969291,9,3,4
2022-09-12,767.0,771.4000244140625,764.5,769.1500244140625,755.07763671875,2654087,0.004440057919023355,0.004430229942313295,724.239859008789,689.1194421386718,735.7170389773911,718.2813466173624,0.012627164097638189,9,3,0
2022-09-13,774.0,788.9000244140625,770.0,784.25,769.9013671875,8335652,0.01963206132440587,0.019441838027799224,727.8991607666015,691.1286169433594,740.9761663943309,722.1050518447801,0.01251760102264031,9,3,1
2022-09-14,776.0,788.4000244140625,775.75,783.3499755859375,769.0178833007812,6645392,-0.0011475286632444126,-0.0011481875783918088,731.7891632080078,693.3449133300782,745.2902766876309,725.5800763970764,0.01239933040081656,9,3,2
2022-09-15,788.0,790.6500244140625,782.0,785.0999755859375,770.7357788085938,5485310,0.00223388239092559,0.0022313909853055587,734.8398071289063,695.4303942871094,749.2049693216252,728.924943242374,0.011558611327936612,9,3,3
2022-09-16,788.0,788.0,776.4500122070312,779.6500244140625,765.3855590820312,20211162,-0.006941704113999858,-0.006965909826306188,737.1198150634766,697.3590258789062,751.6942908232262,731.6257296008671,0.011396925268258156,9,3,4
2022-09-19,773.5,786.0,772.2000122070312,782.75,768.4287719726562,5760313,0.003976052140668651,0.003968168535530039,739.5961608886719,699.162822265625,754.2688263846769,734.3518808876663,0.011358581746176814,9,3,0
2022-09-20,786.7000122070312,796.9500122070312,785.0,792.1500244140625,777.6568603515625,7936714,0.01200903547015364,0.011937499155607842,742.7646118164063,701.2909448242187,757.8669854565054,737.5596571442512,0.011438087029465008,9,3,1
2022-09-21,792.1500244140625,797.0,779.0,780.2000122070312,765.9254760742188,9966193,-0.015085553636137505,-0.015200498065679285,744.8556427001953,703.0212194824219,759.1067532438459,739.6608289168414,0.011844129087204584,9,3,2
2022-09-22,791.2000122070312,794.7999877929688,776.3499755859375,784.0999755859375,769.754150390625,7721133,0.0049987556701081015,0.00498630337107666,747.0816589355469,705.5044006347656,760.7448143433504,741.8899638408253,0.0118373011810786,9,3,3
2022-09-23,788.0,788.0,768.7000122070312,771.3499755859375,757.2373657226562,9271829,-0.01626075632280366,-0.01639441331060936,748.5713928222656,707.6893566894531,760.2052068632436,743.0268084246646,0.012157725287282675,9,3,4
2022-09-26,769.9500122070312,771.1500244140625,753.2000122070312,755.0499877929688,741.235595703125,13144297,-0.02113177550907075,-0.021358247665620906,749.7592529296875,709.9354479980469,757.2868051463022,742.8941260008469,0.012783243429129875,9,3,0
2022-09-27,758.8499755859375,765.0,757.2000122070312,760.5999755859375,746.6840209960938,5965026,0.007350463637408655,0.007323580634213239,751.7226623535156,712.3266674804687,755.6556075847316,743.1748589634578,0.012810275859658205,9,3,1
2022-09-28,755.5,771.0,755.0,761.4500122070312,747.5184936523438,5546932,0.0011175713324316217,0.0011169473144698688,753.4332824707031,714.5361743164062,754.4037439028258,743.4966096811531,0.012665737059736781,9,3,2
2022-09-29,763.9500122070312,769.0,759.2999877929688,764.6500244140625,750.6600341796875,5413233,0.004202625826679407,0.0041938194593825785,754.8862091064453,716.5886059570313,753.8277885608045,744.0272337180816,0.011828696426870434,9,3,3
2022-09-30,765.9500122070312,809.0,761.4500122070312,799.9000244140625,785.2650756835938,7469164,0.046099485690246134,0.04506847172253434,758.0718383789062,719.1405981445313,758.6642942720027,747.0818886784898,0.014171418196055866,9,3,4
2022-10-03,803.4000244140625,815.5499877929688,798.0499877929688,803.3499755859375,788.6519165039062,12619046,0.00431299051134304,0.004303716224811695,761.1617492675781,721.804306640625,763.2777746153726,750.1611499988911,0.014150477499826765,10,4,0
2022-10-04,813.0,816.75,807.5,808.7000122070312,793.904052734375,5772140,0.006659637947437513,0.006637560522873418,763.4908447265625,724.4225451660157,767.9895097106038,753.4013650163344,0.014045416487398418,10,4,1
2022-10-06,810.5499877929688,815.8499755859375,786.6500244140625,788.5999755859375,774.1717529296875,6503205,-0.024854766437739206,-0.025168861577601998,765.2333709716797,726.6363659667969,768.9406240520013,754.9399122691754,0.014832212269999433,10,4,3
2022-10-07,792.0,796.7999877929688,784.7000122070312,793.0999755859375,778.5894165039062,6025982,0.0057063094300471295,0.005690090118745688,766.3770538330078,728.9473352050782,770.4250536599867,756.691727397674,0.014844038411691955,10,4,4
2022-10-10,784.9500122070312,794.7999877929688,779.7000122070312,792.3499755859375,777.8532104492188,3519416,-0.0009455639122264436,-0.0009460112397892605,767.6827209472656,731.1321618652344,771.5678470121762,758.2592446607513,0.014856625742803746,10,4,0
2022-10-11,797.5,797.5,776.0,780.2999877929688,766.023681640625,3699862,-0.015207919244508927,-0.015324745619153961,768.2300231933593,733.2602307128906,770.7148984934761,758.8343881407419,0.014915290991891273,10,4,1
2022-10-12,780.2999877929688,781.3499755859375,769.2000122070312,775.5499877929688,761.360595703125,5984299,-0.006087391355203087,-0.00610599505906684,767.8029846191406,735.4523937988281,769.2757749872683,759.0215146268444,0.0146844908279221,10,4,2
2022-10-13,775.0,779.0,767.6500244140625,768.9000244140625,754.832275390625,2842056,-0.008574544505381199,-0.008611517414401887,767.0937042236328,737.2970178222656,767.0536981262462,758.7112006093466,0.014779368780742408,10,4,3
2022-10-14,779.9500122070312,779.9500122070312,763.0499877929688,765.9500122070312,751.9362182617188,3608210,-0.0038366895843285898,-0.0038440685577456214,766.1537261962891,738.7008544921875,764.727931993242,758.209350065078,0.01470116062726793,10,4,4
2022-10-17,761.0,771.0,759.8499755859375,766.0,751.9852905273438,4566333,6.526120757754938e-05,6.525907815758732e-05,765.4837127685547,740.2558752441406,762.767525613873,757.7483086178383,0.01470069809413206,10,4,0
2022-10-18,769.8499755859375,785.5999755859375,768.6500244140625,783.1500244140625,768.821533203125,4391263,0.02238905851998041,0.022142102823286516,765.5033508300781,742.0229431152344,763.6989113968348,758.5685474760078,0.015157091633286188,10,4,1
2022-10-19,787.9500122070312,788.6500244140625,779.5,783.4000244140625,769.0669555664062,5219180,0.0003192188989020739,0.00031916795938964745,765.0738555908204,743.7723400878906,764.5247643459996,759.3462073345557,0.01432872444515308,10,4,2
2022-10-20,782.0,794.0,778.2999877929688,792.9000244140625,778.3931884765625,4756732,0.012126685254975733,0.012053746088805023,765.6972412109375,745.5246838378906,766.6583680583939,760.7570948265562,0.014288824106276087,10,4,3
2022-10-21,790.0,802.8499755859375,789.75,797.4500122070312,782.85986328125,4807736,0.005738327198661075,0.005721925713952835,766.3525268554688,747.3526171875,769.1509057849871,762.3943369343112,0.013787586642793843,10,4,4
2022-10-24,800.0,807.5,800.0,802.0999755859375,787.4248046875,522406,0.005831109270459489,0.005814174154580438,767.8618988037109,749.0578369140625,771.9622748469121,764.2484456567697,0.013755148089961491,10,4,0
2022-10-25,806.1500244140625,806.3499755859375,798.7000122070312,802.2999877929688,787.6211547851562,3184277,0.00024935726749708564,0.0002493261831409582,770.1811767578125,750.8739904785157,774.3713332989497,765.9797574440577,0.01374698550751655,10,4,1
2022-10-27,806.5,822.2000122070312,804.2000122070312,817.0999755859375,802.1503295898438,8159181,0.018446907775922616,0.018278827467327823,772.9544921875,752.9826904296875,778.6450250360103,768.6590590844862,0.01369467990437953,10,4,3
2022-10-28,819.0,824.4000244140625,811.2999877929688,816.8499755859375,801.9049072265625,3905093,-0.0003059555724508334,-0.00030600238640589403,775.6738128662109,755.1964318847656,782.2234684499414,771.1217145024178,0.013690018493205254,10,4,4
2022-10-31,823.0,833.7999877929688,820.0,832.0,816.7777099609375,5487233,0.018546840903884032,0.01837694571448136,778.9796966552734,757.3375280761719,787.5395056054792,774.5036400919378,0.014040215947597887,10,4,0
2022-11-01,828.0,841.4500122070312,821.0499877929688,835.5499877929688,820.2628173828125,10488759,0.004266898299712052,0.00425782090155785,780.7295837402344,759.3470764160156,792.5738612635305,777.8932087801508,0.013942019052959918,11,4,1
2022-11-02,830.0,830.0,807.25,809.8499755859375,795.032958984375,11729925,-0.030758261698290323,-0.03124122627272978,781.0486358642578,760.8696984863282,792.9521839898142,779.1628199063896,0.015193089791980311,11,4,2
2022-11-03,809.75,824.4000244140625,804.2000122070312,818.6500244140625,803.6720581054688,5897840,0.010866340852245804,0.010807726404576003,781.5370361328125,762.6573828125,794.6013953922226,780.9783190322473,0.01516658578495183,11,4,3
2022-11-04,815.7000122070312,821.7999877929688,809.2000122070312,816.4000244140625,801.4631958007812,3768226,-0.0027484622395539393,-0.0027522461968612585,782.9016082763671,764.2045495605469,795.6570569935393,782.495717311398,0.014873988879319473,11,4,4
2022-11-07,817.0,824.0499877929688,809.0,822.7000122070312,807.64794921875,7171570,0.007716827735039455,0.007687205316362769,784.3545349121093,765.85283203125,797.5018096435717,784.3588456008315,0.01490353252537426,11,4,0
2022-11-09,824.2000122070312,825.5,814.4500122070312,819.0499877929688,804.0646362304688,3969171,-0.004436726412476388,-0.0044465978919627416,785.6651062011719,767.3852709960937,798.5114752723251,785.8185337956194,0.014564384061995235,11,4,2
2022-11-10,819.7999877929688,830.7000122070312,817.5499877929688,825.75,810.6421508789062,4425290,0.008180330724745666,0.008147053177082053,787.896029663086,769.2485461425781,800.377733057953,787.6573202462332,0.01392082316579045,11,4,3
2022-11-11,830.75,836.9000244140625,823.7999877929688,826.9000244140625,811.7710571289062,4325441,0.0013926073900500935,0.0013916386116929814,790.416552734375,771.3356506347657,802.130552145792,789.443522978283,0.01390029983439776,11,4,4
2022-11-14,818.0,830.7999877929688,817.0,821.9000244140625,806.862548828125,10406576,-0.006046665815041208,-0.006065020927672846,793.01806640625,773.2067797851563,802.8585516353817,790.7338211893824,0.013992901362260883,11,4,0
2022-11-15,822.6500244140625,838.75,822.6500244140625,835.25,819.96826171875,6229710,0.016242807290609118,0.016112304158018686,796.4196685791015,775.1741149902343,805.4908147251307,792.8993353026689,0.014210132775014506,11,4,1
2022-11-16,837.5,844.0499877929688,828.0499877929688,841.2000122070312,825.8094482421875,3445345,0.007123673922687868,0.007098420418501952,800.1108764648437,777.2592541503906,808.6167583431394,795.3371214463369,0.01169766935425193,11,4,2
2022-11-17,841.7999877929688,849.4000244140625,838.4000244140625,846.1500244140625,830.6688842773438,4545534,0.005884451970730176,0.005867206204747884,803.2032440185546,779.3355578613281,812.0093931022478,797.9542890634486,0.011713069319154048,11,4,3
2022-11-18,849.9500122070312,851.8499755859375,831.0999755859375,837.2999877929688,821.980712890625,7405949,-0.01045924742236759,-0.010514329767250256,805.8489318847656,780.8287292480469,813.5434423004597,799.7340241617579,0.011883821107054299,11,4,4
2022-11-21,837.0,852.7999877929688,835.0,851.2000122070312,835.62646484375,5527122,0.01660106099708547,0.0164647697022486,808.710595703125,782.754833984375,816.9408303840428,802.3927234715352,0.011132881404371528,11,4,0
2022-11-22,853.4000244140625,860.5499877929688,845.0999755859375,847.5999755859375,832.0923461914062,7601660,-0.004229304361494268,-0.004238273165987318,811.1722198486328,784.2823657226562,819.2718328159449,804.592695524859,0.011185242683303736,11,4,1
2022-11-23,851.8499755859375,851.8499755859375,841.5999755859375,843.25,827.8218994140625,4596816,-0.005132178894434181,-0.005145393757955837,813.1920745849609,785.8040063476562,820.5872276771938,806.3133772944296,0.011252766971492351,11,4,2
2022-11-24,846.0,851.0,837.75,848.3499755859375,832.82861328125,3455310,0.006048056799090817,0.006029840714611527,815.4524475097656,787.3590258789062,822.4705177701255,808.2774688490089,0.010782218196145622,11,4,3
2022-11-25,852.0,860.0,841.5999755859375,846.8499755859375,831.3560180664062,2991065,-0.001768185184034321,-0.0017697502686352103,816.9127319335937,788.5881188964844,823.8375178157072,809.9869910132605,0.01068721825779666,11,4,4
2022-11-28,840.25,852.5499877929688,836.0499877929688,837.4000244140625,822.0789794921875,3668846,-0.011158923941869792,-0.01122165182060294,817.921435546875,789.6493408203125,823.5669734582427,810.8826938635514,0.010793548418896026,11,4,0
2022-11-29,839.0,844.7999877929688,835.0,835.8499755859375,820.5572509765625,2680296,-0.0018510733805223722,-0.0018527887340093869,818.1104125976562,790.6457702636719,823.1039392302919,811.5993277237744,0.010756806471786506,11,4,1
2022-11-30,834.7999877929688,852.0,832.5999755859375,848.75,833.2212524414062,6874390,0.015433416071544137,0.015315532258463344,818.758334350586,792.0024841308593,824.6604489550787,813.2009517769324,0.010977315793599608,11,4,2
2022-12-01,853.0,853.2000122070312,841.5999755859375,848.5999755859375,833.073974609375,4506664,-0.00017675717175924532,-0.00017677279514918741,820.6603851318359,793.2953881835938,825.9548375172781,814.6730275422985,0.010394879171100858,12,4,3
2022-12-02,851.4000244140625,851.9500122070312,839.0999755859375,848.6500244140625,833.1231689453125,3505272,5.905158177643699e-05,5.904983830041818e-05,822.1329406738281,794.4047143554687,827.0576577369757,816.0397046832625,0.010397069330191692,12,4,4
2022-12-05,851.0,851.5999755859375,840.8499755859375,844.0999755859375,828.6563720703125,3311316,-0.005361508407760063,-0.005375932875000018,823.4925994873047,795.6593322753906,827.3036137882583,816.9742726378587,0.01034174622507558,12,4,0
2022-12-06,844.9000244140625,845.0,829.7000122070312,833.3499755859375,818.1030883789062,5567349,-0.012735416086935958,-0.01281720666511598,824.0153564453125,796.6263110351563,825.8881483406658,817.057888618677,0.010665037015228971,12,4,1
2022-12-07,837.5499877929688,841.5999755859375,832.0,834.0,818.7411499023438,3771882,0.0007799280219096261,0.0007796240360977128,824.7491821289062,797.85638671875,824.7886101193855,817.1825746396894,0.01063452373072944,12,4,2
2022-12-08,833.0,840.2000122070312,826.2999877929688,832.5999755859375,817.36669921875,4822179,-0.0016787365381081276,-0.001680147195259175,825.0854095458984,799.3790087890625,823.6467776731338,817.1962134973976,0.010647258841868798,12,4,3
2022-12-09,830.2999877929688,836.5999755859375,823.9500122070312,834.9000244140625,819.6246948242188,4615843,0.0027625245897917594,0.0027587158316500645,825.4780914306641,800.837822265625,823.0279956963776,817.3761010030881,0.010149251810591429,12,4,4
2022-12-12,832.5999755859375,836.9500122070312,825.4000244140625,828.4000244140625,813.2435913085938,3149823,-0.0077853968479970614,-0.007815861271467765,825.7971435546875,802.15232421875,821.5227027136416,817.0699891738664,0.010267731883001265,12,4,0
2022-12-13,822.0,840.0,822.0,838.0499877929688,822.717041015625,3832999,0.01164896939647253,0.011581642507285928,825.9345825195312,803.5934643554688,821.7064470677929,817.488289310293,0.009921509268901276,12,4,1
2022-12-14,840.6500244140625,842.0,828.1500244140625,829.2000122070312,814.029052734375,7491333,-0.010560117085364973,-0.010616270798178682,825.3455627441406,804.1687438964843,820.5253094780362,817.2320495639287,0.010084497624080176,12,4,2
2022-12-15,829.0,831.0,824.3499755859375,826.3499755859375,811.2310791015625,2996482,-0.0034371913673276744,-0.003443112080551606,824.3736724853516,804.6203271484375,819.0954278816556,816.7875332333831,0.008307192469034556,12,4,3
2022-12-16,825.0,832.7000122070312,819.9000244140625,822.75,807.6969604492188,4309644,-0.004356488235457867,-0.004366005381278058,823.6594848632812,804.8961853027344,817.3418175074345,816.1141574715931,0.008128154137709296,12,4,4
2022-12-19,822.7000122070312,845.0499877929688,822.0,840.4000244140625,825.0241088867188,6397169,0.021452536391697086,0.021225669577031314,823.1293670654297,805.913232421875,818.5237084888629,816.7741538727136,0.008981729076237783,12,4,0
2022-12-20,839.75,839.75,822.0,828.9500122070312,813.7835083007812,2828863,-0.013624572257779799,-0.013718238490320868,822.2139251708984,806.6171142578125,817.7944469214658,816.5526245710889,0.009272260215294948,12,4,1
2022-12-21,833.0,833.0499877929688,812.3499755859375,814.0,799.1070556640625,5079337,-0.01803483664514638,-0.018199446455654307,820.7781829833984,807.0421911621094,814.9194636510961,815.2603602076055,0.00982723890367532,12,4,2
2022-12-22,819.0,824.7000122070312,809.5,816.5999755859375,801.6594848632812,3626834,0.003194101692792106,0.003189011386404076,819.2197265625,807.7549072265625,812.8794669145091,814.2528879598777,0.009722935029294067,12,4,3
2022-12-23,814.0,817.9500122070312,805.0,808.6500244140625,793.8550415039062,2804496,-0.009735359596856785,-0.009783058036871059,817.344677734375,808.4047961425781,809.9526322359548,812.7419363705466,0.009866327450094671,12,4,4
2022-12-26,805.0499877929688,815.2000122070312,801.1500244140625,811.0,796.1619873046875,6023206,0.002906003842226612,0.0029017895755371202,816.048828125,809.2313903808594,807.8309945542213,811.5137919952978,0.00983427152188102,12,4,0
2022-12-27,815.0,819.4500122070312,805.0,814.7999877929688,799.8924560546875,1782053,0.004685565009991288,0.004674621919985631,815.0155883789063,810.1905151367188,806.6096809389085,810.6529522959933,0.009375575606557503,12,4,1
2022-12-28,813.0,813.9000244140625,801.4500122070312,803.7999877929688,789.0936889648438,2907741,-0.013500273703175747,-0.013592230968239156,812.8092102050781,810.9326831054688,803.9149129428985,809.0559698270192,0.009530630300154724,12,4,2
2022-12-29,807.0499877929688,824.75,760.0999755859375,820.75,805.7335815429688,6110313,0.02108734718174432,0.020868086142033577,811.4421905517578,811.6709240722656,804.1947081121401,808.8098669911636,0.010307724738910687,12,4,3
2022-12-30,824.7000122070312,824.7999877929688,804.9500122070312,806.0999755859375,791.3516235351562,3113243,-0.017849520408807162,-0.018010744494489583,809.35361328125,812.1166174316406,802.2188489464502,807.5166637722001,0.0106258688504938,12,4,4
2023-01-02,806.25,816.2000122070312,805.5999755859375,813.5,798.6162109375,1626846,0.009179974092794696,0.009138094239483762,807.8516052246093,812.5210778808594,801.6645969450732,806.8573709696298,0.010277590191887016,1,1,0
2023-01-03,810.3499755859375,818.7999877929688,808.5,817.5999755859375,802.6411743164062,1717603,0.005039921959737459,0.005027264065110323,807.0785095214844,812.9167041015625,801.8148396175859,806.5450601064281,0.010330595410271915,1,1,1
2023-01-04,818.9500122070312,820.4500122070312,806.2000122070312,811.7999877929688,796.9473266601562,2970216,-0.007093889322460134,-0.0071191705879343386,805.988818359375,813.1071545410156,801.065991470289,805.8341168881857,0.010362835910286052,1,1,2
2023-01-05,825.0,825.0,803.75,807.0999755859375,792.333251953125,5297349,-0.0057896859085629915,-0.005806511113219587,804.7371459960938,813.201396484375,799.7224930830329,804.8340528189219,0.010301962440362963,1,1,3
2023-01-06,807.5499877929688,812.25,792.0,796.0,781.4364013671875,3199618,-0.013752862900902385,-0.013848309640869408,802.8277313232422,812.7871179199219,796.9092482036721,803.1008934521267,0.010538016424203562,1,1,4
2023-01-09,802.7000122070312,821.5,801.0499877929688,819.4000244140625,804.4082641601562,4340729,0.029396970441583736,0.028973165198947333,802.3859649658203,812.8371850585937,798.0629429662081,803.1977357267955,0.01184408266836568,1,1,0
2023-01-10,826.0999755859375,826.0999755859375,790.2999877929688,792.8499755859375,778.343994140625,8392344,-0.03240179294620216,-0.03293835323082802,800.1673126220703,812.0685107421875,795.0292585315029,801.3567178315236,0.01318751599418459,1,1,1
2023-01-11,775.0,779.6500244140625,751.6500244140625,765.5499877929688,751.5435180664062,28389020,-0.034432688214944496,-0.03503946252136083,797.0430358886719,810.6941247558593,788.3391446137957,797.6668511822556,0.014069891701301544,1,1,2
2023-01-12,765.0,769.2999877929688,753.5499877929688,756.9000244140625,743.0517578125,12732671,-0.011299093199225618,-0.011363412914734479,793.6340698242187,809.6545007324219,781.3718543366733,793.6212887104218,0.014130152226469237,1,1,3
2023-01-13,757.0,765.9500122070312,752.0,764.2999877929688,750.3163452148438,12279288,0.009776690958554823,0.00972920834655168,790.7650390625,808.5873864746094,776.5940837025457,790.4135151181567,0.0143294621431039,1,1,4
2023-01-16,766.4000244140625,768.0999755859375,754.6500244140625,759.1500244140625,745.2606201171875,5779293,-0.006738124698867698,-0.006760928354740792,786.7768646240235,807.4633349609375,771.7735508432598,787.068856229196,0.014338214695810472,1,1,0
2023-01-17,759.1500244140625,768.9000244140625,758.75,765.7000122070312,751.6907348632812,6594428,0.008628008206152948,0.00859099966432959,783.6722259521484,806.3441906738282,768.6838868463401,784.4482546465356,0.01439052948225213,1,1,1
2023-01-18,768.2000122070312,780.0,766.0,776.5499877929688,762.3422241210938,5800899,0.014170041965130498,0.014070585355573961,781.833984375,805.5097424316406,767.7082464270713,782.8107709039102,0.014706929773799993,1,1,2
2023-01-19,776.0,776.5,765.6500244140625,772.0,757.87548828125,4169463,-0.005859226602584533,-0.00587645921693976,779.6447845458985,804.4544091796874,766.1955144046373,780.9637129318613,0.014720919228259218,1,1,3
2023-01-20,775.8499755859375,775.8499755859375,758.2999877929688,764.4500122070312,750.4636840820312,6289718,-0.009779712253298545,-0.00982784773036356,777.4752166748046,803.22826171875,763.7752328165441,778.7044515355776,0.014747008696433472,1,1,4
2023-01-23,767.9000244140625,776.0,763.8499755859375,772.7000122070312,758.562744140625,2685320,0.01079207459385656,0.010734255774864046,775.5952545166016,802.262265625,762.9733114817874,777.2124732100256,0.01492072252390626,1,1,0
2023-01-24,773.0,777.5499877929688,761.0,775.6500244140625,761.458740234375,5012125,0.0038177410057633754,0.0038104719276674743,773.6735687255859,801.0920751953125,762.740300520647,776.045530026644,0.014737280761720841,1,1,1
2023-01-25,774.9500122070312,780.5,768.0,776.5,762.293212890625,6560514,0.0010958868972903435,0.0010952868515926506,772.333544921875,799.8217504882813,762.6715178083359,775.0268398684203,0.014670151532525244,1,1,2
2023-01-27,774.9500122070312,778.9000244140625,765.7999877929688,774.5,760.3297729492188,6745926,-0.0025757017223869694,-0.0025790245490349122,770.0633544921875,798.4149682617187,762.3112493684717,773.9381682447757,0.014668250528579854,1,1,4
2023-01-30,771.5999755859375,774.9500122070312,763.0,770.2000122070312,756.1084594726562,5420851,-0.005551950780762649,-0.005567420142825791,768.3011962890625,797.0975231933594,761.3569739998848,772.6174490764705,0.014676344701944122,1,1,0
2023-01-31,775.0,779.0,768.4000244140625,770.2999877929688,756.2066040039062,8537557,0.0001298021864726273,0.00012979376289774518,766.1807159423828,795.5091259765625,760.5646093851188,771.4018309229473,0.013997341927857324,1,1,1
2023-02-01,775.9500122070312,784.6500244140625,756.5999755859375,769.0999755859375,755.028564453125,4472974,-0.001557827642001297,-0.0015590423171493064,763.8000854492187,793.9678503417969,759.7129101648121,770.1889963696271,0.013848261179106173,2,1,2
2023-02-02,765.0999755859375,781.0,765.0499877929688,777.75,763.5203247070312,2841909,0.011246939061248629,0.01118416249970265,762.1287353515625,792.6818188476562,760.2986662482303,769.6950206909163,0.013739909399178234,2,1,3
2023-02-03,779.9000244140625,794.9500122070312,778.4000244140625,792.9000244140625,778.3931884765625,5493687,0.019479329217906738,0.019292035415256186,761.4317321777344,791.5931103515625,763.082438898743,770.339329415779,0.014241277063679166,2,1,4
2023-02-06,789.7000122070312,794.6500244140625,778.7999877929688,789.25,774.8098754882812,2407975,-0.004603474235552296,-0.004614102854664716,761.1004058837891,790.4621875,764.8866599125181,770.6704809767051,0.014161876231737506,2,1,0
2023-02-07,793.9000244140625,795.8499755859375,783.0,785.9000244140625,771.521240234375,4126502,-0.0042444415823091886,-0.0042534747941701066,759.4560546875,789.4510327148438,765.9073645774191,770.733500180977,0.014159059966577408,2,1,1
2023-02-08,778.0,781.0,765.0,775.0999755859375,760.9187622070312,9951783,-0.013742302187458755,-0.013837601719391279,758.5847930908203,788.2582629394532,765.1398872896671,770.0064825532774,0.014305110460008912,2,1,2
2023-02-09,770.0,775.0999755859375,761.2999877929688,766.6500244140625,752.6234130859375,5913945,-0.010901753949440374,-0.010961613516086703,758.6387878417969,786.6463061523438,763.2142758737086,768.7188477779189,0.01423805653894964,2,1,3
2023-02-10,768.9500122070312,773.2000122070312,761.0,771.9500122070312,757.8264770507812,2954992,0.006913236918195231,0.006889450062372216,759.3775238037109,785.1413562011719,762.3853837471045,767.9120055018345,0.01368799221379474,2,1,4
2023-02-13,771.0,779.5999755859375,766.7000122070312,768.5999755859375,754.5376586914062,3705892,-0.004339803977520096,-0.004349248260932309,759.588589477539,783.5696459960938,761.1780414308432,766.9213131455065,0.013365307836215826,2,1,0
2023-02-14,769.0,777.5999755859375,766.2000122070312,775.2000122070312,761.0170288085938,3502010,0.008587205744541082,0.00855054541697388,760.3764099121094,782.2168591308593,761.1532702581894,766.4839587501797,0.01334940319484001,2,1,1
2023-02-15,775.0,787.1500244140625,772.2000122070312,785.4000244140625,771.0303955078125,3602838,0.013157874686319682,0.013072061777226546,761.343392944336,781.2754052734375,762.6728279889007,766.8207318433377,0.013567450879268817,2,1,2
2023-02-16,789.6500244140625,790.5,780.5999755859375,784.4500122070312,770.0977783203125,3399428,-0.0012095725316844108,-0.0012103046549694703,761.7311706542969,780.3025378417968,763.8151280398872,767.0634760268174,0.013522499285154256,2,1,3
2023-02-17,785.9500122070312,787.4500122070312,770.2999877929688,776.7999877929688,762.587646484375,3093216,-0.009752179589867294,-0.009800043532639165,761.9667785644531,779.2069567871093,763.6262847236545,766.7319330977476,0.013589547512372917,2,1,4
2023-02-20,781.25,793.7999877929688,777.0999755859375,779.1500244140625,764.8946533203125,3381774,0.0030252349963615366,0.0030206681811112313,762.6883270263672,778.1123559570312,763.8214183539096,766.5958382994191,0.01339839214786251,2,1,0
2023-02-21,783.0499877929688,788.0,778.1500244140625,779.0499877929688,764.7965087890625,2769616,-0.00012831117438716344,-0.00012831940697012888,763.0000152587891,777.1434143066406,763.9714322670101,766.4625546319853,0.012142566712699612,2,1,1
2023-02-22,777.0,781.6500244140625,766.5,772.1500244140625,758.0228271484375,3261898,-0.008856841738660748,-0.008896296698436432,762.8282196044922,775.8495300292968,763.0562622487681,765.837389633204,0.01076667260776619,2,1,2
2023-02-23,774.0,777.5,761.8499755859375,762.9500122070312,748.9910888671875,4062194,-0.011914863191160086,-0.01198641408761474,762.1631134033203,774.5487707519532,760.8923894208326,764.5895155023879,0.008979530276323462,2,1,3
2023-02-24,775.7000122070312,775.7999877929688,755.0,757.0999755859375,743.248046875,4357223,-0.007667704032198297,-0.0076972520151292615,761.3090270996094,773.1891101074219,758.1778751830122,763.0086659744334,0.008846492918999088,2,1,4
2023-02-27,753.0,754.4000244140625,738.4500122070312,752.9000244140625,739.125,6719439,-0.005547336306278128,-0.005562779916740527,760.4598541259766,771.8176708984375,755.2466636163949,761.2395055318827,0.008706598440202268,2,1,0
2023-02-28,755.0,757.0999755859375,739.6500244140625,742.25,728.6697998046875,10562614,-0.014145374862590931,-0.014246374258413666,759.0830139160156,769.8905847167969,751.1579153376707,758.8269347372757,0.008991036672054939,2,1,1
2023-03-01,742.4000244140625,753.4500122070312,741.0,750.2000122070312,736.474365234375,3744982,0.010710702477005896,0.010653749215271265,758.1553039550781,768.3444018554687,748.8989076294714,757.1711888481718,0.009073298820997036,3,1,2
2023-03-02,751.0,751.7999877929688,735.7999877929688,740.0999755859375,726.5591430664062,4910541,-0.01346309204504803,-0.013554541188448302,756.3072448730469,766.8934436035156,745.4620207736152,754.9036299013743,0.00891910536216772,3,1,3
2023-03-03,745.0,765.9000244140625,743.5499877929688,764.4000244140625,750.41455078125,5759333,0.03283340102797849,0.032305900294574405,754.9083129882813,765.868544921875,746.2239484670976,754.5711055221059,0.01086230730100147,3,1,4
2023-03-06,766.7000122070312,775.9000244140625,765.0999755859375,766.5999755859375,752.5742797851562,4597345,0.0028780478758811956,0.002873914225423253,753.796533203125,765.0429296875,747.2009225160297,754.423192504554,0.01072527653803766,3,1,0
2023-03-08,764.0,769.9000244140625,760.7000122070312,766.5499877929688,752.5252075195312,3546995,-6.520587660663324e-05,-6.520800260222404e-05,752.8467315673828,764.1701940917969,748.0200432857991,754.2826010241819,0.010535249510066852,3,1,2
2023-03-09,795.0,795.0,770.2000122070312,773.4000244140625,759.2499389648438,5240056,0.00893622084432022,0.00889652911030903,752.7632904052734,763.35734375,749.7477195441138,754.6505519827494,0.01064366714142359,3,1,3
2023-03-10,773.0,778.9500122070312,768.2000122070312,773.75,759.593505859375,4113931,0.0004525082939086378,0.0004524059429058974,753.1117950439453,762.7673400878906,751.2624559003079,755.0166967143513,0.010641942420589036,3,1,4
2023-03-13,777.4500122070312,777.7999877929688,763.1500244140625,765.2999877929688,751.298095703125,3447889,-0.010920854499492982,-0.010980924777184705,752.7853759765625,761.6786303710937,751.2679389468951,754.7412447875937,0.010817482677807893,3,1,0
2023-03-14,764.0,776.75,764.0,771.7999877929688,757.6791381835938,3753502,0.00849335638804849,0.0084574907732257,752.9424499511719,761.0051806640626,752.2542772910026,754.9588665206307,0.010887934630352493,3,1,1
2023-03-15,758.0,765.5499877929688,752.5,756.6500244140625,742.806396484375,8101060,-0.019629340376024595,-0.019824554720129003,752.0319183349609,759.888984375,750.8007571669061,754.0586835549823,0.0114697949307577,3,1,2
2023-03-16,750.0,759.0,743.5,745.9500122070312,732.3021850585938,7465693,-0.014141250634750246,-0.01424219086351051,750.0955078125,758.4822045898437,747.9548229963965,752.4470910737683,0.011735588908858294,3,1,3
2023-03-17,750.0,759.4500122070312,739.1500244140625,757.25,743.3953857421875,9306857,0.015148392166419944,0.0150348009864311,748.7603881835937,757.4111657714843,747.2533711111336,751.7765943825401,0.011895954698742682,3,1,4
2023-03-20,754.9500122070312,759.7999877929688,748.7999877929688,754.7999877929688,740.990234375,3566109,-0.003235359558744433,-0.0032406046507093516,747.680517578125,756.3843054199219,746.2898116132668,750.9776047523519,0.01126542300978226,3,1,0
2023-03-21,760.0,766.0,755.1500244140625,756.9500122070312,743.1008911132812,5332221,0.0028484271996669364,0.0028443781180980537,746.5908294677735,755.6175952148437,745.7992084594229,750.3941444827911,0.011278585113469646,3,1,1
2023-03-22,761.0,763.2000122070312,753.1500244140625,756.7000122070312,742.85546875,2680654,-0.00033026788988710365,-0.00033032244033782103,745.4937774658204,754.3865393066407,745.346325427204,749.8357240581399,0.01126634943764571,3,1,2
2023-03-23,758.0,765.7999877929688,756.8499755859375,763.5499877929688,749.5801391601562,2454948,0.009052461337427875,0.009011733416718265,745.0716430664063,753.8112622070313,745.9976813861197,749.8167918434744,0.011159474373003637,3,1,3
2023-03-24,763.5499877929688,767.0,758.8499755859375,762.4500122070312,748.500244140625,2336818,-0.0014406665319883771,-0.001441705289805522,745.0471008300781,753.7503967285156,746.382691040659,749.7192697914115,0.010985977071649484,3,1,4
2023-03-27,763.0,769.7000122070312,759.3499755859375,761.75,747.8130493164062,2258853,-0.0009180956580818744,-0.0009185173660324851,745.2753509521484,753.8456225585937,746.6027461600047,749.5780682747445,0.010905718955201626,3,1,0
2023-03-28,765.5999755859375,765.5999755859375,742.7999877929688,748.4500122070312,734.7564086914062,4166723,-0.017459765695363783,-0.017613985130993236,745.0569213867187,753.534423828125,744.7802327032972,748.4801675648675,0.011324747999791416,3,1,1
2023-03-29,751.0,754.9000244140625,738.8499755859375,743.5999755859375,729.9951171875,4891868,-0.006480095236441774,-0.006501182199963541,745.1231872558594,753.2291137695313,742.5055995470208,747.1109045739514,0.01122669017885635,3,1,2
2023-03-31,752.1500244140625,753.0,742.0499877929688,749.0,735.29638671875,5796532,0.007262061630870287,0.007235819831094698,745.0642883300782,752.9012268066406,741.3964898811329,746.2357551031957,0.01101399767027779,3,1,4
2023-04-03,755.0,761.9000244140625,752.0499877929688,760.5499877929688,746.6349487304688,2120667,0.015420396749556975,0.015302710732950135,746.0680786132813,752.5870812988281,742.2024066271845,746.2653250015123,0.01144050699555675,4,2,0
2023-04-05,768.0,768.0,756.0,763.4500122070312,749.4819946289062,3197932,0.0038131698807810643,0.0038059181773167183,746.021450805664,752.4192114257812,743.322343242834,746.5035968257638,0.01134905504358094,4,2,2
2023-04-06,762.5999755859375,768.7000122070312,759.0999755859375,765.9500122070312,751.9362182617188,1777379,0.0032745598298564715,0.0032692101342344385,745.9895477294922,752.448662109375,744.6475547842009,746.9060132284271,0.01135182838385029,4,2,3
2023-04-10,768.9500122070312,776.2999877929688,766.4500122070312,769.75,755.6666870117188,1701065,0.004961150506387124,0.0049488845513183085,746.1466217041016,752.3907409667969,746.3428058961267,747.5549520271894,0.011395633923797202,4,2,0
2023-04-11,776.0,776.0,768.1500244140625,774.1500244140625,759.9862060546875,3485481,0.005716169730930254,0.005699894424887594,746.1834350585938,752.3612902832032,748.4417905359054,748.475785658856,0.011330380928850813,4,2,1
2023-04-12,774.0,774.5499877929688,765.0999755859375,771.0999755859375,756.991943359375,3794841,-0.003939890844672833,-0.0039476726610030545,746.0533569335937,752.2552648925781,749.7571986625929,749.1066121551908,0.011129373487577294,4,2,2
2023-04-13,770.0,771.1500244140625,765.4500122070312,767.0499877929688,753.0160522460938,4292170,-0.005252223815800594,-0.005266065230048846,746.1392547607422,752.1089904785156,750.2585607523623,749.3962003100725,0.01107750729341501,4,2,3
2023-04-17,789.0,789.0,754.3499755859375,759.6500244140625,745.75146484375,9083437,-0.009647320771814849,-0.0096941576478587,745.54287109375,751.9018505859375,749.5651613818065,749.1262199051597,0.01117943851082408,4,2,0
2023-04-18,765.0,765.0,752.5499877929688,759.75,745.8496704101562,4051481,0.00013168672277008575,0.00013167805283474402,745.695034790039,751.6947119140625,748.9935473861681,748.8835125351594,0.01083947411396544,4,2,1
2023-04-19,761.3499755859375,766.8499755859375,756.0,764.6500244140625,750.6600341796875,3429794,0.006449508473853616,0.006428799388664091,746.6129272460937,751.6073413085937,749.2499299697865,749.0151067310504,0.010732978750645017,4,2,2
2023-04-20,764.0,773.75,762.5999755859375,772.2999877929688,758.1700439453125,2355441,0.010004541901357245,0.00995482777509379,747.35166015625,751.5003356933594,750.6222551967905,749.6932502284031,0.010518827015918412,4,2,3
2023-04-21,769.5999755859375,775.25,764.4500122070312,765.2000122070312,751.199951171875,4524208,-0.009193310694744716,-0.009235829971419604,747.8621459960938,750.9564709472656,750.7111315006497,749.8048577056974,0.008867255955464002,4,2,4
2023-04-24,765.2000122070312,767.4000244140625,755.6500244140625,760.25,746.3404541015625,5271105,-0.006468979481071169,-0.006489994006214413,748.0241241455078,750.3870825195313,750.0387195930978,749.5482352165021,0.0089292911493661,4,2,0
2023-04-25,764.9500122070312,777.0,761.75,772.5999755859375,758.4644775390625,5773233,0.016244628534969108,0.016114096291468455,748.804574584961,750.125947265625,751.3349900463231,750.2086976107659,0.009423072790986024,4,2,1
2023-04-26,779.9000244140625,779.9000244140625,767.0999755859375,773.4500122070312,759.2990112304688,5057352,0.0011002937067190466,0.0010996888272545766,749.2905181884765,750.0935522460937,752.5602240746532,750.8820541751883,0.009283139086275259,4,2,2
2023-04-27,772.0,789.2000122070312,771.3499755859375,786.5,772.1102294921875,4129769,0.016872428479733914,0.016731670141977652,750.4710174560547,750.4832885742187,755.5679172158124,752.4545116060772,0.009778882887385482,4,2,3
2023-04-28,789.8499755859375,802.0499877929688,787.2000122070312,799.2999877929688,784.6759643554688,6572656,0.016274534882856795,0.01614352415461298,752.3141632080078,751.0202783203125,760.0460783142211,754.8412858838099,0.009934191961114683,4,2,4
2023-05-02,800.25,806.7999877929688,788.5499877929688,790.2000122070312,775.7425537109375,6301210,-0.011384840431386434,-0.011450143846296685,754.3634704589844,751.4443762207031,762.4609206829467,756.3895279450785,0.010112822877513847,5,2,1
2023-05-03,794.5,794.5,777.2000122070312,779.2999877929688,765.0418701171875,3908267,-0.013794117059275468,-0.013890139948572518,756.1158081054688,751.524873046875,762.8579898266761,757.0304421800495,0.00975544425524492,5,2,2
2023-05-04,779.2999877929688,792.7000122070312,773.6500244140625,789.0999755859375,774.6626586914062,2457671,0.012575505929819375,0.012497090975919002,758.0841217041016,751.5975183105469,764.6740927289422,758.3365322920018,0.009539847608724353,5,2,3
2023-05-05,789.0999755859375,790.9500122070312,780.25,787.2999877929688,772.8955688476562,1438467,-0.0022811088464429474,-0.0022837145385600074,759.3971527099609,751.6534741210937,765.9389352087444,759.4149794442725,0.009232234714368794,5,2,4
2023-05-08,789.9000244140625,795.2999877929688,785.2000122070312,793.75,779.2275390625,2489174,0.008192530103755535,0.008159153497659673,760.8844299316406,751.9862719726563,767.9833358016299,760.8825764530301,0.009272650342759124,5,2,0
2023-05-09,796.9000244140625,798.3499755859375,790.5,793.5999755859375,779.0802612304688,2486331,-0.0001890049114645631,-0.0001890227751437595,762.2416320800781,752.2699841308594,769.6905550983743,762.2305531032107,0.009276487497817301,5,2,1
2023-05-10,797.0,797.5499877929688,788.0499877929688,796.0499877929688,781.4854736328125,2737334,0.0030872459771282834,0.0030824902188829177,763.5325714111328,752.6037634277344,771.5051579498263,763.6568435128108,0.009272709497039974,5,2,2
2023-05-11,794.5499877929688,794.5499877929688,783.7000122070312,788.5999755859375,774.1717529296875,4808171,-0.009358741716754437,-0.009402809904044572,764.2418487548828,752.9267419433594,771.9154033313434,764.4357256918388,0.00938019962847568,5,2,3
2023-05-12,787.5,793.7000122070312,784.5,791.9500122070312,777.4605102539062,2576010,0.00424809780487756,0.0042391001104544685,765.2652770996094,753.4961303710937,772.7684967040454,765.4005245482883,0.009384168581231058,5,2,4
2023-05-15,793.0,802.5,789.5499877929688,797.0499877929688,782.4672241210938,7569060,0.006439830449462169,0.006419183336549972,766.7378356933593,754.2805139160156,774.2606086143606,766.6647245166442,0.00942004688485805,5,2,0
2023-05-16,800.8499755859375,801.25,784.0,787.3499755859375,772.9447021484375,4846217,-0.012169866901904358,-0.012244526078592992,768.0974975585938,754.9569079589844,774.058161465757,767.1299080449253,0.00909579299957873,5,2,1
2023-05-17,788.0,797.6500244140625,783.9000244140625,792.25,777.7550048828125,6529233,0.0062233465356635875,0.006204061484956578,769.6927642822266,755.9386120605469,774.6269066068426,767.9169522551392,0.008995531118329866,5,2,2
2023-05-18,797.9500122070312,803.0,794.6500244140625,799.3499755859375,784.72509765625,11383252,0.00896181024831555,0.008921891545479102,771.3960174560547,756.9036267089843,776.1804744605976,769.1620000626289,0.009034085606016599,5,2,3
2023-05-19,799.3499755859375,808.3499755859375,793.25,805.75,791.008056640625,3432240,0.008006573261311933,0.007974690720486004,773.0379180908203,758.1926049804688,778.4616409498326,770.7802264758138,0.008757432007745713,5,2,4
2023-05-22,801.0,804.0,799.5,801.8499755859375,787.1793212890625,9996762,-0.00484032408952062,-0.0048520763968202115,774.8368865966797,758.927900390625,779.8028225404834,771.9949742397581,0.00883655528943916,5,2,0
2023-05-23,808.9500122070312,808.9500122070312,797.9500122070312,799.9500122070312,785.3141479492188,6516636,-0.0023694389440889196,-0.0023722505066390447,776.7855712890625,759.5826977539062,780.650718757212,772.9815796997182,0.008861368411566236,5,2,1
2023-05-24,802.9000244140625,802.9000244140625,795.0,801.4000244140625,786.7376708984375,9104329,0.001812679617368529,0.0018110386963477235,778.1992309570312,760.2669470214844,781.587172932785,774.0005494181418,0.008837411895262466,5,2,2
2023-05-25,799.5999755859375,825.5,797.8499755859375,822.7000122070312,807.64794921875,9570396,0.02657846330967395,0.02623139226598797,780.6166778564453,761.2349072265625,785.5965231306258,776.492949403372,0.009942030774199596,5,2,3
2023-05-26,827.9000244140625,829.3499755859375,813.4000244140625,817.9500122070312,802.9848022460938,6150206,-0.005773737155114422,-0.005790469612440634,782.1604064941406,762.1027331542969,788.2716429945439,778.4553088732032,0.009985843177439155,5,2,4
2023-05-29,829.4000244140625,829.4000244140625,818.0,821.25,806.2244262695312,3684829,0.004034477382854229,0.0040263607026955455,783.2378295898437,763.201259765625,791.0336096522342,780.5122805321905,0.009896301712493066,5,2,0
2023-05-30,821.25,826.3499755859375,812.7999877929688,818.4500122070312,803.4757080078125,5148256,-0.0034093711033257312,-0.0034151962528186095,784.6244873046875,764.1171911621094,792.9477786300154,782.2132751600143,0.009699642878626813,5,2,1
2023-05-31,819.0,888.75,818.0,849.9000244140625,834.3502807617188,47342125,0.038426267833857164,0.03770636309790931,788.0899078369141,765.9480688476563,799.3173943425851,786.0752755749553,0.01168855584100983,5,2,2
2023-06-01,837.9500122070312,837.9500122070312,823.0,827.9500122070312,812.8018798828125,9713155,-0.025826563945341552,-0.026165925426892056,789.9968688964843,767.5580627441407,801.3919305795432,788.055024042204,0.012863583610029391,6,2,3
2023-06-02,832.7999877929688,839.2999877929688,826.9500122070312,836.5,821.1954345703125,6834131,0.010326692020828254,0.0102737359984507,792.4118621826171,769.1140637207031,804.4386235012,790.5098692665083,0.012869994997723769,6,2,4
2023-06-05,838.5,841.3499755859375,832.1500244140625,834.5,819.2319946289062,5298053,-0.002390953308737731,-0.0023938162018729493,794.4120849609375,770.6788989257813,806.7145267516164,792.6374341081674,0.012711358661403636,6,2,0
2023-06-06,834.5,838.25,826.1500244140625,829.4500122070312,814.2744140625,2722174,-0.0060514977428974825,-0.00606988226213887,796.1717926025391,772.1023693847657,807.8775863379062,794.2401733640439,0.012700891176737816,6,2,1
2023-06-07,828.9000244140625,847.5,827.25,844.25,828.8035888671875,4110739,0.017843093868318727,0.017685774488809338,798.5376983642578,773.8213317871093,811.096971342411,796.8004263642769,0.012761640812574596,6,2,2
2023-06-08,847.7000122070312,849.4000244140625,834.5499877929688,836.0,820.7045288085938,4050621,-0.009771989609339893,-0.00982004884567068,800.8643371582032,775.2438195800781,812.5750571064392,798.5711006194115,0.012971245835889007,6,2,3
2023-06-09,838.5499877929688,839.7999877929688,828.9500122070312,833.5,818.250244140625,3332436,-0.002990460734427325,-0.0029949410965903313,802.9038238525391,776.6388195800781,813.4481628040063,800.0288149543162,0.012726267035298777,6,2,4
2023-06-12,834.8499755859375,843.0999755859375,831.75,836.3499755859375,821.048095703125,1569715,0.003419310391332031,0.003413477841306932,804.8328674316406,778.1035205078125,814.6173832500245,801.5857987134873,0.012442820414421869,6,2,0
2023-06-13,838.0999755859375,844.0,832.75,834.3499755859375,819.084716796875,3224345,-0.0023913080324102776,-0.0023941717757691447,807.1398681640625,779.7900866699218,815.3046653341554,802.8820148678124,0.01222599467131575,6,2,1
2023-06-14,832.0,833.9500122070312,819.0,827.9500122070312,812.8018798828125,5108720,-0.007670558106165459,-0.007700128146525073,808.8922119140625,781.4462219238281,814.9196214185642,803.6168196837383,0.012004295713817382,6,2,2
2023-06-15,827.0,833.7999877929688,824.2000122070312,829.7000122070312,814.519775390625,3865201,0.0021135476557463395,0.0021113172560509176,810.3819458007813,783.0306896972656,814.8581066450351,804.4244460323966,0.011840011613682632,6,2,3
2023-06-16,822.5,840.0,820.7999877929688,837.7999877929688,822.4716186523438,4907797,0.009762615349523163,0.00971526892087383,811.9551239013672,784.5474230957032,816.0294161846211,805.7612736338742,0.011902948135616305,6,2,4
2023-06-19,840.0,840.0,827.5,828.1500244140625,812.9982299804688,3017364,-0.0115181952264779,-0.011585043446770324,813.2460693359375,785.8177478027344,815.5630798455207,806.2973444743627,0.012099848140595977,6,2,0
2023-06-20,828.0999755859375,833.7000122070312,826.8499755859375,831.2000122070312,815.992431640625,2691557,0.003682912889279244,0.003676147571234257,814.7799835205078,787.0988720703125,815.6291339678444,807.0154990792711,0.012102021947825309,6,2,1
2023-06-21,832.0,840.75,830.4000244140625,839.0,823.6497192382812,3022724,0.009384017915779586,0.009340261547022843,816.6255859375,788.4585327148437,816.8630701632962,808.247663535494,0.012182780870382775,6,2,2
2023-06-22,836.7000122070312,843.5,834.7000122070312,842.7999877929688,827.3801879882812,4380046,0.004529193251531671,0.004518967320961446,817.6121978759766,789.8064123535156,818.481088290217,809.6648875690337,0.012005759549155883,6,2,3
2023-06-23,844.0,862.75,841.3499755859375,854.7999877929688,839.1605834960938,7667340,0.01423818901979712,0.014137777998209977,819.4209869384765,791.44978515625,821.662549091121,811.849753934001,0.012199013698094674,6,2,4
2023-06-26,857.3499755859375,857.3499755859375,846.3499755859375,851.9500122070312,836.36279296875,4431992,-0.0033340347275221394,-0.0033396050057510262,820.9279052734375,793.1167199707031,823.9241250722946,813.6655346032417,0.012223977243591377,6,2,0
2023-06-27,856.5,871.3499755859375,853.5999755859375,864.9000244140625,849.0758056640625,5533649,0.015200356594279318,0.015085988673179437,823.20791015625,795.1832067871094,827.793614394105,816.288517644784,0.012128216491037368,6,2,1
2023-06-28,869.5,873.5999755859375,863.5999755859375,872.2000122070312,856.2422485351562,6272649,0.008440286277488385,0.008404866225298365,824.3025085449219,797.3910583496094,832.1703273388821,819.248053266293,0.01215395672179784,6,2,2
2023-06-30,880.0,883.0,867.0499877929688,878.75,862.6724243164062,5217511,0.007509762327484681,0.007481704446828235,826.7960357666016,799.6313061523438,836.8629576431165,822.4646733440792,0.012133426373095247,6,2,4
2023-07-03,880.0,884.1500244140625,874.5999755859375,879.1500244140625,863.0650634765625,3333167,0.00045514282025105324,0.0004550392741752841,828.889517211914,801.7292065429688,840.8940508482619,825.472109650189,0.012109272097199133,7,3,0
2023-07-04,873.7999877929688,873.7999877929688,853.2999877929688,865.1500244140625,849.3212280273438,7397493,-0.01592444884034161,-0.016052605243489667,830.3939788818359,803.6916320800781,842.1905396450437,827.2387110114597,0.012518316006892275,7,3,1
2023-07-05,868.0,871.0,863.0499877929688,866.6500244140625,850.7938232421875,4284477,0.0017338495333079074,0.0017323481514021904,832.2199493408203,805.7806994628907,843.514121736912,828.9835341396619,0.012484391640722407,7,3,2
2023-07-06,864.3499755859375,877.9000244140625,863.4500122070312,869.6500244140625,853.7389526367188,6365222,0.0034616252658112856,0.0034556476319842944,833.4667175292968,807.6861889648437,845.0871726445745,830.8172688431475,0.012483761943732711,7,3,3
2023-07-07,865.0,883.5999755859375,862.5,870.4500122070312,854.5242919921875,18763997,0.0009198823048230942,0.0009194594723799181,835.1577056884765,809.5906945800781,846.5390371595918,832.5733446319653,0.011649785311341938,7,3,4
2023-07-10,867.0,889.5999755859375,865.0,885.4000244140625,869.2008056640625,4310681,0.017175068993836362,0.017029244821734738,837.7052337646485,811.5325061035156,850.0254630833565,835.286489893602,0.011876533103036574,7,3,0
2023-07-11,890.0,893.1500244140625,886.2999877929688,891.9000244140625,875.5819091796875,3353977,0.007341345606266314,0.00731452909481593,840.4319244384766,813.350625,853.9572240212535,838.2713357666454,0.011904538067762772,7,3,1
2023-07-12,889.9500122070312,895.7000122070312,883.0999755859375,889.9500122070312,873.6675415039062,3033186,-0.002186394734416952,-0.002188788384997411,843.1610656738281,815.3091247558593,856.9895805570462,840.8932769323685,0.011884537925204277,7,3,2
2023-07-13,891.3499755859375,893.2999877929688,883.25,885.0499877929688,868.8571166992188,4228714,-0.005506012958209405,-0.0055212269187660595,845.9638275146484,817.3854296875,858.8153553481498,842.9646724706537,0.009890841456754352,7,3,3
2023-07-14,885.0,890.25,879.6500244140625,886.5,870.2806396484375,3860080,0.0016383855548385284,0.0016370448654030863,848.7518707275391,819.2977893066407,860.5792452405018,844.9880774467858,0.008450070930382534,7,3,4
2023-07-17,886.0,896.6500244140625,876.0,878.0999755859375,862.0343017578125,5614592,-0.009475492749047243,-0.009520670846787519,850.7300048828125,821.0805639648438,860.8031000893188,846.250760729084,0.008575126272192125,7,3,0
2023-07-18,877.0499877929688,880.2000122070312,863.1500244140625,875.4500122070312,859.4328002929688,4731911,-0.0030178630473739476,-0.0030224259785737095,853.0517333984375,822.6846691894531,860.5922847360341,847.2272081041867,0.008586081768555949,7,3,1
2023-07-19,875.4500122070312,877.0,867.2000122070312,870.75,854.8187866210938,6641825,-0.005368673001894031,-0.005383136115170902,854.993051147461,824.1994396972656,859.7040542568125,847.7895472535872,0.008565887952743025,7,3,2
2023-07-20,871.0,886.7000122070312,868.0,884.8499755859375,868.6608276367188,3779959,0.01619295367891893,0.016063246163018238,857.2436065673828,825.9429467773438,861.0820193921827,849.3355680227081,0.00846304410900088,7,3,3
2023-07-21,878.0999755859375,891.9000244140625,874.7999877929688,886.0,869.7897338867188,7001587,0.0012995938277444719,0.0012987500866206403,859.3640838623047,827.8553063964844,862.4216677759574,850.8506914200423,0.008186870693994755,7,3,4
2023-07-24,885.0,892.5999755859375,880.7999877929688,888.1500244140625,871.9004516601562,4125577,0.0024266988804357847,0.0024237592015574254,861.0010772705078,829.7441052246094,863.8799422196803,852.40993291931,0.008133243076462777,7,3,0
2023-07-25,888.0,894.7000122070312,879.0999755859375,883.6500244140625,867.4827880859375,3652262,-0.005066706372048757,-0.005079585650879949,862.5570770263672,831.4444165039063,864.4342261991045,853.5264407094306,0.008234550627618274,7,3,1
2023-07-26,886.5,896.5,883.2999877929688,889.4000244140625,873.1276245117188,2845581,0.006507145159889927,0.006486065088795306,863.75966796875,833.4480749511719,865.7716720933529,854.9783802503409,0.008236093900236788,7,3,2
2023-07-27,889.3499755859375,901.4000244140624,888.1500244140625,895.1500244140625,878.7723388671875,3445446,0.006464936163971924,0.006444128097899308,864.8861724853516,835.4684216308593,867.7717746739429,856.7408957034406,0.008056396800066512,7,3,3
2023-07-28,899.9000244140625,899.9000244140625,890.5499877929688,895.0999755859375,878.7232666015625,2314339,-5.584184145834836e-05,-5.58434006720236e-05,865.6887145996094,837.3483850097656,869.4566195858844,858.3692194736719,0.008070970732575232,7,3,4
2023-07-31,894.0,897.7999877929688,885.25,889.9000244140625,873.6184692382812,4424817,-0.00580933447116283,-0.00582627429258015,866.2163848876953,839.0005932617188,870.0969041477916,859.4987935303096,0.00809273030430357,7,3,0
2023-08-01,894.5,897.4000244140625,888.1500244140625,891.6500244140625,875.3363647460938,2087412,0.0019664139075612486,0.0019644830465669096,867.5171417236328,840.7637341308593,870.9029750090689,860.671946953701,0.007677264821921875,8,3,1
2023-08-02,883.2000122070312,890.6500244140625,872.5999755859375,878.0999755859375,862.0343017578125,3328903,-0.015196515904077335,-0.015313166246581012,868.0791656494141,842.2981372070312,869.5385637396448,860.7728621243759,0.008323077443934726,8,3,2
2023-08-03,875.0,882.0499877929688,865.0999755859375,871.7000122070312,855.7514038085938,4642067,-0.007288454689572066,-0.0073151452431232614,868.1797882080078,843.6784118652344,867.4174622117908,860.4009022491329,0.008360234536748081,8,3,3
2023-08-04,869.0,892.9500122070312,866.2000122070312,889.6500244140625,873.3729858398438,7066276,0.020591940548182253,0.020382792838367216,869.1222229003906,844.9929125976563,868.3336966161066,861.3617973299263,0.009058759810300444,8,3,4
2023-08-07,885.1500244140625,900.5499877929688,884.0999755859375,891.4000244140625,875.0910034179688,4086452,0.001967106386365991,0.001965174166105287,869.4167327880859,846.4350366210938,869.3732822779316,862.3787755586702,0.008751677592415756,8,3,0
2023-08-08,892.0,894.2999877929688,880.4500122070312,885.4000244140625,869.2008056640625,3282856,-0.006730954530328903,-0.006753709571017009,869.0976776123047,847.6945642089844,869.3467474142594,862.8841111220327,0.0088370718472175,8,3,1
2023-08-09,885.0,897.4500122070312,878.7999877929688,883.7000122070312,867.5317993164062,3185159,-0.0019201619887836419,-0.0019220078631121944,868.7908905029296,848.9756860351563,869.0675246299743,863.2283843216159,0.008454462959884848,8,3,2
2023-08-10,882.0,883.9000244140625,868.2000122070312,874.7999877929688,858.794677734375,3439922,-0.010071240718687036,-0.010122298764675719,868.2877685546875,849.4645739746094,867.487086646036,862.8999616114498,0.008548951236876897,8,3,3
2023-08-11,872.0,873.7000122070312,865.0,870.5499877929688,858.548095703125,2812690,-0.0002871257096056512,-0.0002871669380842358,867.7011413574219,850.3794982910156,866.1118572702035,862.5776011737961,0.008434757104445497,8,3,4
2023-08-14,870.5,870.5999755859375,857.5999755859375,867.0499877929688,855.0963745117188,2665905,-0.004020416804464966,-0.004028520407305704,867.3542449951171,851.0575170898437,864.417167615052,862.0234362358644,0.00846366431409681,8,3,0
2023-08-16,870.0,874.0,853.2000122070312,856.9500122070312,845.1356201171875,3962408,-0.011648692114054504,-0.011717069652655352,866.6393859863281,851.5755895996094,861.4507756923036,860.7724868937402,0.00822363664824562,8,3,2
2023-08-17,857.2000122070312,859.8499755859375,850.0,856.7000122070312,844.8890991210938,3013019,-0.0002916940077138941,-0.000291736558685739,866.1429016113282,852.1878833007812,858.902825450579,859.5959396513219,0.008216100136870531,8,3,3
2023-08-18,856.7000122070312,862.0,852.25,856.25,844.4453125,4929835,-0.0005252602046297294,-0.0005253982020961807,864.9321258544921,852.5007177734375,856.6785926889514,858.4736709734462,0.008187029812064726,8,3,4
2023-08-21,855.6500244140625,874.0,854.0999755859375,871.9500122070312,859.9288330078125,3220142,0.018335729121372157,0.0181696566086934,864.4390808105469,853.2852038574218,857.1786296610838,858.5814607537698,0.008868037545166182,8,3,0
2023-08-22,871.0,879.9500122070312,866.2000122070312,877.6500244140625,865.5502319335938,3333869,0.006537051334956523,0.006515777476750692,864.1215698242188,854.2312036132812,858.4665684722393,859.0976660263493,0.008366343088668177,8,3,1
2023-08-23,877.0,877.0,866.7999877929688,868.1500244140625,856.1812133789062,1860153,-0.010824349886381035,-0.010883359374181558,863.5564910888672,854.9338659667969,858.1149753809573,858.881632496909,0.008465496472138553,8,3,2
2023-08-24,873.0,874.7000122070312,864.2000122070312,869.4500122070312,857.4632568359375,2842728,0.001497397323134031,0.0014962773416611385,862.7732727050782,855.7014367675781,858.0147109894158,858.7765676331334,0.008470090035698265,8,3,3
2023-08-25,869.4500122070312,875.9500122070312,861.0999755859375,873.5,861.4573974609375,3124339,0.0046580895369656705,0.004647274210732258,861.9075256347656,856.6745471191406,858.5443550619576,858.9751476203782,0.008469922498333985,8,3,4
2023-08-28,874.0499877929688,875.75,865.8499755859375,870.3499755859375,858.350830078125,3094455,-0.003606176453959109,-0.0036126943828535623,860.8889038085938,857.5511682128906,858.5145819875219,858.9289018765076,0.008483703926671901,8,3,0
2023-08-29,870.0,870.0,848.5,855.2000122070312,843.4097290039062,14064286,-0.017406753218679683,-0.01756003207670232,859.378466796875,857.9699304199219,856.190758451581,857.7793335155742,0.008889339211443609,8,3,1
2023-08-30,859.8499755859375,862.5999755859375,856.4500122070312,857.75,845.924560546875,3261665,0.002981743577867846,0.0029773069974612957,857.9078765869141,858.62845703125,854.6113433893186,856.9012021845595,0.00890263342019379,8,3,2
2023-08-31,855.5,859.5,847.0499877929688,856.4000244140625,844.5932006835938,12528190,-0.001573851765718337,-0.0015750915714262544,857.0358215332031,859.2004724121093,853.0700906653609,855.9894983696731,0.008857766312986026,8,3,3
2023-09-01,853.1500244140625,867.5499877929688,852.75,865.9500122070312,854.0115356445312,4427899,0.01115132699779564,0.011089609349486065,856.948828125,859.8077087402344,853.2149283544641,855.8429826122552,0.008576172469405438,9,3,4
2023-09-04,865.75,869.4500122070312,859.7000122070312,865.2999877929688,853.3704833984375,3102649,-0.0007506365187560649,-0.0007509183874104739,855.9487030029297,860.3275146484375,853.2388598996907,855.6598345223427,0.0085692457354681,9,3,0
2023-09-05,863.0999755859375,867.7999877929688,858.4000244140625,865.9000244140625,853.9622192382812,2216754,0.0006934102495403938,0.0006931699517302031,854.8922637939453,860.6235473632812,853.3501459517815,855.5340852420419,0.008553967382417187,9,3,1
2023-09-06,867.1500244140625,882.4000244140625,865.7999877929688,880.2999877929688,868.1636962890625,4235096,0.016630099939841214,0.016493334032085385,854.8404083251953,861.2595654296875,855.6291536959786,856.4696119862656,0.009069965899930484,9,3,2
2023-09-07,880.2999877929688,883.7000122070312,873.1500244140625,875.2999877929688,863.2326049804688,4532834,-0.005679909595012522,-0.005696101623463974,854.6254486083984,861.5427014160156,856.798915432054,856.9705744302806,0.009044404552631634,9,3,3
2023-09-08,881.7999877929688,890.6500244140625,878.1500244140625,885.8499755859375,873.6371459960938,3741470,0.012052998178701202,0.011980939235826354,855.3675720214844,861.8905993652344,859.3894124419062,858.2051352870075,0.00924471748734821,9,3,4
2023-09-11,888.0,892.2999877929688,883.5999755859375,890.7999877929688,878.5189208984375,2733894,0.005587874696854511,0.005572320441625165,856.36611328125,862.207529296875,862.3324137429111,859.7098601471134,0.009304019417198151,9,3,0
2023-09-12,894.9000244140625,896.5,885.0,890.4000244140625,878.12451171875,4106031,-0.00044894784882276717,-0.0004490486560808453,857.5175201416016,862.5087182617187,864.7619672776555,861.0739084116791,0.009239177369467087,9,3,1
2023-09-13,888.0499877929688,918.0,885.5499877929688,915.1500244140624,902.533203125,5222561,0.027796390011337824,0.02741708322436544,860.3873992919922,863.5729577636719,870.5729266387855,864.1449672793325,0.010522645632626493,9,3,2
2023-09-14,920.2999877929688,920.5999755859376,910.0999755859376,914.9500122070312,902.3359985351562,5513106,-0.0002185012021285182,-0.00021852507699403854,863.2597442626953,864.6038012695312,875.459553084381,866.9739325575416,0.01006963491508,9,3,3
2023-09-15,912.5999755859376,948.7000122070312,910.0,936.1500244140624,923.2437744140624,14003428,0.02317072123116848,0.02290635597000167,867.1996673583984,865.9938977050781,882.8109717504859,871.142068991358,0.01066341420804751,9,3,4
2023-09-18,929.4000244140624,935.7999877929688,918.0,920.2000122070312,907.5136108398438,2977375,-0.017037930837066062,-0.017184746392345823,869.57890625,867.0536840820313,886.6113777642333,873.836257276431,0.010685789465755007,9,3,0
2023-09-20,911.0,919.2999877929688,904.7999877929688,910.7000122070312,898.1445922851562,5241903,-0.010323832549483325,-0.010377492948885106,871.2086242675781,867.6325598144531,888.38571845976,875.6368746844846,0.010894261821673808,9,3,2
2023-09-21,910.2000122070312,920.1500244140624,903.3499755859376,917.9500122070312,905.2946166992188,4896202,0.007960883442910571,0.007929362787976737,873.6642944335938,868.2268139648437,890.9870874196768,877.8337444633537,0.010868463410077455,9,3,3
2023-09-22,917.9500122070312,922.3499755859376,903.7999877929688,911.4000244140624,898.8349609375,6112928,-0.007135418285454054,-0.0071609971323174145,875.7328796386719,868.7301623535157,892.1944525762649,879.3893901281052,0.010964912822533326,9,3,4
2023-09-25,912.0,913.3499755859376,902.0499877929688,910.4000244140624,897.8487548828125,5278045,-0.0010972048235182719,-0.001097807193386375,877.5524475097657,869.3099951171876,893.0643452388108,880.7567504803058,0.010766298337950888,9,3,0
2023-09-26,910.0,920.9500122070312,908.0,912.7000122070312,900.1170043945312,5355047,0.0025263158180965917,0.0025231300466719763,879.640756225586,869.9067224121094,894.1493697243063,882.190843362841,0.010762093615374755,9,3,1
2023-09-27,914.9500122070312,921.0499877929688,907.4500122070312,920.25,907.5628662109376,4713145,0.008272104382046175,0.008238078044087176,882.8484130859375,870.8172937011718,896.2129845684035,884.0702524627,0.010773429085637151,9,3,2
2023-09-28,926.0,932.0,918.5999755859376,925.6500244140624,912.8884887695312,7386917,0.005868048106494328,0.005850898170597976,886.1966094970703,871.8864074707031,898.7784467531924,886.2049366335764,0.010476386160705889,9,3,3
2023-09-29,932.0,936.4000244140624,921.7999877929688,926.4000244140624,913.628173828125,5608557,0.0008102687980990897,0.0008099407075522302,889.6483581542968,873.0625952148438,901.0630201493359,888.2362875368763,0.010467729323081302,9,3,4
2023-10-03,918.25,928.25,916.0499877929688,925.2999877929688,912.5432739257812,4338272,-0.001187463273815248,-0.0011881688669611852,892.5749450683594,873.940244140625,902.8292130380198,890.0368050471656,0.010475380531426118,10,4,1
2023-10-04,918.2999877929688,925.9500122070312,918.2999877929688,924.25,911.5077514648438,5603669,-0.0011347653207531838,-0.0011354096544108916,895.4818084716796,874.7746044921874,904.1643727959928,891.6272455225492,0.010064587682994211,10,4,2
2023-10-05,925.0499877929688,929.5999755859376,919.4000244140624,928.8499755859376,916.0443725585938,7063132,0.0049770515790561465,0.004964707000638249,898.5859161376953,875.6574829101562,905.9920650671621,893.4359215992932,0.010044306479692811,10,4,3
2023-10-06,929.2000122070312,929.2000122070312,924.2999877929688,926.0499877929688,913.282958984375,2420855,-0.0030144976127148837,-0.0030190503624476814,900.8418792724609,876.573486328125,907.1137410544256,894.9060725167067,0.00980030840919676,10,4,4
2023-10-09,918.0,928.0499877929688,916.5499877929688,924.5499877929688,911.8036499023438,2248103,-0.0016197708141585387,-0.001621084061201476,903.2704315185547,877.3470068359375,907.8352654925669,896.1577449156428,0.009824515999117614,10,4,0
2023-10-10,924.5499877929688,954.0499877929688,921.0499877929688,948.3499755859376,935.2755126953124,7897875,0.025742233863049968,0.02541648113240839,906.3523498535156,878.4770703125,912.056841985297,899.0553573437664,0.010726769453580746,10,4,1
2023-10-11,948.5,956.7999877929688,948.0,955.5999755859376,942.425537109375,5645289,0.007644832262802881,0.007615758614069865,909.5476806640625,879.7511157226562,916.7289489274629,902.2679632523301,0.010691711813542438,10,4,2
2023-10-12,955.5999755859376,956.7999877929688,947.0,950.3499755859376,937.2479248046876,5544735,-0.005493921907685384,-0.005509069000085092,912.5038513183594,881.0237048339844,919.885714447036,904.8590715154677,0.010106143462064858,10,4,3
2023-10-13,946.2999877929688,955.9500122070312,946.2999877929688,954.2000122070312,941.0448608398438,4421671,0.004051154379400179,0.004042970548692699,914.4294342041015,882.3378747558594,923.1409677382371,907.5395003543103,0.010105876981510126,10,4,4
2023-10-16,957.9500122070312,958.75,943.8499755859376,946.5499877929688,933.5003051757812,1881721,-0.008017211482701625,-0.008049522132763672,915.9876495361328,883.7671948242188,924.7347119593978,909.4625229336787,0.010286641490208165,10,4,0
2023-10-17,946.5499877929688,960.25,946.0,953.6500244140624,940.5025024414062,3863410,0.007501012294052201,0.007473019596560693,916.8505859375,885.462216796875,927.1605258797067,911.7617806749918,0.010213026315429663,10,4,1
2023-10-18,953.0,958.9000244140624,950.6500244140624,952.8499755859376,939.7134399414062,2334392,-0.0008389796921876025,-0.0008393318326224464,918.4605773925781,886.7890258789063,929.0917434276605,913.8322739539855,0.010214238497673394,10,4,2
2023-10-19,945.7999877929688,951.2999877929688,941.3499755859376,942.9500122070312,929.949951171875,4306963,-0.010389857540124225,-0.010444208906384332,920.0508453369141,887.8862048339844,929.2237753883089,915.0261759701255,0.010506814083034773,10,4,3
2023-10-20,937.7999877929688,947.5,937.0,945.2000122070312,932.1689453125,3125104,0.002386143617544967,0.0023833012974212786,921.3945617675781,889.1455676269532,929.6768784535691,916.2960107362273,0.01018169863106452,10,4,4
2023-10-23,941.5999755859376,949.0999755859376,937.0,939.2999877929688,926.3502807617188,2180066,-0.0062420707963304345,-0.006261633972552995,922.7703277587891,890.3219372558593,929.1650941932844,917.0407714788563,0.010197631807612196,10,4,0
2023-10-25,924.5999755859376,939.6500244140624,919.0,922.5999755859376,909.8804931640624,6365249,-0.017779222330578492,-0.017939171386301557,923.3719146728515,891.3436535644531,926.1982324964811,916.5103804925752,0.010668044558636219,10,4,2
2023-10-26,921.6500244140624,924.5999755859376,900.0499877929688,905.5,893.0162963867188,6595332,-0.018534518438459213,-0.018708434950251016,923.016879272461,892.033017578125,921.0933192488253,914.7700779662155,0.011236280130385391,10,4,3
2023-10-27,910.75,918.4000244140624,906.4500122070312,914.5999755859376,901.9907836914062,3508393,0.010049634414287523,0.009999472630134273,922.7382751464844,892.9709057617188,918.1544676246069,913.8234635754889,0.011365027909206175,10,4,4
2023-10-30,914.7999877929688,931.9500122070312,910.3499755859376,926.25,913.480224609375,3686768,0.012737869527832846,0.01265742527314805,922.7678619384766,894.3377978515625,917.4353533145712,913.7980384668878,0.010433055679543649,10,4,0
2023-10-31,920.2999877929688,923.5499877929688,912.4000244140624,914.4000244140624,901.7936401367188,5697563,-0.012793472872008493,-0.012876014094370952,922.1761352539063,895.475888671875,915.028935902594,912.9088237757642,0.01070996014667307,10,4,1
2023-11-01,903.0,914.5499877929688,895.4500122070312,913.4500122070312,900.856689453125,4821458,-0.0010389856857403457,-0.001039525805518154,921.5918060302735,896.6041162109375,912.8485902949833,912.0160730851983,0.009778163788757368,11,4,2
2023-11-02,920.0,925.9500122070312,916.4000244140624,923.8499755859376,911.11328125,6611573,0.011385375628504724,0.011321050026384434,921.5720825195312,897.6278051757813,912.5816196726781,911.9491996159244,0.00952136970842499,11,4,3
2023-11-03,925.0,933.7000122070312,922.2000122070312,930.75,917.9181518554688,3895154,0.007468742631138836,0.007440989673692376,921.665771484375,898.6751635742188,913.4026246238767,912.391344226261,0.009398152503369105,11,4,4
2023-11-06,934.2000122070312,940.7000122070312,930.0,939.2000122070312,926.251708984375,2760800,0.009078758396988684,0.009037794219212325,922.314208984375,900.0765734863281,915.3794068331841,913.4180379120472,0.009429814256085712,11,4,0
2023-11-07,936.0499877929688,938.9500122070312,932.4500122070312,937.1500244140624,924.22998046875,3616946,-0.002182698823672724,-0.0021850843826868617,922.9355255126953,901.4119079589843,916.7410335463481,914.218922545877,0.00932879919360115,11,4,1
2023-11-08,941.7999877929688,941.7999877929688,934.4000244140624,936.75,923.83544921875,1808553,-0.0004268756243980265,-0.0004269667617345069,922.3635223388671,902.6594689941406,917.832482111333,914.9312578549788,0.009324475995823306,11,4,2
2023-11-09,936.75,937.2999877929688,930.5499877929688,932.3499755859376,919.49609375,3914416,-0.004697108638145098,-0.004708174718911324,921.2170501708985,903.8823742675781,918.0884223634356,915.2693938472025,0.009376647584975521,11,4,3
2023-11-10,929.0,937.0,929.0,935.5,922.6026611328124,1345614,0.0033785541928110785,0.0033728597010888074,920.4847869873047,905.4662329101562,918.7829206356474,915.8125988313218,0.009283429401610479,11,4,4
2023-11-13,938.0,940.2999877929688,933.7999877929688,935.0,922.1095581054688,1656368,-0.0005344695480697936,-0.0005346124278308896,919.5380218505859,906.9899328613282,919.2947110156199,916.2790402590364,0.009231346527960153,11,4,0
2023-11-15,948.0,952.7000122070312,936.2000122070312,950.0,936.9027709960938,4816316,0.016042793137312827,0.015915467498938914,919.7081451416016,908.8361242675782,922.0036433203081,917.8067240173369,0.009664786177602193,11,4,2
2023-11-16,949.0,953.9000244140624,943.25,949.5499877929688,936.458984375,5310736,-0.0004736741472350925,-0.00047378636627220887,919.5059692382813,910.4850732421875,924.2275419441069,919.1883729327194,0.009660388516268737,11,4,3
2023-11-17,948.7999877929688,954.0,946.0,947.2999877929688,934.239990234375,3249469,-0.002369558280340467,-0.002372370126329282,919.2322967529296,912.1024633789062,925.7679186041481,920.3033075476569,0.009672014557745301,11,4,4
2023-11-20,949.0,964.2999877929688,941.9500122070312,961.4000244140624,948.1456298828124,4646962,0.01488444060818761,0.014774754394614129,920.1420806884765,913.9861315917968,929.2106434162504,922.3657017947054,0.009981397792296271,11,4,0
2023-11-21,967.0,976.3499755859376,961.0,970.8499755859376,957.4652709960938,5704644,0.0098293350932106,0.00978134142002108,921.4068969726562,915.7721630859374,933.5575091977647,924.9656698836972,0.010069597517619018,11,4,1
2023-11-22,974.2999877929688,976.2999877929688,965.9500122070312,969.75,956.3804931640624,3309732,-0.001132968333047546,-0.0011336106268475786,922.9084075927734,917.6351208496094,937.068737500272,927.2926938303908,0.010064579461766782,11,4,2
2023-11-23,970.0,981.0,963.7000122070312,976.6500244140624,963.1853637695312,2749555,0.007115233585490488,0.007090039747106949,925.5736511230468,919.4260852050782,941.086680003235,929.951410122179,0.009049892076981553,11,4,3
2023-11-24,975.0,977.1500244140624,971.0,973.1500244140624,959.733642578125,2322104,-0.003583652037545071,-0.0035900887009506573,928.9095184326172,921.0503796386719,943.9554434762949,932.157501415212,0.008998514503456697,11,4,4
2023-11-28,974.0499877929688,988.0,971.2000122070312,984.9000244140624,971.3215942382812,5096984,0.012074133015726796,0.012001822150442385,932.3760589599609,922.9143212890625,948.1656205166005,935.0585453280319,0.00915544037538518,11,4,1
2023-11-29,995.9000244140624,1007.0999755859376,990.9500122070312,995.4000244140624,981.6768798828124,5647918,0.010661026899800197,0.010604598852184892,935.7858917236329,924.4971948242187,953.3211988806331,938.5117552950526,0.009303963720568425,11,4,2
2023-11-30,995.0,1018.2000122070312,992.7000122070312,1014.7000122070312,1000.7107543945312,9934052,0.019389144128555857,0.019203569591600897,940.7317474365234,926.4646899414063,960.6118997289252,943.1190885616807,0.009680037876378667,11,4,3
2023-12-01,1015.0,1022.5499877929688,1008.2000122070312,1014.7000122070312,1000.7107543945312,5544950,0.0,0.0,945.7244506835938,928.0140295410156,966.7809542928646,947.3851378826325,0.00963960402147109,12,4,4
2023-12-04,1036.0,1044.0,1025.199951171875,1032.9000244140625,1018.659912109375,5164902,0.017936409333088044,0.017777449903251745,951.1017822265625,930.2369555664062,974.7623324184816,952.6647507883172,0.010042257495014854,12,4,0
2023-12-05,1038.800048828125,1045.949951171875,1022.0999755859376,1031.0999755859375,1016.8847045898438,4266159,-0.001742689094199501,-0.0017442093433101213,956.0501098632812,932.6117578125,981.2426973679219,957.421784403245,0.009772847416324922,12,4,1
2023-12-06,1029.0999755859375,1035.0,1013.4500122070312,1024.449951171875,1010.3262939453124,4121251,-0.0064495125307019174,-0.006470400496545469,960.2538391113281,934.7123913574219,985.7170968413666,961.3406369619167,0.009924862024639453,12,4,2
2023-12-07,1015.0,1019.7000122070312,998.0,1000.0,986.2134399414062,13805235,-0.02386640251610772,-0.024155819268699707,963.3530120849609,936.4599609375,985.7934573182959,963.1830668122493,0.010943863943265728,12,4,3
2023-12-08,998.7000122070312,1004.0,991.2999877929688,1000.25,986.4599609375,6630766,0.00024996718368419657,0.0002499359470930438,966.4842376708984,938.2321850585937,985.895996336635,964.9072811918975,0.010287198477759461,12,4,4
2023-12-11,996.0999755859376,1004.5999755859376,992.0499877929688,1000.8499755859376,987.0516967773438,6195119,0.0005998579397803461,0.0005996780969229039,969.8620178222657,939.97087890625,986.0737964044363,966.5476082723009,0.009483948293825435,12,4,0
2023-12-12,999.25,1000.8499755859376,987.0,995.25,981.5288696289062,7119331,-0.005595276484979594,-0.005610988681249312,972.8083282470703,941.4501989746094,985.3745769005086,967.6573313357532,0.009534914271063724,12,4,1
2023-12-13,993.2000122070312,1002.0,991.5,999.9000244140624,986.1148071289062,4153219,0.0046722390363656,0.004661358006909475,976.0085906982422,942.9147253417968,985.4884584741083,969.0245517648756,0.00935901580479566,12,4,2
2023-12-14,1006.0,1011.2000122070312,999.1500244140624,1005.2000122070312,991.3417358398438,6541673,0.0053005275584046,0.005286529206185704,978.7305389404297,944.4689965820312,986.3889626842215,970.6776765111695,0.008905076498938779,12,4,3
2023-12-15,999.6500244140624,1010.8499755859376,988.25,992.5499877929688,978.8661499023438,10119597,-0.012584546263384122,-0.012664402341408974,980.8508972167969,945.7954541015625,985.231606871625,971.2842300957009,0.009333716719677887,12,4,4
2023-12-18,995.0,998.7999877929688,982.1500244140624,990.25,976.5978393554688,5750263,-0.0023172836726464974,-0.002319972729464426,982.9687896728516,947.097255859375,983.9033349460625,971.6778307816096,0.009234566037838942,12,4,0
2023-12-19,995.4500122070312,997.9500122070312,985.9000244140624,988.4500122070312,974.8226928710938,3912964,-0.0018176842225522405,-0.0018193382151133785,984.3026428222656,948.272822265625,982.506313088375,971.9107835289788,0.009212943511169143,12,4,1
2023-12-20,992.9000244140624,993.6500244140624,969.0,971.5499877929688,958.1556396484376,3990591,-0.017097522805473053,-0.01724537312121752,984.3371612548829,949.1702758789063,978.7600556360769,970.891883982272,0.009748116736258455,12,4,2
2023-12-21,968.0,981.5499877929688,960.0,977.9000244140624,964.4181518554688,4294277,0.006536007249645648,0.006514740171813921,984.7390441894531,950.2225659179687,976.5536089005986,970.4123482691755,0.009774479773232547,12,4,3
2023-12-22,981.9000244140624,998.9500122070312,975.5499877929688,989.5499877929688,975.907470703125,4605120,0.011913212982928245,0.011842809265845298,985.3751495361328,951.035205078125,976.4542030240643,970.8193943753939,0.009950148463874972,12,4,4
2023-12-26,995.0,1002.5,989.6500244140624,999.8499755859376,986.0654907226562,2460643,0.01040879419870877,0.01035499569669977,986.6917419433594,951.9080041503906,977.9328626700016,971.9487348455615,0.009988120361955517,12,4,1
2023-12-27,1000.0,1024.050048828125,998.0,1021.2000122070312,1007.1211547851562,4791379,0.02135321057333517,0.021128425070462097,988.4817199707031,953.30546875,982.4233691492561,974.5540992855315,0.010572081359226429,12,4,2
2023-12-28,1023.9000244140624,1041.949951171875,1022.2000122070312,1036.699951171875,1022.4073486328124,5288328,0.015178108189890072,0.015064073148782362,990.5182434082031,954.9327185058594,988.5747506082648,978.0987844223671,0.010779146410974792,12,4,3
2023-12-29,1033.1500244140625,1043.25,1024.4000244140625,1032.199951171875,1017.969482421875,4631749,-0.004340604766653766,-0.004350052540804999,991.3811798095703,956.6221020507812,993.0970170411279,981.0521694593676,0.010602485691059104,12,4,4
2024-01-01,1031.949951171875,1031.949951171875,1007.0,1013.0499877929688,999.08349609375,3804406,-0.01855260560777605,-0.0187268638571464,991.2998168945312,957.7937219238281,994.0180138184544,982.3878232841367,0.01128803218871266,1,1,0
2024-01-02,1017.4000244140624,1025.449951171875,1016.0,1021.7000122070312,1007.6143188476562,6865791,0.00853864845857255,0.008502400393323789,990.7475372314453,959.1517395019531,996.1097530537162,984.2564525851383,0.01131070303044812,1,1,1
2024-01-03,1031.949951171875,1037.0,1021.3499755859376,1035.199951171875,1020.9281616210938,3604276,0.01321323300433419,0.013126699664450837,990.9497100830079,960.9713037109375,999.9279697563898,986.9728754766905,0.011252002353120419,1,1,2
2024-01-04,1035.25,1058.800048828125,1027.550048828125,1047.9000244140625,1033.453125,4664043,0.012268212250133637,0.012193567618253546,992.1060516357422,962.9969873046875,1005.0856859477144,990.4158569228616,0.011315194638928848,1,1,3
2024-01-05,1053.800048828125,1063.6500244140625,1038.949951171875,1046.5999755859375,1032.1710205078125,4008221,-0.0012406024629201262,-0.0012413726472165498,994.4039306640625,965.1134020996094,1009.2526604954218,993.5088320032283,0.011316439671471997,1,1,4
2024-01-08,1050.0,1059.0,1045.25,1049.050048828125,1034.5872802734375,4489695,0.0023409490458627946,0.0023382132933181515,996.8102966308594,967.6075378417969,1013.1502943074242,996.5516800232439,0.011284383882204574,1,1,0
2024-01-09,1057.0,1067.9000244140625,1048.050048828125,1064.5,1049.82421875,3371125,0.014727552490820806,0.014620155271025257,999.9489227294922,970.7436962890625,1018.7924365293591,1000.4977940030036,0.011441011695018674,1,1,1
2024-01-10,1066.949951171875,1073.300048828125,1055.300048828125,1062.699951171875,1048.0489501953125,3111573,-0.0016910150508827604,-0.0016924464307180782,1003.2749267578125,973.6648596191407,1023.2934386318135,1004.0201018691006,0.011342576741193957,1,1,2
2024-01-11,1065.75,1073.9000244140625,1057.3499755859375,1062.8499755859375,1048.1968994140625,2604325,0.00014116632502947368,0.00014115636200143087,1006.3790313720704,976.3591931152343,1027.124740290621,1007.2924572428014,0.011246973687455981,1,1,3
2024-01-12,1058.0999755859375,1078.550048828125,1051.5999755859375,1076.3499755859375,1061.5107421875,3394013,0.012701662045441875,0.012621672556929754,1009.8874816894531,979.55353515625,1032.4148944286026,1011.3086264979643,0.010958104572470524,1,1,4
2024-01-15,1078.050048828125,1104.699951171875,1074.550048828125,1102.4000244140625,1087.2017822265625,3312897,0.024202336366488275,0.023914101206070213,1015.3042633056641,983.2804370117187,1040.8436463975195,1016.9303417371198,0.011671473122543392,1,1,0
2024-01-16,1107.0,1117.0,1093.0,1095.9000244140625,1080.7913818359375,5025540,-0.00589623793432037,-0.005913689377596524,1020.5139404296875,986.6739990234375,1046.9894518495837,1021.660789151847,0.011416296445839363,1,1,1
2024-01-17,1092.0,1108.949951171875,1078.800048828125,1085.25,1070.2880859375,4568700,-0.00971815289699629,-0.009765682327722626,1025.2872100830077,989.7213977050782,1050.5738570938786,1025.2628111359695,0.01159878627741936,1,1,2
2024-01-18,1075.199951171875,1096.0,1075.199951171875,1087.050048828125,1072.0634765625,4407330,0.0016587969616095322,0.001657422677491925,1030.982601928711,992.6376330566407,1053.8799523967434,1028.7295270934903,0.011494588905255461,1,1,3
2024-01-19,1091.0,1136.3499755859375,1089.800048828125,1125.0,1109.4901123046875,11753391,0.03491083929301797,0.034315277395975514,1038.2361999511718,996.3428356933593,1062.4353616133503,1034.7117926646902,0.0119272132980346,1,1,4
2024-01-23,1145.0,1172.550048828125,1135.0,1158.0,1142.03515625,18194595,0.029333333920126936,0.02891134406449155,1046.5425842285156,1000.7068298339843,1074.6814838651426,1042.6616714487873,0.012764296562657602,1,1,1
2024-01-24,1140.0999755859375,1194.0,1140.0999755859375,1189.949951171875,1173.544677734375,9546592,0.027590675568902823,0.027216912223421815,1055.9165435791015,1005.7878015136719,1089.8912059988706,1052.3567089514233,0.013381818894764651,1,1,2
2024-01-25,1186.0,1200.6500244140625,1157.050048828125,1160.550048828125,1144.550048828125,11424697,-0.02470688117492592,-0.025017218473460136,1062.78798828125,1010.2267492675782,1098.3002587418327,1059.1858452385864,0.014365290539442627,1,1,3
2024-01-29,1158.0,1169.75,1158.0,1162.1500244140625,1146.1279296875,4015858,0.0013786036364162868,0.001377654234888546,1068.9740173339844,1014.7071166992188,1105.658361964243,1065.6259996422095,0.014382309415054242,1,1,0
2024-01-30,1162.1500244140625,1180.8499755859375,1154.550048828125,1158.6500244140625,1142.67626953125,3902023,-0.0030115836695394638,-0.0030161276129091158,1075.2093566894532,1018.8225866699219,1111.3534246668596,1071.3334270413977,0.014458662211111376,1,1,1
2024-01-31,1159.0,1175.050048828125,1146.199951171875,1170.699951171875,1154.56005859375,5981966,0.010399961370839428,0.010346253822591144,1082.9831848144531,1023.1846081542968,1118.0005991171504,1077.4983627119423,0.014107817822227118,1,1,2
2024-02-01,1165.050048828125,1170.199951171875,1148.949951171875,1151.199951171875,1135.328857421875,3606209,-0.01665673520292965,-0.016797018573752945,1089.368911743164,1027.206385498047,1120.666485010185,1081.782103060826,0.014619421850525612,2,1,3
2024-02-02,1155.0,1175.199951171875,1145.300048828125,1150.800048828125,1134.9344482421875,4969983,-0.0003473964192041157,-0.00034745677531889047,1095.0692260742187,1030.9421618652343,1122.861556276647,1085.719313815001,0.014597756818344501,2,1,4
2024-02-05,1154.3499755859375,1159.6500244140625,1110.0,1113.550048828125,1098.197998046875,7809331,-0.03236878592610415,-0.03290424149219811,1098.3064697265625,1033.75681640625,1119.067162702836,1086.6436607951398,0.0156312337972904,2,1,0
2024-02-06,1125.0,1156.0999755859375,1123.0,1134.050048828125,1118.4154052734375,9863065,0.018409619451609682,0.018242213868069703,1102.6186889648438,1036.9975146484376,1118.9668923290824,1088.9971233490878,0.01582903703874208,2,1,1
2024-02-07,1138.800048828125,1148.25,1131.800048828125,1134.300048828125,1118.661865234375,2770694,0.00022036531308078366,0.0002203410362116335,1106.8224182128906,1040.1070446777344,1118.9199650837427,1091.194511636887,0.015798685924041756,2,1,2
2024-02-08,1144.4000244140625,1146.5,1116.199951171875,1142.1500244140625,1126.4036865234375,6519392,0.006920608925415017,0.006896771428268448,1110.6513916015624,1043.4404455566407,1120.0713068436958,1093.8025986655205,0.01576788756353726,2,1,3
2024-02-09,1145.949951171875,1145.949951171875,1116.25,1120.25,1104.8055419921875,4203171,-0.019174426353229634,-0.019360639867309758,1113.4892211914062,1046.1101245117188,1117.7227276357714,1094.6176315045327,0.016014162317781855,2,1,4
2024-02-12,1122.9000244140625,1129.0,1111.300048828125,1118.699951171875,1103.2769775390625,3887976,-0.0013835597261475652,-0.0013845177286432098,1116.2432250976562,1048.5421264648437,1115.50030454397,1095.2590645441276,0.015872350504911478,2,1,0
2024-02-13,1111.0,1125.0,1103.800048828125,1117.8499755859375,1102.4385986328125,3211554,-0.0007598988498065395,-0.0007601877192878367,1118.289617919922,1050.5766833496093,1113.4908113268689,1095.7908818840301,0.01583128443401291,2,1,1
2024-02-14,1110.0,1121.1500244140625,1104.699951171875,1115.8499755859375,1100.4661865234375,4653070,-0.0017891355689296784,-0.0017907379835482454,1118.9528381347657,1052.5717919921874,1111.4870228955717,1096.1372007462085,0.015340539978831655,2,1,2
2024-02-15,1122.300048828125,1131.449951171875,1109.4000244140625,1120.699951171875,1105.2493896484375,5056712,0.004346524394457818,0.004337105540292041,1120.1757385253907,1054.3035815429687,1110.5273870113972,1096.8121777019292,0.01531062014069785,2,1,3
2024-02-16,1124.0,1127.050048828125,1116.8499755859375,1120.0,1104.55908203125,3091952,-0.0006245718148797375,-0.0006247669411068332,1121.8892883300782,1056.0570690917968,1109.6091862452206,1097.386022467064,0.015206663407023903,2,1,4
2024-02-19,1121.050048828125,1145.0,1118.3499755859375,1142.199951171875,1126.4530029296875,4711035,0.01982141223100098,0.01962752591879002,1124.6087646484375,1058.3796032714845,1112.2005426582155,1099.5391321309621,0.015430747204002816,2,1,0
2024-02-20,1145.0,1151.5999755859375,1135.0,1143.949951171875,1128.1787109375,5397418,0.0015319840271403873,0.0015308117367447277,1125.543194580078,1061.2189086914063,1114.65872239349,1101.6605824129279,0.015412820283139875,2,1,1
2024-02-21,1155.0,1159.1500244140625,1132.5999755859375,1139.9000244140625,1124.1846923828125,4570259,-0.003540235705536854,-0.0035465171695864555,1124.6506713867188,1063.9734033203124,1116.1242562380012,1103.3290350032896,0.015459922125982618,2,1,2
2024-02-22,1137.5999755859375,1138.75,1097.6500244140625,1135.550048828125,1119.894775390625,8642368,-0.0038160250902319337,-0.0038233246901984313,1121.9681762695313,1066.6302648925782,1116.7043361076358,1104.556126883833,0.015340454847414357,2,1,3
2024-02-23,1127.0,1131.8499755859375,1115.300048828125,1125.75,1110.2298583984375,6709844,-0.008630200983673952,-0.008667656824843535,1120.2521667480469,1069.2042846679688,1115.708262613913,1104.9764032923222,0.015454124555915324,2,1,4
2024-02-26,1118.0999755859375,1125.9000244140625,1104.3499755859375,1110.050048828125,1094.7462158203125,3186134,-0.013946339544912756,-0.01404450349210235,1117.6830810546876,1071.3769128417969,1112.4833323379744,1104.218611627729,0.015725400817497313,2,1,0
2024-02-27,1113.0,1131.0,1101.300048828125,1127.5,1111.9556884765625,7149094,0.015720056765261115,0.015597776509774891,1116.1470520019532,1073.7891918945313,1112.4021563592955,1104.7917284313462,0.01580852449389379,2,1,1
2024-02-28,1133.4000244140625,1152.6500244140625,1123.5,1128.75,1113.1883544921875,5302711,0.0011085567782955774,0.0011079427829541293,1114.078466796875,1076.4756359863281,1112.523109918202,1105.4137007321492,0.01522494210796792,2,1,2
2024-02-29,1118.8499755859375,1137.949951171875,1099.0,1123.3499755859375,1107.8629150390625,13818650,-0.004783951818786658,-0.004795431543221265,1112.7051696777344,1079.1009375,1111.8061568598728,1105.5951240141428,0.01520916876207839,2,1,3
2024-03-01,1128.0,1140.75,1117.4000244140625,1128.699951171875,1113.1390380859375,5927490,0.00476243312710678,0.004751128619561085,1111.6153991699218,1081.867264404297,1112.0112155100367,1106.1539324639054,0.01508867314858656,3,1,4
2024-03-04,1132.0,1149.25,1132.0,1133.5,1117.8729248046875,5855090,0.004252736232205123,0.004243718905974954,1112.5991455078124,1085.061610107422,1112.913016939983,1107.02200597063,0.01509752347728688,3,1,0
2024-03-05,1133.050048828125,1179.75,1133.050048828125,1168.9000244140625,1152.784912109375,5375008,0.03123072983522457,0.0307529722717758,1114.3176208496093,1088.8289453125,1119.047154658351,1110.4118508697964,0.014829308266768104,3,1,1
2024-03-06,1173.949951171875,1196.5999755859375,1157.3499755859375,1193.699951171875,1177.242919921875,5464839,0.021216453785595224,0.020994518462202332,1117.2466735839844,1092.855654296875,1128.0003493142779,1115.3623004292097,0.014368656710093419,3,1,2
2024-03-07,1209.8499755859375,1213.5999755859375,1189.449951171875,1199.699951171875,1183.16015625,8903981,0.005026351170171139,0.005013761237121081,1120.0844970703124,1096.7975476074218,1136.4864734582352,1120.3843638233425,0.013499089844336197,3,1,3
2024-03-11,1186.0,1218.300048828125,1186.0,1196.5999755859375,1180.1029052734375,6679208,-0.002583970530458335,-0.002587314744451957,1123.849365234375,1100.2571826171875,1143.196693737497,1124.8079594863125,0.012660734658649272,3,1,0
2024-03-12,1200.0,1208.0,1197.800048828125,1204.25,1187.6475830078125,4249548,0.006393237149625364,0.0063728870980837545,1128.0678955078124,1103.5619873046876,1150.0352920867763,1129.462746413831,0.012697621178405316,3,1,1
2024-03-13,1212.0,1212.0,1151.699951171875,1168.75,1152.6368408203125,7528096,-0.0294790665921556,-0.029922306891275268,1130.5778076171875,1106.2553344726562,1150.4355303534742,1131.1793459994963,0.013870342032160018,3,1,2
2024-03-14,1173.949951171875,1199.699951171875,1163.550048828125,1194.5999755859375,1178.130615234375,8569080,0.02211778550815624,0.021876735148721415,1134.4610290527344,1109.8362768554687,1154.6963126428436,1134.6572177946725,0.014319868152422408,3,1,3
2024-03-15,1190.0,1222.800048828125,1187.8499755859375,1220.0,1203.180419921875,10115416,0.021262332345481694,0.021039442855254258,1139.3575805664063,1113.7475988769531,1162.155406070387,1139.7330105448357,0.014401600877781898,3,1,4
2024-03-18,1225.0,1230.550048828125,1215.199951171875,1225.300048828125,1208.4073486328125,4141080,0.004344260116264875,0.004334851058705921,1144.5499938964845,1117.4971826171875,1169.2710895415294,1144.8199985513525,0.014400287803783421,3,1,0
2024-03-19,1216.199951171875,1240.4000244140625,1214.5999755859375,1228.3499755859375,1211.415283203125,7703719,0.0024891726897520172,0.0024860798307891397,1148.7981079101562,1121.05642578125,1175.7548116433131,1149.7529825996319,0.012836791099876229,3,1,1
2024-03-20,1228.25,1239.0,1223.6500244140625,1231.800048828125,1214.8177490234375,6596032,0.002808670046918982,0.00280473310319721,1153.130059814453,1124.7093603515625,1181.7644943171786,1154.572594927321,0.012517946642629042,3,1,2
2024-03-21,1238.0,1242.9000244140625,1214.0999755859375,1220.800048828125,1203.9693603515625,9952250,-0.008930054471624094,-0.008970166387680908,1157.1192932128906,1128.097001953125,1185.1806275532376,1158.2316145883758,0.012694103081574003,3,1,3
2024-03-22,1226.949951171875,1245.0,1222.0,1236.0999755859375,1219.0584716796875,7840007,0.012532803429249117,0.012454917922379856,1162.0774780273437,1131.4816870117188,1190.3926035726915,1162.7373077062507,0.012801928244751352,3,1,4
2024-03-26,1225.0,1234.0,1210.0,1213.0999755859375,1196.37548828125,10898138,-0.01860696916956217,-0.018782256604413516,1166.3847595214843,1134.4482177734376,1191.3130473740082,1165.2290247858805,0.012768843390648012,3,1,1
2024-03-27,1210.550048828125,1228.25,1210.550048828125,1224.800048828125,1207.914306640625,5779169,0.009644813415520703,0.009598599117189759,1172.0431640625,1137.6425659179688,1193.8670872611801,1168.3908975158615,0.012804842535256636,3,1,2
2024-03-28,1226.949951171875,1238.5,1220.300048828125,1228.5999755859375,1211.6617431640625,10518377,0.003102402631408152,0.003097600110702636,1177.028466796875,1140.6455859375,1196.6047266308544,1171.5961453416542,0.012784053709637774,3,1,3
2024-04-01,1228.0,1231.9000244140625,1208.0,1217.3499755859375,1200.56689453125,5461473,-0.009156721086068131,-0.009198901543828908,1181.397393798828,1142.9128881835939,1197.214290923223,1173.7421267631057,0.012953496372743137,4,2,0
2024-04-02,1225.0,1227.75,1203.199951171875,1208.25,1191.5924072265625,3625577,-0.007475208041773929,-0.007503287429770607,1185.5838684082032,1145.1289086914062,1196.3493857391213,1175.0643697603987,0.013089813962581043,4,2,1
2024-04-03,1195.0,1240.5999755859375,1189.449951171875,1225.699951171875,1208.8017578125,9532291,0.014442313060715417,0.014339016233011192,1190.3670043945312,1147.8991821289062,1198.265135288872,1177.563435542036,0.013250162244999556,4,2,2
2024-04-04,1231.949951171875,1233.0,1201.300048828125,1206.8499755859375,1190.211669921875,7327626,-0.015378938498787798,-0.015498420965417545,1193.9839416503905,1150.2621459960938,1197.0261406170264,1178.5003417923945,0.013276465402549316,4,2,3
2024-04-05,1205.9000244140625,1211.3499755859375,1188.949951171875,1191.0,1174.5802001953125,4227519,-0.013133352765385409,-0.013220357861511224,1195.0737060546876,1151.5639477539062,1193.5729190136858,1178.2099609333513,0.013558320211820744,4,2,4
2024-04-08,1188.0,1210.550048828125,1183.0999755859375,1204.699951171875,1188.0911865234375,4827733,0.011502821455596113,0.011437166999524762,1195.6161193847656,1152.485068359375,1192.7295755536477,1178.9419035696542,0.013645934582601249,4,2,0
2024-04-09,1214.949951171875,1214.949951171875,1198.300048828125,1204.449951171875,1187.8447265625,3372798,-0.00020744195709310187,-0.00020746347615190508,1195.8503479003907,1152.7710693359375,1191.9780603242405,1179.6013719394946,0.013609351741415816,4,2,1
2024-04-10,1213.25,1230.699951171875,1208.75,1229.4000244140625,1212.4508056640625,6442196,0.02071489526477932,0.020503259506668748,1197.4677429199219,1154.1290844726564,1195.127713453444,1182.0346633264996,0.013867030182812943,4,2,2
2024-04-12,1226.0999755859375,1231.8499755859375,1219.550048828125,1225.550048828125,1208.6539306640625,7877073,-0.003131570355071389,-0.003136483982443829,1198.5180603027343,1155.3796044921876,1197.2086699473853,1184.00646090706,0.01354729389900925,4,2,4
2024-04-15,1210.5999755859375,1235.0,1210.3499755859375,1224.550048828125,1207.667724609375,4281602,-0.0008159540375181074,-0.0008162871092068962,1201.2696044921875,1156.67943359375,1198.8177552799991,1185.7591471072315,0.013363624679884252,4,2,0
2024-04-16,1223.9000244140625,1233.949951171875,1212.050048828125,1216.449951171875,1199.6793212890625,5235632,-0.006614736121143272,-0.0066367104446251445,1202.3470397949218,1157.5818188476562,1198.9503038967782,1186.7902711207005,0.013472128475283663,4,2,1
2024-04-18,1220.0,1281.8499755859375,1215.800048828125,1265.75,1248.2996826171875,19939924,0.04052779810848306,0.03972808260086592,1204.6030029296876,1159.8412353515625,1206.5425160076104,1191.346523824144,0.015063516512489081,4,2,3
2024-04-19,1280.0,1296.5,1253.3499755859375,1289.0,1271.2291259765625,13103862,0.01836854056655768,0.01820187674558484,1207.744091796875,1162.56712890625,1216.49430215668,1197.263753613212,0.01528746015680673,4,2,4
2024-04-22,1304.0,1305.4000244140625,1288.25,1297.550048828125,1279.6612548828125,7894656,0.006633052007656293,0.0066111501157672765,1211.1563903808594,1166.1963940429687,1226.2122948837775,1203.367272225775,0.015292046920376544,4,2,0
2024-04-23,1310.0,1351.0,1302.0999755859375,1342.3499755859375,1323.8436279296875,12074766,0.034526616226199014,0.033943946462335395,1216.607684326172,1170.3049584960938,1241.2324999677637,1212.2914467223611,0.01550018155162775,4,2,1
2024-04-24,1352.0,1354.0,1333.550048828125,1336.4000244140625,1317.9755859375,6277492,-0.004432579398644165,-0.004442432405644509,1222.3079956054687,1174.2912329101562,1253.0391285784924,1220.1199014790382,0.01526551757694138,4,2,2
2024-04-25,1331.0,1343.800048828125,1324.3499755859375,1338.699951171875,1320.243896484375,8512627,0.0017210565742471484,0.0017195772534678935,1227.3672668457032,1178.168037109375,1263.3783236409358,1227.5364937016557,0.015268908739244575,4,2,3
2024-04-26,1338.0,1345.699951171875,1322.0,1326.0,1307.718994140625,5289771,-0.009486809503230442,-0.009532095923853129,1232.9344421386718,1182.2263061523438,1270.1999652562727,1233.4759381786164,0.01541927698425924,4,2,4
2024-04-29,1324.5,1346.0,1320.0,1332.449951171875,1314.080078125,3195888,0.004864259074676136,0.0048524667915226995,1238.2427307128905,1186.4423681640626,1276.9507518514613,1239.4466152116818,0.015412055548195462,4,2,0
2024-04-30,1323.1500244140625,1334.800048828125,1319.949951171875,1322.300048828125,1304.070068359375,5272565,-0.007617503630302225,-0.007646664996681484,1242.8631469726563,1190.4749975585937,1281.1229543911402,1244.2335376670665,0.014274186497581396,4,2,1
2024-05-02,1315.25,1319.9000244140625,1293.5999755859375,1304.050048828125,1286.0716552734375,7995432,-0.01380172240942612,-0.013897851704918278,1247.1383850097657,1194.1871069335937,1281.8842929884167,1247.3326574897608,0.014227586179347967,5,2,3
2024-05-03,1306.0,1310.5,1258.1500244140625,1277.4000244140625,1259.7890625,11290875,-0.020436336238084163,-0.02064804752602073,1250.5482177734375,1197.277900390625,1278.4850267594295,1248.2553541571858,0.014419846622597557,5,2,4
2024-05-06,1275.0,1298.449951171875,1273.199951171875,1283.4000244140625,1265.706298828125,5555467,0.004697005637104512,0.004686009126464349,1253.3934448242187,1200.5008447265625,1276.5190686161518,1249.5480167254036,0.014422277063571463,5,2,0
2024-05-07,1286.3499755859375,1294.449951171875,1271.0,1286.1500244140625,1268.41845703125,5767030,0.0021428021695366617,0.002140509643337055,1257.3037841796875,1203.3401538085936,1275.272820680013,1250.9458271184294,0.014421716602457736,5,2,1
2024-05-08,1276.1500244140625,1299.4000244140625,1274.699951171875,1288.5999755859375,1270.8345947265625,2682816,0.001904842744852031,0.0019030308324846017,1262.11650390625,1206.193271484375,1274.5900166871745,1252.4190691634763,0.014420120870957679,5,2,2
2024-05-09,1283.0,1295.300048828125,1270.050048828125,1275.449951171875,1257.8658447265625,4809145,-0.01020490790368389,-0.010257334956826413,1265.6052368164062,1208.86689453125,1272.0170671547726,1252.822534020001,0.014454070933625681,5,2,3
2024-05-10,1275.050048828125,1308.5,1271.75,1301.1500244140625,1283.211669921875,5532513,0.020149863597593853,0.019949541599425198,1270.373583984375,1212.133232421875,1273.7393137343267,1255.0735811238437,0.014717944271579495,5,2,4
2024-05-13,1301.1500244140625,1302.9000244140625,1281.4000244140625,1285.949951171875,1268.22119140625,3703942,-0.011681999834476042,-0.011750770505184421,1273.1621032714843,1215.2930590820313,1272.8903718376996,1256.0474781817998,0.014438258369111888,5,2,0
2024-05-14,1290.550048828125,1299.9000244140625,1280.699951171875,1284.300048828125,1266.593994140625,3262908,-0.0012830547830703365,-0.0012838786026043078,1276.0591064453124,1218.7300146484374,1271.921698345842,1256.8287015861572,0.014377648620597835,5,2,1
2024-05-15,1281.550048828125,1318.25,1280.5,1309.9000244140625,1291.8409423828125,6891004,0.01993294485761199,0.019736884799514614,1280.2677673339845,1222.3277197265625,1274.9861974284527,1259.4222009044279,0.014758337093799947,5,2,2
2024-05-16,1328.0,1356.8499755859375,1321.300048828125,1345.0999755859375,1326.5556640625,11932181,0.026872287865142175,0.026517568652059467,1286.6115844726562,1226.5950659179687,1282.9199615259984,1264.3950500272479,0.015256285905266754,5,2,3
2024-05-17,1353.5999755859375,1360.0,1339.25,1344.449951171875,1325.9146728515625,6614017,-0.00048319963368481655,-0.00048331641224756743,1290.492333984375,1230.9561010742189,1289.5345324991622,1268.9520591253452,0.015136673337567956,5,2,4
2024-05-21,1356.0,1362.75,1335.75,1344.300048828125,1325.766845703125,5422220,-0.00011149069503813003,-0.00011149691058765833,1293.219219970703,1235.2086572265625,1295.1087345305411,1273.1605618348103,0.01501244234075651,5,2,1
2024-05-22,1342.1500244140625,1351.0,1329.550048828125,1347.9000244140625,1329.317138671875,3026723,0.0026779165433625796,0.0026743373133515384,1295.7020141601563,1239.4375415039062,1300.3715659369002,1277.3203082671855,0.014598503675893288,5,2,2
2024-05-23,1350.75,1377.300048828125,1344.300048828125,1374.050048828125,1355.1065673828125,7147341,0.0194005086977993,0.019214717940551764,1297.2651611328124,1243.483974609375,1308.7923353901174,1283.0822533868616,0.014505855392703031,5,2,3
2024-05-24,1375.5,1397.75,1374.050048828125,1388.5,1369.357421875,5622368,0.01051640869818149,0.01046149592681237,1299.8342529296874,1247.3262646484375,1318.110041003176,1289.4730066082052,0.014491430932677057,5,2,4
2024-05-27,1396.0,1407.0,1378.0,1384.3499755859375,1365.2645263671875,6553974,-0.002988916876215053,-0.0029933926088816917,1302.0852844238282,1250.9683520507813,1325.364577213024,1295.0871932570187,0.01453370537195879,5,2,0
2024-05-28,1384.800048828125,1386.949951171875,1366.9000244140625,1371.050048828125,1352.14794921875,2068963,-0.009607352198140795,-0.00965380054274877,1304.3067321777344,1254.4092529296875,1329.4850959831356,1299.3139159208506,0.014439359776700546,5,2,1
2024-05-29,1355.5,1390.25,1355.5,1377.0999755859375,1358.114501953125,4445083,0.0044126478450989826,0.004402940660378962,1306.5084533691406,1257.8185913085938,1333.8896199785186,1303.6695148862043,0.014381113114028942,5,2,2
2024-05-30,1378.800048828125,1386.449951171875,1363.5,1377.1500244140625,1358.163818359375,7100303,3.631240678103609e-05,3.631174750155294e-05,1309.2131408691407,1261.929130859375,1337.624112037112,1307.706129958291,0.014372125318107252,5,2,3
2024-05-31,1380.0,1388.0,1338.0,1372.75,1353.824462890625,24825643,-0.003195016249212035,-0.003200131211459137,1312.60078125,1265.4430078125,1340.116473706883,1311.1223027680935,0.014298230925339984,5,2,4
2024-06-03,1415.300048828125,1420.449951171875,1385.0,1391.0999755859375,1371.9215087890625,6017122,0.013367350343040485,0.013278795604054516,1318.2074035644532,1268.8178295898438,1345.0095560272182,1315.6259476585358,0.0126830879670618,6,2,0
2024-06-04,1391.0999755859375,1397.0,1219.050048828125,1299.699951171875,1281.781494140625,19924421,-0.0657034779839557,-0.06796141574603265,1319.011163330078,1270.2853125,1335.2821618908192,1313.1189511016535,0.017569536829867043,6,2,1
2024-06-05,1325.6500244140625,1348.75,1279.8499755859375,1344.3499755859375,1325.81591796875,12175520,0.03435407987197392,0.03377715448157934,1321.881036376953,1272.5733251953125,1333.8258166720393,1314.0594671658828,0.018605584375045624,6,2,2
2024-06-06,1359.0,1376.25,1329.0,1370.5999755859375,1351.7042236328125,10279789,0.019526319840634798,0.019338127119571058,1325.9245178222657,1275.3110546875,1336.5763408198504,1316.8479676449144,0.01787031665887731,6,2,3
2024-06-07,1370.5999755859375,1430.6500244140625,1363.1500244140625,1425.25,1405.6005859375,12280748,0.03987289627595958,0.039098490565135424,1333.3112548828126,1279.3436791992187,1347.195455453335,1323.4222356665875,0.01919987592225248,6,2,4
2024-06-10,1421.050048828125,1436.6500244140625,1421.050048828125,1426.050048828125,1406.3896484375,5318477,0.0005613703550597648,0.0005612128456666407,1339.4701538085938,1283.090302734375,1356.3022543739758,1329.5679699459145,0.019202307866728115,6,2,0
2024-06-11,1426.0,1434.5999755859375,1413.0,1427.25,1407.5731201171875,4416792,0.0008414962958540606,0.0008411424363464879,1346.4377502441407,1287.3142553710939,1364.1900798729314,1335.3461292178606,0.01907606151230947,6,2,1
2024-06-12,1425.0,1447.8499755859375,1422.0999755859375,1438.4000244140625,1418.5693359375,4876138,0.007812180882934783,0.0077818237987153,1354.0365173339844,1291.5273559570312,1372.5561192674804,1341.510811197093,0.01909552945434274,6,2,2
2024-06-13,1449.0,1455.949951171875,1420.449951171875,1425.75,1406.0938720703125,7990376,-0.008794398378097479,-0.008833297329357098,1359.7491638183594,1295.4159985351562,1377.7157735448393,1346.2947416321465,0.01911871975575472,6,2,3
2024-06-14,1434.0,1434.0,1420.949951171875,1427.4000244140625,1407.7210693359375,3978442,0.0011572465380487174,0.001156577444428238,1363.8074340820312,1299.55908203125,1382.3319728973158,1350.8448399805754,0.018867107105313273,6,2,4
2024-06-18,1444.0,1444.0,1418.0,1428.3499755859375,1408.657958984375,8671131,0.0006655364253937979,0.0006653150542419662,1367.944598388672,1303.9003930664062,1386.3821246030172,1355.1272932401162,0.018341892122334197,6,2,1
2024-06-19,1433.949951171875,1434.800048828125,1388.300048828125,1392.3499755859375,1373.154296875,8640918,-0.025203891322896244,-0.02552694915831526,1370.3139709472657,1307.1874438476561,1384.3470741833223,1356.4626268427,0.019093799095116378,6,2,2
2024-06-20,1405.949951171875,1406.949951171875,1376.25,1381.1500244140625,1362.1087646484375,8742855,-0.008043911927231862,-0.008076438732712295,1371.9535522460938,1310.6253857421875,1380.92579579334,1356.8808592727546,0.01919799096522408,6,2,3
2024-06-21,1384.949951171875,1423.949951171875,1372.8499755859375,1416.050048828125,1396.527587890625,43929578,0.025268777454105162,0.024954800122660426,1374.0246032714845,1315.0643334960937,1383.3260715006147,1359.8176539851893,0.01963937617356268,6,2,4
2024-06-24,1402.0,1423.800048828125,1389.3499755859375,1419.800048828125,1400.2259521484375,6195831,0.0026482572130197557,0.002644756758593777,1375.5680297851563,1319.3070288085937,1385.9260531387413,1362.810861256541,0.01947325278965314,6,2,0
2024-06-25,1434.0,1434.0,1409.8499755859375,1414.949951171875,1395.442626953125,6353748,-0.003416109512877741,-0.0034219577375621717,1377.0769348144531,1323.4589868164062,1387.3901414178772,1365.2280290859178,0.019263737508096197,6,2,1
2024-06-26,1414.949951171875,1479.949951171875,1408.949951171875,1459.5,1439.3785400390625,9579826,0.03148528806366557,0.030999790764989998,1381.4384643554688,1327.9975415039062,1395.3883565903673,1370.7206595268915,0.019737139469807083,6,2,2
2024-06-27,1464.0,1489.0,1440.050048828125,1475.800048828125,1455.453857421875,19675528,0.011168234717724879,0.011106330465426108,1386.3054321289062,1332.9335400390626,1404.6292028721377,1376.9971927042977,0.019744007386564167,6,2,3
2024-06-28,1536.25,1536.25,1436.6500244140625,1444.050048828125,1424.1416015625,29145832,-0.021513739992307324,-0.021748534137601406,1389.6043212890625,1337.263017578125,1407.6311103629628,1380.4893711382385,0.020097985657293867,6,2,4
2024-07-01,1450.0,1466.800048828125,1449.25,1454.0,1433.954345703125,6011806,0.006890286843568738,0.006866657297977191,1393.6108154296876,1341.9485180664062,1411.6808388768338,1384.4497396245265,0.019620516916399166,7,3,0
2024-07-02,1462.0,1473.4000244140625,1417.0,1418.949951171875,1399.3875732421875,7792632,-0.024105908646615992,-0.024401211414599853,1394.9841186523438,1344.9702758789062,1409.7895672407344,1385.5562458184272,0.02022110188024065,7,3,1
2024-07-03,1427.949951171875,1432.4000244140625,1408.449951171875,1419.8499755859375,1400.275146484375,8261388,0.0006342583421197201,0.0006340572853075942,1400.9088012695313,1347.5511962890625,1408.3258102012944,1386.6465347566455,0.02021887582100549,7,3,2
2024-07-04,1418.0,1441.0999755859375,1411.5,1423.050048828125,1403.4310302734375,9570938,0.002253759767846919,0.002251223860803432,1404.7895568847657,1350.026591796875,1407.5727671354703,1387.8898307208522,0.02021855119620743,7,3,3
2024-07-05,1422.5,1433.5999755859375,1416.8499755859375,1429.699951171875,1409.9892578125,4881198,0.004672995963175053,0.0046621114133388614,1407.70380859375,1351.7495043945312,1407.9445349319365,1389.5268253202335,0.01995886875169769,7,3,4
2024-07-08,1431.0,1438.8499755859375,1423.1500244140625,1435.1500244140625,1415.3642578125,3261797,0.003812085780241281,0.0038048381943500504,1408.1919921875,1353.6972778320312,1409.0860307597154,1391.4407092085496,0.01989207497734829,7,3,0
2024-07-09,1436.0,1441.6500244140625,1428.1500244140625,1435.550048828125,1415.7587890625,2897480,0.0002787489141555799,0.0002787100708951852,1408.66044921875,1355.6075756835937,1410.1126089601437,1393.2420484569902,0.019876745724070596,7,3,1
2024-07-10,1441.0,1448.75,1426.1500244140625,1445.050048828125,1425.1278076171875,3416762,0.0066176658249048614,0.006595865201061477,1409.53818359375,1357.955751953125,1412.4226395227658,1395.6039565429307,0.01978732207623047,7,3,2
2024-07-11,1450.0,1450.8499755859375,1428.0,1437.949951171875,1418.1256103515625,4178558,-0.004913381963497443,-0.004925492309445529,1409.5159973144532,1360.0366625976562,1413.300019650273,1397.272227195422,0.019820453856630314,7,3,3
2024-07-12,1442.0,1447.5999755859375,1421.449951171875,1433.25,1413.4903564453125,6342135,-0.0032685778131464893,-0.003273931282276748,1409.8858215332032,1362.225068359375,1413.3293022341254,1398.4735701028212,0.019838818879946207,7,3,4
2024-07-15,1433.25,1440.0,1426.050048828125,1437.5999755859375,1417.7803955078125,3324806,0.003035067797199975,0.0030304712770847916,1410.3887878417968,1364.8592431640625,1414.0140858146926,1399.9037053180057,0.019820312975228127,7,3,0
2024-07-16,1452.0,1473.300048828125,1445.0,1466.5,1446.281982421875,6967651,0.020102963057162304,0.019903566375347983,1412.2699890136719,1368.5891015625,1418.978377600413,1403.3391332516258,0.01999404892743207,7,3,1
2024-07-18,1466.0,1485.949951171875,1459.050048828125,1483.6500244140625,1463.195556640625,6470342,0.011694520449205381,0.011626668033568686,1416.7720520019532,1372.53888671875,1425.7810205296764,1407.7729423915516,0.015436596417821398,7,3,3
2024-07-19,1480.0,1480.0,1451.949951171875,1461.75,1441.597412109375,3858596,-0.014760941853074971,-0.014870968630275625,1420.746484375,1376.0024658203124,1428.2143115419378,1410.2784586669459,0.014754610676062884,7,3,4
2024-07-22,1450.0,1472.0,1449.050048828125,1465.4000244140625,1445.197265625,3560584,0.0024971281755823416,0.0024940155317232883,1423.1799682617188,1379.4897192382812,1430.8270737085627,1412.865036960135,0.014416579495234798,7,3,0
2024-07-23,1470.0,1470.0,1428.449951171875,1465.699951171875,1445.492919921875,2936143,0.00020457712168941988,0.0002045561986435962,1425.4433166503907,1383.2422607421875,1433.08335774138,1415.2819171795231,0.012553366058463132,7,3,1
2024-07-24,1466.0,1475.5999755859375,1436.550048828125,1455.199951171875,1435.1378173828125,4529339,-0.007163717231919886,-0.007189499860975008,1427.428076171875,1386.2807836914062,1433.3994284554465,1416.752724601989,0.012641792554452469,7,3,2
2024-07-25,1445.0,1454.0,1440.0999755859375,1449.1500244140625,1429.171142578125,4277756,-0.004157562244139434,-0.004166228935927847,1426.917706298828,1389.4997827148438,1432.7489229358584,1417.672607415036,0.01267347794786042,7,3,3
2024-07-26,1450.25,1520.0,1449.1500244140625,1514.4000244140625,1493.5216064453125,9564987,0.04502642262360812,0.04404216990439947,1428.82109375,1394.0383349609374,1442.0985665526975,1423.2910517876492,0.01501093897240136,7,3,4
2024-07-29,1525.0,1525.0,1477.050048828125,1481.3499755859375,1460.92724609375,4589313,-0.02182382913705505,-0.02206549136277362,1430.6603759765626,1397.4200610351563,1444.9952864820903,1426.0789180325455,0.015509036116886425,7,3,0
2024-07-30,1484.4000244140625,1484.9000244140625,1464.050048828125,1470.3499755859375,1450.078857421875,4263689,-0.00742568714553149,-0.00745339481117776,1431.4666015625,1399.8905249023437,1445.77737431898,1427.8566913206441,0.015592445804948474,7,3,1
2024-07-31,1477.8499755859375,1504.1500244140625,1473.1500244140625,1491.550048828125,1470.98681640625,5634305,0.014418497916415252,0.014315539862259282,1435.046563720703,1402.7919677734376,1449.6557500247138,1431.0515154010595,0.01578011557381664,7,3,2
2024-08-01,1485.0,1511.0,1485.0,1505.5,1484.7442626953125,4531379,0.009352528612508682,0.009309064506153285,1439.27001953125,1405.9715161132813,1455.0539827432676,1435.0287559413746,0.0150008085640575,8,3,3
2024-08-02,1494.0999755859375,1505.1500244140625,1483.5999755859375,1493.800048828125,1473.2056884765625,3335905,-0.0077714219941174,-0.007801776863294649,1442.7587524414062,1408.849287109375,1457.8465528560823,1437.856676869907,0.014994150026377677,8,3,4
2024-08-05,1482.0,1488.0,1451.5,1465.699951171875,1445.492919921875,5111901,-0.01881120115911661,-0.018990382438663043,1444.533935546875,1410.6570141601562,1455.9459939431274,1438.422324503386,0.014868044331686472,8,3,0
2024-08-06,1483.0999755859375,1492.9000244140625,1431.0999755859375,1443.550048828125,1423.6484375,8249573,-0.015112133806269745,-0.015227485718160351,1444.94814453125,1411.7428344726563,1450.9771391057234,1437.3279625031353,0.015161366871284047,8,3,1
2024-08-07,1452.0,1454.9000244140625,1422.5999755859375,1441.75,1429.7969970703125,5700734,0.004318874947181195,0.0043095753729606055,1445.6500549316406,1413.0334838867188,1447.7186557156601,1436.770113211815,0.015155368563940976,8,3,2
2024-08-08,1435.0,1466.5,1430.0,1451.800048828125,1439.7637939453125,5986360,0.006970777596695399,0.006946594046932504,1446.381854248047,1414.78580078125,1446.4948308279143,1436.9918673402221,0.014072806056004443,8,3,3
2024-08-09,1465.0,1482.0,1457.300048828125,1464.0999755859375,1451.961669921875,3615910,0.008472136907358374,0.008436449777966799,1448.0736572265625,1416.662744140625,1447.335882996216,1438.10074160553,0.014008173227321894,8,3,4
2024-08-12,1466.0,1477.5,1445.0,1458.5999755859375,1446.50732421875,4028226,-0.003756535600157096,-0.0037636091001409795,1449.7245056152344,1418.4296142578125,1447.2084124150674,1438.7234514287316,0.013430401936098707,8,3,0
2024-08-13,1468.0,1478.4000244140625,1450.3499755859375,1459.699951171875,1447.59814453125,4495208,0.0007541063181890628,0.0007538221228861704,1451.2153930664062,1420.305087890625,1447.2683712021726,1439.3808361029921,0.01337801948352697,8,3,1
2024-08-14,1453.0999755859375,1480.0999755859375,1453.0999755859375,1471.699951171875,1459.4986572265625,5891784,0.008220867607678484,0.008187260337216458,1451.8762268066407,1422.056630859375,1449.1499536674633,1440.8710450751084,0.012616168533664191,8,3,2
2024-08-16,1480.0,1491.0,1468.0999755859375,1483.550048828125,1471.25048828125,7176426,0.008051964279994106,0.00801972018549866,1452.2789733886718,1425.8460107421874,1452.5500359157381,1443.1213742014893,0.012671605860465843,8,3,4
2024-08-19,1487.0,1489.0999755859375,1464.300048828125,1469.6500244140625,1457.4658203125,4404075,-0.00936935489812718,-0.009413523407178302,1453.0723937988282,1428.4790087890624,1453.3063104383168,1444.183925765268,0.01283160388797312,8,3,0
2024-08-20,1480.0,1484.75,1446.5,1449.1500244140625,1437.1357421875,10046892,-0.013948922740871561,-0.014047123227159425,1452.6693176269532,1430.1876391601563,1450.8185307074218,1443.6618380928408,0.013112108843207898,8,3,1
2024-08-21,1453.0,1466.5999755859375,1447.699951171875,1463.449951171875,1451.317138671875,6175510,0.0098678197668296,0.009819450770753243,1452.9605285644532,1431.1019702148437,1450.89523962503,1444.2288973949915,0.013207646298170329,8,3,2
2024-08-22,1473.699951171875,1499.9000244140625,1465.0,1486.3499755859375,1474.0272216796875,6781325,0.015647912094936656,0.015526745882669678,1454.9049987792969,1432.4547216796875,1454.4540060949773,1446.4361806753393,0.013477235918932158,8,3,3
2024-08-23,1493.0,1510.0,1479.3499755859375,1506.75,1494.2581787109375,6238112,0.01372495482695113,0.013631620669502506,1458.1593505859375,1434.1884228515626,1460.577724958971,1449.9785509001983,0.013633095595955535,8,3,4
2024-08-26,1509.0,1520.699951171875,1505.0,1513.550048828125,1501.0018310546875,4307432,0.004513043622466739,0.004502890377660933,1458.5333618164063,1435.8370727539063,1466.7968182044658,1453.7580531338642,0.013584691626153451,8,3,0
2024-08-27,1518.0,1526.3499755859375,1502.0,1522.75,1510.12548828125,3965066,0.006078378478826751,0.006059979655392394,1460.9932739257813,1437.917705078125,1473.462767447048,1457.9334187003374,0.013567257139760886,8,3,1
2024-08-28,1527.949951171875,1564.5,1521.6500244140625,1556.3499755859375,1543.4468994140625,6225319,0.022065325955618054,0.021825409460474104,1465.6616760253905,1440.6322216796875,1484.2295569804348,1464.2677506050577,0.014039707671751587,8,3,2
2024-08-29,1565.0,1571.699951171875,1545.949951171875,1565.9000244140625,1552.9178466796875,8036748,0.006136231359316957,0.006117481355482723,1469.7582275390625,1443.5174194335937,1494.7969861649353,1470.8344243883637,0.013677489763540844,8,3,3
2024-08-30,1576.0,1608.4000244140625,1561.5999755859375,1589.050048828125,1575.8758544921875,37820442,0.014783787733257725,0.014675572790835817,1474.3148071289063,1447.5718505859375,1507.2706582152819,1478.6152710627211,0.013760758402667486,8,3,4
2024-09-02,1605.0,1605.0,1565.5,1571.3499755859375,1558.322509765625,4890314,-0.011138786520857535,-0.011201287359157468,1478.5706481933594,1451.4961254882812,1515.124789223027,1484.51951096664,0.013618636832891216,9,3,0
2024-09-03,1579.0,1579.0,1558.5999755859375,1560.5999755859375,1547.6617431640625,4546295,-0.0068411811642031806,-0.00686468932111828,1483.6790893554687,1454.51880859375,1520.1304744447248,1489.1967133516343,0.01372940999530713,9,3,1
2024-09-04,1558.0,1566.0,1542.0,1561.9000244140625,1548.950927734375,5213811,0.0008329885881115384,0.0008326418456592198,1489.9442138671875,1457.4933081054687,1524.5643903354403,1493.6229514540596,0.013726461456533823,9,3,2
2024-09-05,1559.0,1563.0,1541.5,1547.199951171875,1534.372802734375,5652812,-0.0094116119103419,-0.009456180994767752,1495.1730041503906,1460.2719116210938,1526.0733768583532,1496.641458956305,0.013786456482886539,9,3,3
2024-09-06,1552.800048828125,1555.5999755859375,1530.199951171875,1539.25,1526.48876953125,5497805,-0.005138277470165709,-0.005151523812918386,1499.5092529296876,1462.0141162109376,1526.1372834234141,1498.8523708507455,0.013803503540600136,9,3,4
2024-09-09,1523.25,1546.75,1523.25,1542.6500244140625,1529.860595703125,3912508,0.002208877155978284,0.0022064411733645523,1503.40419921875,1463.5022509765624,1526.7101006972157,1501.1492763953663,0.011200404496501804,9,3,0
2024-09-10,1545.1500244140625,1586.0,1545.1500244140625,1577.8499755859375,1564.7686767578125,6163457,0.02281781827228757,0.022561385354998797,1509.3172668457032,1466.3147924804687,1532.5652662449997,1505.8618245703624,0.011046882079401896,9,3,1
2024-09-11,1578.449951171875,1598.9000244140625,1574.449951171875,1577.800048828125,1564.7191162109375,5994914,-3.1672762633272455e-05,-3.167326422581011e-05,1515.1733154296876,1468.930087890625,1537.5120123936056,1510.2216239511458,0.010902790888147985,9,3,2
2024-09-12,1596.1500244140625,1652.800048828125,1590.0999755859375,1646.75,1633.097412109375,12204496,0.043700045068804316,0.0427721350256294,1523.853253173828,1473.6042846679688,1552.2174585037242,1519.3235341850886,0.013089078153852494,9,3,3
2024-09-13,1651.0,1654.9000244140625,1631.050048828125,1634.449951171875,1620.8994140625,5609618,-0.00746924093837098,-0.007497275403155129,1531.3356994628907,1478.0167700195314,1562.7839132050742,1526.8476734352673,0.01319285045783435,9,3,4
2024-09-16,1634.449951171875,1652.949951171875,1630.0999755859375,1635.449951171875,1621.89111328125,3762063,0.00061182033267837,0.0006116332469233206,1539.5569641113282,1482.3859716796876,1571.8773286014089,1533.8879282386736,0.013044513614314274,9,3,0
2024-09-17,1650.0,1666.050048828125,1638.5,1661.75,1647.97314453125,4223072,0.016081246784337644,0.01595331326649441,1550.0988342285157,1487.1456494140625,1583.5843772059998,1542.3386850010866,0.012552067174923033,9,3,1
2024-09-18,1655.199951171875,1670.949951171875,1647.8499755859375,1654.9000244140625,1641.179931640625,3171195,-0.004122162374531446,-0.0041306819065088304,1559.591973876953,1491.661962890625,1592.4452317344037,1549.6602588262376,0.012114045326109183,9,3,2
2024-09-19,1647.699951171875,1711.699951171875,1647.699951171875,1664.8499755859375,1651.04736328125,8498240,0.006012400865005096,0.005994398505155407,1568.4429809570313,1496.367734375,1601.4609442800722,1557.1704147117941,0.012115570342732505,9,3,3
2024-09-20,1671.0,1723.4000244140625,1666.0,1711.75,1697.55859375,21646275,0.02817074270741382,0.02778124536903747,1578.6080017089844,1501.8163500976561,1616.2451980446765,1567.5695390849946,0.012838568913931082,9,3,4
2024-09-23,1719.0,1754.25,1719.0,1750.449951171875,1735.937744140625,5001827,0.022608439279756087,0.0223566563969249,1590.3547973632812,1508.1725927734376,1634.6594359055916,1580.0412579780043,0.013202483152509702,9,3,0
2024-09-24,1752.0,1767.550048828125,1746.0999755859375,1756.6500244140625,1742.0863037109375,7579205,0.0035419240068175206,0.0035356661661599636,1601.9528381347657,1514.74451171875,1651.1866463371834,1592.0445946989623,0.013082140566839599,9,3,1
2024-09-25,1755.550048828125,1766.9000244140625,1745.0,1760.4000244140625,1745.8052978515625,4017103,0.00213479328360644,0.002132517850235707,1612.0707580566407,1521.305009765625,1665.74336195478,1603.4342764139699,0.013064378851971491,9,3,2
2024-09-26,1770.0,1779.0,1746.1500244140625,1771.0999755859375,1756.41650390625,7417423,0.006078115393363781,0.0060597181593668396,1622.2456909179687,1527.5077001953125,1679.69307610116,1614.76629326525,0.013059624204726174,9,3,3
2024-09-27,1755.199951171875,1763.449951171875,1722.5,1734.5999755859375,1720.2191162109375,7116861,-0.020608658376193745,-0.020823980243291212,1629.4628540039062,1532.6481713867188,1685.927851502664,1622.5776134834489,0.0139434222812584,9,3,4
2024-09-30,1714.0,1733.0,1704.199951171875,1709.550048828125,1695.3768310546875,6907288,-0.01444134931541119,-0.01454664052797158,1636.3155700683594,1537.723759765625,1687.3815406645138,1627.9701481183554,0.014156765930203569,9,3,0
2024-10-01,1705.0,1722.8499755859375,1696.0,1698.699951171875,1684.61669921875,3649090,-0.006346749370901628,-0.006366975610690303,1643.1633178710938,1542.5121484375,1686.9561804420885,1632.1661889406068,0.013868227675340163,10,4,1
2024-10-03,1665.0,1695.0,1665.0,1673.449951171875,1659.5760498046875,7200276,-0.01486430083809287,-0.014975881652257161,1648.6945739746093,1546.7938110351563,1682.7438526517192,1634.196549004613,0.014321320098640651,10,4,3
2024-10-04,1670.050048828125,1686.699951171875,1630.1500244140625,1640.9000244140625,1627.2960205078125,8576527,-0.01945076834573145,-0.019642423842084446,1653.3407348632813,1550.6369750976562,1674.2134169372719,1633.6853987455909,0.014811073297399741,10,4,4
2024-10-07,1651.0,1670.0,1642.449951171875,1662.050048828125,1648.2706298828125,5387707,0.012889240255411272,0.012806880942584057,1659.4298278808594,1555.01896484375,1670.2222189288934,1634.7657862372369,0.01479177280708259,10,4,0
2024-10-08,1662.5999755859375,1679.5,1652.0,1657.449951171875,1643.708740234375,5224335,-0.0027676824216432694,-0.002771519536215174,1665.1222351074218,1558.0227075195312,1666.1432222066599,1635.428227274062,0.014832214717382648,10,4,1
2024-10-09,1666.75,1704.5999755859375,1661.050048828125,1678.0999755859375,1664.1875,3414614,0.012458873804312098,0.01238190070872803,1670.0931762695313,1562.0879125976562,1665.8423418671737,1637.5585437722796,0.014921319703015325,10,4,2
2024-10-10,1686.5999755859375,1698.949951171875,1665.0,1678.0999755859375,1664.1875,5047657,0.0,0.0,1675.0665954589845,1566.3700854492188,1665.5877508106855,1639.5310590484069,0.01450500245815016,10,4,3
2024-10-11,1678.0999755859375,1690.25,1658.6500244140625,1687.4000244140625,1673.4105224609375,2367678,0.005542057286776592,0.005526756592808439,1677.0822509765626,1570.4185595703125,1666.7912541414935,1642.0406489308166,0.01450043283656483,10,4,4
2024-10-14,1686.0,1710.050048828125,1679.3499755859375,1695.5999755859375,1681.54248046875,2069815,0.0048595116970182595,0.004847742383395644,1680.114404296875,1574.3545239257812,1669.0606735764559,1644.966710526219,0.014324907548738367,10,4,0
2024-10-15,1708.0,1732.75,1699.949951171875,1717.25,1703.012939453125,5891334,0.01276831197174988,0.012687484370668837,1684.1704956054687,1578.9506689453126,1674.2840990959435,1649.2664311874712,0.014218184329972303,10,4,1
2024-10-16,1720.0,1742.25,1717.0999755859375,1733.949951171875,1719.574462890625,3299887,0.009724837112992324,0.009677855233069847,1687.7505615234375,1584.4322998046875,1681.2518473720484,1654.474433535853,0.014141841919289645,10,4,2
2024-10-17,1736.75,1737.949951171875,1694.4000244140625,1701.1500244140625,1687.0465087890625,4373392,-0.018916281209993446,-0.019097482803197677,1690.0438903808595,1589.7002612304686,1682.1433337438966,1656.8871798509056,0.01472342427986238,10,4,3
2024-10-18,1710.0,1716.0999755859375,1685.199951171875,1707.8499755859375,1693.69091796875,4154915,0.003938486073188807,0.0039307505411191376,1692.1760681152343,1594.9781396484375,1683.9198851631047,1659.6133826744497,0.014537347151439848,10,4,4
2024-10-21,1705.550048828125,1708.949951171875,1662.0,1692.550048828125,1678.517822265625,3836168,-0.008958597783190636,-0.00899896730403809,1691.2240295410156,1599.7532202148439,1683.0887985634922,1661.0137115330551,0.014631146772423071,10,4,0
2024-10-22,1692.0,1712.9000244140625,1687.3499755859375,1692.25,1678.22021484375,3070057,-0.00017730370087654101,-0.00017731942103590235,1688.338153076172,1604.2783911132813,1682.3397856835318,1662.2882673338472,0.014643608107859135,10,4,1
2024-10-23,1690.0,1701.3499755859375,1680.0999755859375,1685.800048828125,1671.82373046875,2764757,-0.003811469030359338,-0.0038187511881458192,1684.8250244140625,1608.7847192382812,1680.7219310351038,1662.9945979364325,0.014213766342071533,10,4,2
2024-10-24,1687.0,1693.0,1657.4000244140625,1678.449951171875,1664.53466796875,3669575,-0.004359946785751356,-0.004369479070665465,1680.761492919922,1613.1234497070313,1678.2315828710493,1663.1086771980856,0.014260195138319396,10,4,3
2024-10-25,1681.0999755859375,1684.75,1655.8499755859375,1666.0,1652.1878662109375,3434386,-0.007417569603929919,-0.007445216573737099,1675.5500610351562,1616.9772338867188,1674.2248572310323,1662.2997282360748,0.012000554135590577,10,4,4
2024-10-28,1658.1500244140625,1677.8499755859375,1645.6500244140625,1663.3499755859375,1649.559814453125,2811651,-0.0015906494724716724,-0.0015919158984818856,1672.0170959472657,1620.5434204101562,1670.4302352652005,1661.3560309188192,0.011914352158934887,10,4,0
2024-10-29,1650.5,1667.949951171875,1610.0,1637.0999755859375,1623.5274658203125,6990747,-0.01578139113521204,-0.015907243124059618,1668.424627685547,1623.8646533203125,1663.2144245813715,1658.5539149855965,0.012286421576779545,10,4,1
2024-10-30,1627.800048828125,1651.0,1617.800048828125,1633.3499755859375,1619.80859375,4622628,-0.0022906123540284984,-0.0022932398196102892,1665.1842224121094,1627.5181103515624,1656.536604453468,1655.6838911903671,0.01191497199392608,10,4,2
2024-10-31,1634.0,1638.800048828125,1602.1500244140625,1612.5999755859375,1599.2305908203125,4921681,-0.012703971944023063,-0.012785357409413268,1662.1669494628907,1630.4763793945312,1647.720294663752,1651.5021652370299,0.012106268577700427,10,4,3
2024-11-01,1620.0,1626.3499755859375,1605.3499755859375,1616.449951171875,1603.048583984375,279441,0.002387393779219815,0.002384548482354168,1660.9545776367188,1633.056806640625,1640.8477237900017,1647.9130110701665,0.012053989442511528,11,4,4
2024-11-04,1619.1500244140625,1623.8499755859375,1573.050048828125,1591.25,1578.0576171875,6094029,-0.015589650274204447,-0.015712446780363466,1657.4439270019532,1634.7327954101563,1631.187707389617,1642.7385374492283,0.011016264751373864,11,4,0
2024-11-05,1583.25,1593.9000244140625,1566.0,1578.4000244140625,1565.314208984375,6473278,-0.008075375743147428,-0.008108158196208927,1653.5242004394531,1636.01904296875,1621.0533230195797,1637.0034020073874,0.009994029707059192,11,4,1
2024-11-06,1583.0,1610.75,1566.5,1598.800048828125,1585.5450439453125,6631728,0.012924456217684233,0.012841648169538656,1649.5920776367188,1637.5274340820313,1615.590510854308,1633.191671780567,0.010358728340389863,11,4,2
2024-11-07,1595.949951171875,1608.550048828125,1569.6500244140625,1575.800048828125,1562.7357177734375,5160994,-0.014385795130183454,-0.014490273898240553,1644.5194885253907,1637.9132104492187,1607.4590042264817,1627.9727122244833,0.010509884782047214,11,4,3
2024-11-08,1571.0,1579.5,1558.8499755859375,1569.9000244140625,1556.8846435546875,3096384,-0.003744122663994931,-0.0037511494361377666,1638.6931945800782,1637.9925463867187,1599.6783333538979,1622.706929360054,0.010348710629728052,11,4,4
2024-11-11,1561.0,1581.5999755859375,1551.800048828125,1560.550048828125,1547.6121826171875,3664301,-0.005955779046242671,-0.005973585434075857,1631.9966796875,1637.4272729492188,1591.668156317481,1617.144355527249,0.009870569773275299,11,4,0
2024-11-12,1568.800048828125,1595.0,1550.0999755859375,1555.6500244140625,1542.7528076171875,4479934,-0.003139917774349854,-0.0031448576594302526,1623.9836730957031,1637.11587890625,1584.1427180558971,1611.6338704968741,0.0096506647815725,11,4,1
2024-11-13,1559.9000244140625,1572.5,1546.3499755859375,1550.449951171875,1537.5958251953125,5816699,-0.003342714656821788,-0.003348314008966659,1614.8847412109376,1636.914560546875,1576.981657615807,1606.1495708449065,0.009631321428557047,11,4,2
2024-11-14,1550.0,1568.0,1536.550048828125,1550.5,1537.6453857421875,5139154,3.223249313166754e-05,3.2231973676023004e-05,1607.4146850585937,1636.6884497070312,1570.929923481404,1601.0751867632237,0.009378949338215484,11,4,3
2024-11-18,1568.949951171875,1568.949951171875,1529.449951171875,1537.0,1524.25732421875,4816078,-0.008706858972542197,-0.00874498513653806,1598.9430053710937,1636.4861401367189,1563.7495235948418,1595.3849747228921,0.00890230061323396,11,4,0
2024-11-19,1537.0,1558.0,1519.300048828125,1525.5,1512.8526611328125,6238241,-0.007482111389415791,-0.007510242794216385,1590.6597473144532,1636.21341796875,1555.9192370622218,1589.2714700125157,0.008483488921770185,11,4,1
2024-11-21,1538.0,1542.050048828125,1511.0,1525.1500244140625,1512.505615234375,7356679,-0.00022939834615332,-0.00022942466197854375,1582.3740173339843,1635.866318359375,1549.240218319476,1583.5851103993202,0.008496662975976075,11,4,3
2024-11-22,1533.0,1575.0,1520.199951171875,1569.300048828125,1556.2896728515625,7640321,0.028948029796506125,0.028536950033710675,1576.597314453125,1635.69673828125,1550.3247497859509,1581.5632261365233,0.00992640745164557,11,4,4
2024-11-25,1581.949951171875,1609.25,1562.550048828125,1578.75,1565.6612548828125,12155641,0.006021746590452182,0.00600368833302336,1571.6536437988282,1635.7155810546874,1552.6842121085451,1580.3853023399522,0.01003242121825837,11,4,0
2024-11-26,1590.0,1604.8499755859375,1566.0,1577.25,1564.1737060546875,4030593,-0.0009501089865293633,-0.0009505606261664184,1567.2529357910157,1634.3371069335938,1554.4518265617978,1579.1844433558585,0.009934024616037937,11,4,1
2024-11-27,1569.1500244140625,1583.75,1554.1500244140625,1577.6500244140625,1564.5704345703125,4982785,0.000253634563788685,0.00025360240398048856,1563.003466796875,1633.21052734375,1556.0085354861847,1578.1019241865588,0.00985644471252815,11,4,2
2024-11-28,1571.0,1588.5,1556.949951171875,1560.4000244140625,1547.46337890625,6714728,-0.010934027184759332,-0.010994242996504993,1559.200262451172,1631.72197265625,1554.6938960123484,1575.8324023139432,0.00954762370763575,11,4,3
2024-11-29,1551.1500244140625,1648.9000244140625,1551.1500244140625,1627.1500244140625,1613.6600341796875,10775801,0.04277752622503117,0.04188785146890246,1558.8928344726562,1631.0357104492186,1563.7656095765544,1578.6344491188133,0.012526254145069006,11,4,4
2024-12-02,1627.1500244140625,1646.199951171875,1617.199951171875,1643.5999755859375,1629.9735107421875,3790108,0.010109611824645093,0.010058851523641662,1560.42998046875,1630.81158203125,1573.9514405251134,1582.4373425723966,0.012296819630401412,12,4,0
2024-12-03,1652.9000244140625,1652.9000244140625,1613.1500244140625,1620.550048828125,1607.11474609375,9131055,-0.01402400989819097,-0.01412327548551172,1560.6332885742188,1629.9329296875,1579.053487535673,1584.265298388793,0.012480256194426572,12,4,1
2024-12-04,1629.75,1630.5,1582.4000244140625,1584.0999755859375,1570.966796875,8772014,-0.022492450714307166,-0.022749264098021627,1560.2787475585938,1627.40109375,1577.8093812801847,1583.2802242025862,0.012987002842687834,12,4,2
2024-12-05,1600.0,1622.050048828125,1585.3499755859375,1615.3499755859375,1601.957763671875,10324005,0.01972732132755639,0.01953525952479494,1562.1109252929687,1624.721494140625,1581.5245170327523,1584.6637456447556,0.013584604952744524,12,4,3
2024-12-06,1618.0,1624.6500244140625,1594.800048828125,1597.8499755859375,1584.6029052734375,4296866,-0.010833530566160543,-0.010892640559360666,1562.063818359375,1621.571826171875,1581.9981152236269,1584.659238950584,0.013686617075621313,12,4,4
2024-12-09,1595.9000244140625,1605.9000244140625,1589.050048828125,1602.550048828125,1589.263916015625,4264409,0.0029414377107830347,0.0029371201473703144,1563.3902282714844,1618.4409985351563,1583.1159307300882,1585.000326140587,0.013702501375249192,12,4,0
2024-12-10,1610.550048828125,1611.8499755859375,1570.050048828125,1578.6500244140625,1565.5621337890625,14645786,-0.014913685504157281,-0.015026012719448995,1563.8241027832032,1614.6239111328125,1580.4153465853149,1583.5604600404743,0.013882214297889854,12,4,1
2024-12-11,1588.0,1588.0,1571.199951171875,1586.0,1572.85107421875,3853182,0.004655797602900913,0.004644992900600051,1565.0860473632813,1611.6765502929688,1579.251612375074,1582.767172201828,0.013930692675354498,12,4,2
2024-12-12,1578.5,1617.9000244140625,1578.5,1610.550048828125,1597.1976318359375,13120939,0.015479251669952676,0.015360670189940518,1567.8082885742188,1609.7129663085936,1582.0125384459761,1583.836095137688,0.013994087273265102,12,4,3
2024-12-13,1618.0,1685.0,1606.800048828125,1681.75,1667.8072509765625,12900707,0.04420844216971509,0.043259126782275635,1574.3188598632812,1609.37677734375,1595.2117249891432,1590.0561807553825,0.0161866558747332,12,4,4
2024-12-16,1681.75,1687.0,1660.1500244140625,1662.550048828125,1648.7664794921875,4375126,-0.011416649899576803,-0.011482320148309414,1579.8749145507813,1609.1605859375,1603.4509179896118,1594.4050917729235,0.01615046899128382,12,4,0
2024-12-17,1650.5,1658.6500244140625,1608.5,1615.300048828125,1601.908203125,6182486,-0.028420201981313675,-0.028831874558258478,1583.7574584960937,1608.6528295898438,1603.2135772412098,1594.9608777990031,0.017024332027427386,12,4,1
2024-12-18,1621.4000244140625,1623.0,1596.0999755859375,1601.9000244140625,1588.619384765625,3905144,-0.008295617897112417,-0.00833021802106921,1587.5457946777344,1607.4598046875,1600.9683168603506,1594.4911375743086,0.016843438225917766,12,4,2
2024-12-19,1586.4000244140625,1609.75,1585.449951171875,1600.300048828125,1587.0325927734375,5865855,-0.000998849697671056,-0.000999348880463729,1591.2721435546875,1606.3262817382813,1598.8243593085176,1593.938652774244,0.016770656078635905,12,4,3
2024-12-20,1610.0,1622.300048828125,1573.4000244140625,1578.0999755859375,1565.0166015625,9738879,-0.013872425374997,-0.013969546719737195,1591.7084899902343,1604.3428637695313,1593.6231658091303,1591.796278610411,0.016804845847191937,12,4,4
2024-12-23,1586.0,1607.449951171875,1578.3499755859375,1586.9000244140625,1573.74365234375,4363599,0.005576331121687206,0.005560840946182639,1592.1126098632812,1602.5339868164062,1590.5647791221486,1590.4590470351027,0.016622065630221585,12,4,0
2024-12-24,1590.0,1598.800048828125,1575.0,1583.9000244140625,1570.7685546875,3610076,-0.0018904588760814134,-0.0018922480487229506,1592.4423522949219,1600.4811474609376,1587.5192061322025,1589.0004920463912,0.01660970116088793,12,4,1
2024-12-26,1583.9000244140625,1606.8499755859375,1581.0999755859375,1599.5,1586.2392578125,3400479,0.009849129637101717,0.009800943098444079,1593.5257934570313,1598.5750830078125,1587.3222910060942,1588.795956177214,0.016650845876455593,12,4,3
2024-12-27,1599.5,1628.449951171875,1596.300048828125,1599.8499755859375,1586.5863037109375,2559578,0.00021878534195152177,0.0002187614119288905,1595.4819396972657,1596.2465502929688,1587.209062191455,1588.6322782167492,0.016633648716451507,12,4,4
2024-12-30,1605.0,1613.050048828125,1581.0999755859375,1586.9000244140625,1573.74365234375,4438130,-0.008094517983137317,-0.008127456461650051,1593.4861206054688,1593.3299340820313,1585.1374606764234,1587.5294170409716,0.016699577337584776,12,4,0
2024-12-31,1583.0,1597.199951171875,1563.3499755859375,1587.75,1574.586669921875,2249626,0.0005356765549899833,0.0005355331315209745,1590.716778564453,1591.0807373046875,1583.5142620988006,1586.5706950321496,0.01669891972040239,12,4,1
2025-01-01,1593.0,1606.550048828125,1584.050048828125,1595.699951171875,1582.470703125,1405565,0.0050070493760221435,0.0049945557909386006,1589.4845764160157,1588.8563330078125,1583.3537145643697,1586.2669919279163,0.01661364940109455,1,1,2
2025-01-02,1599.9000244140625,1619.5999755859375,1588.4000244140625,1609.699951171875,1596.3546142578125,3728040,0.008773565984757425,0.00873530190015533,1590.7539672851562,1587.2130688476564,1585.3538529787456,1587.0142232116123,0.01657962991614865,1,1,3
2025-01-03,1615.0,1617.0,1593.300048828125,1598.8499755859375,1585.5946044921875,3669685,-0.0067403631182709756,-0.006763181961751389,1589.935809326172,1585.360556640625,1585.3908916731211,1586.9090662694327,0.016651249890983256,1,1,4
2025-01-06,1596.1500244140625,1609.8499755859375,1567.0999755859375,1588.449951171875,1575.28076171875,4584188,-0.006504716113574727,-0.006525963970404803,1589.4697021484376,1583.429697265625,1583.8354870647563,1586.0477103767896,0.01589199880501917,1,1,0
2025-01-07,1594.0,1603.0,1584.050048828125,1590.8499755859375,1577.660888671875,2830856,0.0015109223771183622,0.0015097820823569343,1588.88955078125,1581.6922216796875,1582.8855488504669,1585.4264643245738,0.015859505834438434,1,1,1
2025-01-08,1598.75,1613.449951171875,1577.8499755859375,1599.199951171875,1585.941650390625,3674564,0.005248758955874955,0.005235032231813255,1589.9085266113282,1580.3672973632813,1583.3557183181836,1585.4646262553922,0.01588201490712673,1,1,2
2025-01-09,1600.0,1620.199951171875,1592.4000244140625,1607.050048828125,1593.7266845703125,4684859,0.004908777178384893,0.004896768414554757,1590.9523071289063,1579.250634765625,1584.9512515877418,1586.076630575016,0.015901431324851042,1,1,3
2025-01-10,1608.0,1625.0,1591.800048828125,1615.9000244140625,1602.5032958984375,4145892,0.005506973945467397,0.0054918660050923785,1591.2175903320312,1578.8301513671875,1587.6515660970795,1587.2934205989732,0.015768097392425143,1,1,4
2025-01-13,1580.0,1614.699951171875,1578.0999755859375,1597.199951171875,1583.958251953125,3705039,-0.011572546523166638,-0.011640029578759542,1587.0251403808593,1578.11314453125,1587.0833639210866,1587.046371069651,0.013840884563131916,1,1,0
2025-01-14,1604.699951171875,1633.4000244140625,1578.5,1600.0999755859375,1586.834228515625,7284572,0.0018156896237344622,0.0018140432518951933,1583.9285278320312,1577.8652172851562,1587.0450353971694,1587.03065680639,0.013703245248138162,1,1,1
2025-01-15,1608.050048828125,1613.8499755859375,1593.0,1607.449951171875,1594.123291015625,2960985,0.0045934618556964235,0.0045829441060753874,1583.5392822265626,1577.6867114257811,1588.1339978000087,1587.556037118185,0.01350399940996406,1,1,2
2025-01-16,1619.050048828125,1635.0,1600.550048828125,1630.199951171875,1616.6846923828125,5299325,0.014152858498675869,0.014053641833957051,1584.9425476074218,1578.4592529296874,1592.5264123512093,1589.7137152859352,0.013066700647595774,1,1,3
2025-01-17,1630.0999755859375,1639.0,1623.0,1627.5,1614.007080078125,2678801,-0.001656236566909608,-0.0016576096429943752,1586.2912719726562,1579.4331103515624,1595.8311304630424,1591.5132237890602,0.012586488874165951,1,1,4
2025-01-20,1638.0,1645.0,1618.0999755859375,1641.1500244140625,1627.5439453125,3933044,0.008387116389675153,0.00835213996051712,1589.4176391601563,1580.2730883789063,1600.7100250552667,1594.18216612413,0.012487665949612363,1,1,0
2025-01-21,1654.0,1656.699951171875,1620.300048828125,1626.1500244140625,1612.6683349609375,7958844,-0.009139913176787529,-0.009181938450793284,1591.3638732910156,1581.2717407226562,1602.5497650407544,1595.5515119638935,0.012615924707667132,1,1,1
2025-01-22,1627.5,1641.0,1622.550048828125,1631.75,1618.2218017578125,3262136,0.0034436509209498922,0.0034377351325004858,1593.7365356445312,1582.4984838867188,1604.9608476126095,1597.230792689369,0.012280058134380203,1,1,2
2025-01-23,1624.5,1645.4000244140625,1617.199951171875,1636.0,1622.4366455078125,2457080,0.002604614364620117,0.002601228235059293,1595.546405029297,1583.9949731445313,1607.6494319041792,1599.0978928981428,0.012265715191413088,1,1,3
2025-01-24,1634.050048828125,1661.9000244140625,1634.050048828125,1644.800048828125,1631.1636962890625,3620058,0.005378977851254296,0.005364562818880753,1597.7752746582032,1585.7631909179688,1611.267011040315,1601.4731375937665,0.01199321464425527,1,1,4
2025-01-27,1638.949951171875,1647.199951171875,1593.699951171875,1602.5999755859375,1589.3134765625,6622807,-0.02565666451611981,-0.02599153695650885,1598.5537658691405,1586.7975439453126,1607.8895441975742,1600.5724219618207,0.009861331298612044,1,1,0
2025-01-28,1607.6500244140625,1630.300048828125,1597.0,1618.3499755859375,1604.932861328125,5216471,0.009827755817818806,0.009779777515535609,1600.0710754394531,1588.1432934570312,1607.4346699099665,1600.8954174704359,0.00989172024822181,1,1,1
2025-01-29,1620.0,1626.9000244140625,1593.1500244140625,1600.449951171875,1587.1812744140625,5009227,-0.011060641439775032,-0.011122265154160742,1600.3066040039062,1589.4017724609375,1604.3187629105967,1599.8795550218156,0.008653555313330539,1,1,2
2025-01-30,1606.699951171875,1644.949951171875,1595.199951171875,1640.75,1627.147216796875,4283637,0.025180452306915457,0.024868648126344352,1601.8462341308593,1591.6876635742187,1607.830832739255,1601.899381819968,0.00968057471981638,1,1,3
2025-01-31,1639.0999755859375,1639.0999755859375,1574.25,1626.300048828125,1612.8170166015625,8340866,-0.008806947550524802,-0.008845957923533468,1603.2073547363282,1593.6938916015624,1608.5979379488406,1602.7080955074937,0.00983556467113874,1,1,4
2025-02-01,1627.0,1644.0,1609.199951171875,1623.25,1609.7923583984375,2741589,-0.0018753883248940895,-0.0018771490673068886,1604.9329345703125,1594.7639453125,1608.7816949410862,1603.2328557216379,0.009464398397008337,2,1,5
2025-02-03,1619.9000244140625,1661.0,1608.0999755859375,1652.3499755859375,1638.6510009765625,4146970,0.017926934755011503,0.017768142227366602,1607.982440185547,1596.223740234375,1613.376972792698,1605.8564220368173,0.009928290217545615,2,1,0
2025-02-04,1662.1500244140625,1668.300048828125,1629.050048828125,1661.449951171875,1647.675537109375,6385876,0.0055072960181479225,0.005492186313789673,1611.0691345214843,1597.8937768554688,1618.6536749952638,1608.954134264414,0.009935722283619117,2,1,1
2025-02-05,1670.0,1675.199951171875,1649.0999755859375,1660.449951171875,1646.683837890625,3920893,-0.0006018777340651704,-0.0006020589351794774,1613.7169921875,1599.536044921875,1622.9660077483964,1611.7489271256147,0.009820603414335978,2,1,2
2025-02-06,1665.9000244140625,1667.300048828125,1613.25,1619.75,1606.3212890625,5229162,-0.024511413727014375,-0.02481681937390442,1613.907891845703,1600.713203125,1620.40528179672,1611.3468798616805,0.010893306509797356,2,1,3
2025-02-07,1635.050048828125,1707.550048828125,1635.0,1676.75,1662.8487548828125,14873255,0.03519063477849049,0.03458559794854825,1617.8524169921875,1601.6969775390626,1626.935046886888,1615.1618335669496,0.012472049528342912,2,1,4
2025-02-10,1698.8499755859375,1700.0,1678.050048828125,1693.050048828125,1679.013671875,6782878,0.009721219049369623,0.009674272009233128,1622.4613891601562,1602.6777807617189,1634.947143038905,1619.891599367546,0.012549593855889739,2,1,0
2025-02-11,1706.0,1706.6500244140625,1686.199951171875,1696.75,1682.6829833984375,8965266,0.002185397048816151,0.0021830125421163195,1626.8893737792969,1604.1891455078126,1642.2911184788331,1624.5428129994639,0.01253854403735954,2,1,1
2025-02-12,1704.0,1713.699951171875,1684.5,1711.550048828125,1697.3603515625,7148192,0.008722598557702854,0.008684776473677533,1630.9231567382812,1606.7170166015626,1650.7633081840127,1629.9367047448739,0.01253761548800199,2,1,2
2025-02-13,1710.0,1728.4000244140625,1703.9000244140625,1714.5999755859375,1700.3848876953125,5356002,0.0017819057279311323,0.001780320017364557,1635.2420471191406,1608.6855590820312,1658.3973973395973,1635.1550886671287,0.012425918296721421,2,1,3
2025-02-14,1714.0,1724.0999755859375,1705.25,1717.050048828125,1702.814697265625,5125863,0.0014289762205579315,0.0014279562056408869,1639.0055847167969,1611.049794921875,1665.2308280974478,1640.1669115262764,0.012313631128570526,2,1,4
2025-02-17,1711.75,1716.9000244140625,1666.25,1675.550048828125,1661.65869140625,4906462,-0.02416939783610228,-0.024466270989569175,1641.4551025390624,1612.4976904296875,1664.681268606494,1641.7588952210895,0.013253810416583352,2,1,0
2025-02-18,1692.0,1695.949951171875,1655.800048828125,1668.9000244140625,1655.0638427734375,7529598,-0.003968834675207145,-0.003976731400336072,1643.2972045898437,1614.287724609375,1663.2016646321777,1642.7444468916337,0.013278293327656973,2,1,1
2025-02-19,1670.0,1673.449951171875,1638.449951171875,1645.199951171875,1631.560302734375,7776555,-0.014200986953879058,-0.014302785881860987,1643.7533874511719,1615.4619091796876,1658.3337628017464,1641.9159917688737,0.013564812834242067,2,1,2
2025-02-20,1639.8499755859375,1649.800048828125,1627.25,1643.5,1629.8743896484375,5524503,-0.001033313376840539,-0.0010338476131619837,1643.6889221191407,1616.1154443359376,1653.9553977012374,1641.024021241434,0.013540273324384233,2,1,3
2025-02-21,1643.5,1658.699951171875,1629.199951171875,1639.25,1625.65966796875,5447583,-0.0025859180967906514,-0.0025892673581820323,1645.5062316894532,1615.2724926757812,1649.602208511624,1639.8859209990128,0.013358663012890222,2,1,4
2025-02-24,1627.0,1637.550048828125,1598.0,1601.300048828125,1588.0242919921875,4673190,-0.023150833300544127,-0.023423022993476088,1644.6608032226563,1614.0576489257812,1640.1286828932493,1636.044318850359,0.014062204310808053,2,1,0
2025-02-25,1597.0,1649.1500244140625,1597.0,1641.4000244140625,1627.7918701171875,6286808,0.02504217241860407,0.02473375556701599,1646.6913330078125,1614.575322265625,1638.230711696932,1635.4330263516056,0.01476454922057485,2,1,1
2025-02-27,1643.4000244140625,1656.0,1638.6500244140625,1650.4000244140625,1636.71728515625,7568745,0.005483142656573126,0.0054681649548498695,1647.1698364257813,1615.5372802734375,1637.9978768445194,1635.528156633431,0.014577888462598337,2,1,3
2025-02-28,1641.949951171875,1648.449951171875,1559.5,1570.199951171875,1557.18212890625,13640211,-0.04859431556770488,-0.04981472019384296,1644.3880920410156,1614.9402709960937,1625.5646848540164,1629.7247471721585,0.01711656543168309,2,1,4
2025-03-03,1579.0,1602.75,1572.75,1595.800048828125,1582.5699462890625,6993525,0.016303691720791047,0.01617221366585012,1643.0269714355468,1615.291337890625,1618.9501096901772,1626.2317989585956,0.01732683084135104,3,1,0
2025-03-04,1589.0,1590.5,1568.0,1575.3499755859375,1562.2894287109375,5219668,-0.012814926522319192,-0.012897746004398287,1639.2088928222656,1615.0622534179688,1610.2330818472171,1621.4953270883989,0.0174007515085989,3,1,1
2025-03-05,1578.0,1626.0999755859375,1577.0999755859375,1618.25,1604.833740234375,6295425,0.027232029316450745,0.02686783465557005,1637.0668029785156,1615.7435571289063,1609.4024139067799,1620.2611354695823,0.018132613323854876,3,1,2
2025-03-06,1618.0,1631.75,1590.449951171875,1626.9000244140625,1613.412109375,5174009,0.005345331996429836,0.005331096416089662,1635.4032165527344,1616.2870141601563,1610.0192901326598,1619.753800203317,0.018153691068772508,3,1,3
2025-03-07,1629.0,1642.4000244140625,1615.5999755859375,1630.699951171875,1617.1805419921875,3035558,0.0023356912938055086,0.0023329678068875746,1635.9461791992187,1616.8988989257812,1611.1210211879716,1619.563188483974,0.018130936597624926,3,1,4
2025-03-10,1640.0,1654.9000244140625,1626.5999755859375,1630.949951171875,1617.428466796875,3778450,0.00015330681902847587,0.00015329506873901322,1633.6751647949218,1617.7725952148437,1612.091397435495,1619.4050609515964,0.01747837616001416,3,1,0
2025-03-11,1630.0,1676.4000244140625,1624.050048828125,1662.949951171875,1649.1630859375,6078564,0.019620415858929263,0.019430416719641425,1632.182635498047,1619.2641235351562,1617.7947341281113,1621.6093590987005,0.0177435138948275,3,1,1
2025-03-12,1690.0,1716.6500244140625,1634.0,1642.8499755859375,1629.229736328125,9907628,-0.012086948694976063,-0.012160589858914697,1629.5099731445312,1620.1993041992187,1619.5539652358057,1622.1738314860652,0.01776865949301175,3,1,2
2025-03-13,1650.800048828125,1656.9000244140625,1629.5999755859375,1632.5,1618.965576171875,8317331,-0.006300007867142687,-0.006319936661839319,1625.590234375,1620.6515234375,1619.4634438413548,1621.9361829442735,0.017213857303631064,3,1,3
2025-03-17,1612.199951171875,1648.4000244140625,1612.199951171875,1639.1500244140625,1625.560546875,6405522,0.004073570680062977,0.004065296154651328,1621.8490173339844,1621.4508422851563,1620.4014596926847,1622.2046543465494,0.01714774498955139,3,1,0
2025-03-18,1639.1500244140625,1639.1500244140625,1639.1500244140625,1639.1500244140625,1625.560546875,0,0.0,0.0,1617.986309814453,1622.4564379882813,1621.195165413041,1622.4532389782864,0.017142561408139502,3,1,1
2025-03-19,1635.0,1642.050048828125,1627.5,1637.1500244140625,1623.5770263671875,6283464,-0.0012202070920247499,-0.0012209521508441698,1616.0822265625,1623.3747607421874,1621.5616055598327,1622.5364824885755,0.01682359227155738,3,1,2
2025-03-20,1660.0,1709.6500244140625,1646.0999755859375,1705.25,1691.1124267578125,12074465,0.04159667160463454,0.04075479700300169,1617.8846557617187,1625.4781762695313,1632.2617318979835,1627.6161820640746,0.018454791698158283,3,1,3
2025-03-21,1709.6500244140625,1731.4000244140625,1692.0,1725.800048828125,1711.4921875,14715349,0.012051097502286945,0.01197906119366606,1621.88125,1627.833486328125,1644.4510327598323,1633.8292195037727,0.018560432636002856,3,1,4
2025-03-24,1740.0,1740.0,1714.8499755859375,1718.800048828125,1704.5501708984375,4120999,-0.004056119363128885,-0.004064367727060703,1625.6150390625,1629.874423828125,1653.6970540119253,1639.0678084959702,0.017938974015911255,3,1,0
2025-03-25,1725.0,1740.5,1706.0999755859375,1730.5,1716.153076171875,4857399,0.00680701892589175,0.006783955774281572,1630.1397094726562,1632.5183203125,1663.3056728057636,1644.777828323815,0.016851034477529014,3,1,1
2025-03-26,1739.1500244140625,1765.0,1726.1500244140625,1738.550048828125,1724.136474609375,7142394,0.0046519151166328765,0.004641128399166583,1636.9453186035157,1635.264365234375,1672.664257698627,1650.6562465671898,0.016787835199162496,3,1,2
2025-03-27,1739.949951171875,1746.4000244140625,1713.25,1724.699951171875,1710.401123046875,6222339,-0.007966510635773139,-0.007998412827356501,1641.07578125,1637.589921875,1678.469929290665,1655.0817929730924,0.01686569378287825,3,1,3
2025-03-28,1733.300048828125,1745.75,1660.0,1733.4000244140625,1719.0291748046875,4133264,0.005044460998974598,0.005031780332462708,1645.1913757324219,1639.6368115234375,1684.7098132158992,1659.818636071729,0.01681853581647579,3,1,4
2025-04-01,1715.0,1765.0,1708.449951171875,1724.1500244140625,1709.8558349609375,6773056,-0.005336349131359164,-0.005350638299716329,1652.8250610351563,1641.5537866210936,1688.578431945905,1663.5250952487077,0.016850885189856155,4,2,1
2025-04-02,1720.0,1760.4000244140625,1716.949951171875,1754.5999755859375,1740.0533447265625,6431226,0.017660851370147723,0.017506710725180424,1660.6992309570312,1643.803974609375,1696.4976492967755,1669.1938544692894,0.01714564252226265,4,2,2
2025-04-03,1748.0,1754.949951171875,1735.449951171875,1746.0,1731.524658203125,2341989,-0.004901393712603563,-0.004913444937424569,1669.1609924316406,1646.1811010742188,1701.8864198977524,1673.8109510421662,0.016525233021028027,4,2,3
2025-04-04,1754.5,1770.800048828125,1740.0,1743.449951171875,1728.9957275390625,7817334,-0.0014605224661869975,-0.0014615900687557574,1675.369091796875,1648.3965795898437,1706.0570826118,1677.8987122641583,0.016502907161768044,4,2,4
2025-04-07,1730.0,1774.75,1669.4000244140625,1686.6500244140625,1672.666748046875,14870388,-0.03257901601200741,-0.033121527710048934,1678.3318237304688,1649.401181640625,1700.9201080633502,1677.5111593591744,0.0174246474553283,4,2,0
2025-04-08,1720.699951171875,1742.300048828125,1706.800048828125,1720.4000244140625,1706.1368408203125,7206935,0.020010018619978975,0.01981244942439243,1682.779638671875,1650.90064453125,1701.722682333652,1679.6315802081476,0.017761231069909046,4,2,1
2025-04-09,1719.6500244140625,1726.8499755859375,1711.5999755859375,1715.550048828125,1701.3271484375,5600666,-0.002819054291389622,-0.0028230353085010526,1686.9745727539062,1653.14091796875,1701.6618309650132,1681.2386593362478,0.01776321219511243,4,2,2
2025-04-11,1760.0,1767.0,1732.3499755859375,1756.5999755859375,1742.0367431640625,8340002,0.023928140313254964,0.02364634867956522,1691.6182556152344,1655.8829956054688,1707.873355918713,1685.742221101271,0.017573305120429164,4,2,4
2025-04-15,1808.199951171875,1820.0,1781.0999755859375,1798.800048828125,1783.886962890625,10313411,0.02402372963187327,0.023739699817441607,1699.3511169433593,1659.817109375,1719.567756991315,1693.0122019745565,0.017530667646699492,4,2,1
2025-04-16,1802.4000244140625,1826.5,1794.0999755859375,1822.5999755859373,1807.489501953125,6180958,0.013230961127858931,0.013144196443860333,1708.7773132324219,1663.423955078125,1733.0941792931321,1701.4920019729689,0.017622199455348486,4,2,2
2025-04-17,1834.0,1897.699951171875,1825.699951171875,1889.0999755859373,1873.438232421875,10894325,0.036486369850274425,0.03583650263866033,1721.1711975097655,1668.6363793945313,1754.6855720821695,1714.228759783999,0.015696207171158636,4,2,3
2025-04-21,1898.4000244140625,1904.300048828125,1868.5999755859373,1883.4000244140625,1867.7855224609373,3501123,-0.0030172918771014245,-0.003021853079533956,1733.2824462890626,1673.7962426757813,1772.085564448134,1725.6033347971056,0.01566796612528011,4,2,0
2025-04-22,1888.0,1888.0,1836.800048828125,1852.199951171875,1836.8441162109373,6155127,-0.01656582400811879,-0.01670457171831297,1743.94580078125,1677.7601049804687,1782.0484185654882,1733.8433926796117,0.01583453055930497,4,2,1
2025-04-23,1867.0,1885.9000244140625,1836.0999755859373,1881.5999755859373,1866.0003662109373,6855027,0.015873012708418566,0.01574835385298869,1752.6901977539062,1682.1266015625,1794.9641028186343,1743.6327981263764,0.015428331942589713,4,2,2
2025-04-24,1874.5,1877.800048828125,1839.5,1845.5999755859373,1830.298828125,5180688,-0.01913265331154901,-0.019318051099971183,1758.6305297851563,1685.7989013671875,1800.400214404229,1750.0525040522004,0.01605243782146262,4,2,3
2025-04-25,1846.699951171875,1861.699951171875,1806.0,1817.199951171875,1802.13427734375,4570083,-0.015387952146646122,-0.015507575440645053,1763.5097351074219,1689.7151611328125,1800.6669933180015,1753.9104131849078,0.016449854951481678,4,2,4
2025-04-28,1836.0,1838.9000244140625,1813.4000244140625,1821.800048828125,1806.6962890625,3301891,0.0025314493909267544,0.0025282506700467734,1768.0368957519531,1692.5921118164063,1801.5945772786936,1757.8204780647295,0.016437670163747236,4,2,0
2025-04-29,1823.699951171875,1847.800048828125,1817.5999755859373,1823.800048828125,1808.6796875,4684155,0.0010978040136060407,0.0010972018674319278,1772.2640563964844,1695.1854321289063,1802.6845942358177,1761.5878269117866,0.016169608947274528,4,2,1
2025-04-30,1837.0,1876.9000244140625,1827.0,1864.5,1849.042236328125,9139821,0.02231602925994869,0.022070670262670095,1779.196112060547,1698.5126171875,1809.8165391730959,1768.0659313129968,0.01626713090489643,4,2,2
2025-05-02,1852.0,1883.5999755859373,1832.0999755859373,1848.199951171875,1832.8773193359373,3866806,-0.00874231895550881,-0.008780757216199891,1784.8885192871094,1701.2229565429689,1813.3643515058407,1772.8667748702514,0.016328288372812045,5,2,4
2025-05-05,1868.0,1873.5,1849.199951171875,1866.0,1850.52978515625,3548839,0.009631013289371992,0.009584930725812594,1791.922216796875,1704.2258544921874,1819.0821105289806,1778.6195904469919,0.01635744388240418,5,2,0
2025-05-06,1888.300048828125,1912.0,1882.5999755859373,1901.0,1885.2396240234373,8597920,0.01875670369945248,0.018582965869766176,1799.1815307617187,1707.8743530273437,1829.2601895281277,1786.5173707119138,0.01653861312903433,5,2,1
2025-05-07,1901.0,1917.0,1885.5,1896.800048828125,1881.074462890625,5554616,-0.002209353696864813,-0.0022117979195089015,1806.6590209960937,1712.2626684570312,1837.2316161992812,1793.5215997621885,0.016552594176137664,5,2,2
2025-05-08,1897.0,1905.800048828125,1862.4000244140625,1874.9000244140625,1859.35595703125,5500724,-0.011545798046718736,-0.011612968296283617,1813.1770324707031,1716.3485107421875,1840.635360942661,1798.398218819156,0.01530310745685811,5,2,3
2025-05-09,1855.0,1871.0999755859373,1836.5,1848.4000244140625,1833.07568359375,3686209,-0.014134073326906416,-0.014234910630188802,1821.1974792480469,1720.378818359375,1839.4723336582133,1800.9669199135703,0.015530610500536508,5,2,4
2025-05-12,1868.9000244140625,1883.4000244140625,1854.0,1870.800048828125,1855.2900390625,3936019,0.012118624270438527,0.012045781654356968,1828.6551391601563,1724.8871313476564,1841.9058267973344,1804.9908546653428,0.015579202439394568,5,2,0
2025-05-13,1870.0,1883.699951171875,1816.5999755859373,1820.5999755859373,1805.506103515625,8817763,-0.026833505542902314,-0.027200096884610482,1833.8640869140625,1728.4840600585937,1836.3058693693793,1805.0290212468453,0.016476525744004322,5,2,1
2025-05-14,1830.0,1870.699951171875,1820.199951171875,1834.199951171875,1818.993408203125,7401614,0.0074700964240652645,0.007442333429542616,1837.7119201660157,1733.1034423828125,1833.6424138053403,1806.0634202806436,0.016501218242764588,5,2,2
2025-05-15,1849.9000244140625,1869.9000244140625,1825.0,1867.199951171875,1851.7197265625,8788351,0.017991444175547322,0.017831513550328273,1841.1035583496093,1737.5819995117188,1836.4235388449033,1809.4453688941144,0.016644968391457616,5,2,3
2025-05-16,1834.0,1834.0,1810.0999755859373,1814.0,1798.9608154296875,100662047,-0.028491844838070213,-0.028905615797476938,1840.6771240234375,1740.8268701171876,1830.66004293487,1808.6687353041568,0.01758735963297359,5,2,4
2025-05-19,1822.0,1828.699951171875,1809.0,1818.300048828125,1803.2252197265625,5799804,0.002370482036239574,0.0023676768758777366,1837.1664733886719,1745.7477319335937,1826.4393009028229,1808.2655119280387,0.01753777244352721,5,2,0
2025-05-20,1809.800048828125,1824.9000244140625,1799.5,1808.9000244140625,1793.9031982421875,12512596,-0.0051696379256434,-0.005183046736211843,1833.4723571777345,1749.9743969726562,1821.4337466473405,1807.2016368401978,0.017325345659797226,5,2,1
2025-05-21,1813.0,1826.5,1805.300048828125,1822.5,1807.390380859375,6849562,0.007518344708010716,0.0074902228198436,1831.9996704101563,1754.876416015625,1819.2732288338073,1807.2156178786554,0.017323861426463003,5,2,2
2025-05-22,1819.9000244140625,1836.699951171875,1816.300048828125,1831.4000244140625,1816.2166748046875,6496923,0.004883446342740738,0.0048715609972416205,1829.5104858398438,1759.1040747070313,1818.802989752404,1807.8823628361392,0.017324242982663794,5,2,3
2025-05-23,1825.0,1841.800048828125,1821.5,1831.699951171875,1816.5140380859373,3460945,0.00016372676530007624,0.0001637133635360368,1828.8212463378907,1763.16611328125,1818.4508433421784,1808.521746187976,0.016070565940609682,5,2,4
2025-05-26,1834.0,1850.0,1830.9000244140625,1847.4000244140625,1832.083984375,3254715,0.008571332762981942,0.008534807455622353,1830.3187316894532,1767.4641821289063,1820.54824965492,1810.2670971647926,0.01578321384962714,5,2,0
2025-05-27,1844.0,1857.5999755859373,1833.699951171875,1843.800048828125,1828.513916015625,5847725,-0.0019486379389932473,-0.0019505390039615603,1831.4096130371095,1771.6858911132813,1821.7737367873362,1811.6187133759654,0.015773901573991504,5,2,1
2025-05-28,1848.0,1867.0,1845.0999755859373,1856.0999755859373,1840.7117919921875,3713699,0.006670923239754156,0.006648771093590734,1833.0112182617188,1775.516865234375,1824.6872837419287,1813.7737562364262,0.015273223443484765,5,2,2
2025-05-29,1858.0,1867.0,1850.5,1863.5999755859373,1848.149658203125,5786774,0.004040755453023737,0.004032613526361581,1832.9665893554688,1779.895263671875,1828.2968798128818,1816.3201193450707,0.0147024696402287,5,2,3
2025-05-30,1854.0,1867.0,1843.0,1856.199951171875,1840.8109130859373,16712960,-0.003970860847017588,-0.003978765647799253,1833.3632690429688,1784.3321704101563,1830.2221157010442,1818.1342522147643,0.014555201876164667,5,2,4
2025-06-02,1844.0,1859.0,1831.5,1854.0999755859373,1838.7283935546875,3199499,-0.0011313055113079118,-0.0011319459204323467,1832.7731994628907,1788.59552734375,1831.5307738323738,1819.6597441658696,0.012892312741808517,6,2,0
2025-06-03,1867.0,1869.5,1832.0,1841.300048828125,1826.0345458984373,5596977,-0.006903601260929038,-0.006927541361675906,1829.8129455566407,1792.6050073242188,1830.6852003040758,1820.1319517016154,0.012937482899692761,6,2,1
2025-06-04,1855.0,1884.5999755859373,1850.0,1875.4000244140625,1859.851806640625,5892170,0.018519507650140987,0.01835010981513612,1828.7518127441406,1797.3305029296876,1835.1723705096988,1823.074163178579,0.013036617113226755,6,2,2
2025-06-05,1884.0,1889.0,1868.5999755859373,1878.800048828125,1863.2236328125,8999675,0.0018129542148659361,0.0018113127969509207,1828.9451965332032,1800.7727270507812,1839.4879493255144,1826.0481979662768,0.012713529280369678,6,2,3
2025-06-06,1872.0999755859373,1881.9000244140625,1867.300048828125,1870.199951171875,1854.6949462890625,4644174,-0.0045773821098241685,-0.004587890402556461,1830.0261596679688,1803.6367822265624,1841.8274873199064,1828.1701793235202,0.012225433652204751,6,2,4
2025-06-09,1874.0,1875.0,1848.699951171875,1865.0999755859373,1849.63720703125,3649505,-0.0027269925266859563,-0.002730717544411112,1829.7435180664063,1806.5385229492188,1843.0289826601131,1829.7603295240929,0.011870952103790796,6,2,0
2025-06-10,1866.5999755859373,1875.5999755859373,1850.300048828125,1857.0999755859373,1841.7034912109373,7925901,-0.0042893361953108,-0.004298561788373922,1831.5533874511718,1809.04953125,1842.8250608987014,1830.6450081675628,0.011904611123233617,6,2,1
2025-06-11,1857.9000244140625,1866.5,1847.800048828125,1860.199951171875,1844.77783203125,8907265,0.0016692919544238904,0.0016679002351845673,1832.8426086425782,1811.4623583984376,1843.1254872267857,1831.6918840093174,0.01190571256098774,6,2,2
2025-06-12,1871.9000244140625,1883.0,1831.5999755859373,1844.199951171875,1828.910400390625,7346031,-0.008601269684140544,-0.008638474094628219,1831.7021423339843,1813.8325439453124,1840.9385507904533,1831.4858481857104,0.011295013884483894,6,2,3
2025-06-13,1815.0,1844.5999755859373,1815.0,1840.4000244140625,1825.1419677734373,4613000,-0.0020604796256737945,-0.0020626053343058533,1833.0111999511719,1815.9547998046876,1838.508307249374,1831.0159311181346,0.011188232739323272,6,2,4
2025-06-16,1842.0999755859373,1870.0,1838.800048828125,1861.300048828125,1845.8687744140625,5722187,0.011356270912947553,0.011292272534598528,1835.143377685547,1818.67505859375,1839.6406868131724,1832.1161417326477,0.011244164653647064,6,2,0
2025-06-17,1879.0,1879.0,1847.5999755859373,1854.800048828125,1839.422607421875,6561555,-0.0034922130335259816,-0.0034983250432372,1837.4193481445313,1820.6624438476563,1839.6071361375882,1832.657361413331,0.010682531969865572,6,2,1
2025-06-18,1847.5999755859373,1871.0,1843.0999755859373,1865.9000244140625,1850.4306640625,5069427,0.005984517422047864,0.005966681322583619,1839.5713623046875,1823.0405639648438,1841.2722942798823,1833.9739023503066,0.010748854969373962,6,2,2
2025-06-19,1872.0,1879.0,1864.0999755859373,1877.0,1861.4385986328125,4712312,0.005948850061825661,0.005931225515942723,1841.8324584960938,1825.6894213867188,1844.3748026418716,1836.0083242971589,0.010601993498636702,6,2,3
2025-06-20,1880.0,1949.0,1874.0,1936.699951171875,1920.6435546875,16228526,0.031806021481542546,0.031310685711308614,1847.0389343261718,1830.6489575195312,1856.1084568027375,1842.2776006223694,0.011733705829792059,6,2,4
2025-06-23,1930.0,1949.0,1927.0999755859373,1936.300048828125,1920.2469482421875,2946463,-0.00020649664241167986,-0.0002065179657788632,1851.4470825195312,1834.9311596679688,1865.9759170241914,1848.053107853467,0.011568162099025925,6,2,0
2025-06-24,1950.9000244140625,1963.0,1929.0999755859373,1933.5999755859373,1917.5693359375,6837210,-0.0013944103945269237,-0.0013953834894020382,1855.899853515625,1839.2560034179687,1873.9133660877774,1853.2024580819138,0.010304829533845773,6,2,1
2025-06-25,1942.0,1970.0,1938.0,1965.5999755859373,1949.303955078125,4152765,0.016549398525456782,0.0164139495857168,1861.3294616699218,1843.40134765625,1885.5119182401386,1860.3210874890406,0.010598330066492558,6,2,2
2025-06-26,1970.0,2018.4000244140625,1966.300048828125,2014.300048828125,1997.600341796875,9413241,0.02477622158049453,0.02447426834572809,1868.8019958496093,1847.675615234375,1902.756291095021,1870.4899211414727,0.011007805903953026,6,2,3
2025-06-27,2010.0,2039.0,2008.5999755859373,2027.0999755859373,2010.2940673828125,6405854,0.006354487091506655,0.006334382463194048,1877.2761535644531,1851.7317065429688,1919.3005643700658,1880.8457838260163,0.0093248809703926,6,2,4
2025-06-30,2018.0,2023.9000244140625,2000.199951171875,2009.5999755859373,1992.939208984375,5597484,-0.008632994883694622,-0.00867047505065631,1884.9866943359375,1854.1217260742187,1930.6295866184212,1889.1490005044132,0.009593578843369794,6,2,0
2025-07-01,2009.0,2030.800048828125,2006.9000244140625,2019.4000244140625,2002.657958984375,3769165,0.0048765912960049285,0.004864739240805573,1893.8178649902343,1856.8191748046875,1941.7108746747217,1897.557071502929,0.009459103423287474,7,3,1
2025-07-02,2037.0,2045.800048828125,2018.300048828125,2033.300048828125,2016.4427490234373,6513288,0.006883247324996455,0.006859665927346016,1901.647412109375,1860.4111474609374,1953.2080861129857,1906.3634179859296,0.009451014074740804,7,3,2
2025-07-03,2041.800048828125,2044.9000244140625,2012.9000244140625,2019.300048828125,2002.558837890625,5558647,-0.0068853485374361645,-0.006909161921594215,1908.6141723632813,1863.1423168945312,1960.8005094633918,1913.4890046455366,0.009642411506993602,7,3,3
2025-07-04,2027.0,2036.5,2005.0999755859373,2017.199951171875,2000.4761962890625,2178315,-0.0010399902175939335,-0.0010405313826570624,1915.9032348632813,1866.5458642578126,1966.9044612827256,1919.932500322835,0.009658426657981023,7,3,4
2025-07-07,2018.0,2036.0,2010.5999755859373,2033.9000244140625,2017.037841796875,4165432,0.008278851574707424,0.008244769858783297,1924.2732666015625,1870.843935546875,1974.6172890541332,1927.1254885801713,0.009653032085608804,7,3,0
2025-07-08,2026.0,2035.0,2014.800048828125,2030.0,2013.1700439453125,3624619,-0.0019175633552401816,-0.0019194042335611754,1932.8465942382813,1874.9734106445312,1980.5484821143145,1933.4991593479594,0.009652456043137506,7,3,1
2025-07-09,2035.0,2040.699951171875,1998.5,2019.699951171875,2002.9554443359373,2937734,-0.005073888139800253,-0.0050868040178979595,1940.7554748535156,1878.85892578125,1983.9957070714872,1938.644069347069,0.009746915434150063,7,3,2
2025-07-10,2028.5999755859373,2028.5999755859373,1962.300048828125,1964.5,1948.213134765625,5695845,-0.027330767504147646,-0.027711200638316214,1946.7206115722656,1880.84234375,1978.4906959475084,1939.352889007703,0.01119216259962488,7,3,3
2025-07-11,1942.0,1959.0999755859373,1914.199951171875,1921.9000244140625,1905.96630859375,13103980,-0.02168490983762794,-0.02192348275539782,1950.7618286132813,1882.3041235351564,1967.333097893084,1936.8798089770398,0.011949802577799892,7,3,4
2025-07-14,1915.0,1927.5,1900.199951171875,1920.9000244140625,1904.974609375,5269381,-0.0005203130896273,-0.0005204484994552933,1953.7171203613282,1883.3930200195311,1957.7394842749172,1934.5164608583702,0.011946161394441214,7,3,0
2025-07-15,1924.800048828125,1943.0,1923.199951171875,1934.199951171875,1918.164306640625,4163140,0.006923817882251049,0.0068999583247271,1957.6542053222656,1884.051513671875,1951.650995408103,1933.3051901755744,0.011887359529591877,7,3,1
2025-07-16,1944.0,1944.0,1928.800048828125,1936.5999755859373,1920.54443359375,4211258,0.0012408358058197955,0.0012400666053065672,1961.159893798828,1884.8409130859375,1946.865370513587,1932.359948947291,0.011455589711614336,7,3,2
2025-07-17,1943.699951171875,1944.9000244140625,1927.5999755859373,1929.9000244140625,1913.9000244140625,6256455,-0.0034596487659774855,-0.0034656471897250457,1963.7829650878907,1885.9317944335937,1941.793778805968,1930.9925471300148,0.011485225812101341,7,3,3
2025-07-18,1915.0999755859373,1916.0,1891.800048828125,1901.0,1901.0,4643961,-0.006740176733114223,-0.006762994311783199,1962.8007873535157,1887.2902807617188,1935.5178128358189,1928.770876972236,0.011527881597970755,7,3,4
2025-07-21,1894.800048828125,1919.9000244140625,1892.5999755859373,1909.199951171875,1909.199951171875,5109654,0.00431349351492627,0.004304217068136455,1962.2484375,1888.3684790039063,1931.468911041366,1927.321178764802,0.011523448117383579,7,3,0
2025-07-22,1909.199951171875,1911.300048828125,1883.0,1906.800048828125,1906.800048828125,4513541,-0.0012570199063104415,-0.0012578106185296629,1961.7099731445312,1890.3943579101563,1927.6737014700982,1925.8010950657888,0.011487597749096108,7,3,1
2025-07-23,1920.0,1949.0,1907.300048828125,1943.800048828125,1943.800048828125,5194282,0.01940423696902016,0.019218375251266573,1961.4347778320312,1892.8904907226563,1930.1546779867176,1927.1343509000358,0.011958096874808725,7,3,2
2025-07-24,1943.800048828125,1970.4000244140625,1933.699951171875,1936.0999755859373,1936.0999755859373,4150685,-0.0039613504726629944,-0.003969217404101215,1958.3597595214844,1894.578095703125,1931.0693391558284,1927.7984712471396,0.011848253086108419,7,3,3
2025-07-25,1936.0999755859373,1952.699951171875,1925.0,1937.9000244140625,1937.9000244140625,3896884,0.0009297292757728393,0.000929297345207987,1954.740057373047,1897.3568798828126,1932.1202138109413,1928.5467344446893,0.01182575126004792,7,3,4
2025-07-28,1930.0,1930.0,1885.0,1890.300048828125,1890.300048828125,3575044,-0.02456265802480173,-0.024869352683403418,1949.6080993652345,1899.0983764648438,1925.6863422751235,1925.71364662124,0.012642965226415203,7,3,0
2025-07-29,1880.0,1923.5999755859373,1880.0,1918.300048828125,1918.300048828125,3748040,0.014812463247492635,0.014703830149138446,1945.390203857422,1901.5863134765625,1924.5499894371237,1925.1644912291574,0.012864913953937369,7,3,1
2025-07-30,1934.0,1939.199951171875,1922.0999755859373,1932.5999755859373,1932.5999755859373,5044683,0.00745447864975457,0.007426831336308744,1941.198065185547,1904.0905053710937,1925.7884488446334,1925.7152678481782,0.012885442895512913,7,3,2
2025-07-31,1913.0,1926.5,1895.5999755859373,1914.300048828125,1914.300048828125,4674966,-0.009469071193723866,-0.009514187883003143,1936.7851257324219,1906.0521728515625,1924.0210026882473,1924.869696068915,0.013009968171580023,7,3,3
2025-08-01,1914.0,1919.699951171875,1878.0,1884.4000244140625,1884.4000244140625,5192594,-0.015619298778353108,-0.015742565267682508,1930.9813171386718,1907.409892578125,1917.925467569142,1921.871942613,0.011980176633422183,8,3,4
2025-08-04,1892.0,1919.9000244140625,1878.5,1914.5999755859373,1914.5999755859373,3074380,0.01602629525610677,0.015899229978964174,1925.8594238281246,1909.0602124023437,1917.4138534178796,1921.3332783887731,0.012357577810647736,8,3,0
2025-08-05,1920.0,1937.5999755859373,1912.0999755859373,1931.800048828125,1931.800048828125,5167672,0.008983638076629497,0.008943525260436973,1921.7909240722652,1911.1259350585938,1919.627114250225,1922.1085947176139,0.012462710145497975,8,3,1
2025-08-06,1930.0,1964.800048828125,1921.5999755859373,1929.699951171875,1929.699951171875,5461349,-0.0010871195792359067,-0.0010877109223383107,1918.1281494140621,1912.9056982421876,1921.1767814689404,1922.6709174179296,0.012080956272226284,8,3,2
2025-08-07,1928.0999755859373,1933.300048828125,1909.0999755859373,1922.5999755859373,1922.5999755859373,4268534,-0.003679315834374197,-0.0036861011655762123,1916.8474914550777,1914.3947045898437,1921.3957344100168,1922.6656624674115,0.01112635241940816,8,3,3
2025-08-08,1886.300048828125,1893.800048828125,1856.0,1858.5999755859373,1858.5999755859373,93801105,-0.03328825591007056,-0.03385492094574235,1914.479174804687,1914.7504858398438,1911.7348484370814,1917.9200560317468,0.012469432825636886,8,3,4
2025-08-11,1863.0,1866.0,1845.699951171875,1857.4000244140625,1857.4000244140625,5266532,-0.0006456209984058159,-0.0006458295013900404,1912.1004455566404,1915.1239184570313,1903.3756447412322,1913.437090726733,0.012419937458269083,8,3,0
2025-08-12,1857.4000244140625,1865.0,1847.0999755859373,1850.300048828125,1850.300048828125,4645011,-0.0038225344527909044,-0.003829859009149616,1908.7072326660152,1915.609228515625,1895.210168446908,1908.7602728083175,0.012348681013346172,8,3,1
2025-08-13,1853.0,1872.5,1851.800048828125,1867.4000244140625,1867.4000244140625,6697206,0.00924173114342608,0.009199287646679537,1906.050012207031,1915.7601928710938,1890.9316847495472,1905.6965507050393,0.012418183695901504,8,3,2
2025-08-14,1873.0,1883.0,1866.800048828125,1873.800048828125,1873.800048828125,3958631,0.0034272380477613495,0.0034213784517801403,1904.045013427734,1915.9717211914062,1888.296048453944,1903.333846862305,0.012434788439089838,8,3,3
2025-08-18,1892.5,1912.5999755859373,1870.300048828125,1892.300048828125,1892.300048828125,7146376,0.009872985120034539,0.009824565638158459,1903.6100158691402,1916.7238232421876,1888.9120485115102,1902.5165284894028,0.01262615064263841,8,3,0
2025-08-19,1901.0999755859373,1931.800048828125,1900.0,1909.699951171875,1909.699951171875,5706265,0.009195107485478138,0.00915308985929878,1903.6350158691403,1917.925078125,1892.1101873823354,1903.0486338732896,0.01265238644994932,8,3,1
2025-08-20,1937.0,1952.0,1926.0,1928.4000244140625,1928.4000244140625,6962619,0.00979215254768806,0.00974452011884729,1904.715014648437,1919.6590087890625,1897.6932392333706,1904.9265146540877,0.012826245985789424,8,3,2
2025-08-21,1930.0,1940.9000244140625,1927.699951171875,1929.9000244140625,1929.9000244140625,3376913,0.0007778469098784768,0.0007775445437570825,1904.020013427734,1921.3614526367187,1902.6481292611693,1906.7764042659376,0.012812193316874967,8,3,3
2025-08-22,1934.0,1947.699951171875,1917.4000244140625,1933.300048828125,1933.300048828125,3271920,0.001761761941577733,0.0017602118593252475,1903.8800170898435,1923.4492456054688,1907.3638091945472,1908.7411186779514,0.011825891929142181,8,3,4
2025-08-25,1940.0,1940.0999755859373,1913.199951171875,1930.699951171875,1930.699951171875,2451388,-0.0013449012520462267,-0.001345806443421472,1903.520013427734,1925.5604052734375,1910.953984883367,1910.3676988626864,0.011112481226329402,8,3,0
2025-08-26,1922.0999755859373,1925.800048828125,1896.199951171875,1904.699951171875,1904.699951171875,5984656,-0.013466618665535668,-0.013558115942481937,1904.2400085449215,1926.7370288085938,1909.9918258508296,1909.947865700404,0.011400710751698,8,3,1
2025-08-28,1893.0,1899.800048828125,1878.199951171875,1881.0999755859373,1881.0999755859373,5494113,-0.012390390187923206,-0.01246779108854973,1902.380004882812,1927.570576171875,1905.546925810077,1907.8109849511843,0.011544093305579274,8,3,3
2025-08-29,1872.5,1900.0999755859373,1872.5,1888.800048828125,1888.800048828125,4339042,0.004093388624806682,0.004085033502338005,1900.190008544922,1928.3379638671875,1902.970483197469,1906.4027674605873,0.011571369133155443,8,3,4
2025-09-01,1889.0,1904.800048828125,1884.199951171875,1900.5999755859373,1900.5999755859373,3421488,0.006247313878000593,0.006227880309061285,1899.5050048828125,1929.12119140625,1902.605789718772,1905.972931025428,0.011621082925723884,9,3,0
2025-09-02,1904.5,1917.5,1878.0,1887.199951171875,1887.199951171875,4423049,-0.007050418071236297,-0.007075389711617261,1899.645001220703,1928.4523193359375,1900.235660711557,1904.5823399251647,0.011627270654572024,9,3,1
2025-09-03,1891.0,1892.0999755859373,1870.0,1883.9000244140625,1883.9000244140625,3803044,-0.001748583532849013,-0.0017501140894990196,1898.1100036621094,1927.725380859375,1897.7224858965578,1903.050316553972,0.01159918153902519,9,3,2
2025-09-04,1899.0,1903.5,1876.5999755859373,1880.4000244140625,1880.4000244140625,5205333,-0.00185784805703193,-0.0018595759972320051,1895.5400024414062,1926.9819946289062,1895.0574918223278,1901.372517136201,0.011601268192584845,9,3,3
2025-09-05,1887.0,1910.699951171875,1875.699951171875,1895.300048828125,1895.300048828125,2620140,0.007923858870776845,0.007892629961579732,1893.8200073242188,1925.9019165039062,1895.094808284758,1900.922704668936,0.011104207031713711,9,3,4
2025-09-08,1898.0,1899.0,1884.0999755859373,1887.699951171875,1887.699951171875,2547552,-0.004009970696169818,-0.004018032186772925,1892.0750061035155,1923.7039086914062,1893.9571379596991,1899.9432414469316,0.011104690631071924,9,3,0
2025-09-09,1892.0,1904.0,1883.0,1893.699951171875,1893.699951171875,4517793,0.003178471237590186,0.003173430576126743,1893.8300048828125,1921.3720263671876,1893.9175707615725,1899.4807755006311,0.011124225829949284,9,3,1
2025-09-10,1904.0,1905.0,1883.0,1891.4000244140625,1891.4000244140625,3566139,-0.0012145148741168343,-0.0012152529950062853,1895.5300048828126,1919.3412426757814,1893.5302559388786,1898.8822013460706,0.010173945526693392,9,3,2
2025-09-11,1884.0,1916.0,1882.0999755859373,1913.0,1913.0,4718266,0.011420099030943431,0.011355381950909174,1898.6650024414062,1917.5480834960938,1896.5256011790511,1899.9279642093247,0.010022157322675038,9,3,3
2025-09-12,1925.0,1925.0,1901.5999755859373,1902.5999755859373,1902.5999755859373,3192824,-0.005436499955077223,-0.005451331499843508,1900.425,1915.2712280273438,1897.460120318572,1900.1258909779626,0.009965798303411445,9,3,4
2025-09-15,1904.0,1913.0,1898.4000244140625,1904.5,1904.5,3553258,0.0009986462937263685,0.00099814797824939,1901.9599975585938,1913.3100512695312,1898.5431787310995,1900.4498990536692,0.00982217810930504,9,3,0
2025-09-16,1903.300048828125,1942.0,1902.5,1939.5,1939.5,5427586,0.018377526909950204,0.01821070096136321,1904.3199951171875,1912.09052734375,1904.8442281570842,1903.342499123768,0.009933328523120599,9,3,1
2025-09-17,1938.0999755859373,1950.0999755859373,1932.5999755859373,1941.300048828125,1941.300048828125,4234637,0.0009280994215647986,0.0009276690035898396,1905.9,1910.575771484375,1910.452815952629,1906.1541694722391,0.009520130806940773,9,3,2
2025-09-18,1944.5,1949.800048828125,1920.5,1941.0999755859373,1941.0999755859373,5080814,-0.00010306147280447764,-0.00010306678400298905,1906.5349975585937,1909.1343701171875,1915.1677635885226,1908.7427477028834,0.009384691337327599,9,3,3
2025-09-19,1930.199951171875,1976.800048828125,1927.800048828125,1962.4000244140625,1962.4000244140625,11287603,0.010973184841597705,0.010913416285591355,1908.1599975585937,1908.32326171875,1922.4342652539901,1912.7173607926004,0.009583722119410531,9,3,4
2025-09-22,1954.0,1966.0,1944.0,1956.199951171875,1956.199951171875,4469137,-0.0031594339406099126,-0.0031644354895096773,1909.3049926757812,1908.482998046875,1927.6289861644339,1915.9382934132873,0.009576175035927705,9,3,0
2025-09-23,1950.0,1955.0,1930.0999755859373,1938.699951171875,1938.699951171875,4348633,-0.008945915773853508,-0.008986170736542686,1909.7049926757813,1909.1376708984376,1929.332211550194,1917.6243421361455,0.007384188991671033,9,3,1
2025-09-24,1926.0,1937.300048828125,1918.800048828125,1931.0999755859373,1931.0999755859373,5237977,-0.00392014018535658,-0.0039278440750356615,1911.0249938964844,1909.6601782226562,1929.6041752480007,1918.6225372065005,0.007439976447041802,9,3,2
2025-09-25,1930.0,1950.0,1928.800048828125,1935.5999755859373,1935.5999755859373,7133365,0.0023302781093115232,0.002327567221875788,1913.7499938964843,1910.0088916015625,1930.5266060692218,1919.880125234607,0.007377740262433536,9,3,3
2025-09-26,1931.0999755859373,1944.699951171875,1911.9000244140625,1916.5999755859373,1916.5999755859373,3239306,-0.009816077825816505,-0.009864573134541022,1915.139990234375,1909.9300024414063,1928.3840475333318,1919.6371511865575,0.007510097962942768,9,3,4
2025-09-29,1928.0,1928.0,1897.5,1902.199951171875,1902.199951171875,5072608,-0.00751331764452301,-0.007541684792452794,1915.219989013672,1909.6960009765626,1924.3557250161848,1918.3455067410255,0.007647247229883802,9,3,0
2025-09-30,1896.0,1907.5999755859373,1875.199951171875,1878.4000244140625,1878.4000244140625,5945625,-0.012511790226442887,-0.012590721747951736,1914.7799926757812,1909.2440014648437,1917.285617231243,1915.3865821242134,0.007794815316239782,9,3,1
2025-10-01,1868.0,1877.0,1855.9000244140625,1867.5999755859373,1867.5999755859373,5675393,-0.005749600025422796,-0.005766192606686302,1913.964990234375,1908.412001953125,1909.6416723627344,1911.8468334917484,0.007648778359461993,10,4,2
2025-10-03,1851.199951171875,1900.300048828125,1848.0999755859373,1896.699951171875,1896.699951171875,5828332,0.015581482098064425,0.01546133722219457,1914.7799865722657,1908.21,1907.6506383333713,1910.7248422087946,0.007988489857772368,10,4,4
2025-10-06,1892.5999755859373,1907.0,1887.5,1903.0999755859373,1903.0999755859373,2809218,0.003374294605801076,0.003368614447855397,1915.1699829101562,1907.3959985351562,1906.9505363722276,1910.1600372737682,0.008017067352102438,10,4,0
2025-10-07,1900.0,1946.0,1900.0,1929.0,1929.0,5713060,0.013609387182136112,0.013517611211323378,1917.2349853515625,1907.2539990234375,1910.342761545731,1911.555590068304,0.00841113467155533,10,4,1
2025-10-08,1929.0,1962.5999755859373,1927.5999755859373,1943.5,1943.5,4957406,0.007516848107827823,0.007488737386548708,1919.7249877929687,1907.3659985351562,1915.4438751540802,1913.921842655837,0.008518652373181453,10,4,2
2025-10-09,1945.0,1948.800048828125,1931.300048828125,1942.0,1942.0,3945737,-0.000771803447388697,-0.0007721014410075981,1922.2549865722656,1908.3999975585937,1919.5294328226832,1916.0017061628123,0.008119469810494303,10,4,3
2025-10-10,1937.0,1947.5999755859373,1935.4000244140625,1939.9000244140625,1939.9000244140625,2512581,-0.0010813468516670532,-0.001081931928992904,1923.5999877929687,1908.8319970703126,1922.6633699905879,1917.7719519592013,0.007745715283802016,10,4,4
2025-10-13,1937.9000244140625,1965.9000244140625,1936.0,1954.9000244140625,1954.9000244140625,3672419,0.007732357240693766,0.007702615782446839,1926.214990234375,1909.277998046875,1927.622855286507,1920.5221795484504,0.007823038252406087,10,4,0
2025-10-14,1964.0,1964.0,1939.199951171875,1946.5999755859373,1946.5999755859373,4454239,-0.004245766394428752,-0.00425480525423098,1928.3199890136718,1909.9239965820314,1930.54241225565,1922.4538681438198,0.007823087237416931,10,4,1
2025-10-15,1957.199951171875,1976.0,1951.5999755859373,1968.5,1968.5,3447352,0.011250397970168802,0.01118758293329912,1929.7699890136719,1911.60599609375,1936.3820411393963,1925.8646927257591,0.007900788994211316,10,4,2
2025-10-16,1962.300048828125,1986.9000244140625,1962.0,1967.4000244140625,1967.4000244140625,3700674,-0.0005587887152336268,-0.0005589448958317769,1931.0749877929688,1912.6619970703125,1941.154038566268,1928.9413839619297,0.007887221522294319,10,4,3
2025-10-17,1973.5999755859373,2034.300048828125,1970.300048828125,2012.0,2012.0,6743801,0.02266950037231008,0.022416365731669424,1934.6199890136718,1914.26599609375,1952.0534172483804,1935.0938740388237,0.008753335059862075,10,4,4
2025-10-20,2026.0,2057.0,2019.699951171875,2051.5,2051.5,7387180,0.019632206759443438,0.019441980662611047,1939.0749877929688,1916.7019970703125,1967.3528915178604,1943.716550035948,0.009259382856471212,10,4,0
2025-10-21,2051.800048828125,2058.5,2038.5,2043.5,2043.5,240850,-0.0038995856690227093,-0.00390720887790882,1943.439990234375,1919.1199975585937,1979.0678312843434,1951.107916699952,0.009256652402752146,10,4,1
2025-10-23,2063.89990234375,2067.0,2003.5999755859373,2007.9000244140625,2007.9000244140625,8790128,-0.017421079317806454,-0.017574612070622667,1946.8999938964844,1922.1059985351562,1983.5035533043,1955.31473949359,0.009956594843124363,10,4,3
2025-10-24,2008.0,2033.0,2006.9000244140625,2029.300048828125,2029.300048828125,3236799,0.010657913319318535,0.01060151811077421,1951.8099975585938,1925.5439990234374,1990.5491680002733,1960.7951327776298,0.010059772116031025,10,4,4
2025-10-27,2030.0,2094.0,2030.0,2080.10009765625,2080.10009765625,5796831,0.02503328616064482,0.024725086366160852,1959.0350036621094,1930.14,2004.3262341011928,1969.6325375834535,0.010763238843264042,10,4,0
2025-10-28,2092.0,2102.60009765625,2071.699951171875,2090.199951171875,2090.199951171875,9891522,0.0048554651418002415,0.004843715389255023,1967.7150024414063,1934.5959985351562,2017.53757518899,1978.5634571085218,0.01065343652445671,10,4,1
2025-10-29,2083.0,2110.39990234375,2081.60009765625,2100.60009765625,2100.60009765625,2742750,0.00497567061875781,0.004963332878468026,1977.635009765625,1939.1319995117187,2030.3164247993377,1987.6032082602053,0.01064991871777226,10,4,2
2025-10-30,2070.0,2088.0,2058.60009765625,2066.300048828125,2066.300048828125,4222189,-0.016328690485350017,-0.016463472778103977,1987.030010986328,1942.6119995117188,2035.8523669576127,1993.432603857829,0.010841899388435815,10,4,3
2025-10-31,2056.0,2073.800048828125,2051.699951171875,2054.5,2054.5,4659723,-0.005710714102154402,-0.005727082576798927,1996.3750122070312,1945.5080004882811,2038.7212335795184,1997.956114683175,0.010935466233571802,10,4,4
2025-11-03,2055.0,2081.0,2047.199951171875,2074.0,2074.0,2979629,0.009491360428327988,0.009446600466008124,2005.2400146484374,1948.42,2044.1487361057464,2003.5889950770138,0.011013417421810912,11,4,0
2025-11-04,2107.0,2135.60009765625,2103.5,2113.300048828125,2113.300048828125,12263078,0.018948914574794973,0.018771620083788854,2015.750018310547,1952.0880004882813,2054.787399601497,2011.7157397993183,0.011322715496035737,11,4,1
2025-11-06,2115.0,2123.300048828125,2080.5,2094.89990234375,2094.89990234375,9546299,-0.008706831050601771,-0.008744956969350294,2024.0450134277344,1955.3199975585937,2060.9585538695355,2017.8775296174244,0.011463329795461332,11,4,3
2025-11-07,2048.0,2048.0,1995.5999755859373,2001.199951171875,2001.199951171875,70392750,-0.044727650742187985,-0.04575879668928443,2026.9300109863282,1956.7299975585938,2051.76492268528,2016.6421534362726,0.014211223128709973,11,4,4
2025-11-10,1995.0,2028.800048828125,1992.199951171875,2019.800048828125,2019.800048828125,7457061,0.009294472371617957,0.009251544552562163,2030.8200134277345,1959.0319995117188,2046.8472497841792,2016.8760716134468,0.014253178029928905,11,4,0
2025-11-11,2020.0999755859373,2056.89990234375,2017.4000244140625,2042.300048828125,2042.300048828125,14825625,0.011139716534344313,0.011078126864322923,2035.9400146484375,1962.2560009765625,2046.1476804063248,2018.7593291849043,0.014359158843052916,11,4,1
2025-11-12,2060.0,2079.800048828125,2054.89990234375,2073.800048828125,2073.800048828125,8210277,0.015423786538160567,0.015306049037908723,2041.8850158691407,1965.9560009765626,2050.4018909327556,2022.8364195288468,0.014388980327136836,11,4,2
2025-11-13,2099.89990234375,2107.0,2079.0,2091.800048828125,2091.800048828125,5958875,0.008679718186992869,0.00864226599338262,2049.14501953125,1969.7800024414062,2056.770838301274,2027.9448365139785,0.014294812328291714,11,4,3
2025-11-14,2090.0,2107.89990234375,2081.89990234375,2100.699951171875,2100.699951171875,6312655,0.004254662078593929,0.004245636595091187,2055.755017089844,1974.0500024414061,2063.5291633582897,2033.3341042664151,0.01398075392618972,11,4,4
2025-11-17,2112.0,2122.0,2100.89990234375,2112.199951171875,2112.199951171875,5998770,0.005474365814872595,0.005459435937291207,2062.995013427734,1978.6160009765624,2071.016976868072,2039.1760188520047,0.01386524336267707,11,4,0
2025-11-18,2122.0,2159.0,2110.300048828125,2149.199951171875,2149.199951171875,10972556,0.017517280965503312,0.01736562194027116,2069.855010986328,1983.9919995117189,2083.0451267609646,2047.325939764588,0.013924392679337734,11,4,1
2025-11-19,2155.0,2166.199951171875,2146.699951171875,2159.800048828125,2159.800048828125,7419461,0.004932113296610696,0.004919990270909103,2075.2700134277343,1989.2819995117188,2094.8535763097584,2055.6573552507757,0.013923844582176695,11,4,2
2025-11-20,2153.10009765625,2169.300048828125,2149.89990234375,2158.300048828125,2158.300048828125,7452899,-0.0006945087351090118,-0.0006947500180224451,2081.0100158691407,1994.6940014648437,2104.614572081815,2063.260517737987,0.013839471247976097,11,4,3
2025-11-21,2150.10009765625,2174.5,2148.60009765625,2162.699951171875,2162.699951171875,6720938,0.0020385962304634297,0.002036521112907298,2088.7500122070314,2000.0740014648438,2113.5507842495167,2070.6264016960527,0.013825478865341757,11,4,4
2025-11-24,2162.10009765625,2165.800048828125,2140.39990234375,2152.10009765625,2152.10009765625,9686848,-0.004901213184880904,-0.004913263520522622,2094.8900146484375,2005.2880029296875,2119.4814478505523,2076.661490285697,0.013891540895171079,11,4,0
2025-11-25,2159.0,2170.699951171875,2138.699951171875,2161.60009765625,2161.60009765625,7102592,0.004414292815815513,0.00440457840296717,2098.9650146484373,2010.2600048828126,2125.961240128352,2082.953238979812,0.01386492343785075,11,4,1
2025-11-26,2104.0,2134.89990234375,2097.5,2126.800048828125,2126.800048828125,43174047,-0.016099207649859726,-0.016230207795018114,2100.79501953125,2014.7440063476563,2126.0902876206246,2086.2011508204278,0.01430217699772907,11,4,2
2025-11-27,2132.0,2136.89990234375,2103.800048828125,2115.60009765625,2115.60009765625,4444877,-0.005266104436120411,-0.0052800192367805044,2101.54501953125,2018.9660083007811,2124.47641224149,2088.378850586044,0.014320988730033818,11,4,3
2025-11-28,2118.0,2129.5,2096.39990234375,2101.60009765625,2101.60009765625,6263457,-0.006617507730080852,-0.006639500512995243,2103.310021972656,2022.2080102539062,2120.956979228376,2089.358202220874,0.014332373934865795,11,4,4
2025-12-01,2114.699951171875,2119.0,2083.10009765625,2089.699951171875,2089.699951171875,5058900,-0.0056624219315778435,-0.005678514218942457,2105.07001953125,2025.1760083007812,2116.148205681222,2089.383516957985,0.014397414709251068,12,4,0
2025-12-02,2089.800048828125,2114.800048828125,2087.10009765625,2104.0,2104.0,6591396,0.006843111050514938,0.006819803237641532,2106.57001953125,2028.4340087890625,2114.279250961034,2090.466219405542,0.013899571174209407,12,4,1
2025-12-03,2100.10009765625,2109.89990234375,2081.60009765625,2086.0,2086.0,4357641,-0.008555133079847899,-0.008591938296882713,2105.2050170898438,2030.9060083007812,2109.9285969670286,2090.1353883384645,0.013586784852586084,12,4,2
2025-12-04,2094.800048828125,2108.5,2074.10009765625,2103.800048828125,2103.800048828125,4611819,0.008533101068132876,0.008496899953945774,2105.6500244140625,2033.8580102539063,2108.9857434071973,2091.1475854117725,0.013632882661798944,12,4,3
2025-12-05,2092.60009765625,2111.89990234375,2090.0,2108.800048828125,2108.800048828125,2938290,0.002376651717821421,0.002373831947984325,2111.030029296875,2037.2600122070312,2108.957175010417,2092.4551752944653,0.013179013289635966,12,4,4
2025-12-08,2114.39990234375,2114.39990234375,2078.89990234375,2086.199951171875,2086.199951171875,4327091,-0.010717041508420455,-0.010774882626071616,2114.3500244140623,2040.36201171875,2105.456063650641,2091.9918253594587,0.013256735552375646,12,4,0
2025-12-09,2086.800048828125,2100.39990234375,2080.39990234375,2089.699951171875,2089.699951171875,5139229,0.0016776915357676891,0.0016762857833827274,2116.72001953125,2043.4440112304687,2103.032046346216,2091.822056901119,0.012458954252935202,12,4,1
2025-12-10,2072.0,2096.89990234375,2062.199951171875,2067.0,2067.0,3987451,-0.010862780160924679,-0.01092221093819064,2116.380017089844,2046.45201171875,2097.488654600644,2089.983386019555,0.012587546214825364,12,4,2
2025-12-11,2066.0,2069.199951171875,2038.0,2053.199951171875,2053.199951171875,3254850,-0.006676366148101076,-0.006698752777095662,2114.4500122070312,2049.47201171875,2090.6750079192952,2087.258687141949,0.012599085445713483,12,4,3
2025-12-12,2053.10009765625,2087.10009765625,2050.60009765625,2083.39990234375,2083.39990234375,2706420,0.014708723889574449,0.014601599772174631,2113.585009765625,2053.5720092773436,2089.5557609076727,2086.972851230971,0.012544226473213172,12,4,4
2025-12-15,2070.10009765625,2078.89990234375,2061.5,2069.699951171875,2069.699951171875,3233614,-0.006575766446212827,-0.006597482048560198,2111.460009765625,2057.6140087890626,2086.5010209483194,2085.6933771525196,0.012559627305895863,12,4,0
2025-12-16,2070.10009765625,2106.60009765625,2070.10009765625,2102.0,2102.0,5756692,0.015606150451825895,0.015485626808609307,2109.1000122070313,2061.720009765625,2088.8854792639627,2086.901275141222,0.01276154517624381,12,4,1
2025-12-17,2117.60009765625,2128.0,2096.39990234375,2108.0,2108.0,6412516,0.0028544243577546258,0.002850358224356616,2106.510009765625,2065.8180102539063,2091.8261747618144,2088.46414364928,0.012289973087879526,12,4,2
2025-12-18,2099.0,2116.60009765625,2088.10009765625,2092.0,2092.0,3760341,-0.007590132827324458,-0.007619084476439405,2103.1950073242188,2069.078010253906,2091.852917106151,2088.7260589345183,0.012264388062331122,12,4,3
2025-12-19,2113.89990234375,2115.0,2082.0,2097.699951171875,2097.699951171875,10127415,0.002724642051565418,0.002720936942948134,2099.9450073242188,2072.1620092773437,2092.75246080857,2089.390791692841,0.00888866227221521,12,4,4
2025-12-22,2118.0,2151.699951171875,2101.699951171875,2147.60009765625,2147.60009765625,7670853,0.02378802862463636,0.023509501892922974,2099.720007324219,2076.2740112304687,2101.190558785136,2093.702592134575,0.009679478424419075,12,4,0
2025-12-23,2157.0,2164.0,2119.199951171875,2122.89990234375,2122.89990234375,4110853,-0.011501301075305448,-0.011567952584072122,2097.7849975585937,2079.9340087890623,2104.530457794154,2095.865355853773,0.009831195315000436,12,4,1
2025-12-24,2111.0,2137.199951171875,2111.0,2123.699951171875,2123.699951171875,3145464,0.0003768660157936754,0.00037679501963354525,2097.629992675781,2083.3100073242185,2107.4796106214953,2097.927177729188,0.009464771083688654,12,4,2
2025-12-26,2123.0,2123.0,2101.800048828125,2105.39990234375,2105.39990234375,1297870,-0.008617059494693158,-0.008654401022726568,2097.119982910156,2086.486005859375,2107.1596555018423,2098.480712885822,0.009497258657677286,12,4,4
2025-12-29,2105.39990234375,2112.699951171875,2079.39990234375,2081.60009765625,2081.60009765625,2371034,-0.011304172979682336,-0.011368550761247367,2096.119982910156,2088.7480078125,2103.2274158332893,2097.2302969428906,0.009694340389942548,12,4,0
2025-12-30,2077.0,2102.800048828125,2071.60009765625,2099.800048828125,2099.800048828125,6983390,0.008743250537107006,0.008705249662271172,2096.6249877929686,2091.3960083007814,2102.7001286017257,2097.420648934389,0.009779007593482741,12,4,1
2025-12-31,2096.0,2121.0,2090.10009765625,2105.60009765625,2105.60009765625,2991434,0.0027621910149786544,0.002758383175751576,2096.7049926757813,2093.268010253906,2103.146277687037,2098.0265340248975,0.009214542382351771,12,4,2
2026-01-01,2114.800048828125,2123.89990234375,2107.0,2110.39990234375,2110.39990234375,2097756,0.002279542394038936,0.0022769481789433523,2097.9249877929688,2094.446008300781,2104.262219941916,2098.9430798262943,0.009171838316917506,1,1,3
2026-01-02,2108.0,2125.0,2098.0,2106.300048828125,2106.300048828125,2927138,-0.0019426903455936895,-0.0019445798159836189,2098.0499877929688,2095.7020092773437,2104.575732078256,2099.4880404930964,0.009174500328528337,1,1,4
2026-01-05,2102.10009765625,2112.10009765625,2096.5,2105.0,2105.0,2642580,-0.0006172191985887032,-0.0006174097567730707,2097.8599853515625,2097.6440087890624,2104.6410040662167,2099.896333789904,0.009159245068673617,1,1,0
2026-01-06,2106.800048828125,2121.800048828125,2087.5,2105.300048828125,2105.300048828125,9119265,0.00014254101098565286,0.00014253085298102317,2098.814990234375,2099.1640087890623,2104.742395568049,2100.29660897792,0.009128758851694601,1,1,1
2026-01-07,2095.60009765625,2103.800048828125,2077.0,2084.199951171875,2084.199951171875,4171371,-0.010022370762777899,-0.010072932838890079,2098.539990234375,2099.246005859375,2101.582019507099,2099.10426395525,0.009230224107774087,1,1,2
2026-01-08,2088.0,2092.0,2055.0,2066.300048828125,2066.300048828125,5534929,-0.008588380559977238,-0.008625473230309474,2098.504992675781,2098.7680078125,2096.154024018026,2096.6743220939816,0.008907648876349698,1,1,3
2026-01-09,2070.199951171875,2084.0,2023.199951171875,2027.0999755859373,2027.0999755859373,4165409,-0.01897114277494183,-0.019153403717862113,2097.1999938964846,2097.298005371094,2085.530324259243,2091.5206667970892,0.009471633333763548,1,1,4
2026-01-12,2023.5,2048.800048828125,2001.300048828125,2044.0,2044.0,4689135,0.008337045344385619,0.008302484141193996,2095.2299987792967,2096.8520043945314,2079.141043603975,2088.000617404712,0.009579400889772572,1,1,0
2026-01-13,2047.0,2049.89990234375,2014.9000244140625,2026.9000244140625,2026.9000244140625,7388496,-0.008365937175116245,-0.008401128034650733,2093.0900024414063,2096.3000048828126,2071.103963728604,2083.474647553553,0.009638460616290522,1,1,1
2026-01-14,2015.0999755859373,2034.0,2008.699951171875,2022.5,2022.5,4842964,-0.002170814722514236,-0.0021731743562976224,2089.1150024414064,2095.2700048828124,2063.62643084728,2078.9580069940307,0.009526287565252327,1,1,2
2026-01-15,2022.5,2022.5,2022.5,2022.5,2022.5,0,0.0,0.0,2084.8400024414063,2093.45400390625,2057.2992876400062,2074.7759324018803,0.009428301164543426,1,1,3
2026-01-16,2020.0,2029.699951171875,1988.699951171875,2016.4000244140625,2016.4000244140625,7310676,-0.0030160571500309485,-0.003020614616423378,2081.0600036621095,2091.8840063476564,2051.007093297553,2070.4517910694494,0.009260464497049826,1,1,4
2026-01-19,2023.0,2023.0,1996.300048828125,2010.0,2010.0,4272071,-0.0031739854872905315,-0.0031790332631019915,2076.6750061035154,2092.0600073242185,2044.6983097133143,2065.9738806198607,0.009238407657358784,1,1,0
2026-01-20,2018.0,2018.0,1977.0999755859373,1996.0,1996.0,6076838,-0.006965174129353269,-0.006989544181712186,2069.095001220703,2091.584006347656,2037.206262065112,2060.790630203575,0.009134946927993777,1,1,1
2026-01-21,1977.0,2007.0999755859373,1967.0,1996.0999755859373,1996.0999755859373,7952295,5.0087968906487035e-05,5.008671454605785e-05,2062.7550048828125,2090.6600048828127,2030.882217991393,2055.9987298615274,0.009120663312509741,1,1,2
2026-01-22,2008.800048828125,2018.9000244140625,1990.0,2002.199951171875,2002.199951171875,6722567,0.0030559469267801287,0.0030512870121911875,2056.6800048828127,2089.2280029296876,2026.4695615576209,2052.0136351437754,0.008980176149878925,1,1,3
2026-01-23,2009.0,2011.699951171875,1980.0999755859373,1984.699951171875,1984.699951171875,4340925,-0.008740385789020366,-0.008778807002203706,2050.6450073242186,2087.0860009765624,2020.0434676521215,2047.027436331042,0.009032740652485279,1,1,4
2026-01-27,1972.0999755859373,2003.800048828125,1962.699951171875,1973.4000244140625,1973.4000244140625,10510891,-0.005693518937782249,-0.0057097888013034,2045.2350036621094,2084.540002441406,2012.8675533078049,2041.5735539668212,0.008557703279964928,1,1,1
2026-01-28,1995.0,1995.0,1939.0,1957.699951171875,1957.699951171875,9426909,-0.00795584931993154,-0.007987665953719577,2038.1299987792968,2081.4500024414065,2004.3802299022773,2035.360694500529,0.00858807688739907,1,1,2
2026-01-29,1964.0,1970.5,1939.0,1967.9000244140625,1967.9000244140625,6065044,0.0052102331800549795,0.0051967068782742,2031.2449951171875,2077.82400390625,1998.767890596398,2030.3636078274574,0.008053926885795655,1,1,3
2026-01-30,1925.5999755859373,1974.0,1925.5999755859373,1968.699951171875,1968.699951171875,7683747,0.00040648749829186315,0.0004064049046301653,2024.1599975585937,2074.002001953125,1994.142053761856,2025.7959295566736,0.008013632546664864,1,1,4
2026-02-02,1936.0999755859373,1969.800048828125,1926.5,1965.4000244140625,1965.4000244140625,5326225,-0.0016761958854361048,-0.0016776022735670007,2017.1149963378907,2070.1440014648438,1989.7202030929648,2021.3221588053689,0.007950107006948636,2,1,0
2026-02-03,2050.0,2050.0,1980.0999755859373,1997.300048828125,1997.300048828125,6915795,0.016230804934264098,0.01610049356793479,2011.729998779297,2066.8360034179686,1990.8863332060664,2019.542743251499,0.008586643090132795,2,1,1
2026-02-04,2008.0,2034.5999755859373,1998.4000244140625,2025.800048828125,2025.800048828125,7464725,0.014269263156891032,0.014168415437636682,2007.7549987792968,2064.310002441406,1996.2576740709987,2020.006247368286,0.0077514906163144845,2,1,2
2026-02-05,2012.0,2022.9000244140625,1985.0,1992.4000244140625,1992.4000244140625,7708690,-0.016487325308034984,-0.016624753903105416,2003.1650024414062,2060.9260009765626,1995.664189508393,2017.9613419642696,0.008013150299551066,2,1,3
2026-02-06,1994.0,2049.699951171875,1988.5,2038.4000244140625,2038.4000244140625,13870403,0.023087733103962282,0.022825243902192364,2001.770001220703,2059.1580004882812,2002.2389333400347,2019.4753184420322,0.009233296603786599,2,1,4
2026-02-09,2051.199951171875,2055.199951171875,2028.699951171875,2038.199951171875,2038.199951171875,7570161,-9.815209958363713e-05,-9.815691681618037e-05,2002.325,2057.609997558594,2007.771397621856,2020.8623282738724,0.00913172117286698,2,1,0
2026-02-10,2052.0,2057.0,2008.4000244140625,2011.300048828125,2011.300048828125,9077763,-0.013197872136285649,-0.01328573800202645,2000.6900024414062,2055.8039965820312,2008.314267038205,2020.1540112778912,0.00921131404889392,2,1,1
2026-02-11,2012.9000244140625,2021.0,1996.699951171875,2012.0999755859373,2012.0999755859373,7423601,0.0003977162722579308,0.00039763720410508743,1999.95,2054.2519970703124,2008.8966837378562,2019.5574160414503,0.009027874089024153,2,1,2
2026-02-12,2019.199951171875,2027.0,2009.0999755859373,2014.5,2014.5,7437690,0.0011927958069597455,0.0011920849912237326,1999.55,2052.4619970703125,2009.7587323935707,2019.1827926309725,0.009007557445636397,2,1,3
2026-02-13,2013.9000244140625,2024.199951171875,1992.0,2004.699951171875,2004.699951171875,4808543,-0.004864754940742122,-0.004876626377795719,1998.6599975585937,2050.83599609375,2008.9804583594637,2018.1099895599282,0.009000428323573414,2,1,4
2026-02-16,2010.0,2032.199951171875,1995.0,2029.4000244140625,2029.4000244140625,3455964,0.01232108237831242,0.012245795621563723,1999.3099975585938,2049.347995605469,2012.1219300601713,2018.9462884380123,0.009355399787852832,2,1,0
2026-02-17,2028.0,2038.5,2014.199951171875,2020.300048828125,2020.300048828125,4471158,-0.0044840718815724045,-0.00449415548692368,1999.825,2047.5779956054687,2013.3801021783179,2019.046566985428,0.00937375946680949,2,1,1
2026-02-18,2020.0999755859373,2028.5999755859373,2015.0,2021.800048828125,2021.800048828125,2182669,0.0007424639725519544,0.0007421884825291965,2001.1150024414062,2046.2899975585938,2014.6754785859805,2019.2505286034054,0.009377638798100869,2,1,2
2026-02-19,2032.0,2032.0,1974.800048828125,1988.5999755859373,1988.5999755859373,4712417,-0.016421046809960815,-0.016557366601812683,2000.7400024414062,2044.267998046875,2010.66386273982,2016.980117268778,0.00965149988582353,2,1,3
2026-02-20,1981.0999755859373,1993.699951171875,1971.0,1977.4000244140625,1977.4000244140625,5180301,-0.005632078502150639,-0.005647998459383108,1999.5000061035157,2042.4759985351564,2005.5463491512419,2014.048258538799,0.009591738191239797,2,1,4
2026-02-23,1994.0,2000.5,1983.9000244140625,1997.300048828125,1997.300048828125,3728878,0.01006373225870627,0.010013430108612024,2000.1300109863282,2041.3580004882813,2004.27768756307,2012.8076504120825,0.009217298368124398,2,1,0
2026-02-24,1997.300048828125,1997.300048828125,1921.800048828125,1941.0,1941.0,10006761,-0.028188077630678432,-0.028592988749181578,1998.510009765625,2038.5100024414062,1994.542658707213,2007.4885651963727,0.010357953589469891,2,1,1
2026-02-25,1955.0,1961.800048828125,1904.0,1913.4000244140625,1913.4000244140625,8285195,-0.014219461919596887,-0.014321527165425035,1996.2950134277344,2035.38400390625,1982.0591765082668,2000.5190436569424,0.010541934353796256,2,1,2
2026-02-26,1914.0,1935.0,1904.5,1929.5999755859373,1929.5999755859373,10795028,0.008466578324015428,0.00843093787688524,1994.3800109863282,2031.9360034179685,1973.9885302125238,1995.2657793553863,0.010708874491355927,2,1,3
2026-02-27,1910.0,1915.0,1870.0999755859373,1879.300048828125,1879.300048828125,13754648,-0.026067541145432638,-0.0264133218358346,1989.9100158691406,2027.362004394531,1959.421071538001,1986.6757252422558,0.01160236123713656,2,1,4
2026-03-02,1850.0999755859373,1895.9000244140625,1847.9000244140625,1873.199951171875,1873.199951171875,11785758,-0.0032459413067401632,-0.003251220801940262,1985.3000122070312,2022.9860034179685,1946.1562837893662,1978.2701123481536,0.011602872015346162,3,1,0
2026-03-04,1861.0999755859373,1920.0,1815.300048828125,1905.9000244140625,1905.9000244140625,20565585,0.01745679804322564,0.01730617850763054,1980.7300109863281,2019.1500048828123,1939.9630131162426,1972.9093650937766,0.012152977235674487,3,1,2
2026-03-05,1919.0,1929.0999755859373,1897.199951171875,1907.0,1907.0,11398717,0.0005771423326759173,0.0005769758500928518,1974.7900085449219,2014.3380029296873,1934.8917803291283,1968.0271899016452,0.012118254593492831,3,1,3
2026-03-06,1900.0,1902.0999755859373,1867.0999755859373,1870.800048828125,1870.800048828125,10896859,-0.018982669728303647,-0.01916515364855733,1968.710009765625,2009.2960058593746,1925.0315139443585,1960.8251794517548,0.012528384223875056,3,1,4
2026-03-09,1831.0,1872.4000244140625,1818.0999755859373,1866.699951171875,1866.699951171875,8073518,-0.0021916279395108873,-0.002194033070767969,1960.1250061035157,2004.1560058593748,1916.0574273639763,1953.8529403199118,0.012490744007055332,3,1,0
2026-03-10,1880.800048828125,1881.0,1846.5,1850.4000244140625,1850.4000244140625,11741600,-0.00873194792102483,-0.008770294769926636,1950.735009765625,1999.056008300781,1905.956288448605,1946.1897613639228,0.012490593087007005,3,1,1
2026-03-11,1841.0,1847.699951171875,1799.5,1807.0,1807.0,9548404,-0.0234544011248623,-0.023733833518938596,1940.5200073242188,1993.564006347656,1890.7322440718965,1935.8794086702987,0.013066714047184035,3,1,2
2026-03-12,1797.9000244140625,1817.800048828125,1791.0,1801.300048828125,1801.300048828125,12922735,-0.0031543725356253383,-0.003159358055557407,1929.9800109863281,1987.594006347656,1876.973444803624,1925.9105672005082,0.013031365759393483,3,1,3
2026-03-13,1781.0999755859375,1816.0,1776.5999755859375,1803.4000244140625,1803.4000244140625,8970772,0.0011658110969927638,0.0011651320669317756,1919.4250122070312,1981.5500048828121,1865.6544570513838,1916.83571217929,0.012967590213709216,3,1,4
2026-03-16,1798.0,1804.9000244140625,1770.9000244140625,1788.800048828125,1788.800048828125,14261268,-0.008095805361143404,-0.00812875434624174,1908.6300170898437,1975.1180078124996,1853.8307019401132,1907.3515889680925,0.012987447819951014,3,1,0
2026-03-17,1797.0,1834.5,1791.0999755859375,1827.0,1827.0,7181491,0.021355070510480134,0.021130246120645513,1898.5100158691407,1969.5320068359372,1849.7029016416343,1901.3996194149004,0.013734203652678745,3,1,1
2026-03-18,1826.800048828125,1869.0,1826.800048828125,1855.4000244140625,1855.4000244140625,6428092,0.015544622010981168,0.015425041999546666,1890.2650146484375,1964.5400073242185,1850.5793820681615,1897.9922420074308,0.013702745525558037,3,1,2
2026-03-19,1826.5999755859373,1861.300048828125,1816.300048828125,1827.0,1827.0,7145082,-0.015306685372622697,-0.01542504199954663,1880.5250122070313,1958.9740063476559,1846.9517848269059,1892.7335574142878,0.01352770805475042,3,1,3
2026-03-20,1834.0,1860.9000244140625,1834.0,1846.0999755859373,1846.0999755859373,7691633,0.010454283298268807,0.010400015173847189,1873.4000122070313,1954.2120068359372,1846.8207372513723,1889.2792180195952,0.013519661144673211,3,1,4
2026-03-23,1827.0,1830.0,1792.0,1795.9000244140625,1795.9000244140625,6874051,-0.027192433690348627,-0.027568989932830454,1864.3250122070312,1948.804006347656,1838.9867814302477,1882.3622407154817,0.013360211727010875,3,1,0
2026-03-24,1816.300048828125,1826.800048828125,1781.0,1802.0999755859373,1802.0999755859373,7535860,0.003452280799371099,0.003446335357639078,1854.565008544922,1944.304006347656,1833.3118882234307,1876.4168877429229,0.013412746931026964,3,1,1
2026-03-25,1814.0,1849.199951171875,1810.0999755859373,1834.9000244140625,1834.9000244140625,12473682,0.01820101507823435,0.018037359419636557,1849.260009765625,1940.122006835937,1833.5562168681433,1873.3415645333778,0.013887573318894687,3,1,2
2026-03-27,1839.9000244140625,1856.9000244140625,1818.4000244140625,1843.9000244140625,1843.9000244140625,24490425,0.004904899384299721,0.00489290955526805,1845.785009765625,1936.4620068359372,1835.1475718752076,1871.1607097097249,0.013949408333297452,3,1,4
2026-03-30,1818.0,1824.5,1774.5,1782.4000244140625,1782.4000244140625,14240129,-0.03335321827957727,-0.03392212252130519,1838.4250122070312,1931.6600073242184,1827.0325645734931,1864.5858441322684,0.014994251318094003,3,1,0
2026-04-01,1811.0,1817.300048828125,1776.5,1781.9000244140625,1781.9000244140625,10694662,-0.0002805206424771889,-0.0002805599957523929,1833.5550109863282,1926.8480078124996,1820.0890968566578,1858.4609685975865,0.01500809395808173,4,2,2
2026-04-02,1765.0,1799.4000244140625,1746.9000244140625,1789.699951171875,1789.699951171875,10857093,0.004377308856245987,0.004367756305998107,1829.3800109863282,1922.314006347656,1815.4138436743835,1853.3675598993857,0.014782051620597014,4,2,3
2026-04-06,1812.0999755859373,1814.300048828125,1763.4000244140625,1792.800048828125,1792.800048828125,8183498,0.0017321884901544404,0.0017306899818880157,1823.7250122070313,1917.9700073242184,1811.9347983134207,1848.8810775978109,0.014819635508124377,4,2,0
2026-04-07,1788.0999755859375,1840.0,1772.0,1830.300048828125,1830.300048828125,10057628,0.020917000768999383,0.020701243781182543,1819.8900146484375,1914.656008300781,1814.760221469529,1847.5047050963526,0.015479103948032277,4,2,1
2026-04-08,1864.0,1871.5,1840.199951171875,1861.5999755859373,1861.5999755859373,11587604,0.01710098121772563,0.016956405369944718,1819.4300109863282,1911.966008300781,1821.966337487438,1848.5487992066921,0.015699787052803862,4,2,2
2026-04-09,1869.9000244140625,1869.9000244140625,1846.0999755859373,1859.4000244140625,1859.4000244140625,10113053,-0.0011817529011206584,-0.0011824517216900547,1819.0650146484375,1909.1100097656247,1827.7253662453802,1849.3525936664973,0.015686062186381026,4,2,3
2026-04-10,1868.0,1874.5999755859373,1859.9000244140625,1870.0,1870.0,5857988,0.005700750482284134,0.00568456269679933,1820.0450134277344,1906.8160107421872,1834.2291560537833,1850.8820311726827,0.015590973121848355,4,2,4
2026-04-13,1838.0,1893.699951171875,1838.0,1870.9000244140625,1870.9000244140625,10371983,0.0004812964781082396,0.0004811806921084262,1823.2400146484374,1904.7660107421873,1839.8708281092108,1852.364845486859,0.014793404017013406,4,2,0
2026-04-15,1880.5,1890.9000244140625,1853.5999755859373,1855.699951171875,1855.699951171875,11049107,-0.008124471133591382,-0.008157654502958054,1825.960009765625,1902.726010742187,1842.306077811159,1852.6118903524157,0.014648426583068055,4,2,2
2026-04-16,1863.5,1864.9000244140625,1823.199951171875,1840.5999755859373,1840.5999755859373,15871247,-0.008137078182494983,-0.008170364897213329,1827.8200073242188,1900.1800097656246,1842.0436005457402,1851.7221188882322,0.014595278626269713,4,2,3
2026-04-17,1837.0999755859373,1851.4000244140625,1829.699951171875,1846.9000244140625,1846.9000244140625,7344787,0.0034228234878248553,0.003416978960237535,1830.7250061035156,1897.7440112304685,1842.7907426793283,1851.3649267049605,0.013855800032005405,4,2,4
2026-04-20,1865.0,1865.0,1839.199951171875,1846.0999755859373,1846.0999755859373,9243641,-0.00043318469735742493,-0.0004332785489527992,1831.6800048828125,1895.358010253906,1843.2998554341912,1850.9749303257736,0.013845995384526145,4,2,0
2026-04-21,1830.0,1868.9000244140625,1830.0,1855.0,1855.0,10485373,0.004820987233498997,0.004809403489681461,1831.6600036621094,1892.5120092773434,1845.0998776750848,1851.2730836349756,0.013471420817424095,4,2,1
2026-04-22,1850.199951171875,1857.9000244140625,1825.300048828125,1829.0,1829.0,5687058,-0.014016172506738589,-0.014115326650669863,1831.7600036621093,1888.576008300781,1842.6229734173796,1849.6232255879404,0.01368130804839631,4,2,2
2026-04-23,1821.800048828125,1846.0,1812.0999755859373,1841.199951171875,1841.199951171875,7489947,0.006670284949084282,0.006648137032491425,1831.5150024414063,1885.5520068359372,1842.4040469180713,1848.9992793348983,0.01333531599539691,4,2,3
2026-04-24,1845.0,1850.699951171875,1807.300048828125,1814.5,1814.5,6306448,-0.014501385987372606,-0.01460755877023199,1832.445001220703,1881.074006347656,1838.1111166229834,1846.443777161943,0.013578085162958668,4,2,4
2026-04-27,1816.0999755859373,1828.4000244140625,1814.0,1820.0999755859373,1820.0999755859373,4413769,0.0030862362005716903,0.0030814835496535977,1833.3450012207031,1876.7120068359372,1835.3401718480534,1844.4923844526093,0.01351296721637466,4,2,0
2026-04-28,1826.0,1852.0,1812.5999755859373,1843.800048828125,1843.800048828125,10558455,0.013021302983402316,0.012937254644047673,1833.7900024414062,1873.362006835937,1836.6416913834491,1844.441100332277,0.013004201106044834,4,2,1
2026-04-29,1848.0,1900.4000244140625,1845.4000244140625,1888.0999755859373,1888.0999755859373,7713013,0.02402642671908395,0.023742333627167718,1836.0,1870.8820068359373,1844.5583504915244,1847.6750910918074,0.013653154530000728,4,2,2
2026-04-30,1860.0,1906.0,1860.0,1886.800048828125,1886.800048828125,12709188,-0.0006884840710879025,-0.0006887211850850266,1841.2200012207031,1868.3280078124997,1851.0570733125398,1850.5732361093123,0.013659666731136173,4,2,3
2026-05-01,1886.800048828125,1886.800048828125,1886.800048828125,1886.800048828125,1886.800048828125,0,0.0,0.0,1846.4650024414063,1865.9700097656248,1856.55599262263,1853.2567037181132,0.013540994394532328,5,2,4
2026-05-04,1873.199951171875,1895.300048828125,1821.699951171875,1827.0999755859373,1827.0999755859373,10707858,-0.03164091143588155,-0.03215230123348228,1848.3350036621093,1861.924008789062,1852.024297693908,1851.319168300915,0.014344204901910481,5,2,0
2026-05-05,1828.0,1846.0,1801.0,1806.0999755859373,1806.0999755859373,11407461,-0.011493623928961805,-0.011560186143367665,1849.0,1857.6400073242185,1844.959017369605,1847.969598470176,0.01418904669723186,5,2,1
2026-05-06,1817.0,1841.5,1813.800048828125,1833.699951171875,1833.699951171875,5507749,0.015281532561332245,0.015165946014862432,1849.1699951171875,1853.8780053710934,1843.226853339185,1846.9125875591908,0.014209619206480548,5,2,2
2026-05-07,1835.0,1843.9000244140625,1821.199951171875,1826.5999755859373,1826.5999755859373,7914845,-0.003871939671155178,-0.0038794550351935395,1847.4199951171875,1850.6380053710936,1840.6688721463777,1845.407949635246,0.014094086688498039,5,2,3
2026-05-08,1820.0,1840.800048828125,1815.199951171875,1834.5,1834.5,4839183,0.004324988787722139,0.004315662903608866,1846.1749938964845,1847.7800048828126,1839.7198148930888,1844.5999533659685,0.01316085766765033,5,2,4
2026-05-11,1814.0,1819.800048828125,1756.0,1759.800048828125,1759.800048828125,15803791,-0.040719515492981695,-0.041571770837470885,1840.6649963378907,1843.0300048828126,1827.4244662677097,1838.3184789557579,0.015170575117390816,5,2,0
2026-05-12,1751.5,1776.5,1751.5,1756.800048828125,1756.800048828125,11945399,-0.0017047391276058255,-0.0017061938488676718,1834.9599975585938,1839.346005859375,1816.5591712770045,1832.2800767240815,0.014745695303049453,5,2,1
2026-05-13,1740.5,1798.0,1740.5,1789.199951171875,1789.199951171875,9825413,0.018442566850656927,0.018274565159215606,1831.6349975585938,1836.8620043945311,1812.3500604916,1829.0889563128069,0.015145208631620258,5,2,2
2026-05-14,1820.0,1889.199951171875,1797.300048828125,1883.5,1883.5,21279151,0.05270514833535578,0.05136318286388206,1833.7799987792969,1835.9400048828124,1823.2962050313538,1833.1194039933396,0.01683990092172694,5,2,3
2026-05-15,1883.199951171875,1922.9000244140625,1880.4000244140625,1905.4000244140625,1905.4000244140625,15807294,0.011627302582459587,0.011560224953673657,1836.7049987792968,1836.4620043945313,1835.927561859463,1838.4735240245043,0.01692497098349641,5,2,4
2026-05-18,1904.800048828125,1953.800048828125,1890.4000244140625,1938.0999755859373,1938.0999755859373,13888648,0.01716172496740187,0.01701612602402701,1841.304998779297,1837.7600048828126,1851.646394740459,1845.853261177203,0.01713676744957213,5,2,0
2026-05-19,1928.4000244140625,1942.0,1907.800048828125,1913.5,1913.5,8962228,-0.0126928310695118,-0.0127740732440393,1844.229998779297,1837.9120043945313,1861.1623340111578,1850.8641307196324,0.01736857705965661,5,2,1
2026-05-20,1914.0,1914.0,1897.699951171875,1904.9000244140625,1904.9000244140625,5778742,-0.004494369263620346,-0.004504499304651054,1848.025,1837.8700048828125,1867.8912094577586,1854.8667895118124,0.017046988043951133,5,2,2
2026-05-21,1911.0,1915.300048828125,1880.800048828125,1885.300048828125,1885.300048828125,6419014,-0.010289241080757683,-0.010342541249176142,1850.2300048828124,1838.1600048828125,1870.569492437815,1857.1211050167244,0.016914056460993792,5,2,3
2026-05-22,1891.300048828125,1896.5999755859373,1869.300048828125,1871.4000244140625,1871.4000244140625,5099120,-0.007372844668784961,-0.007400158424235831,1853.0750061035155,1838.2540063476563,1870.6972665880069,1858.1788027498606,0.016973697503515645,5,2,4
2026-05-25,1892.5,1892.5,1863.0999755859373,1874.800048828125,1874.800048828125,5903841,0.0018168346530438306,0.0018151862053015638,1855.810009765625,1838.7420068359374,1871.3284638557175,1859.4100061630652,0.016946292463329148,5,2,0
2026-05-26,1874.0,1874.0,1844.800048828125,1846.9000244140625,1846.9000244140625,5803034,-0.014881600003958773,-0.014993441992188687,1855.9650085449218,1839.5400073242188,1867.5702424031551,1858.4833408483244,0.01716889938159298,5,2,1
2026-05-27,1840.4000244140625,1869.4000244140625,1840.4000244140625,1852.199951171875,1852.199951171875,8653155,0.0028696338122005116,0.002865524273130099,1854.1700073242187,1840.5580053710937,1865.2055822137274,1858.0179045759946,0.017113116430054497,5,2,2
2026-05-28,1852.199951171875,1852.199951171875,1852.199951171875,1852.199951171875,1852.199951171875,0,0.0,0.0,1852.4400024414062,1841.53400390625,1863.2047158995963,1857.5869450645782,0.017042761068042315,5,2,3
2026-05-29,1860.0,1860.0,1818.5,1829.0,1829.0,52886264,-0.012525619146678268,-0.012604725983071165,1849.55,1842.3380029296875,1857.9424519150432,1855.4693935783132,0.01719166982562394,5,2,4
2026-06-01,1830.0,1842.0,1803.9000244140625,1810.5999755859373,1810.5999755859373,6391656,-0.010060155502494617,-0.010111100833488389,1848.725,1842.0100024414062,1850.6589940182575,1852.1457329862853,0.01728610168452888,6,2,0
2026-06-02,1785.0,1825.0,1777.4000244140625,1814.199951171875,1814.199951171875,10791294,0.001988277717043907,0.0019863037090548435,1849.1299987792968,1841.1860009765626,1845.0499105034294,1849.334934333366,0.01726373774181729,6,2,1
2026-06-03,1829.9000244140625,1835.5,1804.9000244140625,1824.0999755859373,1824.0999755859373,5832363,0.005456964326157943,0.005442129042267729,1848.65,1841.1280004882813,1841.8268435930459,1847.4656781298527,0.017107193748549958,6,2,2
2026-06-04,1815.0,1829.800048828125,1798.4000244140625,1818.9000244140625,1818.9000244140625,6735759,-0.0028506941732754365,-0.0028547651404725737,1848.2650024414063,1840.5840014648438,1838.299640642433,1845.3497037805348,0.017068439433526695,6,2,3
2026-06-05,1824.9000244140625,1827.800048828125,1790.699951171875,1798.199951171875,1798.199951171875,3926715,-0.011380544815186244,-0.011445798771445028,1846.45,1840.63,1832.1304576469624,1841.8571295132265,0.01698800707631028,6,2,4
2026-06-08,1775.0999755859375,1820.0999755859373,1771.0,1813.300048828125,1813.300048828125,6324919,0.008397340710864398,0.008362279190967194,1849.125,1840.8540014648438,1829.2334716748335,1839.7417902032191,0.017050583482141318,6,2,0
2026-06-09,1837.0,1837.0,1789.199951171875,1799.0,1799.0,10377475,-0.007886201093617484,-0.007917461637216267,1851.2349975585937,1840.1360009765624,1824.5821683402437,1836.7238798177955,0.016927480078056424,6,2,1
2026-06-10,1799.0,1807.699951171875,1771.0,1775.199951171875,1775.199951171875,7999362,-0.013229599126250657,-0.013317889837852863,1850.5349975585937,1838.7619995117188,1816.9849041604946,1832.1665517699494,0.01641102467601684,6,2,2
2026-06-11,1773.0,1796.0,1768.5999755859375,1782.5999755859375,1782.5999755859375,5020731,0.004168558256875565,0.004159893888176324,1845.4899963378907,1838.7659985351563,1811.6949151490244,1828.4949535340968,0.016447548351853324,6,2,3
2026-06-12,1784.0,1825.0,1784.0,1822.5,1822.5,5910557,0.02238305001712315,0.02213622588195678,1841.3449951171874,1839.577998046875,1813.3572358953284,1828.0508829019416,0.017027667856699857,6,2,4
2026-06-15,1841.0,1857.0,1816.0,1841.199951171875,1841.199951171875,5307277,0.010260604209533675,0.010208321540543892,1836.4999938964843,1840.607998046875,1817.6407305532587,1829.0248879589735,0.016123476373493567,6,2,0
2026-06-16,1840.199951171875,1859.199951171875,1837.199951171875,1853.0,1853.0,5957732,0.006408890474179474,0.0063884408620028185,1833.4749938964844,1841.8119970703126,1823.0806181604496,1830.8008221842347,0.015999647034571053,6,2,1
2026-06-17,1853.0,1878.0,1841.5,1875.699951171875,1875.699951171875,7653632,0.01225037839820553,0.012175949748987296,1832.014990234375,1842.7199951171874,1831.1759001622072,1834.1266835907265,0.01591555338923679,6,2,2
2026-06-18,1878.800048828125,1878.800048828125,1861.800048828125,1874.800048828125,1874.800048828125,4262944,-0.0004797688154695168,-0.0004798839413516766,1831.489990234375,1842.9839965820313,1837.8873076492714,1837.1395254601634,0.015892686356598202,6,2,3
2026-06-19,1874.300048828125,1917.5,1867.199951171875,1910.800048828125,1910.800048828125,15918432,0.019202047718369863,0.019020014976571097,1833.4599914550781,1844.0119970703124,1849.104652446018,1842.5958605244568,0.016228892172144824,6,2,4
2026-06-22,1915.800048828125,1924.5,1901.0,1916.5999755859373,1916.5999755859373,3798060,0.003035339444003693,0.00303074210188011,1835.5499877929688,1844.9439965820313,1859.488548313698,1848.0776468253073,0.014136324532055655,6,2,0
2026-06-23,1907.5999755859373,1927.699951171875,1896.699951171875,1901.5999755859373,1901.5999755859373,5155908,-0.007826359277404382,-0.007857145964157899,1838.2849853515625,1845.5579956054687,1865.9672294325042,1852.0422637705392,0.014249474065962909,6,2,1
2026-06-24,1891.199951171875,1894.0999755859373,1872.9000244140625,1877.300048828125,1877.300048828125,8957457,-0.012778674310996885,-0.012861023867211453,1839.539990234375,1845.9899975585938,1867.7107401087535,1853.9132108118417,0.014203149645873672,6,2,2
2026-06-25,1885.0,1889.0,1848.0,1850.699951171875,1850.699951171875,8521503,-0.014169337327218812,-0.014270680839973316,1839.464990234375,1846.1919970703125,1865.0936956569262,1853.6751915792515,0.010750009900045302,6,2,3
2026-06-26,1850.699951171875,1850.699951171875,1850.699951171875,1850.699951171875,1850.699951171875,0,0.0,0.0,1840.5499877929688,1846.2679956054687,1862.879273428457,1853.4548034009272,0.010503365887803293,6,2,4
2026-06-29,1837.0999755859373,1849.800048828125,1833.0999755859373,1841.0999755859373,1841.0999755859373,10940130,-0.0051872133999133485,-0.0052007136975281126,1842.0749877929684,1846.1679956054688,1859.5286122219156,1852.539630970187,0.009955128988447786,6,2,0
2026-06-30,1853.0,1876.5999755859373,1843.199951171875,1852.0,1852.0,7233634,0.005920387028734764,0.00590293040354868,1843.9649902343747,1846.1079956054687,1858.3703641877748,1852.4996583057289,0.00982310263587047,6,2,1
2026-07-01,1845.5999755859373,1887.0,1845.5999755859373,1871.0,1871.0,4307333,0.01025917926565878,0.010206911067964956,1846.3099914550778,1846.9479956054688,1860.3133850819634,1853.870053986786,0.01001179176802929,7,3,2
2026-07-02,1860.800048828125,1883.800048828125,1850.199951171875,1875.0,1875.0,5282404,0.002137894174238486,0.0021356121304216846,1849.1149902343745,1847.6239965820312,1862.572864300123,1855.43523517295,0.009850726789517665,7,3,3
2026-07-03,1890.0,1913.0,1885.0,1910.4000244140625,1910.4000244140625,5087043,0.01888001302083331,0.018703997573326983,1854.724993896484,1849.5419970703124,1869.9308889330368,1859.506701042662,0.010339610749603262,7,3,4
2026-07-06,1916.800048828125,1932.699951171875,1915.5999755859373,1925.699951171875,1925.699951171875,2740217,0.008008755528834843,0.0079768556519642,1860.3449890136715,1851.6539965820311,1878.5107446620889,1864.409904755937,0.010423323666197627,7,3,0
2026-07-07,1923.5,1956.5,1917.0,1925.800048828125,1925.800048828125,5767438,5.19798820106665e-05,5.197853110341271e-05,1866.6849914550778,1853.2939965820312,1885.7860222260945,1868.9573228353584,0.009988934653534684,7,3,1
2026-07-08,1911.0,1924.199951171875,1875.0999755859373,1888.0999755859373,1888.0999755859373,6188593,-0.019576317523269715,-0.019770471686911966,1872.3299926757809,1853.2939965820312,1886.1420150506856,1870.3752971131792,0.01069416645134759,7,3,2
