Date,Open,High,Low,Close,Adj Close,Volume,Daily Return,Log Return,SMA_20,SMA_50,EMA_12,EMA_26,Rolling Volatility,Month,Quarter,Day of Week
2021-09-20,782.0,790.8499755859375,779.0,779.9249877929688,729.8517456054688,8781610,-0.014094910595781385,-0.014195187223352149,731.5760314941406,708.1492810058594,730.7690735468385,724.6722240399386,0.008417247073990218,9,3,0
2021-09-21,781.0,784.3250122070312,764.4749755859375,775.9749755859375,726.1553955078125,14774996,-0.005064521829141966,-0.005077389985580053,732.2158813476562,708.4440563964844,730.0592769254499,724.7820885931144,0.00847670821293373,9,3,1
2021-09-22,774.5,775.0750122070312,765.0,766.8499755859375,717.6162109375,10582202,-0.011759445186441009,-0.011829134337927457,731.6274963378906,708.7407019042969,728.14495908115,724.2512828408467,0.00871846247564979,9,3,2
2021-09-23,771.0,786.0,771.0,785.0,734.6008911132812,13664304,0.023668194665770415,0.023392445461982346,731.922265625,709.5174133300782,729.1381793937855,725.0179204906566,0.009674172482956997,9,3,3
2021-09-24,789.5,803.9749755859375,787.5,800.7750244140625,749.36328125,20806702,0.020095796663609278,0.019896541183788672,733.015982055664,710.4504040527344,732.2497335255109,726.8212805469043,0.010069077619796741,9,3,4
2021-09-27,807.8499755859375,817.75,804.0,812.5499877929688,760.3822631835938,16415462,0.014704459384790258,0.014597397074745302,734.8092041015625,711.6290417480469,736.5778150113699,729.3072792607331,0.010314759774380084,9,3,0
2021-09-28,816.0,816.0,791.0,807.5250244140625,755.6798095703125,12773790,-0.006184328384505999,-0.006203530552567056,735.9040893554687,712.5119665527344,739.5165834050534,731.2608000244056,0.010096031382798847,9,3,1
2021-09-29,798.5,803.2999877929688,792.5750122070312,796.9249877929688,745.7603759765625,16263036,-0.013126503405444079,-0.013213417373460887,736.195361328125,713.1810620117187,740.4771668775934,732.3348426875283,0.010460820083412837,9,3,2
2021-09-30,793.0,803.1749877929688,791.5499877929688,797.4749755859375,746.2750244140625,15975348,0.0006900989300029359,0.0006898609212297786,736.5661682128906,714.3409802246093,741.3691449601271,733.3674487413456,0.010221716405840822,9,3,3
2021-10-01,791.5,794.5,782.625,791.3499755859375,740.543212890625,11128596,-0.007680561905361705,-0.007710209324407166,736.4187744140625,715.646884765625,741.242078487896,733.8989868264773,0.010355338540187263,10,4,4
2021-10-04,794.5,800.6749877929688,791.7999877929688,792.875,741.9703979492188,7051028,0.0019272137449251048,0.0019253590510611542,736.6457000732422,716.92939453125,741.3541276357919,734.4968691318655,0.010355274723203484,10,4,0
2021-10-05,796.0,798.75,788.125,797.7249755859375,746.5089721679688,10257178,0.006116920878911802,0.006098288461801063,737.34169921875,718.3583557128907,742.1471806407421,735.3866545419472,0.01034918718492201,10,4,1
2021-10-06,798.0,813.4249877929688,793.5,807.4500122070312,755.6096801757812,18600830,0.012191022944282537,0.012117310902833843,738.4096771240235,720.0460656738281,744.2183344153635,736.8846564407497,0.009788609651666115,10,4,2
2021-10-07,813.2999877929688,813.8499755859375,803.5,805.25,753.5509033203125,11265724,-0.002724656538266923,-0.002728375171093424,739.2074401855468,721.6439416503906,745.6541142468941,738.1191932466432,0.009807693842749696,10,4,3
2021-10-08,806.0,811.0,800.0750122070312,801.3250122070312,749.8779296875,7245562,-0.0048742209937359116,-0.004886138751177303,740.0040435791016,723.3784436035156,746.3039320069873,738.9902107607808,0.009856954730029862,10,4,4
2021-10-11,799.9500122070312,822.5,799.5,816.9000244140625,764.4529418945312,13080848,0.019436513104346353,0.019250036513018112,741.8346984863281,725.3955554199218,749.0960873743018,740.8763389929104,0.010356626558658695,10,4,0
2021-10-12,812.5,820.7750244140625,812.5,814.7999877929688,762.4877319335938,8176946,-0.0025707402682854097,-0.0025740502950786256,743.730859375,727.2966271972656,751.1563403834236,742.4771829144424,0.010174923179256643,10,4,1
2021-10-13,818.5,824.0,815.0,819.7000122070312,767.0731811523438,6225644,0.006013800651089474,0.005995789924495098,745.8972259521485,729.3249682617187,753.6050851171037,744.2991087098426,0.010127323580216927,10,4,2
2021-10-14,819.0,845.0,819.0,843.7000122070312,789.5322875976562,14757288,0.029278961899793066,0.028858520110746674,748.8789123535156,731.6897290039062,759.1323470371888,747.6497145533843,0.01132756746920695,10,4,3
2021-10-18,852.5,862.5,833.5250244140625,835.1500244140625,781.5313110351562,28856456,-0.010133818069486322,-0.010185514756915625,750.9411773681641,733.6081140136719,762.5783414984145,750.159462440923,0.011522331041250609,10,4,0
2021-10-19,837.7249755859375,846.2249755859375,835.5,844.3499755859375,790.140625,8987540,0.01101595527048116,0.010955721585893276,753.9556213378906,735.5157385253906,766.8186928063508,753.1210300378917,0.011487022289147593,10,4,1
2021-10-20,844.5499877929688,849.375,832.2249755859375,836.9249877929688,783.1922607421875,10908568,-0.008793832436868487,-0.008832726367019416,756.8074645996094,737.2114025878906,769.337703258018,755.3485286085803,0.011553739448633978,10,4,2
2021-10-21,835.9000244140625,840.9749755859375,830.4249877929688,838.1500244140625,784.3386840820312,9738190,0.001463782773794664,0.0014627124881067665,760.143588256836,738.8247180175781,771.6455464617123,757.4959475325396,0.0115547324137682,10,4,3
2021-10-22,840.0499877929688,854.0,835.375,840.375,786.4207153320312,12175554,0.002654505371536997,0.002650988394667732,762.7345794677734,740.4445812988281,773.9186493648383,759.6385229250945,0.011546948787607838,10,4,4
2021-10-25,845.0,845.0,806.9000244140625,828.5,775.30810546875,16426766,-0.014130616916149585,-0.014231404672021162,764.0318206787109,741.9610388183594,774.1324118423631,760.7992327431431,0.01186048515841141,10,4,0
2021-10-26,825.0,836.9249877929688,823.1749877929688,826.375,773.3196411132812,12090656,-0.0025647408319903198,-0.002568035414129801,764.6786895751953,743.3773681640625,774.007370191735,761.7266704001903,0.01173543517314664,10,4,1
2021-10-27,826.375,832.5250244140625,818.6500244140625,821.4000244140625,768.6640014648438,13249642,-0.006020330276023,-0.0060385255287152715,765.3278991699219,744.4685083007812,773.185313464521,762.2405467753498,0.011768103832091745,10,4,2
2021-10-28,825.0,825.0,793.5750122070312,796.7999877929688,745.6434326171875,17797750,-0.02994880572497982,-0.030406431274283652,765.3220520019531,745.0580615234375,768.9481010264697,761.0111309117822,0.013132730076299611,10,4,3
2021-10-29,795.0,801.0,780.0,791.4249877929688,740.6134643554688,12406874,-0.006745809111553092,-0.006768664927141308,765.0389739990235,745.6962744140625,764.5889261540079,759.5001926483516,0.01313054582986342,10,4,4
2021-11-01,792.5,805.5,791.7750244140625,802.6500244140625,751.1178588867188,8122320,0.014183369648014255,0.014083726736960105,765.5677062988282,746.5600158691407,762.5164542667326,758.8792790363788,0.013128826680941431,11,4,0
2021-11-02,803.0,811.0,800.0250244140625,803.375,751.7962646484375,13237722,0.0009031948231457143,0.0009027871881321931,766.0589996337891,747.4209497070312,760.8671943254565,758.3546113039387,0.012833478790047181,11,4,1
2021-11-03,802.5499877929688,804.9500122070312,787.7750244140625,790.7249755859375,739.9584350585938,10207338,-0.015746060663628714,-0.015871346792541655,765.7314727783203,747.9529504394532,757.6504621305545,756.9919315820613,0.013153647931966356,11,4,2
2021-11-04,797.5,798.9249877929688,795.0499877929688,796.9749755859375,745.8071899414062,1096808,0.007904166782488842,0.007873092493067507,765.2413482666016,748.281416015625,755.8284202553009,756.163432201272,0.012999819631733373,11,4,3
2021-11-08,796.0499877929688,802.3499755859375,785.2249755859375,800.125,748.7548828125,18943580,0.003952352445576901,0.003944562419855079,765.0015472412109,748.6824035644531,754.7401837256393,755.6146507650667,0.01231376903715545,11,4,0
2021-11-09,797.2999877929688,797.2999877929688,784.5250244140625,786.125,735.65380859375,12695476,-0.017497146956209852,-0.01765203138157293,764.2903411865234,748.8457006835938,751.8038183207333,754.1360698634877,0.012185052197467842,11,4,1
2021-11-10,784.0,784.5,775.0,777.625,727.6995239257812,13714126,-0.010812537874538952,-0.010871418177169596,762.452670288086,748.9093347167968,748.0954653368946,752.1778072014354,0.011972723209684089,11,4,2
2021-11-11,775.0250244140625,777.4500122070312,767.7999877929688,774.1500244140625,724.4475708007812,7999404,-0.004468813044505526,-0.0044788280374106525,760.5506622314454,748.7226440429688,744.4573277159541,750.1237156162017,0.01195313605676205,11,4,3
2021-11-12,775.0,779.5250244140625,772.5250244140625,776.5,726.6466674804688,14914092,0.0030355498014253968,0.0030309518227058614,758.5293365478516,748.4568786621094,741.7172261412641,748.3846750135548,0.01176620416226932,11,4,4
2021-11-15,781.0499877929688,785.9249877929688,777.2000122070312,778.625,728.63525390625,9533594,0.0027366621423812187,0.0027329243004611484,755.4844848632813,748.2524060058594,739.7046150281849,746.9217549315323,0.011781053983639656,11,4,0
2021-11-16,777.5,778.5999755859375,770.7999877929688,774.0,724.3073120117188,8245406,-0.005939792058274662,-0.005957502789989364,752.6232849121094,747.86873046875,737.3357991794978,745.2466110115462,0.011749885135964143,11,4,1
2021-11-17,768.4500122070312,772.0,764.25,765.4000244140625,716.2593383789062,7598878,-0.011111269345686625,-0.011173460610630122,748.9292205810547,747.4452795410157,734.0932667486376,743.0994056313507,0.011890726175713358,11,4,2
2021-11-18,763.0250244140625,771.75,762.625,769.7000122070312,720.2832641601562,9152874,0.005617973219528727,0.005602251264178852,745.7837707519532,747.1991650390624,731.9686509657943,741.4093210779288,0.011880618940004414,11,4,3
2021-11-22,773.0,776.3499755859375,749.5250244140625,757.6749877929688,709.0302734375,15261272,-0.015623007339726436,-0.015746332680386325,742.0183502197266,746.6947680664063,728.4396698075951,739.0108731045636,0.011891048172146763,11,4,0
2021-11-23,751.0,763.9000244140625,748.1749877929688,757.7750244140625,709.1239013671875,11235214,0.0001320506799147303,0.0001320419619911607,738.1535095214844,746.1253332519532,725.4680131244555,736.7970233462395,0.011896898643093557,11,4,1
2021-11-24,762.0,768.1749877929688,757.0250244140625,759.0250244140625,710.2936401367188,30802286,0.0016495548482797773,0.0016481958269958736,734.9027862548828,745.6522888183594,723.1334942032652,734.8338097751638,0.011901323032095075,11,4,2
2021-11-25,757.4000244140625,766.6500244140625,753.5,762.9749755859375,713.9900512695312,10251652,0.005204060579932834,0.005190566253288272,731.9363067626953,745.37529296875,721.7268106749984,733.2898276636355,0.011296465457595866,11,4,3
2021-11-26,750.0,753.3499755859375,742.5,744.9500122070312,697.122314453125,18624936,-0.02362461043597741,-0.023908146061590033,728.3592224121094,744.8264489746093,717.941503563941,730.6107526110051,0.011954349320199434,11,4,4
2021-11-29,747.4000244140625,753.8250122070312,731.0,750.625,702.432861328125,12990996,0.007617812204399055,0.007588943192785073,726.1986938476563,744.4001892089843,715.5555586045846,728.5235014048659,0.011999159074794466,11,4,0
2021-11-30,747.5,764.5,743.2750244140625,746.7750244140625,698.8302001953125,25221542,-0.0051288334176177175,-0.005142031028635893,724.1095306396485,743.7788220214844,712.9824265416196,726.3239976115657,0.010352678276392122,11,4,1
2021-12-01,747.5,753.5250244140625,744.5499877929688,752.3250122070312,704.0238647460938,8677634,0.007431940619237354,0.00740445982166393,721.7548309326172,743.0535791015625,711.6041862653848,724.6721359178271,0.010490056578195243,12,4,2
2021-12-02,752.25,764.4000244140625,750.0,762.875,713.8965454101562,11203110,0.014023218754982247,0.013925803087287953,719.8598449707031,742.7344750976563,711.956856903042,723.8739440283699,0.010645989411183669,12,4,3
2021-12-03,762.9000244140625,767.9749755859375,753.5250244140625,756.7750244140625,708.1881103515625,8124694,-0.007996165684362677,-0.008028306467196647,718.2713287353515,742.3751293945312,711.3770497412759,722.7120304226805,0.010632838767535988,12,4,4
2021-12-06,756.5,759.4000244140625,748.6749877929688,751.9000244140625,703.6261596679688,7029532,-0.006441721651227805,-0.0064625590742658535,716.1622772216797,742.0953283691406,710.1846051146133,721.2982622186279,0.010608770005739182,12,4,0
2021-12-07,756.9749755859375,766.0,754.9500122070312,762.8499755859375,713.8729858398438,12427534,0.01456288404159145,0.014457863618114141,714.4181823730469,741.6807702636719,710.7520483031103,720.7482417461254,0.011062345666403826,12,4,1
2021-12-08,768.0,777.5250244140625,767.0,776.9000244140625,727.0210571289062,15295534,0.018417942056729197,0.018250385993463958,713.9865447998047,741.23392578125,713.2549727378482,721.2128947374425,0.011535443805088459,12,4,2
2021-12-09,772.5999755859375,777.3499755859375,761.0,763.4249877929688,714.4111328125,11747744,-0.01734464798888269,-0.017496828642942514,713.3221252441406,740.3145031738281,713.4328435185638,720.7090605207801,0.011867838323865452,12,4,3
2021-12-10,762.4500122070312,764.0,754.2249755859375,761.2750244140625,712.3992309570312,7779384,-0.002816168118137119,-0.0028201409801565736,712.7197082519531,739.4488916015625,713.273826201405,720.093517590132,0.011850113711259633,12,4,4
2021-12-13,763.0,768.8250122070312,753.5999755859375,755.5750122070312,707.0651245117188,10322142,-0.007487524148709013,-0.007515696372549634,711.7406311035156,738.6749865722657,712.3186413260687,719.1284514361755,0.010708140696776324,12,4,0
2021-12-14,751.25,758.0,748.5250244140625,751.2249755859375,702.9944458007812,9191100,-0.0057571482029304955,-0.005773784462983537,710.4585906982422,737.809375,710.8841497067938,717.9333399076278,0.010693631415369208,12,4,1
2021-12-15,751.5,761.6749877929688,747.8250122070312,750.0,701.8480834960938,10115148,-0.0016306847252280932,-0.0016320157387370393,709.3356292724609,737.0354724121094,709.4939856743783,716.7418394326993,0.01026587026584774,12,4,2
2021-12-16,756.4000244140625,758.5,747.0,750.0499877929688,701.894775390625,13210432,6.652706708076828e-05,6.652485425358248e-05,708.6174011230469,736.2339599609375,708.3248763999547,715.6420569110642,0.010258260697781069,12,4,3
2021-12-17,748.5,753.0,733.8499755859375,736.5250244140625,689.2382202148438,14994768,-0.01803198373821424,-0.01819654115626658,707.0651489257813,735.088544921875,705.3884677560916,713.6862171557885,0.01036995601638151,12,4,4
2021-12-20,726.0,729.0,707.0499877929688,712.8250122070312,667.059814453125,21156668,-0.03217814263812224,-0.0327072402924149,704.9666259765625,733.3175476074218,699.4917518633274,710.2324095481839,0.011525995683854151,12,4,0
2021-12-21,719.75,725.375,715.0,720.9000244140625,674.6163940429688,9118750,0.01132818890617604,0.01126450546827536,703.2412506103516,731.738857421875,695.6647737371184,707.5941861774272,0.011769799142811545,12,4,1
2021-12-22,726.1500244140625,728.0,717.8499755859375,722.5999755859375,676.2071533203125,8577484,0.0023580204859985354,0.002355244718380579,701.5369262695312,730.2654418945312,692.6712936729944,705.269220780604,0.011505153942670885,12,4,2
2021-12-23,726.625,728.9000244140625,718.4249877929688,722.0499877929688,675.6925048828125,9779166,-0.0007610810311203808,-0.000761370800322904,699.6220489501953,728.4902331542969,690.0591723206587,703.0783529363231,0.01140791939547293,12,4,3
2021-12-24,722.75,726.0,714.0,719.4500122070312,673.2595825195312,5561024,-0.003600635415814124,-0.003607133305890831,698.4289123535157,726.7056701660156,687.4746200435623,700.8695551276719,0.011403604619745517,12,4,4
2021-12-27,714.4500122070312,727.0,711.0750122070312,725.4000244140625,678.8274536132812,4705098,0.008270021308740105,0.008236012058676277,697.2486419677734,724.9407556152344,686.144286746596,699.2368068673466,0.011528625805651978,12,4,0
2021-12-28,730.3499755859375,733.4500122070312,726.7000122070312,730.4000244140625,683.5064086914062,5450678,0.006892701603654627,0.006869055530656425,696.4824523925781,722.8202380371093,685.7384593534899,698.0715921876472,0.011614666234881547,12,4,1
2021-12-29,728.0250244140625,730.5,723.7000122070312,726.9249877929688,680.2545166015625,7668702,-0.004757661447636785,-0.004769015144539809,695.2939849853516,720.7947021484375,684.8947758531934,696.7518088109002,0.011603060851044261,12,4,2
2021-12-30,729.25,733.4249877929688,722.5,730.75,683.833984375,7215918,0.005261953704210454,0.005248157999562316,693.7908569335938,718.6685693359375,684.7315771642407,695.7949329267594,0.011545813437182058,12,4,3
2021-12-31,730.75,742.4000244140625,730.75,739.7000122070312,692.2094116210938,6325736,0.012247749362366944,0.012173352526690533,692.9919219970703,716.8489123535156,685.8820132345257,695.5293387559694,0.011747999010369712,12,4,4
2022-01-03,742.5,761.5,740.25,759.8250122070312,711.0423583984375,9069184,0.027207007678844874,0.026843476047544664,693.3627319335938,715.3829858398437,689.7528355674352,696.6784513220782,0.012519136925316192,1,1,0
2022-01-04,760.0,766.4500122070312,753.9000244140625,764.2750244140625,715.2066650390625,8857352,0.005856622452148574,0.005839539106892003,693.4294158935547,713.9587048339844,693.668809332301,698.0509115974104,0.012562084698363438,1,1,1
2022-01-05,768.4000244140625,786.0,764.0499877929688,782.4249877929688,732.1913452148438,14332638,0.02374793329820779,0.02347033742677505,693.6879302978516,713.0963696289062,699.5953533142307,700.5798326061092,0.013268279478100132,1,1,2
2022-01-06,771.5,777.375,765.0250244140625,769.875,720.4470825195312,9628930,-0.016039881886157015,-0.01616991312337214,693.9897277832031,712.0389184570313,702.8033116535076,702.0514807478442,0.013604221320289066,1,1,3
2022-01-07,772.0,783.375,767.9500122070312,775.2750244140625,725.5003662109375,11179384,0.0070140941840364235,0.006989609849041687,694.6447845458985,711.1756457519531,706.2951662008045,703.7884352265918,0.012869463190179349,1,1,4
2022-01-10,779.0,786.0,772.75,779.5750122070312,729.5243530273438,8856496,0.0055464986701829755,0.00553117348772163,695.7677459716797,710.8532641601563,709.8688872510413,705.6947995081289,0.012840539982578157,1,1,0
2022-01-11,780.7750244140625,784.3499755859375,773.9000244140625,782.9500122070312,732.6826171875,8389198,0.0043292100490548435,0.004319865977821595,697.2521545410157,710.6946472167969,713.3786918566504,707.6938971140082,0.012792203738009147,1,1,1
2022-01-12,784.0,788.3250122070312,776.0,778.3250122070312,728.3545532226562,21085530,-0.00590714705564821,-0.005924663263424103,698.5774780273438,710.2393811035156,715.6826705283436,709.2243160850192,0.012816365105260656,1,1,2
2022-01-13,777.5,777.5,760.2000122070312,764.0,714.9491577148438,41963896,-0.01840504112797725,-0.018576521222071436,699.2301971435547,709.5024389648438,715.5698224031897,709.6483784279691,0.013063780310062969,1,1,3
2022-01-14,765.0,774.3499755859375,759.5,772.5750122070312,722.9737548828125,11208968,0.011224010940326767,0.011161489124915411,700.9169738769531,709.1627453613281,716.7088889385163,710.6354433505501,0.013122592682853899,1,1,4
2022-01-17,765.0,778.0,759.5750122070312,760.75,711.907958984375,22989372,-0.015305944128263915,-0.015424289233107801,703.1593811035157,708.4847607421875,715.9702843301869,710.7297037678704,0.013387746729755763,1,1,0
2022-01-18,766.5,775.4500122070312,761.5,764.625,715.5340576171875,12341152,0.005093493599910737,0.00508056564178308,705.2052642822266,707.8203442382812,715.903172528187,711.0855818307829,0.01315377296028119,1,1,1
2022-01-19,767.0,769.875,756.6749877929688,759.2249755859375,710.4807739257812,14317626,-0.007062254602155926,-0.007087310358631716,706.9189453125,707.3168835449219,715.0689573585862,711.0407812452272,0.012750744058612824,1,1,2
2022-01-20,764.2249755859375,764.25,750.0499877929688,754.5,706.0591430664062,15197846,-0.006223434921318383,-0.006242881216244906,708.4372772216797,706.8840759277343,713.6828320828662,710.671771009759,0.012406809268545527,1,1,3
2022-01-21,750.0,764.9000244140625,742.7999877929688,760.7999877929688,711.9547119140625,11537694,0.008349964596523485,0.008315296493407662,710.3720336914063,706.63421875,713.4169674415118,710.7668036693372,0.012496428297552115,1,1,4
2022-01-24,754.9749755859375,760.625,733.7750244140625,743.3250122070312,695.6016845703125,11868508,-0.022969196031845218,-0.023237098298050624,711.2107452392578,706.0133190917969,710.6761546920966,709.6434615138538,0.013122618928534367,1,1,0
2022-01-25,729.3250122070312,747.5,722.0,744.0250244140625,696.2567749023438,13594248,0.0009417607038084697,0.0009413175254203521,711.8482635498046,705.3657495117187,708.4577885705961,708.6518550981865,0.013086339535704632,1,1,1
2022-01-27,725.0,742.5,717.5,737.4749755859375,690.127197265625,28617838,-0.008803616507111922,-0.008842597288783819,712.3418975830078,704.6821472167969,705.6376976006005,707.2796582217005,0.013177871539858239,1,1,3
2022-01-28,738.75,743.3499755859375,730.0,731.625,684.6527099609375,24925208,-0.007932577250075235,-0.007964207525101933,712.3828338623047,704.0500146484375,702.4092379637293,705.6035879801625,0.013247237664471414,1,1,4
2022-01-31,736.375,745.7750244140625,733.4000244140625,742.8499755859375,695.1571655273438,12842546,0.015342750293072749,0.015226240508802983,712.5302215576172,703.5474926757812,701.2935345119777,704.8297789095834,0.013146320140729731,1,1,0
2022-02-01,754.25,758.5,736.7249755859375,748.5,700.4443359375,14739484,0.0076057195010648115,0.007576941840930915,712.0003204345703,703.3757739257812,701.1628885774427,704.5049312820216,0.011674099894679267,2,1,1
2022-02-02,755.9749755859375,767.5,752.7999877929688,765.5999755859375,716.446533203125,13969290,0.022845780092156875,0.022588723007087246,712.0623138427734,703.5222265625,703.5142185198554,705.3894943872886,0.012180240602976693,2,1,2
2022-02-03,764.375,769.9749755859375,754.5,757.6749877929688,709.0302734375,10564762,-0.010351449022257153,-0.010405397892948606,710.9042602539063,703.4969592285156,704.3628423533391,705.6591817243412,0.01238942922123305,2,1,3
2022-02-04,764.2000122070312,766.4249877929688,757.0499877929688,762.0,713.0776977539062,11579958,0.005708394222412538,0.005692163079991943,710.535791015625,703.4787121582032,705.7035893380418,706.2087014302349,0.012402217523969977,2,1,4
2022-02-07,756.0499877929688,759.5,730.0,734.0750122070312,686.9454956054688,12268042,-0.036647061366174016,-0.03733543522785558,708.6080474853516,703.27517578125,702.8177287637997,704.781797295067,0.014236824572666172,2,1,0
2022-02-08,738.2000122070312,739.2249755859375,722.2750244140625,730.9249877929688,683.9977416992188,13981130,-0.004291103042537436,-0.004300336248423878,706.3317169189453,702.9064733886719,699.9223461384795,703.2422376213004,0.014193267807466657,2,1,1
2022-02-09,737.0,749.8499755859375,733.5,748.7999877929688,700.72509765625,11308342,0.024455279509368433,0.024161036703935074,704.7338409423828,702.9443713378906,700.0458463719826,703.0557828090745,0.01482073360760986,2,1,2
2022-02-10,757.0,767.75,750.8250122070312,762.5499877929688,713.59228515625,14314530,0.018362675381597526,0.01819611733568898,703.9957275390625,703.1357397460938,702.1299138772545,703.8362644644208,0.01511270330987919,2,1,3
2022-02-11,750.125,762.5,749.75,759.4249877929688,710.6680297851562,10711104,-0.00409793579880624,-0.004106355347430508,703.7816711425781,703.0711694335937,703.4434701707778,704.3423211548456,0.015133377929103005,2,1,4
2022-02-14,745.0,749.7249755859375,734.6500244140625,736.8499755859375,689.5424194335938,14656620,-0.029726411581999845,-0.03017719733784423,702.1101043701171,702.6982556152344,701.3048469804418,703.2460321384567,0.016010304412802503,2,1,0
2022-02-15,738.0,762.4500122070312,736.5250244140625,758.9000244140625,710.1766967773438,13135066,0.029924594574905816,0.029485590411046862,702.0235412597656,702.8292663574218,702.6697469491959,703.7594147043002,0.016176401907225392,2,1,1
2022-02-16,767.1749877929688,767.375,753.5,757.875,709.217529296875,10032264,-0.0013506039902763112,-0.0013515168779046145,701.70771484375,702.7361572265625,703.6770980796081,704.1637194889353,0.016141228439388013,2,1,2
2022-02-17,756.5499877929688,761.0,751.0,753.25,704.8894653320312,7351208,-0.006102590229452809,-0.006121287138399587,701.4281494140625,702.293525390625,703.8636161184425,704.2174784402757,0.015525304091066205,2,1,3
2022-02-18,749.1500244140625,758.5,745.2249755859375,756.1749877929688,707.6265258789062,7796128,0.003882964183023585,0.003875444935959586,701.5065185546875,702.1578332519531,704.44252531236,704.4700004727669,0.015290713062375127,2,1,4
2022-02-21,752.0,765.3499755859375,747.7750244140625,761.0499877929688,712.1885986328125,7468066,0.006447006418025314,0.006426313363366921,701.518212890625,702.1536206054687,705.6342289001219,705.0417484846221,0.015281470505662614,2,1,0
2022-02-22,744.9000244140625,761.0499877929688,743.9749755859375,755.3499755859375,706.8546142578125,9536196,-0.007489567209078674,-0.007517754847906031,702.080859375,702.1494104003906,705.8219804936128,705.1760348381918,0.015288834230669637,2,1,1
2022-02-23,762.5499877929688,762.8499755859375,747.8250122070312,750.4500122070312,702.2692260742188,9029562,-0.00648703154949104,-0.006508163778519989,702.3814819335937,702.1349060058594,705.2754028906292,704.96071567049,0.015287863980768894,2,1,2
2022-02-24,724.9500122070312,737.4749755859375,703.5750122070312,709.7000122070312,664.1353759765625,23630766,-0.05430089868928145,-0.055830835251152185,701.0818908691406,701.3806518554687,698.9461679807728,701.9366164339028,0.018087670070606045,2,1,3
2022-02-25,719.9749755859375,732.9500122070312,716.4249877929688,728.0499877929688,681.3073120117188,18318654,0.02585607792674227,0.025527461983927843,700.9146209716797,700.9689025878906,696.2324978316875,700.4085198100373,0.018578838288585895,2,1,4
2022-02-28,713.0,719.2750244140625,707.0250244140625,713.125,667.340576171875,24880832,-0.020499905980171707,-0.020712945609972663,699.5237915039063,700.5309497070313,691.787586807101,697.9590425035068,0.01873553568522174,2,1,0
2022-03-02,693.25,699.2000122070312,677.2000122070312,687.125,643.0098266601562,38505560,-0.036459268895785435,-0.037140517912040566,696.652066040039,700.0499499511719,684.2833160152634,693.8887302188142,0.019611889026003564,3,1,2
2022-03-03,690.5,696.0,681.4500122070312,685.5,641.4891357421875,17527922,-0.0023649575090747277,-0.0023677584380079482,692.9041961669922,699.3874047851563,677.6995959732517,690.0072787761011,0.019550316372883528,3,1,3
2022-03-04,680.0,693.0,668.4500122070312,683.25,639.383544921875,21219364,-0.003282348371927424,-0.0032877470942400807,689.4218597412109,698.6509326171876,671.8048188884245,686.257372564677,0.01953839615403136,3,1,4
2022-03-07,659.25,666.1749877929688,648.5250244140625,662.4000244140625,619.8721923828125,27054458,-0.03051588157691254,-0.03099118563722698,684.7615844726563,697.5345263671875,663.8151840414072,681.3399518104648,0.02015640719800357,3,1,0
2022-03-08,651.0999755859375,667.0,646.0,663.9000244140625,621.2759399414062,39212492,0.002264575788111456,0.0022620155009424004,681.4781066894532,696.494853515625,657.2706849490993,676.89076574609,0.02005684027365917,3,1,1
2022-03-09,665.0,687.3499755859375,659.4249877929688,685.5750122070312,641.559326171875,23134694,0.03264795065519799,0.032126329200284236,679.3561859130859,695.7494909667969,654.8535528295263,674.2736220739258,0.020830488783708377,3,1,2
2022-03-10,713.5,713.5,690.125,696.3499755859375,651.642578125,22273206,0.015716788053399267,0.015594558381807795,676.9020599365234,695.1122143554687,654.3595567211377,672.5972484480794,0.021087276744886908,3,1,3
2022-03-11,694.0,704.4749755859375,686.3499755859375,698.4000244140625,653.5609741210938,15150780,0.002943938994308226,0.002939614091993712,673.9004943847656,694.5783435058594,654.2366978595925,671.1871540534879,0.021065413127790058,3,1,4
2022-03-14,707.5,725.0,707.5,721.2750244140625,674.96728515625,25018126,0.03275334954622,0.032228390616729774,672.1154571533203,694.4010095214844,657.4260189821553,671.4671637648037,0.02193515967812527,3,1,0
2022-03-15,721.75,724.75,705.875,712.0,666.2877807617188,18867928,-0.0128591482660112,-0.012942542806319086,670.9527252197265,693.8825769042969,658.7893669482419,671.0835057645752,0.0218484416391696,3,1,1
2022-03-16,723.5,727.5,718.0999755859375,724.0750122070312,677.5875244140625,13364108,0.016959253911914107,0.01681705128043139,669.3232666015625,693.2134802246094,661.6813911737527,671.5652849237965,0.022044009226072435,3,1,2
2022-03-17,736.0,744.9000244140625,735.2750244140625,740.0250244140625,692.5135498046875,14823954,0.02202818802417017,0.021789072638114484,668.4880676269531,692.7596179199219,666.4248001938965,673.117008248307,0.022014165315965357,3,1,3
2022-03-21,743.5,746.8250122070312,736.4000244140625,743.25,695.5314331054688,12257876,0.004357868956690325,0.004348400942711808,668.020166015625,692.0264196777343,670.9027437187538,674.7773360155041,0.0219600432375314,3,1,0
2022-03-22,740.6500244140625,749.0,728.5999755859375,747.0750122070312,699.1109008789062,10461814,0.005146378154982312,0.0051331808105764525,667.594384765625,691.5996960449219,675.242460204931,676.579822301682,0.021954886786405187,3,1,1
2022-03-23,753.5,759.4000244140625,736.7999877929688,739.625,692.13916015625,31188256,-0.009972295831593425,-0.010022352236555012,666.5919128417969,690.9324719238281,677.841952505134,677.7323658464649,0.020954672056200076,3,1,2
2022-03-24,733.0,734.8250122070312,717.2750244140625,721.3250122070312,675.0140380859375,20160044,-0.024742310587435257,-0.02505354607114547,664.9998840332031,689.842265625,677.4068887483346,677.531008234574,0.021441735197258612,3,1,3
2022-03-25,725.5,726.0,709.5,715.4500122070312,669.5162963867188,16366462,-0.008144633132087242,-0.008177981855362464,663.3622375488281,688.5789392089844,676.1929514619321,676.9373258754736,0.020969111560209013,3,1,4
2022-03-28,715.4500122070312,719.0,700.7999877929688,716.4000244140625,670.4052124023438,15754886,0.0013276988482915364,0.001326818235548496,663.6757293701172,687.4199523925781,675.3025300681493,676.4534656182046,0.020646364145949957,3,1,0
2022-03-29,720.5,730.125,715.0,725.9000244140625,679.2954711914062,12377448,0.01326102277338359,0.013173865098624999,663.5751373291016,686.7068786621094,675.9168287024966,676.6639845495529,0.020824292212155402,3,1,1
2022-03-30,736.0,741.375,727.0250244140625,738.4749755859375,691.06298828125,20109742,0.01732312018686777,0.017174785568912658,664.7612579345703,686.0686633300782,678.2470070992279,677.7305774185675,0.020375919619800998,3,1,2
2022-03-31,735.5,742.3499755859375,732.9500122070312,735.1749877929688,687.974853515625,14295714,-0.004468673359725894,-0.004478687725613632,667.0095092773438,685.5900012207031,679.7435988555966,678.4894126850162,0.01960311668224023,3,1,3
2022-04-01,738.2000122070312,755.0,735.1500244140625,753.0,704.655517578125,14568556,0.024246037449275892,0.023956768703433443,670.1678283691406,685.3724304199219,683.5762017359856,680.4276426770983,0.020131437861815447,4,2,4
2022-04-04,790.0,861.0499877929688,781.2750244140625,828.4000244140625,775.214599609375,97450970,0.10013273191098948,0.09543083789847105,676.9593811035156,686.6671069335938,697.67441679343,687.4488987461558,0.02714572910806473,4,2,0
2022-04-05,833.3499755859375,833.3499755859375,801.0,804.125,752.4981689453125,30922582,-0.0293034092437231,-0.029741330419833643,683.5906799316406,687.5958874511718,706.108840201412,692.2673632053526,0.02779890839926783,4,2,1
2022-04-06,793.8499755859375,794.9000244140625,773.6749877929688,775.4249877929688,725.6407470703125,27027860,-0.035691012926507004,-0.03634350971923145,688.8089202880859,687.8696081542969,709.1137489504736,694.7394657138682,0.028640112510520604,4,2,2
2022-04-07,770.6500244140625,770.6749877929688,756.8499755859375,758.375,709.685302734375,40781732,-0.021988076607268425,-0.022233417413526774,692.215219116211,688.1512805175781,709.201680301843,695.8465647524242,0.02890959041924597,4,2,3
2022-04-08,756.0499877929688,762.875,748.6500244140625,757.3250122070312,708.7028198242188,41256322,-0.0013843923586563944,-0.0013853515150925094,695.0682312011719,688.4002014160156,709.1249325360548,696.7988799429276,0.028881882792589717,4,2,4
2022-04-11,753.0,755.0,746.625,748.0750122070312,700.0466918945312,20799066,-0.012214044713176775,-0.012289249151602481,697.3925170898438,688.5985913085938,707.7282801296666,697.0394586060092,0.027084412127326606,4,2,0
2022-04-12,742.0,753.4249877929688,740.0750122070312,746.75,698.8067626953125,27435402,-0.0017712092830024506,-0.0017727797288306691,698.5844909667969,688.8816723632813,706.3557389859197,697.1703700200318,0.026716084692537913,4,2,1
2022-04-13,745.0,751.1500244140625,731.3250122070312,732.4749755859375,685.4481811523438,28892520,-0.019116273991746202,-0.0193013524270038,699.5425109863281,688.6874926757813,703.139191626908,696.3020597335363,0.02667853230432713,4,2,2
2022-04-18,709.4249877929688,715.8250122070312,695.0250244140625,697.7249755859375,652.9292602539062,45620376,-0.047441837023723954,-0.048604110353426835,698.3095977783203,687.7371911621094,695.4145868002923,693.0892597720823,0.027282035339992173,4,2,0
2022-04-19,690.4500122070312,694.7750244140625,663.5,671.0999755859375,628.013671875,74096022,-0.03815970564593363,-0.0389068562832729,695.084603881836,685.9685339355469,685.0452152733243,688.2688458537799,0.028195449552470483,4,2,1
2022-04-20,677.2249755859375,679.9500122070312,667.6749877929688,677.1500244140625,633.6752319335938,49325736,0.009015026761584055,0.008974633987617034,691.9917938232422,684.4614331054687,677.1421409133657,684.2248744522847,0.028240426027088778,4,2,2
2022-04-21,682.5,689.9000244140625,676.6500244140625,687.1749877929688,643.0565795898438,52446270,0.014804662046871808,0.014696142787297,689.189077758789,683.0610107421875,671.8982084020546,681.1753711291409,0.027755408805485042,4,2,3
2022-04-22,680.0,687.6749877929688,674.5750122070312,677.7999877929688,634.283447265625,20659148,-0.013642862234322317,-0.013736781273932628,686.2962921142578,682.0077697753907,666.1113220733731,677.701895287399,0.02789366435490294,4,2,4
2022-04-25,675.0,685.3250122070312,661.125,682.875,639.03271484375,20935488,0.007487610781266474,0.007459717771793593,684.4972259521485,681.1084692382813,661.9453824995849,674.8375115508325,0.02728267910076909,4,2,0
2022-04-26,686.0,690.9749755859375,678.5750122070312,686.0250244140625,641.9804077148438,17016842,0.004612741730780634,0.004602135640573327,683.1204315185547,679.9335754394531,658.873847917317,672.4036520074259,0.027140141628079893,4,2,1
2022-04-27,680.0,689.5,678.0499877929688,686.2750244140625,642.2144775390625,18054334,0.000364605868661938,0.00036453941609438,681.7108947753907,678.5060192871093,656.310867859124,670.1674168616212,0.027134087158413728,4,2,2
2022-04-28,686.0,689.5,681.0499877929688,685.6749877929688,641.6528930664062,20773722,-0.0008744500354589402,-0.0008748325899239665,679.8287658691406,677.1257165527344,654.0557948140905,668.0552299138275,0.026409193117829393,4,2,3
2022-04-29,690.1749877929688,702.375,685.7750244140625,692.2999877929688,647.8525390625,28401476,0.009661993366017807,0.009615614808356474,677.6682434082031,676.2919189453125,653.1014477753843,666.5587342952107,0.02639104282719588,4,2,4
2022-05-02,681.0250244140625,703.2249755859375,681.0250244140625,701.8499755859375,656.7894287109375,19494316,0.013794635522105025,0.013700355586307264,676.1089721679688,675.2241735839843,653.6688294577771,665.835082029709,0.026324652217878414,5,2,0
2022-05-04,700.0,701.7999877929688,675.0,678.0,634.470703125,29055916,-0.0339815542246803,-0.03457234994641942,672.5997314453125,673.7292370605469,650.7152715604268,663.5117947034342,0.02664054701222407,5,2,2
2022-05-05,687.5,687.5,673.25,676.4749755859375,633.0435791015625,17862912,-0.002249314296796312,-0.00225184780401484,665.4911804199219,672.2923193359375,647.9965496436783,661.2548898440364,0.026608516348045716,5,2,3
2022-05-06,665.0,667.5,656.5,658.7999877929688,616.5032958984375,26731268,-0.026128190458229672,-0.02647559638138385,658.6914367675781,670.4698547363281,643.151433682872,657.9399569591772,0.026897573623436276,5,2,4
2022-05-09,650.0,663.25,647.75,659.9249877929688,617.5560913085938,32762434,0.001707688210526026,0.0017062317688769186,653.2872039794922,668.5772045898437,639.2136887022137,654.9485595035783,0.026890302003083146,5,2,0
2022-05-10,657.5250244140625,676.5,657.5250244140625,670.5250244140625,627.4755859375,20113812,0.01606249985792707,0.01593486287247865,649.1767181396484,666.9896240234375,637.4078267384117,652.9135244246095,0.026808134166484657,5,2,1
2022-05-11,676.5,677.5,664.3250122070312,674.2999877929688,631.0082397460938,17102924,0.005629946228610017,0.00561415731411497,645.2919891357421,665.564404296875,636.4232748934396,651.2909107447194,0.0268188513739635,5,2,2
2022-05-12,660.5499877929688,663.4000244140625,646.5,651.5250244140625,616.7843627929688,22382290,-0.02254150747516137,-0.02279945091438092,641.128872680664,664.6173840332032,633.4019038010595,648.7348701557008,0.027080781257141383,5,2,3
2022-05-13,655.0250244140625,659.0,643.5,645.6749877929688,611.2462768554688,16768238,-0.008978966185883897,-0.009019520039737744,636.7508483886719,663.2161633300781,629.9933458094301,645.9579373186466,0.026940520117208804,5,2,4
2022-05-16,649.5,656.0,642.6500244140625,652.5499877929688,617.7546997070312,9804356,0.010647791402582873,0.010591502884762528,633.3661743164063,662.2244458007813,628.1104771782918,643.8688086066751,0.02679258687477815,5,2,0
2022-05-17,656.2999877929688,658.5,649.0999755859375,657.0,621.9674682617188,16641444,0.006819484427533107,0.006796336920060848,631.8180847167969,661.8035986328125,627.1653988834345,642.2464870996413,0.026856137842371997,5,2,1
2022-05-18,662.0250244140625,666.6500244140625,655.0,656.9500122070312,621.9201049804688,15732384,-7.615073724409616e-05,-7.61536368586937e-05,631.5134063720703,661.4122180175781,626.3584305906704,640.7408291648877,0.026367442158248707,5,2,2
2022-05-19,643.0999755859375,648.2000122070312,639.1500244140625,643.5250244140625,609.2109375,20537506,-0.02043537003980256,-0.020647061170727204,630.2901916503906,660.8087658691406,623.7203547305674,638.4052816341552,0.017758672191053253,5,2,3
2022-05-20,651.5,662.0999755859375,646.1749877929688,660.4749755859375,625.257080078125,13919350,0.026339222739455437,0.025998318555407823,629.4002166748047,660.9164636230469,623.956774014807,637.4313407781531,0.018336612989374727,5,2,4
2022-05-23,657.0,664.9749755859375,649.5499877929688,652.0,617.2340698242188,19486320,-0.012831538433605294,-0.012914573701152326,628.5477478027344,660.8356262207031,622.9225118316396,635.9352466334173,0.01751648388498965,5,2,0
2022-05-24,650.0,662.5,648.4500122070312,659.4749755859375,624.3104248046875,12870796,0.011464621488706861,0.011399400729951789,627.8116333007813,660.4906481933593,623.1360369044162,635.074148720178,0.017477563062933296,5,2,1
2022-05-25,665.0,667.9749755859375,661.5999755859375,664.4000244140625,628.972900390625,12887112,0.007468200755091026,0.007440451814629749,627.1612579345704,660.0372546386719,624.0340159022945,634.6222043994703,0.017599541919002464,5,2,2
2022-05-26,671.0750122070312,685.5,670.0,683.3499755859375,646.9124145507812,26992428,0.0285219190668069,0.028122741567602184,627.3961547851562,659.9042834472656,627.5537695405233,635.5325903366045,0.018478968142620445,5,2,3
2022-05-27,685.9000244140625,697.3499755859375,685.375,696.0250244140625,658.9115600585938,24031718,0.01854833086816665,0.01837840854675672,628.2590881347656,659.5831689453125,632.3780450048419,637.2643658715667,0.018873301693185452,5,2,4
2022-05-30,705.125,710.25,699.2249755859375,700.7750244140625,663.4082641601562,12624674,0.00682444257187198,0.006801261469304539,629.0368743896485,659.5255786132813,637.1519248748903,639.2009509299808,0.01864467005685146,5,2,0
2022-05-31,697.9500122070312,702.4000244140625,690.0,694.4749755859375,657.4441528320312,13485388,-0.008990107073319709,-0.00903076193035168,629.0696105957031,659.1227111816406,640.2738060990657,640.5522992190215,0.0165389421507696,5,2,1
2022-06-01,690.0,700.2249755859375,689.5750122070312,697.4249877929688,660.2369384765625,12091896,0.004247943543951083,0.004238946502059629,630.3579223632812,658.4771789550781,643.3450572340652,642.0104206455061,0.014859944694138623,6,2,2
2022-06-02,693.625,694.0,689.2999877929688,692.5499877929688,655.6218872070312,11475020,-0.006989992532347666,-0.0070145369739987255,631.4868377685547,657.6789880371093,645.2338003068292,643.0186774278412,0.014878398380300174,6,2,3
2022-06-03,699.1500244140625,700.375,688.1500244140625,690.1500244140625,653.3497924804688,6957244,-0.0034655565515692155,-0.0034715755027090933,633.3291625976562,656.7637658691406,646.4824144873891,643.7839452095174,0.014676698066279541,6,2,4
2022-06-06,688.1500244140625,693.5,680.3250122070312,689.2249755859375,652.4740600585938,6173266,-0.001340373000732531,-0.0013412721041354996,635.0750610351563,655.9704638671875,647.4042061137283,644.4276574205601,0.01443389733169009,6,2,0
2022-06-07,681.0,687.1500244140625,677.0499877929688,681.2999877929688,644.9717407226562,10253966,-0.011498264521448975,-0.011564880704265083,635.9498687744141,655.3696179199219,647.0299806689479,644.4679598873821,0.014557327782419435,6,2,1
2022-06-08,686.6500244140625,690.5,678.5,683.7000122070312,647.2437744140625,5986588,0.0035226871937994453,0.0035164970642672677,636.7616455078125,654.9241674804688,647.0628720143502,644.6735757782474,0.014547836280620624,6,2,2
2022-06-09,681.125,691.0250244140625,678.5750122070312,688.8499755859375,652.1190795898438,7311816,0.0075324095317792494,0.00750418259106938,638.5283813476562,654.5584448242188,647.8407501028877,645.2250945791063,0.014606405112725186,6,2,3
2022-06-10,680.0499877929688,683.9749755859375,671.7999877929688,675.5499877929688,639.5283203125,9155430,-0.01930745422333424,-0.019496277533861274,639.9424835205078,653.7631018066406,646.5619147505204,644.8031113000984,0.015052069166597244,6,2,4
2022-06-13,661.7999877929688,665.0,654.1500244140625,663.2999877929688,627.9315185546875,10892572,-0.01813336702922841,-0.01829979148963233,640.4513244628906,652.5004724121094,643.6956999511615,643.5533636893273,0.015290354091213751,6,2,0
2022-06-14,655.625,663.0,652.5,656.0,621.020751953125,11870356,-0.011005605543529695,-0.01106661526581074,640.4039886474609,651.1613903808594,640.207246413002,641.8842813384974,0.015136611469855852,6,2,1
2022-06-15,650.8250122070312,657.9000244140625,649.2000122070312,653.7249755859375,618.8670043945312,11810470,-0.0034680766332206847,-0.003474104351415218,640.251333618164,649.4456201171874,636.9241322563142,640.1792978611667,0.013868436473890982,6,2,2
2022-06-16,655.0,660.2750244140625,639.0,640.6500244140625,606.4892578125,12169192,-0.020000656836020925,-0.020203377558581738,640.1152496337891,646.07111328125,632.2418438803428,637.6837393390433,0.014306953682672827,6,2,3
2022-06-17,637.5,649.5,635.7999877929688,644.875,610.4889526367188,14723922,0.006594832097513104,0.006573181328975146,639.3768432617187,643.2309289550781,628.8952452274775,635.6693106944267,0.013579952160604217,6,2,4
2022-06-20,652.3499755859375,662.5,647.0750122070312,661.0750122070312,625.8251342773438,15936840,0.025121145230208697,0.024810796074924653,639.806396484375,641.2346166992188,628.4229204659185,634.9401124413095,0.01434675424689835,6,2,0
2022-06-21,668.4500122070312,677.0,662.0250244140625,668.2750244140625,632.6412353515625,13220684,0.010891382753569712,0.01083249881032255,640.2229370117187,639.6937353515625,629.0718919867868,634.7698252494763,0.014184002131633454,6,2,1
2022-06-22,666.125,668.4749755859375,661.5999755859375,665.125,629.6591796875,8159698,-0.0047136599662293,-0.00472480429554475,640.2572509765625,638.1128625488282,629.1622439407427,634.3912589115522,0.014177458608045085,6,2,2
2022-06-23,665.25,674.0,659.25,667.5750122070312,631.978515625,15372244,0.0036834783202097654,0.0036767109272145084,639.5105560302734,636.7514990234375,629.5955165075516,634.2125371866225,0.013531815371840537,6,2,3
2022-06-24,669.2750244140625,680.8250122070312,669.2750244140625,676.9000244140625,640.806396484375,8013432,0.013968640770398055,0.013871978428829866,638.6052978515625,635.5914916992188,631.3202672732167,634.7009712086782,0.013602540568429543,6,2,4
2022-06-27,685.0,688.0,676.0,678.125,641.9660034179688,9804164,0.0018096057404477506,0.0018079703765918054,637.5331848144531,634.7218481445312,632.9580728339478,635.2391217426997,0.013496570563873038,6,2,0
2022-06-28,672.0,675.5,669.2000122070312,672.9500122070312,637.0670166015625,9770574,-0.007631224691530325,-0.0076604914760233685,636.5143280029297,634.4046032714843,633.5902180289654,635.3745213618747,0.013553128644916477,6,2,1
2022-06-29,665.625,675.375,665.625,671.9749755859375,636.1439208984375,9994046,-0.001448977390242634,-0.0014500281731444546,635.3096771240234,634.5672082519532,633.9830953934995,635.4315139201386,0.01355881401855015,6,2,2
2022-06-30,668.0,677.0,668.0,674.0,638.06103515625,12475822,0.003013648633323207,0.0030091166971066004,634.4316345214844,634.6549243164062,634.610470741615,635.6262932709617,0.012952211349394012,6,2,3
2022-07-01,671.9749755859375,680.0,665.0250244140625,676.875,640.7826538085938,11472452,0.004265451896270811,0.004256380642513876,633.8032775878906,634.6094458007813,635.5600373673041,636.0082459033789,0.012098643661759362,7,3,4
2022-07-04,676.8499755859375,680.0999755859375,671.125,677.8250122070312,641.6820068359375,8487480,0.0014035227420690077,0.0014025387246448695,633.2636749267579,634.7574169921875,636.5018788240169,636.4285244909759,0.011817886007028796,7,3,0
2022-07-05,682.0,689.6749877929688,674.1500244140625,676.2999877929688,640.23828125,14325718,-0.002249908164101977,-0.002252443010303256,633.027001953125,634.7815283203125,637.0767099664758,636.7107286953479,0.011678081792070768,7,3,1
2022-07-06,674.0,686.7000122070312,673.5499877929688,685.625,649.0660400390625,15049078,0.013788239547043668,0.013694046620947552,633.118115234375,634.9232409667969,638.9212222853353,637.6259369430305,0.011856194038573973,7,3,2
2022-07-07,690.0,699.0,687.2249755859375,697.9000244140625,660.6866455078125,17743142,0.017903579531060698,0.01774519805417739,633.5464935302734,635.2926843261719,642.2697489349472,639.3341375774588,0.011147136838138304,7,3,3
2022-07-08,705.0,705.0,697.375,698.5499877929688,661.3019409179688,12474030,0.0009312968777859254,0.0009308634899029547,634.6351745605468,635.6856652832031,645.1977784707966,640.9613822693484,0.010629902237495296,7,3,4
2022-07-11,697.0,704.9500122070312,696.625,703.0750122070312,665.5856323242188,7462880,0.0064776634411563006,0.00645677354261993,636.5178802490234,636.0403271484375,648.3343713713231,642.7854007919314,0.010622608464602556,7,3,0
2022-07-12,702.625,702.625,694.7000122070312,695.9000244140625,658.793212890625,9876974,-0.010205177371204188,-0.01025760720262671,638.4065032958985,636.0804028320313,649.9434239127542,643.9711646510939,0.010660961387698014,7,3,1
2022-07-13,695.0,697.0999755859375,677.125,678.9249877929688,642.723388671875,15945610,-0.02439281993850473,-0.02469525303082481,639.5993225097657,636.2454565429688,648.8326492603112,643.8787368007813,0.011526143898415973,7,3,2
2022-07-14,681.0,686.3250122070312,674.625,675.5250244140625,639.504638671875,10372410,-0.005007986416444621,-0.005020568404947774,641.2500915527344,636.374677734375,647.3975707082441,643.5547295319735,0.011495265398972955,7,3,3
2022-07-15,676.5,682.4500122070312,673.4000244140625,681.0250244140625,644.7113647460938,13595646,0.008141811269785526,0.008108845537377495,642.9612121582031,636.9388391113281,646.9843082525286,643.640406214501,0.01159614804818262,7,3,4
2022-07-18,674.0,683.0499877929688,671.0250244140625,673.7750244140625,637.8479614257812,20332220,-0.010645699293691746,-0.010702770151257968,643.562353515625,637.3446765136719,645.5787164330291,643.2113362301513,0.011746244064428197,7,3,0
2022-07-19,668.5,679.2750244140625,668.5,674.0250244140625,638.0846557617188,15792538,0.0003710826878060569,0.0003710138536537106,643.8345245361328,637.5568579101563,644.4257840220582,642.8315821213786,0.011568137640495368,7,3,1
2022-07-20,679.9500122070312,685.5499877929688,677.625,682.5250244140625,646.13134765625,20347862,0.012610696436392788,0.012531843836209911,644.6581329345703,637.8593200683594,644.6881784273186,643.0760091980356,0.011788400752545357,7,3,2
2022-07-21,680.2750244140625,684.75,679.0499877929688,680.375,644.0960083007812,12640278,-0.0031500396364479988,-0.003155011454999328,645.2640075683594,638.4055529785156,644.5970753309282,643.1515646871279,0.011714446200953237,7,3,3
2022-07-22,683.0,698.5,681.2000122070312,696.25,659.12451171875,12729592,0.023332706963385963,0.023064660842912314,646.1799133300781,639.3631176757813,646.8320655444392,644.3347459487296,0.011919515373474073,7,3,4
2022-07-25,697.5,702.2999877929688,691.6500244140625,698.2999877929688,661.065185546875,10143126,0.0029443205246069137,0.0029399945023150516,647.1348724365234,640.2293273925782,649.0217763140447,645.5740377708145,0.011356126612577885,7,3,0
2022-07-26,698.0,701.0,693.1500244140625,696.875,659.7162475585938,8527964,-0.002040552153968478,-0.0020426369170429824,648.267333984375,640.9843029785156,650.6670795824369,646.6216088662055,0.011123712563837424,7,3,1
2022-07-27,694.4500122070312,703.0,692.125,702.2000122070312,664.75732421875,9212778,0.007641280139471629,0.007612233433888851,649.6980041503906,641.8410473632813,652.8348095264851,647.9649951886162,0.01111767854687562,7,3,2
2022-07-28,707.5250244140625,712.0,705.5,708.4249877929688,670.6503295898438,17420406,0.008864897243545888,0.008825834729019735,651.3274688720703,643.0698352050781,655.5756587670018,649.6453903294479,0.010329073580208814,7,3,3
2022-07-29,719.0,719.2999877929688,707.6500244140625,717.0999755859375,678.86279296875,20019736,0.012245522020288613,0.012171152132043816,653.2314758300781,644.1419494628906,659.15829479804,651.8096423768036,0.010440095292945787,7,3,4
2022-08-01,719.5,724.2249755859375,715.0250244140625,723.0750122070312,684.5191650390625,13193036,0.008332128566917785,0.008297608004312996,655.3733337402343,645.4876513671875,663.0599671428126,654.2325699814154,0.009667978790469045,8,3,0
2022-08-02,721.0,722.2999877929688,711.5250244140625,715.125,676.9931030273438,15036510,-0.010994669537542134,-0.01105555762424497,657.2110748291016,646.5413049316406,665.2035265096636,655.9185353922248,0.00987838240397429,8,3,1
2022-08-03,712.4749755859375,717.875,708.5,716.7999877929688,678.5787963867188,10975498,0.002342259252397394,0.0023395204390349172,658.6867126464844,647.5334228515625,667.2612603369029,657.5970732436689,0.0097890235738311,8,3,2
2022-08-04,720.0,723.3499755859375,706.4749755859375,715.9500122070312,677.774169921875,12012206,-0.001185752441909771,-0.0011864560025573467,659.5410888671875,648.1506579589844,668.8786310422831,659.0916729976101,0.00980981542389937,8,3,3
2022-08-05,716.5,718.4749755859375,710.5750122070312,713.5250244140625,675.4783935546875,9268982,-0.003387229063999464,-0.0033929787116193147,660.2499114990235,648.4819946289062,669.8939791211145,660.3055041499863,0.009612682845853239,8,3,4
2022-08-08,714.0,732.25,713.5499877929688,731.0250244140625,692.0452270507812,15357736,0.024526074637134077,0.024230139458482396,661.5728912353516,649.0547338867187,673.3018634179863,662.6565947352304,0.010469757626916694,8,3,0
2022-08-10,730.6749877929688,735.75,724.5250244140625,733.1500244140625,694.0570068359375,17353102,0.0029070062280895925,0.002902789056403929,663.3360809326172,649.7869909667969,676.4949624053635,664.9825511871346,0.010291307292505734,8,3,2
2022-08-11,743.25,745.5,737.2750244140625,742.8499755859375,703.23974609375,18301766,0.013230525976064555,0.013143766974267996,666.3618988037109,650.6470471191407,680.6095445112692,667.8164174765136,0.010424962036471962,8,3,3
2022-08-12,742.5,744.6500244140625,737.9749755859375,742.5750122070312,702.9794311523438,8850370,-0.0003701652855263582,-0.0003702338136073288,669.5356384277344,651.5941979980469,684.051065532973,670.4210851562046,0.010447572738011867,8,3,4
2022-08-16,747.4000244140625,754.25,744.0250244140625,751.0750122070312,711.0261840820312,12563756,0.011446640645654593,0.011381623535875792,672.8513793945312,652.7477258300781,688.2010837712896,673.4288702618214,0.010552488324762235,8,3,1
2022-08-17,750.0,756.375,742.875,754.9500122070312,714.694580078125,12384350,0.005159298037427096,0.005146034460245723,676.6937103271484,653.9921362304688,692.2770062800336,676.4855895074736,0.010548704802707492,8,3,2
2022-08-18,750.0,756.9500122070312,749.8250122070312,755.8499755859375,715.5465698242188,8342138,0.0011921032701838197,0.0011913932792793956,680.5668060302735,655.4036328125,695.8569391329851,679.3789954568622,0.01050090646545392,8,3,3
2022-08-19,755.0,756.0,745.0,746.5250244140625,706.7188110351562,8063702,-0.012337084910114426,-0.012413818507906089,683.5961791992188,656.5931335449219,697.5279963487037,681.4041669811802,0.010722142117142796,8,3,4
2022-08-22,742.4000244140625,744.1749877929688,733.8499755859375,735.1749877929688,695.9740600585938,8234066,-0.015203714417654002,-0.01532047586723341,686.1900817871094,657.4702331542969,697.2889292271484,682.4834183202479,0.01082750267248484,8,3,0
2022-08-23,726.6500244140625,737.9749755859375,725.2000122070312,732.9000244140625,693.8203735351562,14966884,-0.0030944925206783935,-0.003099290363140379,687.9248748779297,658.55607421875,696.7553052745342,683.3231927806114,0.010863432467140513,8,3,1
2022-08-24,730.9500122070312,737.75,729.5999755859375,736.4249877929688,697.1573486328125,13455520,0.0048095663156353385,0.004798037303151692,689.7294830322265,659.9405908203125,696.8171580988846,684.3479450659597,0.010842162956429804,8,3,2
2022-08-25,739.9500122070312,743.4000244140625,728.5,732.4249877929688,693.3706665039062,11823040,-0.0054316032619210475,-0.005446408052419931,691.4122039794922,661.3875891113281,696.2869286227342,685.0162948021039,0.01069695062543978,8,3,3
2022-08-26,736.0250244140625,740.9000244140625,730.5999755859375,732.5499877929688,693.4889526367188,7706176,0.00017059581336043017,0.0001705812635493965,692.8487854003906,662.8800280761719,695.8564707787318,685.6438990861494,0.009498947510766997,8,3,4
2022-08-29,718.5,723.0,714.2999877929688,719.7000122070312,681.3241577148438,8653178,-0.017541440098826633,-0.017697114345882035,693.3824768066406,664.3767260742187,693.6207303073644,685.3239182438305,0.010100776671688044,8,3,0
2022-08-30,723.2249755859375,744.9749755859375,721.5499877929688,743.0499877929688,703.4290771484375,10135400,0.03244405644991888,0.03192886177002918,694.610791015625,666.2355285644531,695.1297067444526,686.6650411256533,0.011477505603694082,8,3,1
2022-09-01,732.375,744.7249755859375,729.5,736.0750122070312,696.8259887695312,22403136,-0.009386999476441726,-0.009431335026010717,695.2261322021484,667.6555456542969,695.3906732098493,687.4177039140886,0.011428199934372439,9,3,3
2022-09-02,736.0750122070312,745.25,732.5999755859375,742.75,703.1451416015625,12038086,0.009068480415303837,0.009027608657438364,696.5337341308593,669.0656237792969,696.583668347036,688.582699298346,0.0114690639709847,9,3,4
2022-09-05,743.0499877929688,749.5,742.0499877929688,747.5250244140625,707.66552734375,12131932,0.006428808896967286,0.00640823224686677,697.988070678711,670.6257507324219,698.2885697311459,689.9962421165242,0.01135102829849278,9,3,0
2022-09-06,749.4500122070312,753.3250122070312,743.2249755859375,744.6749877929688,704.9674682617188,12238696,-0.0038126190661830206,-0.003819905624732622,699.3477355957032,672.0855297851563,699.3160925820033,691.1052218309829,0.01136424289020093,9,3,1
2022-09-07,735.6500244140625,745.0,735.6500244140625,741.1500244140625,701.6304321289062,9776206,-0.00473360301439274,-0.00474484199441423,700.6553375244141,673.3020104980469,699.6721448199884,691.8848670382365,0.010779402881384504,9,3,2
2022-09-08,745.0499877929688,750.0,741.0750122070312,748.7999877929688,708.8724975585938,11164690,0.01032176641442617,0.01026886072548421,701.4967010498046,674.6401403808594,701.0875837028508,693.1432100397444,0.01088202229827575,9,3,3
2022-09-09,748.0999755859375,754.5,747.0250244140625,749.2999877929688,709.3457641601562,15128888,0.0006676329004051684,0.0006674101327061656,702.2611389160156,676.0857153320312,702.3580730039747,694.343399233849,0.010855226301114296,9,3,4
2022-09-12,750.0,752.0,745.0,746.7750244140625,706.9554443359375,11080492,-0.003369752728486053,-0.0033754431323104006,702.446923828125,677.5019458007813,703.0653609011998,695.2776247969667,0.010860752352590106,9,3,0
2022-09-13,749.4500122070312,757.9500122070312,749.2750244140625,756.5499877929688,716.209228515625,13001966,0.0130896285668749,0.01300469970091453,703.1084136962891,679.0649096679688,705.0874943803422,696.8281139613118,0.010978110901161162,9,3,1
2022-09-14,747.0250244140625,769.4500122070312,746.1749877929688,764.3250122070312,723.5697021484375,20219760,0.01027698798026866,0.010224538779756539,703.7355895996094,680.7206506347657,707.9309109600491,698.8089723455433,0.01092205279609714,9,3,2
2022-09-15,765.0,770.4749755859375,756.0,760.3499755859375,719.8065795898438,13539372,-0.005200774089103244,-0.005214345188597561,703.9911895751953,682.2831420898438,709.7579369030944,700.364350659936,0.01093888465078637,9,3,3
2022-09-16,751.5499877929688,757.3499755859375,741.5,746.375,706.5767822265625,20560046,-0.018379656060965366,-0.018550660515935995,703.5427001953125,683.609912109375,709.2685284913204,700.8245307759825,0.01131194760504579,9,3,4
2022-09-19,744.5,757.0,740.0,751.2999877929688,711.2391357421875,12076038,0.006598509366431582,0.0065768344991329695,703.7687164306641,684.8533740234375,709.5716988376076,701.5959829957013,0.011349656586519208,9,3,0
2022-09-20,757.0,762.0,754.9500122070312,760.3499755859375,719.8065795898438,10781668,0.012045799249665867,0.011973826016803142,704.9603424072266,686.0357727050781,711.1462958764132,702.944916076749,0.011492649197831224,9,3,1
2022-09-21,754.0,760.75,752.5,759.1749877929688,718.6942138671875,9072304,-0.0015453675392771427,-0.0015465628513158707,706.2040344238281,687.1836181640625,712.30751402884,704.1115307278926,0.011467376238439379,9,3,2
2022-09-22,751.0,755.0750122070312,741.375,743.0,703.3817138671875,12048144,-0.021306001501814942,-0.021536250685047983,706.5152526855469,687.9395397949219,710.9343140039705,704.0574702196922,0.01143406340117868,9,3,3
2022-09-23,736.1749877929688,737.5,718.5,723.0750122070312,684.5191650390625,15806252,-0.02681694513270594,-0.02718307999244687,706.0726776123047,688.4540588378907,706.8704449324462,702.6101883544603,0.012468716913310484,9,3,4
2022-09-26,712.6749877929688,718.2249755859375,709.0,713.3250122070312,675.2890625,8923486,-0.013484067372366071,-0.013575802988322488,705.1626831054688,689.1053723144531,702.0117707120698,700.58640125413,0.01241656161959334,9,3,0
2022-09-27,716.2000122070312,720.0,703.5,706.9249877929688,669.2303466796875,12639700,-0.00897203309925143,-0.009012524161603556,704.557992553711,689.6998864746093,696.9684747070879,698.263730544912,0.012493988611057855,9,3,1
2022-09-28,703.0,705.2999877929688,692.9500122070312,694.7750244140625,657.7281494140625,11816132,-0.01718720216841907,-0.017336616613240586,702.2729461669921,689.9602221679687,690.931501585084,695.26109490559,0.012559397976188205,9,3,2
2022-09-29,698.1500244140625,701.0999755859375,689.4000244140625,691.1749877929688,654.3201293945312,14410388,-0.0051815024529013876,-0.0051949729886264385,700.1476531982422,690.2896655273438,685.2989827865374,692.2284307936598,0.012483108024279082,9,3,3
2022-09-30,689.4000244140625,715.7249755859375,682.5,710.6749877929688,672.7803955078125,15781756,0.028212896537912258,0.027822243390709937,698.6294158935547,690.9835803222657,683.3730462821183,690.7878355873007,0.013701129161475091,9,3,4
2022-10-03,704.9749755859375,708.9249877929688,700.5499877929688,706.5999755859375,668.9226684570312,11541112,-0.0057340063363015,-0.0057505088646045135,696.6922729492187,691.4394067382813,681.149911232105,689.1681935776512,0.013581218286066841,10,4,0
2022-10-04,714.75,729.0,713.0750122070312,726.5,687.7615966796875,11538526,0.02816308836731607,0.02777380072169265,695.8319793701172,692.3127185058594,682.1670936086562,689.0640012148391,0.014383185841693787,10,4,1
2022-10-06,729.9749755859375,731.2999877929688,717.0999755859375,718.5,680.1881713867188,12549198,-0.01101170133594409,-0.011072778911666303,694.7598663330078,692.7339916992188,681.8626440360505,688.406532338682,0.014508392542349821,10,4,3
2022-10-07,715.125,717.4749755859375,710.1749877929688,715.4000244140625,677.2534790039062,13297994,-0.004314530164247765,-0.004323864608353041,693.1789154052734,693.0577575683594,681.1535417234129,687.5803802398098,0.01448757017822369,10,4,4
2022-10-10,704.0,713.0,699.0999755859375,707.5,669.774658203125,13109302,-0.011042868043706466,-0.01110429313575203,691.2003601074218,693.25892578125,679.4029442587532,686.261437866722,0.014584471230477387,10,4,0
2022-10-11,700.5499877929688,708.5,699.7249755859375,700.3250122070312,662.9822387695312,14521620,-0.010141350304020857,-0.010193124132132062,689.0016998291015,693.2234240722656,676.876681875796,684.5370527484115,0.014675916143130904,10,4,1
2022-10-12,701.5999755859375,707.4249877929688,698.6500244140625,704.9000244140625,667.3133544921875,9225050,0.0065327779077379855,0.006511531794701847,686.5569061279297,693.1566845703124,675.4054007398562,683.2612232479505,0.014418507891470488,10,4,2
2022-10-13,701.0250244140625,703.125,692.0,696.7999877929688,659.645263671875,14714234,-0.011490989605846824,-0.011557521193835135,683.3606842041015,692.772333984375,672.9807642678591,681.511892908982,0.013120056821834888,10,4,3
2022-10-14,708.5,723.5,707.625,719.5,681.134765625,12849920,0.03257736110088172,0.032057969051934386,681.4270935058594,692.7046459960937,674.2352260151115,681.483957554613,0.014478329031019975,10,4,4
2022-10-17,717.5,728.7999877929688,713.5,723.2750244140625,684.7085571289062,18410500,0.005246819989619844,0.00523310338772584,680.3336822509766,692.858955078125,675.8465077249261,681.7228167823384,0.014406432545530727,10,4,0
2022-10-18,729.0250244140625,731.4500122070312,720.0,721.9249877929688,683.4304809570312,10561108,-0.0018665988011514756,-0.001868343067595442,678.9432495117187,692.9559887695312,677.0132728375577,681.8493104249083,0.014342658287907477,10,4,1
2022-10-19,732.0,738.7000122070312,726.7000122070312,729.3250122070312,690.4359741210938,12967040,0.01025048393254635,0.010198303998896333,677.4747192382813,693.2092248535156,679.0783038042555,682.4853595875887,0.014478826381300184,10,4,2
2022-10-20,722.0,726.4500122070312,721.25,724.4000244140625,685.7735595703125,7898078,-0.006752855768728416,-0.006775759467729603,675.8286865234375,693.4151281738282,680.1083431528796,682.7289299566794,0.014503410544679973,10,4,3
2022-10-21,726.0,728.8250122070312,717.0,719.2999877929688,680.9454345703125,10492606,-0.007040407044892727,-0.0070653076530112924,674.7068725585938,693.1931323242187,680.2371264478692,682.5968191873189,0.014396077185010469,10,4,4
2022-10-24,727.1500244140625,731.5,727.1500244140625,730.5250244140625,691.5719604492188,2167794,0.015605546846219509,0.015485032478035897,675.0595123291016,693.1434313964844,681.9809470634615,683.2616444659782,0.014719019099654465,10,4,0
2022-10-25,730.5499877929688,733.9000244140625,722.5,725.4500122070312,686.767578125,13773394,-0.00694704614845576,-0.0069712892172709385,675.6334381103516,692.8139880371094,682.7173518421598,683.5213432555354,0.014755492487090965,10,4,1
2022-10-27,732.25,733.6749877929688,725.625,727.2000122070312,688.4242553710938,15937276,0.0024122822609313754,0.0024093773787374696,676.5931335449219,692.5228845214843,683.5953370004573,683.8845219307619,0.014534520512600138,10,4,3
2022-10-28,725.0,733.5,723.7000122070312,729.3499755859375,690.4595336914062,10474278,0.00295643028907433,0.002952068643533306,678.229702758789,692.1115515136719,684.6513672606034,684.3715598389578,0.01439569361377059,10,4,4
2022-10-31,736.0,749.0,733.625,748.3499755859375,708.4464721679688,12830528,0.026050677264746858,0.025717138574343722,680.9360198974609,691.9865893554687,688.3121526309674,686.1548866781437,0.01522267102877969,10,4,0
2022-11-01,751.75,764.5,749.4500122070312,756.625,716.2802124023438,19073756,0.011057631793129463,0.010996943154604559,683.1110107421875,692.0012622070312,692.614931057333,688.3863922873437,0.014971685528597034,11,4,1
2022-11-02,758.5,764.125,755.7999877929688,757.0999755859375,716.7298583984375,12720406,0.000627751525601461,0.0006275545720334716,685.5013702392578,692.2014831542969,696.3249198790414,690.4859082955729,0.014928302337438082,11,4,2
2022-11-03,748.8499755859375,760.125,748.5,753.7750244140625,713.5822143554688,10332352,-0.00439167422158504,-0.004401345949926825,686.7924011230468,692.5536462402343,698.9798882600303,692.1967457814911,0.014785711077755826,11,4,3
2022-11-04,751.5999755859375,758.0499877929688,744.7999877929688,748.5750122070312,708.6594848632812,10818060,-0.006898615735026259,-0.006922521191030816,688.215966796875,692.8504284667969,700.4690569682227,693.4162079356978,0.014834922717389166,11,4,4
2022-11-07,755.0,756.0,746.0499877929688,754.4000244140625,714.1738891601562,9835834,0.007781458393856022,0.007751338994157013,690.0619873046875,693.1907592773438,702.5774926900586,694.9538139523244,0.01436193092973269,11,4,0
2022-11-09,757.5250244140625,758.9749755859375,752.0,754.1749877929688,713.9608764648438,9269790,-0.00029826446828373765,-0.000298308957976941,692.2712982177734,693.6025634765625,704.3287825015641,696.3617445088073,0.013399701969489326,11,4,2
2022-11-10,748.5499877929688,763.5,747.5250244140625,762.375,721.7235717773438,12774182,0.010872718055556119,0.010814035036030926,695.208364868164,694.167255859375,707.0049039286071,698.2403983805507,0.013197458382715986,11,4,3
2022-11-11,772.5,818.5,769.0,805.5750122070312,762.6200561523438,56722338,0.05666502519002781,0.05511774577194974,699.9736999511719,695.793173828125,715.5610811937973,703.009261919202,0.016332293302929297,11,4,4
2022-11-14,806.0,814.0,799.0,807.5250244140625,764.4661254882812,19195390,0.0024206933990846835,0.002417768240475554,705.2147430419922,697.0139147949219,723.0849341621795,707.5616221835783,0.015819148350241383,11,4,0
2022-11-15,811.5750122070312,811.5750122070312,802.625,809.5,766.3358154296875,11030202,0.002445745964495316,0.002442759995457386,709.4747955322266,698.404111328125,729.7389158956422,711.9152661277345,0.015708380109863588,11,4,1
2022-11-16,809.3250122070312,821.0,806.0,816.4500122070312,772.9153442382812,13578150,0.008585699214520792,0.008549051712575426,713.8851348876954,699.7995153808594,736.3814433329713,716.4337904322194,0.015123235249605512,11,4,2
2022-11-17,809.0499877929688,815.7750244140625,806.9500122070312,809.0750122070312,765.9335327148438,12100930,-0.009033086968040727,-0.009074132664659508,718.010287475586,700.9648754882812,740.9279186224902,720.1004380087101,0.01521377787662783,11,4,3
2022-11-18,810.5,811.5,802.625,806.9500122070312,763.9219360351562,10459232,-0.0026263332179196075,-0.002629788081412985,721.6845855712891,702.14396484375,744.4654597629003,723.346474899558,0.014597840447031576,11,4,4
2022-11-21,803.8250122070312,806.0,795.0999755859375,798.6749877929688,756.0880737304688,8344816,-0.010254794286110092,-0.010307736944087745,725.2003112792969,703.2331176757813,746.2535542194494,725.7717785166624,0.01457233336506592,11,4,0
2022-11-22,800.0,802.1749877929688,795.5,797.5,754.9756469726562,8546314,-0.0014712925603017624,-0.0014723759740101763,728.901821899414,704.1551806640625,747.5954146430197,727.9350280319212,0.01452804096080882,11,4,1
2022-11-23,802.5,802.5,797.0,799.5750122070312,756.9400024414062,10185738,0.0026018792481941055,0.0025985002203289145,732.1702239990234,705.1070654296875,749.0330435350792,730.083544654846,0.014260803913768461,11,4,2
2022-11-24,802.9749755859375,816.0,799.5750122070312,812.5750122070312,769.2468872070312,17197960,0.016258732166262613,0.016127974380495444,736.294189453125,706.3528942871094,752.1428656384563,732.9845329920449,0.014160619465151259,11,4,3
2022-11-25,814.8499755859375,815.8499755859375,807.0499877929688,808.8250122070312,765.6968383789062,8410496,-0.004614966777460094,-0.004625648613521126,740.1578186035156,707.342646484375,754.2280922139103,735.4076667244051,0.014266578320797205,11,4,4
2022-11-28,801.4500122070312,803.7249755859375,797.0250244140625,800.125,757.460693359375,16105980,-0.010756404632632943,-0.010814672968173325,743.5078765869141,708.0204663085938,754.7254154670586,737.0412242529213,0.014238449628759225,11,4,0
2022-11-29,798.625,806.1749877929688,796.4249877929688,798.9249877929688,756.32470703125,12638236,-0.0014997297392249642,-0.0015008554595285772,745.9017883300781,708.7508288574219,754.9714603230881,738.4696303846495,0.013265078051067141,11,4,1
2022-11-30,798.5499877929688,806.4500122070312,798.5499877929688,804.2249755859375,761.3421020507812,15184806,0.0066339165875271,0.006612008998254591,748.1548828125,709.8461352539063,755.9515590504255,740.1638875451038,0.013273504479487847,11,4,2
2022-12-01,811.0,818.5,807.5,809.75,766.572509765625,20446366,0.006869983547153069,0.006846492736470157,750.6470153808593,710.952802734375,757.5855514681485,742.1200817836609,0.013244654592909364,12,4,3
2022-12-02,805.0,809.2999877929688,802.5750122070312,803.5499877929688,760.703125,7811078,-0.007656659599519888,-0.007686122304584991,753.003060913086,711.7707336425781,758.0651781653564,743.4966035033898,0.013352456205705751,12,4,4
2022-12-05,804.9749755859375,807.2999877929688,798.0999755859375,806.4749755859375,763.4721069335938,11592622,0.0036400296549246036,0.0036334207797925062,755.7436920166016,712.6662915039062,758.8970133604698,744.9762704241457,0.013216227367268948,12,4,0
2022-12-06,800.5,806.8499755859375,800.0,805.5750122070312,762.6200561523438,12353092,-0.001116020838891174,-0.001116644053871346,758.1660003662109,713.8510583496094,759.4697891746042,746.2832175151234,0.01309442530796153,12,4,1
2022-12-07,807.0750122070312,809.2999877929688,802.2249755859375,805.2249755859375,762.2887573242188,11674720,-0.00043442186637010494,-0.0004345162548863753,760.5823944091796,715.4064501953125,759.9034765822372,747.4688130565379,0.012924839946631508,12,4,2
2022-12-08,805.0,813.0,802.5,809.75,766.572509765625,14803634,0.005619592838340015,0.00560386183355029,762.8248413085937,717.232119140625,760.9294816873738,748.8839017016555,0.012783164191537329,12,4,3
2022-12-09,813.0,817.4249877929688,810.0,815.5250244140625,772.03955078125,11963384,0.007131798943972756,0.007106487936643898,763.2958160400391,719.2883032226563,762.6387230864317,750.5991349668108,0.012795190767169909,12,4,4
2022-12-12,812.5,826.7999877929688,810.7000122070312,821.875,778.0509033203125,14434808,0.007786327181009689,0.007756170175909888,763.9750549316407,721.6947583007812,765.0098277377979,752.6325992892923,0.01281320975300283,12,4,0
2022-12-13,825.0,828.5,822.5,824.1500244140625,780.2046508789062,17031702,0.0027681319427850237,0.0027643077212330175,764.6684967041016,724.2124487304687,767.3474928364299,754.6749734811156,0.01212220558512723,12,4,1
2022-12-14,826.5,832.75,825.0,831.125,786.8077392578125,14227640,0.008463277386859813,0.008427664647381228,765.3631164550782,726.4929956054688,770.341376901258,757.0551783534635,0.012074043243532635,12,4,2
2022-12-15,828.5250244140625,834.7000122070312,813.5250244140625,815.9000244140625,772.39453125,18182648,-0.018318589521511774,-0.018488452514200265,765.686166381836,728.5624328613281,770.6572468010644,758.1914267161699,0.012693078559578125,12,4,3
2022-12-16,810.0250244140625,822.5499877929688,804.5,819.8250122070312,776.1102905273438,14647958,0.0048107011727935856,0.004799166727627158,766.2955841064453,730.3294067382812,771.4961766051073,759.518749961442,0.012630014341827166,12,4,4
2022-12-19,822.0,823.3250122070312,813.0999755859375,822.375,778.5243530273438,9604542,0.0031104632028002843,0.0031056357200135395,767.4173980712891,732.2961303710938,772.5774345162206,760.9265724107681,0.012494286508416436,12,4,0
2022-12-20,810.0999755859375,818.2000122070312,810.0999755859375,816.7000122070312,773.1519775390625,7174698,-0.006900716037193222,-0.006924636085261356,768.3262145996093,734.2141003417969,772.665825750504,761.8321579758269,0.012596298397664293,12,4,1
2022-12-21,820.5,822.4000244140625,803.2750244140625,808.7999877929688,765.673095703125,9269198,-0.009673236379402095,-0.009720326049497132,768.7628692626953,736.1320690917969,771.5900211278303,762.1166718815527,0.012788670404554267,12,4,2
2022-12-22,811.0999755859375,813.75,804.5,806.0250244140625,763.046142578125,9747096,-0.0034309069232576483,-0.0034368059810258728,768.45283203125,738.1333471679687,770.2755782740294,762.1855215627803,0.012728814149403357,12,4,3
2022-12-23,793.5,802.0750122070312,792.7249755859375,798.8250122070312,756.2300415039062,10693152,-0.008932750844121928,-0.008972887059595109,767.9794921875,739.9116809082032,768.1147264632411,761.7443748917526,0.007606361418427136,12,4,4
2022-12-26,799.75,819.5,795.0,814.7249755859375,771.2822265625,9907322,0.019904241080742624,0.01970874159566567,768.6705688476562,742.1444201660156,768.6020341708194,762.4508824229191,0.008442098903832008,12,4,0
2022-12-27,816.5,817.9749755859375,806.75,815.5499877929688,772.063232421875,7926772,0.0010126071008480508,0.0010120947601151133,769.4574951171875,743.9629895019531,769.1345262094434,763.1629083487677,0.008433766503087312,12,4,1
2022-12-28,811.5499877929688,816.5,811.5499877929688,814.9000244140625,771.4479370117188,8691870,-0.0007969495040272001,-0.0007972672371058803,769.9627868652344,745.6977770996094,769.4904355636396,763.776614175653,0.008287949863483544,12,4,2
2022-12-29,810.0499877929688,821.75,805.5,820.6500244140625,776.891357421875,11012896,0.0070561085836096105,0.007031330737937761,770.4787292480469,747.5669946289063,770.6290389264451,764.748076638336,0.008205438583982138,12,4,3
2022-12-30,822.5,822.5,810.0,814.0750122070312,770.6669311523438,7122640,-0.008011964877801092,-0.008044233138754252,770.976919555664,749.1716137695313,770.6348684996603,765.1865103060403,0.00833423821250504,12,4,4
2023-01-02,813.5,819.875,809.2750244140625,814.3499755859375,770.9271850585938,4381378,0.0003376995894464052,0.00033764258177399967,771.3496734619141,750.8746862792968,770.6798402779579,765.6117454728961,0.008091332496339327,1,1,0
2023-01-03,811.0999755859375,821.5,811.0999755859375,819.6749877929688,775.96826171875,8378030,0.006538978982526311,0.006517692603194758,772.0170837402344,752.7751428222656,771.4934435765413,766.3788948244409,0.008149858927555412,1,1,1
2023-01-04,817.5,822.875,803.5,805.0250244140625,762.0994262695312,10351600,-0.01787294163101416,-0.018034591656365118,772.0076171875,754.1856921386719,770.0482101446935,766.0618971537068,0.008834984090364996,1,1,2
2023-01-05,807.5,809.0250244140625,794.7000122070312,799.8499755859375,757.200439453125,10941436,-0.006428277790978987,-0.006449028142474527,771.539013671875,755.5943493652344,768.0716300382983,765.4054928795896,0.00837784309295018,1,1,3
2023-01-06,801.0,804.5499877929688,789.0999755859375,797.2000122070312,754.6917114257812,9092462,-0.0033131624027524786,-0.0033186630784209775,770.6716217041015,756.9196984863281,766.013181020988,764.6118794385667,0.008359102127970306,1,1,4
2023-01-09,798.0,805.7750244140625,795.0,798.75,756.1590576171875,10729340,0.00194429880332736,0.001942411100851455,769.5770294189454,758.2336889648437,764.4971620357879,763.9857444888349,0.008137740945744869,1,1,0
2023-01-10,800.0,800.0,782.5,784.1500244140625,742.3375854492188,16371766,-0.018278524906549465,-0.018447641109406797,767.6836761474609,758.9115112304687,761.0879964070849,762.382177152567,0.008792796701272643,1,1,1
2023-01-11,783.9749755859375,799.0,780.0,795.4500122070312,753.0350341796875,15195798,0.014410490510183838,0.014307646238620094,765.9950408935547,759.6466076660156,759.8490791413315,761.6897961916129,0.009121430480346466,1,1,2
2023-01-12,793.9000244140625,801.9500122070312,792.0750122070312,799.7000122070312,757.0584716796875,9250070,0.005342961904000854,0.0053287389224531065,765.228237915039,760.4531799316406,759.4197549164633,761.3467351166555,0.009084077668707578,1,1,3
2023-01-13,799.375,804.9500122070312,793.0,800.3250122070312,757.6500854492188,9244546,0.0007814637728293938,0.0007811585889983271,764.3052276611328,761.3345373535157,759.1474980753487,761.0729092153639,0.008980930059182164,1,1,4
2023-01-16,807.5,810.6500244140625,790.1500244140625,792.6500244140625,750.3843994140625,14748094,-0.00958976468780881,-0.009636042581588296,762.8982299804687,762.1690356445313,757.7993290505354,760.2811677486009,0.009115017021740836,1,1,0
2023-01-17,794.9000244140625,805.5,788.75,804.4500122070312,761.5551147460938,10786354,0.014886657212961563,0.014776938487959761,762.3183868408203,763.11666015625,758.3771422344674,760.3755341928596,0.009538320695711137,1,1,1
2023-01-18,802.5,820.7999877929688,799.8499755859375,818.6500244140625,774.9979248046875,19090642,0.017651788817774072,0.017497805407938476,762.7846282958984,764.3374011230469,760.934185706809,761.4586742381802,0.010067004215575005,1,1,2
2023-01-19,818.5,825.0,816.5,822.0499877929688,778.2166137695312,11172162,0.0041531581722040745,0.004144557615560425,763.5431518554688,765.4672619628906,763.5930207933817,762.7000030923543,0.010045329229502012,1,1,3
2023-01-20,822.0499877929688,834.5,821.7000122070312,830.4749755859375,786.1923217773438,18843404,0.01024869922678695,0.010196537400053555,765.0412658691406,765.9387072753906,767.0698363293759,764.4401748467981,0.010131484526409924,1,1,4
2023-01-23,833.125,841.2999877929688,830.7000122070312,836.5499877929688,791.9434814453125,15444400,0.007315207117473577,0.007288580762571542,766.0743286132813,766.4882543945313,770.896550962597,766.4774568170584,0.010120409283847972,1,1,0
2023-01-24,837.5250244140625,851.2000122070312,837.5,847.75,802.5463256835938,24983940,0.013388385013196613,0.013299552590000024,767.5984832763672,767.2124645996093,775.7657470735196,769.1492248812463,0.010379851564361412,1,1,1
2023-01-25,845.7000122070312,846.4749755859375,822.6500244140625,824.3250122070312,780.370361328125,14704142,-0.027632005338233512,-0.02802095083979139,768.0446044921875,767.3615649414063,776.4741492665357,769.9804201736077,0.011514161939720257,1,1,2
2023-01-27,816.0,818.5,794.9749755859375,807.9000244140625,764.8211669921875,35179948,-0.019925403509013395,-0.020126591346059826,767.4410949707031,767.3393176269532,774.6813827627899,769.5982532712802,0.01160468603609313,1,1,4
2023-01-30,797.5,812.6500244140625,791.0,807.0750122070312,764.0401611328125,18512822,-0.0010211614075045228,-0.0010216831480323806,767.1097564697266,767.3416821289062,773.0442717427933,769.1865427425048,0.011565541912294409,1,1,0
2023-01-31,809.8499755859375,811.3499755859375,797.5,801.75,758.9990844726562,18596244,-0.006597921047346578,-0.006619783546174975,766.5133514404297,767.39990234375,770.8834737012338,768.4319162039975,0.011598043786273509,1,1,1
2023-02-01,812.0,832.5,803.0,813.7750244140625,770.3828735351562,17302790,0.014998422653446752,0.014887058456530088,766.23408203125,767.708046875,770.8064582910681,768.5764315618611,0.011885200558332974,2,1,2
2023-02-02,804.0499877929688,812.25,794.375,801.6749877929688,758.9280395507812,17497106,-0.014869014327655972,-0.01498066627314061,766.0755126953125,767.7478076171875,768.9790092541009,767.8617358573367,0.012066720700183468,2,1,3
2023-02-03,805.5,830.25,803.5,829.4000244140625,785.1747436523438,14411100,0.03458391670058503,0.0339993330388269,767.4742279052734,768.0663647460938,771.4706606999844,769.1441808791891,0.013615061265806003,2,1,4
2023-02-06,830.0,834.7000122070312,823.0999755859375,825.875,781.837646484375,11167672,-0.0042501331008760745,-0.004259190589361572,768.8315246582031,768.3891809082031,773.0655815898906,770.0844375906844,0.013523286616001953,2,1,0
2023-02-07,829.7000122070312,832.4500122070312,816.2999877929688,827.0999755859375,782.997314453125,10264588,0.0014832593108871084,0.0014821603683390734,770.1734375,768.8999133300781,774.5935404919267,771.0409469879022,0.013054765535859299,2,1,1
2023-02-08,827.125,834.0999755859375,825.0,827.0,782.9026489257812,8444826,-0.00012090147130305873,-0.00012090878047507271,772.2016906738281,769.4314721679688,775.8718648663659,771.9195915758933,0.013055125268935137,2,1,2
2023-02-09,830.0,830.8250122070312,817.7750244140625,825.2750244140625,781.2697143554688,11777336,-0.002085744086513186,-0.002087922280006887,773.6134246826172,769.8300244140624,776.7023032493048,772.6121932632693,0.013061819382953477,2,1,3
2023-02-10,824.4000244140625,829.25,821.0999755859375,828.5499877929688,784.3700561523438,8172116,0.00396833736148694,0.003960484279708928,774.97900390625,770.1859753417968,777.88195754208,773.4831460698674,0.013020510715593299,2,1,4
2023-02-13,827.5,830.875,822.2750244140625,829.1749877929688,784.961669921875,5736944,0.0007542533844717703,0.0007539690783380371,776.3445831298828,770.6711462402344,778.9711440620486,774.3334070959421,0.012923192943816178,2,1,0
2023-02-14,832.5,838.75,828.9749755859375,836.8499755859375,792.2274780273438,10908592,0.00925625846952749,0.009213681840953118,778.4367370605469,771.2462536621093,781.0105800567094,775.6588938316015,0.013016968525018217,2,1,1
2023-02-15,839.0,839.0,828.375,835.1500244140625,790.6181640625,11438712,-0.00203137862479974,-0.002033444672783016,779.8898895263671,771.8062158203124,782.4886699037542,776.7669879227791,0.012985010113941918,2,1,2
2023-02-16,836.5999755859375,840.9500122070312,830.5,832.125,787.75439453125,8062500,-0.003622190409255044,-0.003628766425459942,780.5277130126954,772.3155285644531,783.2987813849073,777.5808698937769,0.012534804204726413,2,1,3
2023-02-17,830.5,834.0750122070312,821.4749755859375,827.9500122070312,783.8020629882812,8956270,-0.0050172129415039235,-0.005029841411878708,780.8069854736328,772.6601196289063,783.3762093238879,778.0416990118883,0.012507888791254921,2,1,4
2023-02-20,830.0,834.7249755859375,817.4000244140625,820.1749877929688,776.441650390625,8086706,-0.00939065223890112,-0.009435022408663715,780.3194519042969,772.7481616210938,782.309354103386,777.9231768917948,0.012632556022960323,2,1,0
2023-02-21,820.0,831.1749877929688,817.0,823.25,779.3526611328125,12389296,0.0037491687118058614,0.0037421580959817063,779.6899108886719,772.7741967773437,781.8544782617594,778.0290646133517,0.012641382258658029,2,1,1
2023-02-22,819.5,820.9749755859375,804.5250244140625,807.0999755859375,764.0637817382812,10359102,-0.01961740834028647,-0.019812383850866935,777.7657836914062,772.4513793945313,779.1174480273781,776.9945992151983,0.012714253232373142,2,1,2
2023-02-23,806.5,809.4249877929688,796.0499877929688,801.625,758.8806762695312,27882010,-0.006783603139725036,-0.006806716362092919,776.6912994384766,771.8928381347656,776.004098526171,775.6528271451489,0.012533242358676597,2,1,3
2023-02-24,808.9500122070312,808.9500122070312,792.5999755859375,794.4749755859375,752.1119384765625,17061740,-0.008919370336641252,-0.008959386041206057,776.0558380126953,771.4871862792969,772.328381595462,773.9090576141425,0.012606956905133398,2,1,4
2023-02-27,792.9500122070312,799.5,788.6500244140625,796.4500122070312,753.981689453125,14312972,0.002486000927401477,0.002482915938894338,775.5529144287109,771.0446142578126,769.505813573564,772.432956268882,0.012615099989147966,2,1,0
2023-02-28,796.0,802.6500244140625,794.3499755859375,799.7999877929688,757.1531372070312,18993992,0.0042062662771116255,0.004197444667821493,775.4606170654297,770.6171899414062,767.6054018248666,771.301117819856,0.012507669472695132,2,1,1
2023-03-01,806.0,806.5,797.875,799.0250244140625,756.41943359375,14137256,-0.0009690293511662729,-0.0009694991636405568,774.7624450683594,770.2825390625,765.8844836354641,770.1987708401444,0.012204642464170433,3,1,2
2023-03-02,797.0,802.9749755859375,791.0,792.2249755859375,749.98193359375,17391814,-0.008510489966413792,-0.008546910973779635,774.3151397705078,769.9687158203125,763.4379374752004,768.7012273404116,0.011817042596100178,3,1,3
2023-03-03,798.0,810.0,794.0,807.9500122070312,764.8685302734375,14986234,0.019849273712973625,0.01965484550735535,773.2998291015625,770.0051635742187,763.6580286749291,768.417323853969,0.012387932683944185,3,1,4
2023-03-06,810.0,819.7249755859375,809.0250244140625,813.6500244140625,770.2645874023438,27004710,0.007054881872283536,0.007030112621029719,772.7211761474609,770.2858544921875,764.6744223253006,768.5541581908857,0.012305803060990581,3,1,0
2023-03-08,810.0,819.75,810.0,815.2750244140625,771.8029174804688,20099774,0.001997145011317425,0.001995153368511451,772.1614562988282,770.2962683105469,765.7711138876342,768.794807027151,0.012225760101520823,3,1,2
2023-03-09,814.9749755859375,822.9749755859375,813.5,815.3499755859375,771.8739013671875,20700166,9.19715190381698e-05,9.19672899173165e-05,771.6100189208985,770.2924816894531,766.710004269104,769.022888089376,0.01193165081729646,3,1,3
2023-03-10,805.2249755859375,806.875,792.5,794.3250122070312,751.969970703125,27387000,-0.025786505579224128,-0.026124805908487883,770.1450317382812,769.9029223632813,764.4423067974149,767.7597090237279,0.011794804650375466,3,1,4
2023-03-13,793.9500122070312,801.9000244140625,782.4749755859375,784.2750244140625,742.4558715820312,26443550,-0.012652232790888784,-0.012732953878943437,768.0493225097656,769.2142126464844,761.0597783027405,765.8853506947132,0.011466125069405671,3,1,0
2023-03-14,785.125,791.7999877929688,779.6500244140625,782.1749877929688,740.4678344726562,33185612,-0.0026776501950733778,-0.002681241512650991,765.8246307373047,768.6102307128906,757.891786944266,764.0025717153015,0.01147058911624984,3,1,1
2023-03-15,789.0,791.4500122070312,768.2999877929688,770.9500122070312,729.8413696289062,37264754,-0.014351014789613314,-0.014454986534535117,762.7053253173829,767.7885144042968,753.5763381265183,761.4721123014945,0.01168681223472892,3,1,2
2023-03-16,769.5,779.5499877929688,766.0250244140625,775.9500122070312,734.5747680664062,21753342,0.006485516763603982,0.006464576290851939,759.9031555175782,766.96064453125,750.6530196557319,759.4797164322287,0.01137823298166562,3,1,3
2023-03-17,778.75,789.5999755859375,770.0,786.3250122070312,744.3965454101562,22950876,0.013370697947607812,0.013282099044842193,757.7352630615235,766.6065869140625,749.6904851564125,758.3624445046677,0.011404145618312248,3,1,4
2023-03-20,783.9749755859375,784.0499877929688,772.7000122070312,780.875,739.2371826171875,26503114,-0.006930933283853413,-0.0069550637644177505,755.5070190429688,766.2473217773437,748.0822847657626,756.9457584389284,0.009317819502278047,3,1,0
2023-03-21,785.9749755859375,791.25,778.0999755859375,789.7249755859375,747.615234375,33050494,0.011333374395685825,0.011269632860424279,754.0656982421875,766.1057922363282,748.0104308594914,756.254608508267,0.00961567517102775,3,1,1
2023-03-22,792.0,793.0250244140625,782.6500244140625,787.9000244140625,745.8876342773438,14177324,-0.0023108144647433493,-0.00231348851677492,752.392446899414,765.9003637695313,747.6838467699303,755.4866844911616,0.009600758938912206,3,1,2
2023-03-23,783.875,795.1749877929688,779.2750244140625,781.5750122070312,739.8998413085938,28364178,-0.008027741302550573,-0.00806013711102523,751.1842498779297,765.8516088867187,746.4863074681862,754.332103514675,0.00966783182438943,3,1,3
2023-03-24,780.0,786.9500122070312,777.4749755859375,780.3250122070312,738.716552734375,31477748,-0.0015992550723162857,-0.0016005352457741026,750.1760437011719,765.5652392578126,745.2909605860614,753.1753960494676,0.00966780652497892,3,1,4
2023-03-27,781.0999755859375,789.7249755859375,779.4500122070312,783.7249755859375,741.9351806640625,31872006,0.004357054025354801,0.004347589547001844,749.6672058105469,765.2627734375,744.7746867519077,752.3427875024006,0.009676088499215328,3,1,0
2023-03-28,782.8499755859375,791.4500122070312,782.0499877929688,790.0999755859375,747.9702758789062,39276302,0.008134262092063249,0.008101357299212048,749.3666351318359,765.0691772460938,745.2663158483689,752.0188977525121,0.009835938684649987,3,1,1
2023-03-29,792.0,801.0,790.9500122070312,793.9000244140625,751.5676879882812,39763612,0.004809565600916166,0.004798036591853554,749.0873626708984,765.0928430175782,746.2357577160476,751.9854748070136,0.009699872427541334,3,1,2
2023-03-31,797.7999877929688,806.4749755859375,796.2000122070312,804.7750244140625,761.8628540039062,34711228,0.013698255233912437,0.013605282218894127,749.3595336914062,765.0989978027344,748.6399263757182,752.717132525302,0.010098775703766173,3,1,4
2023-04-03,803.7750244140625,807.8499755859375,801.375,805.2750244140625,762.3360595703125,40025398,0.000621116469873062,0.0006209236568739101,749.9772399902344,764.8457604980468,750.7470237902712,753.4296456397472,0.010093174116054168,4,2,0
2023-04-05,809.2999877929688,828.0,808.0,826.875,782.7843627929688,43365392,0.02682321394344367,0.026469777807053837,750.8730316162109,764.9371154785156,755.6758451753016,755.6040691325784,0.011266750556887951,4,2,2
2023-04-06,824.2750244140625,834.5999755859375,823.5499877929688,833.1749877929688,788.7484130859375,44637344,0.0076190207373190155,0.007590142588211165,751.7972229003906,764.9882373046875,760.7639325461686,758.0592057217161,0.011204767533943297,4,2,3
2023-04-10,831.625,835.5,827.0,829.2249755859375,785.0089721679688,31813286,-0.004740980591439015,-0.004752254687550974,752.4575256347656,764.8495471191407,764.4939386418301,760.0554847177348,0.011229286551566055,4,2,0
2023-04-11,829.5,834.7000122070312,825.5499877929688,831.6500244140625,787.3048095703125,42361542,0.002924600206801742,0.0029203318836843024,753.2290710449219,764.544716796875,768.0033034000583,762.0739532253331,0.010586207139151359,4,2,1
2023-04-12,834.0,844.0999755859375,833.9000244140625,842.4500122070312,797.5288696289062,26955504,0.012986152166622356,0.012902555051315044,755.5070159912109,764.8878869628907,772.5456982044964,764.7002433293014,0.010696291219001217,4,2,2
2023-04-13,844.1500244140625,848.5250244140625,839.0750122070312,846.2249755859375,801.1025390625,35330086,0.004480927988546268,0.004470918520724545,758.4393493652344,765.6135144042969,776.9390583364969,767.3967096799088,0.010515264803220658,4,2,3
2023-04-17,860.0,860.0,826.6500244140625,833.3250122070312,788.890380859375,32405148,-0.01524418861213006,-0.015361575764559324,760.8604766845704,766.1105187988281,778.7777233400166,768.9888334709804,0.010984066115636466,4,2,0
2023-04-18,835.0,838.625,828.2000122070312,829.7999877929688,785.5534057617188,29637226,-0.004229960433819846,-0.00423893202504451,763.6460784912109,766.6416052246094,779.8201360202785,770.2158388258498,0.011022119599661945,4,2,1
2023-04-19,832.5,835.1500244140625,828.5750122070312,832.8499755859375,788.4407348632812,24741168,0.003675535081873571,0.0036687968089295347,766.3393768310547,767.0027624511719,781.146381996125,771.5658311249189,0.01102195931230249,4,2,2
2023-04-20,835.8499755859375,838.7249755859375,833.2000122070312,835.9500122070312,791.37548828125,32922716,0.003722224497289206,0.0037153141622555067,768.6883239746094,767.6517114257813,782.7200906553751,773.033213136499,0.010866257358497557,4,2,3
2023-04-21,834.5,838.4749755859375,831.625,837.2999877929688,792.6535034179688,20128618,0.0016149288872902012,0.0016136262918454716,771.3591400146485,767.8012866210937,784.2483080034665,774.4865679721634,0.010321001751205065,4,2,4
2023-04-24,843.5,845.7249755859375,837.0499877929688,844.0750122070312,799.0671997070312,35675852,0.008091424892978205,0.008058864834833672,773.93173828125,768.1458776855469,786.5281374963226,776.3073555080795,0.010342845599116088,4,2,0
2023-04-25,843.8499755859375,843.8499755859375,830.9500122070312,832.0750122070312,787.70703125,50353068,-0.0142167873505461,-0.014318814020542149,776.0227081298829,768.2400720214844,786.7095057661192,777.151775933407,0.010720603312837876,4,2,1
2023-04-26,830.0,837.5,827.5,835.9000244140625,791.3281860351562,27392750,0.0045970832320867405,0.004586548917375316,778.594125366211,768.4085827636719,787.4200719613556,778.2018803853884,0.010742804893490167,4,2,2
2023-04-27,835.25,842.625,832.9249877929688,840.5,795.682861328125,47790392,0.005502995305635805,0.005487909147699893,781.4424407958984,768.696845703125,788.691270325474,779.4967678626282,0.009512412949116592,4,2,3
2023-04-28,842.3499755859375,845.5,835.0,843.7999877929688,798.806884765625,27916272,0.003926216824986728,0.003918529350931848,784.2860260009766,768.9855822753906,790.2475187008819,780.9271468924798,0.00910913338203583,4,2,4
2023-05-02,844.3499755859375,849.5,841.0,843.625,798.6412353515625,32221184,-0.00020737103951118385,-0.0002073925438581684,786.8195739746094,769.2591735839844,791.5388597240635,782.2393015931525,0.009071978136424545,5,2,1
2023-05-03,842.4749755859375,848.0,839.8250122070312,846.5750122070312,801.4338989257812,29407270,0.003496768574677178,0.0034906690942899826,789.3128845214844,769.4433020019532,793.0611734474047,783.6611236177916,0.008491096470131309,5,2,2
2023-05-04,843.5499877929688,867.2249755859375,843.5499877929688,863.9000244140625,817.8351440429688,56854638,0.020464875692394857,0.020258283951656665,792.1114990234375,769.9876416015625,796.8725535390299,786.1925325381751,0.009045446578285304,5,2,3
2023-05-05,819.5,830.4749755859375,811.0499877929688,812.8250122070312,769.4835205078125,62770416,-0.059121479294873436,-0.06094124368665244,792.4688720703125,769.6222241210937,792.6588561496119,784.9548279433334,0.014431427776341144,5,2,4
2023-05-08,817.5,825.1749877929688,815.0,822.2249755859375,778.3822631835938,37244524,0.011564565632164125,0.011498207157634438,792.2487670898438,769.513828125,790.462457231763,784.4679712944638,0.01446674917832187,5,2,0
2023-05-09,824.9500122070312,828.0,819.9749755859375,822.25,778.4060668945312,43688938,3.058100378616757e-05,3.058053619680416e-05,791.7316497802734,769.5531164550781,788.6076279491119,784.0189413389132,0.01435734476429953,5,2,1
2023-05-10,822.25,827.3250122070312,816.5499877929688,826.0499877929688,782.0033569335938,46340550,0.004621354061915328,0.00461070839090917,791.5813690185547,769.6061303710937,787.5915862544168,783.869638790371,0.014350544240795151,5,2,2
2023-05-11,832.5750122070312,844.0,824.625,826.5999755859375,782.5241088867188,35734618,0.0006659203550825055,0.0006656987285078224,791.342333984375,769.9753369140625,786.8119743516941,783.769969908619,0.014235081464765436,5,2,3
2023-05-12,823.5,836.4000244140625,822.125,833.9000244140625,789.434814453125,22478760,0.008831300515760532,0.00879253266122006,790.937631225586,770.5864196777344,787.2154882134527,784.1895880230269,0.01427225656822098,5,2,4
2023-05-15,836.0,840.375,832.5499877929688,837.9000244140625,793.2215576171875,18512260,0.004796777510611472,0.004785309631323497,790.5435821533204,771.4086120605468,788.1394988909503,784.8586228077795,0.014274649904625252,5,2,0
2023-05-16,835.9000244140625,835.9000244140625,822.0,823.6500244140625,788.6732177734375,32722086,-0.005734009369857573,-0.005750511915655335,790.5327239990235,772.1024426269531,788.221609488256,785.1411853978283,0.014304770189381033,5,2,1
2023-05-17,825.0,825.0,812.6749877929688,819.2249755859375,784.43603515625,30466868,-0.005372545335252776,-0.005387029357613208,790.47685546875,772.6481005859375,787.6392134371781,785.0889520466003,0.014353306344734439,5,2,2
2023-05-18,824.0,826.9749755859375,820.0,822.5,787.572021484375,49646942,0.0039977591385131905,0.003989789333294883,790.4334197998047,773.27115234375,787.62887621367,785.2728831160651,0.014177913867186902,5,2,3
2023-05-19,824.0,825.0,815.7750244140625,823.4500122070312,788.481689453125,30460332,0.001155028294473226,0.001154361762485542,790.2887298583985,774.0411474609375,787.7600782505092,785.5105724743659,0.014177489113034316,5,2,4
2023-05-22,822.5,826.4500122070312,816.3499755859375,820.5250244140625,785.6809692382812,28334032,-0.0035520421746081388,-0.003558365655033503,789.9401031494141,774.4573962402344,787.440215325551,785.5231944568781,0.01334654063473681,5,2,0
2023-05-23,824.5,824.7999877929688,816.7249755859375,818.5999755859375,783.837646484375,22470074,-0.0023461466244922846,-0.0023489031387858954,789.1786254882812,774.728857421875,786.8859739653701,785.3983390515075,0.013279664795047249,5,2,1
2023-05-24,813.7750244140625,817.375,806.7999877929688,807.9000244140625,773.5921020507812,33588112,-0.013071003261385217,-0.013157180597733884,788.4728790283203,774.7646411132813,784.8407629015873,784.5238029773797,0.013465392671645903,5,2,2
2023-05-25,807.8499755859375,810.0250244140625,798.6749877929688,804.7999877929688,770.6236572265625,29776930,-0.0038372222471628747,-0.00384460327225591,787.4376525878906,774.7396362304687,782.6535158746603,783.4941625513932,0.013464445977782022,5,2,3
2023-05-26,809.5,809.5,801.125,807.9000244140625,773.5921020507812,26635066,0.0038520032396902604,0.0038446032722558123,786.3331146240234,775.1720788574219,781.2594522094482,782.7606765883849,0.013247603579941248,5,2,4
2023-05-29,814.25,820.5,812.4249877929688,817.75,783.0237426757812,21816292,0.012192007389936865,0.012118283491162807,785.5439575195312,775.9834362792968,781.530881511961,782.780162965229,0.013429726921534078,5,2,0
2023-05-30,816.7999877929688,821.3250122070312,814.2750244140625,818.375,783.6222534179688,37125928,0.000764358357949968,0.0007640663848721859,784.7930084228516,776.8465246582032,781.8526310359622,782.8425400358022,0.013145751903011985,5,2,1
2023-05-31,814.9500122070312,817.4749755859375,802.3250122070312,805.4249877929688,771.22216796875,43334270,-0.01582405986447244,-0.015950596962129075,783.282421875,777.674140625,780.217175179468,781.9817717345392,0.01343740567328439,5,2,2
2023-06-01,809.9500122070312,809.9500122070312,800.0,802.0,767.9425659179688,50366938,-0.004252473783811328,-0.004261541265735387,780.78779296875,778.3414965820313,778.3287737546219,780.9418305629414,0.01342992429094037,6,2,3
2023-06-02,806.2249755859375,807.4000244140625,800.5,803.25,769.1395263671875,17859710,0.0015586588142668667,0.0015574453663544368,780.7705932617188,778.8363562011718,776.9150433873243,780.0675858077004,0.013410663244608463,6,2,4
2023-06-05,807.25,808.25,801.2249755859375,802.2000122070312,768.1340942382812,18697242,-0.001307216824046331,-0.0013080719772872416,780.2581848144531,779.4142944335938,775.5641281336254,779.1836234692249,0.013402674486056794,6,2,0
2023-06-06,803.8250122070312,804.9249877929688,796.125,799.7000122070312,765.7402954101562,32182852,-0.0031163814314202343,-0.003121247460264395,779.6248962402344,779.7767956542968,774.0527692530918,778.1878213907753,0.013297528476705093,6,2,1
2023-06-07,801.7249755859375,806.2750244140625,798.0,803.8499755859375,769.7140502929688,24949026,0.00518942898347019,0.0051760103003975965,779.0104309082031,780.2533239746094,773.3852740284574,777.5601346427896,0.013119919460234799,6,2,2
2023-06-08,801.625,813.0,801.625,804.3499755859375,770.1926879882812,37395522,0.0006218383244145365,0.0006216450630777346,778.3938598632812,780.8591809082031,772.8941069453533,777.0143978535667,0.013084764966374323,6,2,3
2023-06-09,807.9500122070312,809.25,803.5,805.2999877929688,771.1024780273438,18212578,0.001181249904408821,0.0011805527776737406,777.4772430419922,781.5068994140624,772.6184717271981,776.5764778664392,0.013036486426390732,6,2,4
2023-06-12,806.2750244140625,807.9000244140625,799.7249755859375,800.4000244140625,766.4105224609375,13408292,-0.006084736724500384,-0.006103324173181595,776.1366912841797,781.99640625,771.6634026093118,775.8234441326983,0.013035198611028505,6,2,0
2023-06-13,795.0499877929688,804.5,795.0499877929688,801.75,767.7031860351562,27926108,0.0016866464333866737,0.0016852256426477896,775.0881896972656,782.391064453125,771.0541385209801,775.2219435328805,0.013045229542458283,6,2,1
2023-06-14,805.2249755859375,806.0,800.0999755859375,800.875,766.8652954101562,20113968,-0.001091425228189169,-0.0010920212664304496,774.2096527099609,782.6970166015625,770.409701119315,774.6029325608268,0.01301474336820401,6,2,2
2023-06-15,802.0,802.9749755859375,789.5,791.0250244140625,757.4336547851562,35377476,-0.012298953520846867,-0.012375211557476552,772.702734375,782.6084326171875,768.4133862986752,773.3311342070734,0.012481804086587462,6,2,3
2023-06-16,793.5750122070312,804.5999755859375,792.0,801.375,767.3441772460938,15779272,0.013084343953198907,0.012999483353505394,771.6458587646484,782.7085949707031,768.248892598278,772.8876559136675,0.006892748569979625,6,2,4
2023-06-19,805.5,807.125,799.1749877929688,802.0750122070312,768.0144653320312,24829146,0.000873516872628155,0.0008731355787930152,770.7625335693359,782.4131970214844,768.2128268650092,772.5266788335462,0.006537717237730065,6,2,0
2023-06-20,802.0750122070312,805.5,795.3250122070312,803.75,769.6182861328125,20005626,0.0020882690016623684,0.0020860915987591074,770.0515655517578,782.0305944824219,768.4290513677481,772.3112423371955,0.006553449596591399,6,2,1
2023-06-21,808.0,818.625,805.5,817.7999877929688,783.0715942382812,24308946,0.017480494353985687,0.017329467982789948,770.5255401611328,781.9918469238281,770.6817502709071,773.1083054409796,0.007271528908478149,6,2,2
2023-06-22,820.0,828.7750244140625,819.5250244140625,821.7999877929688,786.9017333984375,56596140,0.004891173665776849,0.004879250738130195,771.3394439697265,781.9837854003906,773.1771322905272,774.1300408452357,0.007324177037319884,6,2,3
2023-06-23,818.7750244140625,829.9500122070312,817.0250244140625,821.75,786.8538208007812,21339218,-6.088765041767363e-05,-6.088950414590681e-05,772.0025299072265,781.7702844238281,775.2812382151817,775.0725430641651,0.007140964732633735,6,2,4
2023-06-26,822.5,825.375,814.3499755859375,817.7750244140625,783.0476684570312,16130314,-0.004837178448058421,-0.004848915460372765,772.0037261962891,781.4091870117187,776.4760736370047,775.6632930932664,0.00713049522147008,6,2,0
2023-06-27,821.4749755859375,836.4500122070312,819.2750244140625,829.2999877929688,794.083251953125,33831864,0.014093118389381099,0.013994733683769365,772.5267761230468,781.5130444335938,779.1848703010232,777.0277344902929,0.00752740727144366,6,2,1
2023-06-28,835.0,839.9500122070312,830.25,838.0750122070312,802.4856567382812,59562950,0.010581264325232542,0.010525674544143904,774.0899505615234,781.851689453125,782.769606675986,778.9135065086625,0.007678146718003801,6,2,2
2023-06-30,852.0,854.4000244140625,841.625,850.7000122070312,814.5745239257812,40699016,0.015064278203594794,0.014951938768003561,776.4215484619141,782.374365234375,787.6626708682622,781.5550633543751,0.0080923815910161,6,2,4
2023-07-03,856.25,878.75,855.0,859.9000244140625,823.3839111328125,44104116,0.010814709947685408,0.01075664920369786,779.1337677001953,783.0145336914062,793.1582462935777,784.6534965231483,0.008282291529138107,7,3,0
2023-07-04,861.7249755859375,873.5,856.9000244140625,864.0999755859375,827.4054565429688,38795188,0.00488416807248937,0.00487227921933203,782.0973358154297,783.7095727539063,798.4270478704071,787.8203083764683,0.008248769820580848,7,3,1
2023-07-05,858.125,860.0,834.2750244140625,836.6500244140625,801.1211547851562,37165754,-0.03176713611200066,-0.03228265876815863,783.8663787841797,783.7506518554687,798.8415258572916,788.8055562585935,0.010257928573020578,7,3,2
2023-07-06,836.5,843.9249877929688,830.2000122070312,837.5,801.93505859375,52156544,0.0010159559558904352,0.0010154402219173908,785.4774291992187,784.0352124023437,799.3174539705929,789.7781119871236,0.009918917441734452,7,3,3
2023-07-07,832.5,837.5,828.1500244140625,830.2000122070312,794.945068359375,19926336,-0.008716404351534979,-0.008754614402146067,786.7150482177734,784.1075500488281,798.6447792611748,790.1608494961791,0.01004438260188092,7,3,4
2023-07-10,830.5,838.375,824.8499755859375,828.2249755859375,793.053955078125,38398442,-0.0023789232193778265,-0.002381757352902569,787.8126220703125,784.0549719238281,797.7846524637825,790.3751536133603,0.010049621297513578,7,3,0
2023-07-11,831.5,838.0,822.75,824.2000122070312,789.1998291015625,50670426,-0.004859853420922433,-0.004871700908847763,788.9520874023438,783.8628308105468,796.4639104080563,790.2880925384123,0.009868207491798618,7,3,1
2023-07-12,827.6749877929688,833.1500244140625,813.5750122070312,816.4749755859375,781.8029174804688,70958358,-0.009372672608804922,-0.009416872502272234,789.6570739746094,783.526064453125,794.2083730345813,789.6595610526388,0.010024403799072714,7,3,2
2023-07-13,828.3499755859375,828.7249755859375,819.0250244140625,820.5499877929688,785.704833984375,41913546,0.00499092087873132,0.004978507518721563,790.5990509033203,783.2114831542968,792.9001362576265,789.3666183068414,0.009605009551805386,7,3,3
2023-07-14,826.7999877929688,826.7999877929688,817.5,822.25,787.3327026367188,24727214,0.0020718577536156246,0.002069714416289481,792.0940032958985,782.6014343261719,792.0436080082561,789.2159578868323,0.00956266458539168,7,3,4
2023-07-17,825.0,841.0,816.5,839.4500122070312,803.80224609375,49252928,0.02091814985186824,0.020702369320498005,793.9169067382812,783.2878088378907,793.8526292521783,790.2964236799372,0.010239579490250807,7,3,0
2023-07-18,849.0,852.0,835.0,838.75,803.1319580078125,81076818,-0.000833896756565311,-0.0008342446418793518,795.6727813720703,783.782802734375,795.2802182915067,791.2472040005206,0.010235434753446728,7,3,1
2023-07-19,840.5499877929688,844.375,837.5,842.5499877929688,806.7705078125,32935134,0.004530450778864603,0.004520219177606587,797.5303924560546,784.3500915527344,797.0479551408903,792.3970783569636,0.01021073770646048,7,3,2
2023-07-20,840.5750122070312,846.0,840.0,844.375,808.5180053710938,56210948,0.002166040455955587,0.002163697972326839,798.8027130126953,784.8803845214844,798.8125782532293,793.5912210987509,0.010190950026064708,7,3,3
2023-07-21,840.0,844.9000244140625,836.625,837.875,802.2941284179688,42154248,-0.00769788293121354,-0.007727664567505993,799.5723327636719,785.2757849121094,799.3482013554969,794.2358809001744,0.01033326183773052,7,3,4
2023-07-24,839.25,842.3250122070312,835.0499877929688,839.2000122070312,803.5628662109375,32179444,0.0015813873591103977,0.0015801382827962253,800.4077850341797,785.5583459472656,799.9966113332571,794.9267687009716,0.01033320944248017,7,3,0
2023-07-25,842.3250122070312,849.5,839.2000122070312,848.2999877929688,812.2763671875,55992596,0.010843583424467562,0.010785213355096518,801.8692199707032,785.9394421386719,801.8858045416022,796.2119241444182,0.010370992740984707,7,3,1
2023-07-26,849.7999877929688,849.7999877929688,844.0,845.3499755859375,809.45166015625,24794358,-0.0034775196538470166,-0.0034835802800289185,802.6376403808594,786.3550109863281,803.0497823284711,797.1926453304798,0.01041897398628156,7,3,2
2023-07-27,849.9500122070312,851.5,833.7249755859375,836.5750122070312,801.0493774414062,59741302,-0.01038021555632096,-0.010434465739436138,802.5658264160156,786.6872778320312,802.7420277304611,797.4783291905484,0.010644047325044693,7,3,3
2023-07-28,830.75,834.4500122070312,820.5499877929688,821.75,786.8538208007812,41015684,-0.017721200515711466,-0.017880101060648485,801.1797912597656,786.6729138183593,800.2976882028181,796.6913285690841,0.01092883811916208,7,3,4
2023-07-31,825.0250244140625,828.4000244140625,819.3499755859375,825.5999755859375,790.5403442382812,34565006,0.0046851439747070955,0.004674202848201306,799.5376129150391,786.7140869140625,798.7965583621201,796.2357001001358,0.010722952446710222,7,3,0
2023-08-01,827.2249755859375,833.7249755859375,825.0,831.125,795.8307495117188,35394188,0.006692138246954471,0.006669845292881381,797.9588775634766,786.9170825195313,798.3402800774429,796.2057037602531,0.010772178340267138,8,3,1
2023-08-02,821.0,825.75,816.5750122070312,820.25,785.4176025390625,28116322,-0.013084625065122535,-0.01317098290548724,797.1736999511719,786.948681640625,796.352175840769,795.406585151276,0.011082833503022593,8,3,2
2023-08-03,820.0,825.6749877929688,811.5,814.3250122070312,779.7442016601562,57673946,-0.007223419567584877,-0.00724963478132071,796.0641571044922,787.0717236328124,793.7971028899055,794.2464085963782,0.010707294094727118,8,3,3
2023-08-04,817.5750122070312,828.25,814.625,826.0999755859375,791.0191040039062,37388304,0.014459745028875481,0.014356199879792945,795.8678588867188,787.4796325683594,793.3697184459057,794.0073489969358,0.010999212429975673,8,3,4
2023-08-07,831.5499877929688,831.5499877929688,823.7750244140625,825.625,790.5642700195312,28300918,-0.000574997471075922,-0.0005751628455180897,795.743374633789,787.8190759277344,792.9381109956943,793.7523061097206,0.011000086085601967,8,3,0
2023-08-08,825.8499755859375,827.7999877929688,821.0250244140625,824.9500122070312,789.9180297851562,43773828,-0.000817441742413938,-0.0008177760301012799,795.7792846679688,787.9569616699218,792.47348311715,793.4682856412344,0.010960828671888662,8,3,1
2023-08-09,826.5,827.25,815.5499877929688,825.25,790.2052001953125,33361236,0.0003635445695984174,0.00036347850328292367,796.1993988037109,788.0886206054688,792.1245165137904,793.2265756082031,0.010649404298255075,8,3,2
2023-08-10,823.5250244140625,827.125,815.5,817.9249877929688,783.1912231445312,50781118,-0.008876146409878882,-0.008915774065615854,796.0737182617188,788.3280017089844,790.7501636877505,792.4832161664497,0.010568138800447834,8,3,3
2023-08-11,819.2000122070312,819.2000122070312,808.0999755859375,809.4000244140625,775.0283813476562,28225822,-0.010422539931054131,-0.010477234973131232,795.4585021972656,788.4697180175781,788.3314279431206,791.1902654391316,0.010272754294312408,8,3,4
2023-08-14,805.5,807.5,800.125,805.4500122070312,771.24609375,31304410,-0.004880192375767534,-0.004892139399611599,793.8306945800781,788.5118493652344,785.7029149903328,789.7129193880849,0.010014787062764298,8,3,0
2023-08-16,791.5499877929688,804.8250122070312,790.6500244140625,803.0999755859375,768.9957885742188,34137542,-0.0029177524450589853,-0.0029220173827662144,792.1238861083984,788.5290832519531,783.1325878493923,788.1783171055763,0.009927296417814688,8,3,2
2023-08-17,798.7999877929688,804.9500122070312,797.0,798.6500244140625,764.73486328125,52884040,-0.0055408954850960646,-0.005556303187822696,790.022103881836,788.508974609375,780.3021686850627,786.441764970441,0.008266971865438556,8,3,3
2023-08-18,793.7750244140625,798.1500244140625,792.75,795.375,761.598876953125,25633366,-0.004100749787539937,-0.004109180919151276,787.6761474609375,788.3466711425781,777.4247391878415,784.6015510432323,0.00826573098380428,8,3,4
2023-08-21,800.25,800.25,793.5,794.75,761.0004272460938,21837270,-0.0007857807110028814,-0.0007860895984882589,785.6114624023437,788.1628259277344,774.8979219660341,782.8533196508516,0.008159258101736275,8,3,0
2023-08-22,798.1749877929688,799.0,790.0,791.3499755859375,757.7448120117188,32273570,-0.004278072807601951,-0.004287249944066574,783.3205596923829,787.8956726074218,772.2589819730624,780.993430196101,0.008174296495732055,8,3,1
2023-08-23,790.0,795.2750244140625,786.625,793.2999877929688,759.6119384765625,36498588,0.002464057074685444,0.0024610262637582143,780.6873382568359,787.7597009277343,770.3132829736008,779.4096159946538,0.008179386474822718,8,3,2
2023-08-24,796.6500244140625,798.0999755859375,788.0750122070312,789.6500244140625,756.1170043945312,43145792,-0.0046009467532073245,-0.004611563686533523,778.02060546875,787.5279772949219,768.1292401152824,777.6842373576077,0.008061340671035755,8,3,3
2023-08-25,787.2750244140625,788.75,779.2000122070312,780.75,747.594970703125,30069756,-0.011270786983861525,-0.011334783619486718,775.3478851318359,787.1425708007813,764.9701217441813,775.4554027906089,0.008184723459473879,8,3,4
2023-08-28,780.75,791.3250122070312,780.75,788.875,755.3749389648438,28867238,0.01040666211866248,0.010352885578193275,773.7739410400391,787.101396484375,763.4939397781293,773.9679610257374,0.008451600435117935,8,3,0
2023-08-29,794.8499755859375,796.3250122070312,790.7249755859375,795.1500244140625,761.3834838867188,35538932,0.007954387433224852,0.007922918063062362,772.3160980224609,786.9821826171875,763.1692542563738,773.0357775339583,0.007558199158984628,8,3,1
2023-08-30,801.9749755859375,801.9749755859375,786.8499755859375,789.3499755859375,755.8297119140625,28084204,-0.007294316320476613,-0.007321049927356858,770.3160461425781,786.7384875488282,762.0400938960182,771.7612541547068,0.007622138664569764,8,3,2
2023-08-31,789.5,791.5750122070312,781.5499877929688,785.7249755859375,752.358642578125,100075772,-0.004592395987116471,-0.004602973433874155,768.6630981445312,786.3932946777344,760.5506398471116,770.3240236675525,0.00753436975744888,8,3,3
2023-09-01,785.5,789.5,779.6749877929688,787.3499755859375,753.9146728515625,43226776,0.002068202829577981,0.002066067042426215,767.3716217041016,785.81015625,759.5297218477964,769.1085161997014,0.007532392062232241,9,3,4
2023-09-04,795.0,795.7249755859375,787.4500122070312,792.2750244140625,758.630615234375,25073638,0.006255273378584336,0.006235790361584134,765.752197265625,785.2447338867188,759.3913977534239,768.332375387455,0.007617933810136505,9,3,0
2023-09-05,794.2000122070312,794.2000122070312,785.2999877929688,787.4500122070312,754.010498046875,38712082,-0.006090074793610345,-0.006108694936305943,763.9245086669922,784.5878674316406,758.5635670293395,767.2714955844491,0.0076280306174426,9,3,1
2023-09-06,788.4000244140625,800.0,787.4500122070312,797.75,763.873046875,56320910,0.01308012136922776,0.012995315297018943,762.6222595214844,784.204375,759.3804100825181,767.0197586430085,0.007768443046608105,9,3,2
2023-09-07,797.75,807.0,793.5750122070312,805.4249877929688,771.22216796875,34208342,0.009620867137301481,0.00957488130882906,761.6731079101562,783.7471533203125,761.2022189880922,767.3310482226931,0.008046615018362277,9,3,3
2023-09-08,804.1500244140625,816.4500122070312,803.7999877929688,811.7000122070312,777.2306518554688,34502210,0.007790859931508409,0.007760667895498808,761.3750793457032,783.2420532226563,763.6681317369193,768.0643521954912,0.008045256166484275,9,3,4
2023-09-11,814.4500122070312,818.25,812.0,815.9000244140625,781.2523193359375,31573022,0.005174355219866644,0.005161014244736156,761.6862762451171,782.5756091308593,766.3733913675376,769.0412386503391,0.007467020712675599,9,3,0
2023-09-12,820.0,821.4500122070312,812.5250244140625,818.4500122070312,783.6940307617188,39033340,0.003125381346524181,0.0031205074947001517,762.3086730957032,781.7818115234375,769.0381051204886,770.1266306585894,0.0074371227985231495,9,3,1
2023-09-13,815.6500244140625,825.7999877929688,814.2999877929688,821.9500122070312,787.04541015625,46420094,0.004276387547923255,0.00426726978750234,763.2111541748047,780.9746105957031,771.808459741375,771.379873584342,0.007372010769855538,9,3,2
2023-09-14,822.125,825.0,817.5499877929688,821.4500122070312,786.5665893554688,23538848,-0.0006083776038872113,-0.0006085627406341755,764.3027404785156,780.6835192871093,774.0789412204664,772.5048154933144,0.006969391964313378,9,3,3
2023-09-15,825.0,835.0,825.0,830.875,795.5913696289062,173411202,0.011473637954585225,0.01140831495739925,766.0023651123047,780.5566455078125,777.3885455909956,774.2149306144694,0.007128659163229038,9,3,4
2023-09-18,826.875,827.5,813.0499877929688,814.5250244140625,779.9357299804688,37056288,-0.019677990795375133,-0.019874180467329444,766.9491302490235,780.2564587402344,777.780420112453,774.6386935304693,0.007566913890387482,9,3,0
2023-09-20,799.5,799.5,780.2000122070312,781.8499755859375,748.648193359375,115474648,-0.04011553185526873,-0.04094234744494942,766.4942993164062,779.3683435058593,773.298539073518,772.7134712955733,0.010475426519223927,9,3,2
2023-09-21,776.5,784.4749755859375,768.5250244140625,776.6749877929688,743.6929931640625,72841442,-0.006618863491912319,-0.006640865307288665,765.6983520507813,778.4582067871094,768.7438397028325,770.5638062487948,0.010510904404294984,9,3,3
2023-09-22,779.5,782.2000122070312,761.875,764.8250122070312,732.3462524414062,61704250,-0.015257291418574792,-0.015374881493212655,764.509814453125,777.4690734863282,763.1442108933823,767.7328763371363,0.010775722258956408,9,3,4
2023-09-25,762.5,770.3499755859375,762.5,765.5,732.9925537109375,40208754,0.0008825077855956209,0.0008821186045531714,763.7796936035156,776.4148278808593,758.5054944037754,765.159519105566,0.010722978626136545,9,3,0
2023-09-26,762.5,770.0,762.5,768.8250122070312,736.1763305664062,27575308,0.004343532331058775,0.00433412642124973,762.8197631835938,775.3917004394531,755.0702384287955,763.0126162508134,0.01066888671647488,9,3,1
2023-09-27,761.5,766.25,757.5,763.4249877929688,731.005615234375,39338538,-0.00702374569425912,-0.007048528308746997,761.3008697509765,773.9357678222656,751.367988706577,760.6417272866328,0.010698353817626027,9,3,2
2023-09-28,767.0,768.7999877929688,759.1749877929688,761.8499755859375,729.49755859375,55354188,-0.002062989133320814,-0.0020651200265803904,759.984262084961,772.4630798339844,748.0033071507575,758.3347518279007,0.010696215571021421,9,3,3
2023-09-29,761.8499755859375,767.7249755859375,761.1500244140625,763.1500244140625,730.7423706054688,32053782,0.001706396405381172,0.0017049421651402035,758.9034484863281,770.9425170898437,745.3477784514823,756.2908717373502,0.010688316739636093,9,3,4
2023-10-03,763.5,763.5,753.0,754.0250244140625,722.0048828125,38971694,-0.011957001734727912,-0.012029061669850223,757.307958984375,769.2122546386719,741.7565637377928,753.751168854028,0.010850302516733438,10,4,1
2023-10-04,747.5,767.5,744.625,764.7750244140625,732.29833984375,54649430,0.014256769277172898,0.014156097252394268,755.9913452148437,767.8123388671875,740.3014523694785,752.1620704088223,0.011235713113499511,10,4,2
2023-10-05,767.5250244140625,775.7750244140625,766.2999877929688,767.875,735.2667236328125,48512674,0.004053517026538556,0.004045323660233168,755.0541564941407,766.446416015625,739.5268787176838,750.910563240229,0.011260433209431705,10,4,3
2023-10-06,772.0,772.5,764.9249877929688,767.0250244140625,734.4528198242188,17759356,-0.001106950420076691,-0.001107563542198568,753.5831451416016,764.8899450683593,738.7462542725352,749.6914711353393,0.011242054084400531,10,4,4
2023-10-09,764.0,765.0,756.0,758.125,725.9307861328125,16454972,-0.011603241843970102,-0.011671084763763146,751.3185760498047,763.2195275878906,736.7746437895009,747.9314203944114,0.011389821436156819,10,4,0
2023-10-10,760.2750244140625,764.5,757.5999755859375,762.4249877929688,730.0481567382812,33266292,0.005671850104887799,0.005655825726443974,748.9594512939453,761.7995031738282,735.7397996277749,746.606734197661,0.011297727555972943,10,4,1
2023-10-11,765.0499877929688,771.0750122070312,764.25,769.7999877929688,737.1099243164062,31333360,0.009673016105780752,0.009626532006059035,746.7523315429687,760.8046252441407,735.9505880414106,745.9032667990496,0.011273560634115207,10,4,2
2023-10-12,768.0499877929688,776.0,765.7999877929688,774.9249877929688,742.0173950195312,22025336,0.0066577189388354885,0.006635654207810408,744.6684997558593,759.8341662597657,736.8839429611214,745.6154244450112,0.011241464216172928,10,4,3
2023-10-13,770.0,774.4000244140625,764.9749755859375,767.875,735.2667236328125,39745300,-0.00909772659243524,-0.009139363634351872,742.0795654296875,758.6228857421875,736.6351399875355,744.848854014478,0.011282157021123803,10,4,4
2023-10-16,765.75,767.2249755859375,760.25,764.7999877929688,732.322265625,17856084,-0.004004612085889758,-0.004012652016583168,739.3673492431641,757.5609790039063,735.9716208548377,743.9209585782204,0.011275954558442344,10,4,0
2023-10-17,777.875,777.875,767.5,770.5999755859375,737.8759765625,32902558,0.007583698049601351,0.007555086375362717,736.4815795898437,756.7236145019531,736.2645986560165,743.4731821326114,0.011369533981867195,10,4,1
2023-10-18,770.5999755859375,770.5999755859375,759.0499877929688,759.875,727.6064453125,31216200,-0.013917692913437918,-0.014015452116387559,733.8651153564454,755.455361328125,734.9325750647063,742.2978682940847,0.011542088242883585,10,4,2
2023-10-19,752.7000122070312,763.125,751.5999755859375,757.4749755859375,725.308349609375,30252364,-0.003158432306269665,-0.0031634306810466935,732.6981231689454,754.1502429199219,733.4519249946553,741.0393854285505,0.011512732798312848,10,4,3
2023-10-20,752.5,763.5,752.5,761.4000244140625,729.066650390625,21094010,0.005181659336024547,0.005168280734954853,731.9668060302735,752.9332153320313,732.7772673632661,740.152516166482,0.01126182051667941,10,4,4
2023-10-23,761.75,764.375,750.0499877929688,753.0250244140625,721.04736328125,22376136,-0.010999388197331927,-0.011060328752267364,731.4018615722656,751.55005859375,730.9726667352636,738.7373196564648,0.011189250889930733,10,4,0
2023-10-25,760.5,761.4000244140625,745.7249755859375,748.25,716.47509765625,28311996,-0.006341144642971974,-0.006361335099657551,730.5759887695312,750.2157360839843,728.7422714923384,737.0882661749674,0.01105169629673018,10,4,2
2023-10-26,745.625,746.0,730.125,731.7000122070312,700.6279907226562,55561798,-0.02211815453940158,-0.022366428658203107,728.7985717773438,748.7277282714844,724.416997527772,734.3875050303517,0.011499679253739813,10,4,3
2023-10-27,734.75,739.0,733.4500122070312,734.5750122070312,703.380859375,31940532,0.003929144551453545,0.00392144562321235,727.417333984375,747.3704235839843,721.1806685811916,732.0907164632887,0.011516714368510345,10,4,4
2023-10-30,731.625,744.9749755859375,730.9500122070312,742.5499877929688,711.0171508789062,23310982,0.010856552893252713,0.010798043614690755,726.4933135986328,746.2108508300781,719.6170504731477,730.5297116051863,0.011731230503032094,10,4,0
2023-10-31,752.0,752.0,737.0,738.25,706.8997192382812,32634824,-0.005790903405825443,-0.005807735701207321,725.3011810302735,745.0541479492188,717.660537975476,728.7793418002303,0.011728182805338588,10,4,1
2023-11-01,731.125,738.7249755859375,731.125,737.25,705.9422607421875,33877466,-0.0013544474131712558,-0.0013553655061682068,724.4980499267579,743.941015625,715.8577260934317,727.0877061663012,0.011393016446160217,11,4,2
2023-11-02,742.5,745.25,733.5750122070312,738.375,707.0194702148438,45225154,0.0015259172492716466,0.0015247542205192673,723.2341064453125,742.861396484375,714.4979944198028,725.601170169897,0.011033353555526267,11,4,3
2023-11-03,744.0,745.7000122070312,740.8250122070312,741.875,710.370849609375,18095340,0.004740151489057043,0.004728952347461483,721.9893127441406,741.9139172363281,713.8630490643524,724.472998276525,0.00863862443453429,11,4,4
2023-11-06,749.0,749.0,741.5,747.25,715.517578125,25593730,0.007245129101870029,0.0072190092393246115,721.0425506591797,741.0320300292968,714.1175919967598,723.8096338208566,0.008737327521224632,11,4,0
2023-11-07,747.0,747.0,738.5999755859375,743.625,712.0465087890625,41952848,-0.004851130764716327,-0.004862935693206363,720.3483367919922,740.1506201171875,713.7989638109601,722.9382912259089,0.008360478863233921,11,4,1
2023-11-08,741.9749755859375,746.7249755859375,740.5,745.7750244140625,714.1052856445312,31399546,0.0028913516603992218,0.002887179742906267,719.5511932373047,739.4808264160156,713.8460902468942,722.2839945161772,0.008383283469380637,11,4,2
2023-11-09,743.0,746.2999877929688,741.75,742.8250122070312,711.280517578125,22116740,-0.003955674496732953,-0.003963518870454573,718.2597229003907,738.5989379882812,713.4513867593912,721.4689221503957,0.008343317834236703,11,4,3
2023-11-10,740.0499877929688,748.0,740.0250244140625,745.75,714.0812377929688,14015186,0.003937574762176821,0.003929842804800385,716.8629150390625,737.6528930664062,713.5482869184032,720.9216862720677,0.008315481294192666,11,4,4
2023-11-13,746.0499877929688,747.9749755859375,742.9500122070312,744.4000244140625,712.78857421875,20605914,-0.0018102472181092955,-0.0018118876956835547,715.7390075683594,736.7920703125,713.4314080415335,720.3192335273776,0.00831422994405788,11,4,0
2023-11-15,752.0499877929688,755.4749755859375,750.2750244140625,752.2000122070312,720.2574462890625,41245460,0.010478383549425985,0.010423865796437117,715.1357666015625,736.1500463867187,714.4815677719225,720.3146566949098,0.008553972582559308,11,4,2
2023-11-16,754.8499755859375,759.5,751.875,754.1749877929688,722.1484985351562,29713838,0.002625522659761348,0.0026220819961871953,714.3493927001953,735.5147229003907,715.6610955816508,720.4504968312244,0.008287485189752752,11,4,3
2023-11-17,745.0,753.75,744.5,752.5499877929688,720.592529296875,23701874,-0.0021546388885906875,-0.0021569634626394632,713.9986968994141,734.7539611816406,716.4197776916853,720.4610177546059,0.007846611512009096,11,4,4
2023-11-20,756.5,756.5,750.7750244140625,752.5999755859375,720.6404418945312,19331452,6.649055563068273e-05,6.648834523166859e-05,713.7653015136718,734.0865600585937,717.0691106459693,720.4743084316375,0.007800331338724688,11,4,0
2023-11-21,759.5,761.0,756.0499877929688,758.9749755859375,726.7445678710938,24959972,0.008470418285872361,0.008434745593103834,713.6491973876953,733.3439904785156,718.5576425267576,720.9387720938195,0.007974602335583154,11,4,1
2023-11-22,760.0,760.0,751.7750244140625,756.2750244140625,724.1593017578125,29123650,-0.0035573243028901302,-0.0035636666265902485,713.8047943115234,732.4027331542969,719.4194362546123,721.1773298467078,0.0077130817645991384,11,4,2
2023-11-23,754.25,761.9249877929688,754.25,760.6500244140625,728.3485717773438,13046220,0.005785011680941254,0.005768342756585375,714.3984680175781,731.4250915527343,720.7931494119556,721.7085329526808,0.007716004918548339,11,4,3
2023-11-24,760.5999755859375,766.5750122070312,759.9249877929688,766.0499877929688,733.5192260742188,16469192,0.0070991479865984974,0.007074067664850464,716.0430297851562,730.4704296875,722.751007359996,722.5833991098317,0.007617864414573065,11,4,4
2023-11-28,767.5999755859375,768.625,762.9000244140625,764.3250122070312,731.8674926757812,28489338,-0.002251792917927431,-0.002254332015998201,717.4673614501953,729.4338989257812,724.1535435624246,723.2711097443465,0.007516934970125404,11,4,1
2023-11-29,766.9500122070312,781.5,766.5,779.5750122070312,746.4699096679688,34042488,0.019952268871513246,0.01975583097724244,719.2399993896485,728.6223889160157,727.5868306555852,724.9895393683186,0.008201962930868927,11,4,2
2023-11-30,784.5750122070312,786.2249755859375,771.0750122070312,779.4000244140625,746.3023071289062,69491440,-0.00022452685217688728,-0.0002245520621041692,721.2101287841797,727.8171032714844,730.4661347284039,726.5682629061399,0.008158712008952948,11,4,3
2023-12-01,778.9500122070312,782.875,776.0499877929688,777.7000122070312,744.674560546875,22153536,-0.00218108207154466,-0.002183464095269158,723.1467437744141,726.7987670898438,732.6520463927841,727.9094701387869,0.00806735148222312,12,4,4
2023-12-04,794.0,806.0,786.8250122070312,804.7000122070312,770.5278930664062,50662456,0.03471762550951785,0.03412856389899056,726.3221649169922,726.6106103515625,738.4790997271875,731.0663903556476,0.009803836160724408,12,4,0
2023-12-05,818.25,819.5,808.25,811.8499755859375,777.374267578125,52230820,0.008885303923875876,0.00884606189125109,729.6723358154297,727.1851318359375,744.4629717042548,734.4966034832386,0.009833624053837794,12,4,1
2023-12-06,819.2249755859375,819.2249755859375,808.3250122070312,813.9000244140625,779.3372802734375,38613060,0.002525183527656738,0.002522000608909182,732.8633209228516,727.898017578125,749.8282499456675,737.8181350973274,0.009819288720230423,12,4,2
2023-12-07,812.5,817.0,808.0999755859375,815.2249755859375,780.6058959960938,20450386,0.001627813470197692,0.001626490017878499,736.2912902832031,728.8632104492187,754.5632724149639,740.9875988676064,0.009496135482070137,12,4,3
2023-12-08,815.2249755859375,827.5,815.2249755859375,826.5999755859375,791.4979248046875,33728038,0.013953300717380435,0.013856849589100799,740.160922241211,730.0333178710938,760.2455266287675,744.7291044925754,0.009553119615359495,12,4,4
2023-12-11,825.0250244140625,831.8499755859375,823.5,825.5,790.444580078125,23187620,-0.0013308243692773392,-0.0013317107024847633,744.1191253662109,731.1186828613281,764.8915348517456,748.115436017431,0.008314301854117754,12,4,0
2023-12-12,827.0999755859375,828.125,815.9249877929688,817.2999877929688,782.5928344726562,36581476,-0.009933328412085163,-0.009982993082778911,747.5447052001953,732.1504272460937,767.6148117165011,750.6693173844848,0.008698270313106202,12,4,1
2023-12-13,816.2249755859375,818.0,807.5499877929688,815.4500122070312,780.8214111328125,29346914,-0.002263531253819173,-0.0022660969130521014,750.9463470458984,733.176904296875,769.6465962420875,752.9028058102868,0.008650516560843842,12,4,2
2023-12-14,823.0,829.4749755859375,822.5,825.0750122070312,790.0376586914062,35172366,0.011803272076290616,0.011734156786550433,754.4353576660156,734.3628100585937,772.783682772752,755.6535356533327,0.008618948435209953,12,4,3
2023-12-15,825.0,834.0,823.2999877929688,828.2750244140625,793.101806640625,138837130,0.0038784834058342987,0.0038709814802092278,757.983023071289,735.7847485351563,775.909547983194,758.4274816523914,0.008564891700645942,12,4,4
2023-12-18,830.3499755859375,832.3499755859375,825.4749755859375,827.8499755859375,792.69482421875,18014754,-0.0005131528114894479,-0.0005132845194528861,761.5881378173829,736.9926782226562,778.4918981732795,760.9658033239735,0.008592617431817755,12,4,0
2023-12-19,825.0,829.3250122070312,822.0250244140625,826.4500122070312,791.3543090820312,24008446,-0.0016910860217107526,-0.0016925175217646228,765.1238311767578,738.1144299316406,780.4707306207798,763.2168037504964,0.008649812154893988,12,4,1
2023-12-20,829.0,834.4749755859375,822.2249755859375,828.5,793.3171997070312,34232520,0.002480419456206695,0.002477348293333742,768.4524627685547,739.2917175292969,782.447110480203,765.4464627102398,0.008625057294441527,12,4,2
2023-12-21,828.5,844.875,825.125,843.3499755859375,807.5365600585938,36589240,0.01792392797838449,0.017765188399380422,772.6213256835938,740.9238330078125,786.3070257999555,768.5642476990067,0.008865267482430907,12,4,3
2023-12-22,841.7999877929688,842.9500122070312,833.5499877929688,835.4249877929688,799.9481811523438,48578850,-0.009396947805928924,-0.009441377675800108,776.2013061523437,742.3218334960937,788.4056650849383,770.888983510365,0.009207077923773661,12,4,4
2023-12-26,836.625,842.9749755859375,834.2750244140625,841.2249755859375,805.5018920898438,18045856,0.006942588368036295,0.00691859956699375,779.800439453125,743.6896728515625,791.0358538549237,773.4529026644005,0.009103650700085831,12,4,1
2023-12-27,840.75,853.25,839.2999877929688,851.6500244140625,815.4841918945312,27009078,0.012392646004578456,0.012316485739670438,783.9812744140625,745.1590087890625,794.797136630248,776.5663314962621,0.00922547570255375,12,4,2
2023-12-28,854.6500244140625,860.7000122070312,851.0,852.625,816.4177856445312,44076470,0.0011448336574508833,0.0011441788351267072,787.4786682128906,746.7820300292968,798.1233903247532,779.5182910628006,0.009171653351394816,12,4,3
2023-12-29,848.5,857.4500122070312,848.0,854.625,818.3328247070312,25011426,0.0023456606362246557,0.002342913868798742,791.0801940917969,748.5022412109375,801.232534075873,782.3934417031139,0.009111143669813084,12,4,4
2024-01-01,853.0,854.5750122070312,846.0,849.0499877929688,812.9945678710938,14239686,-0.006523332163595685,-0.006544702080930583,794.4961944580078,750.0046130371094,803.0420777366762,784.660191789631,0.009319982316176265,1,1,0
2024-01-02,849.4000244140625,851.4000244140625,844.3499755859375,849.5499877929688,813.4733276367188,29242092,0.0005888843352037654,0.0005887110108656281,796.6434661865235,751.7219506835937,804.6468854136058,786.7944981486745,0.009270848347717825,1,1,1
2024-01-03,851.0,852.3499755859375,834.4749755859375,836.4500122070312,800.9296264648438,28389762,-0.01541992926592517,-0.015540052839858692,797.8212341308594,753.2343762207031,804.0749994214885,787.841544690613,0.009911646806866558,1,1,2
2024-01-04,839.0,847.4749755859375,835.3499755859375,845.4249877929688,809.5234985351562,26734056,0.010729871622110254,0.010672715041277281,799.3305450439453,754.8435131835937,804.9132300543605,789.4476153457643,0.0099586064839361,1,1,3
2024-01-05,843.5750122070312,852.4500122070312,834.0499877929688,841.0999755859375,805.3822021484375,31889470,-0.005115721031214604,-0.005128851131143846,800.5693603515625,756.5302099609376,804.9853796072955,790.6279551089253,0.010001468401451953,1,1,4
2024-01-08,839.25,841.1749877929688,830.0,831.7249755859375,796.4052734375,17998470,-0.011146172198728266,-0.011208756259091589,800.8147277832031,758.1288134765625,803.6653632734808,791.0559046147457,0.010345569862386385,1,1,0
2024-01-09,833.5750122070312,838.9000244140625,823.375,825.25,790.2052001953125,25326888,-0.0077850730639016374,-0.007815534946858587,800.8027587890625,759.9203576660157,801.5945689537625,790.9928894725655,0.010499615532755347,1,1,1
2024-01-10,821.5,829.9749755859375,820.7000122070312,827.9749755859375,792.8145141601562,16115824,0.0033020713660183443,0.0032966315002923106,801.3138427734375,761.7090307617187,800.2437912932078,791.1278246346092,0.010461157074476046,1,1,2
2024-01-11,830.0,831.4500122070312,821.5,824.5,789.4871215820312,18314010,-0.004196937011994306,-0.004205768871970978,801.7471282958984,763.2784301757813,798.5889190299498,791.006291075159,0.01000896783305507,1,1,3
2024-01-12,826.0,828.0,816.7999877929688,820.5999755859375,785.7527465820312,19773552,-0.004730127823385888,-0.0047413502810898425,801.5328826904297,764.8554907226562,796.6141232687315,790.6171396312236,0.010075795923821245,1,1,4
2024-01-15,823.8499755859375,840.4500122070312,821.7999877929688,836.4000244140625,800.8817749023438,28320356,0.019254184457035306,0.019071168136353362,801.9218811035156,766.7542810058594,797.2706850585181,791.37748298464,0.010535686792598949,1,1,0
2024-01-16,836.5,841.8250122070312,829.0499877929688,839.5750122070312,803.9219970703125,25322500,0.003796093584898408,0.0037889066042045383,802.4832397460938,768.6923315429688,798.2939638295634,792.3067062502454,0.008609776525612477,1,1,1
2024-01-17,785.0,798.4000244140625,764.2000122070312,768.75,736.1045532226562,170145236,-0.08435823885252491,-0.08813008125417685,799.720751953125,769.2070056152344,788.7263621977315,788.1435838037573,0.01778012631246399,1,1,2
2024-01-18,747.0,757.5,740.0250244140625,743.0750122070312,711.5199584960938,161070930,-0.033398237545103404,-0.03396869621786367,795.6308898925781,769.1270532226563,776.848453935941,782.4677597068934,0.018675856236918552,1,1,3
2024-01-19,752.9749755859375,755.125,734.2000122070312,735.3250122070312,704.0989990234375,109600538,-0.010429727773682673,-0.010484498546750607,790.4590118408203,768.9681030273438,765.6562301032483,776.6626663229337,0.01870578418116215,1,1,4
2024-01-23,732.5,737.3499755859375,712.5,713.6749877929688,683.3683471679688,115469402,-0.029442808304260493,-0.029884947974670725,784.6300201416016,768.3533642578125,752.996555805513,769.7519760151586,0.019004584429362148,1,1,1
2024-01-24,690.125,729.2249755859375,690.125,727.9500122070312,697.0371704101562,86004404,0.020002131059821737,0.019804716568332218,779.2067840576171,768.0684973144531,744.3874195908428,764.3656941184917,0.019527043964624877,1,1,2
2024-01-25,726.25,728.6749877929688,709.7000122070312,717.4500122070312,686.9830322265625,98941852,-0.014424106217574617,-0.014529144920799139,772.7817260742188,767.526533203125,735.5559753809536,758.6336450894598,0.019591267732046704,1,1,3
2024-01-29,724.0250244140625,731.4000244140625,722.9000244140625,727.3250122070312,696.438720703125,65645498,0.0137640786351243,0.013670214030583447,766.7827728271484,767.1995361328125,729.5379361997492,754.026613653435,0.019860931105834336,1,1,0
2024-01-30,727.2750244140625,731.5999755859375,720.4500122070312,722.1500244140625,691.4834594726562,41728768,-0.007115143203792473,-0.007140576548260756,760.4403045654296,766.6240563964843,723.683401318658,749.3937874178218,0.019654012148254053,1,1,1
2024-01-31,719.75,737.4749755859375,718.4000244140625,731.2750244140625,700.220947265625,65761040,0.012635859431304741,0.012556693151312158,754.8016235351563,766.1855053710938,720.0737930028067,745.7513548139553,0.019842847716486374,1,1,2
2024-02-01,732.5250244140625,736.7999877929688,728.0250244140625,733.1749877929688,702.0402221679688,32690740,0.002598144070736552,0.0025947747291917506,749.2299682617188,765.8144592285156,717.2993974897547,742.5134931364748,0.019869521793711275,2,1,3
2024-02-02,737.5,740.4249877929688,721.0250244140625,723.0750122070312,692.369140625,44867754,-0.013775680135681534,-0.01387144532143869,743.8019439697266,765.249033203125,713.4639733567155,738.7990966541433,0.019946750513697386,2,1,4
2024-02-05,723.0,725.9500122070312,717.0250244140625,722.4249877929688,691.7467651367188,38605046,-0.0008989070306042457,-0.0008993112898081972,737.9131072998047,764.5490771484375,710.1228643997929,735.3137387639638,0.019916979159303152,2,1,0
2024-02-06,722.7750244140625,724.8499755859375,716.2999877929688,722.0499877929688,691.3876953125,41075740,-0.0005190769835371478,-0.0005192117506329164,732.2133819580079,763.8936450195313,707.2405306940556,732.0599577675591,0.019485463504513172,2,1,1
2024-02-07,726.5,726.9000244140625,713.3250122070312,714.9749755859375,684.6130981445312,54837086,-0.009798550384826687,-0.009846872093885043,726.6237731933594,763.018935546875,703.759387224898,728.5453755732608,0.0194887455489465,2,1,2
2024-02-08,714.9249877929688,719.4749755859375,700.25,701.5250244140625,671.734375,69106124,-0.018811680903324413,-0.018990871380572746,720.7002319335937,761.7832385253906,698.8324622672213,724.3371533085748,0.01951239435366555,2,1,3
2024-02-09,696.0750122070312,707.0999755859375,693.5,701.7999877929688,671.9976196289062,56642124,0.000391887982368333,0.0003918112143286306,714.6593872070313,760.5858410644531,694.7040249382497,720.4601508137845,0.019246827692382097,2,1,4
2024-02-12,699.8250122070312,706.8250122070312,691.6749877929688,695.0,665.4863891601562,34447812,-0.009689365376540526,-0.009736612722820667,708.4593505859375,758.9661706542969,690.2090040493123,716.3880203209231,0.01920499445872544,2,1,0
2024-02-13,695.9749755859375,702.1749877929688,692.1749877929688,697.2249755859375,667.6168823242188,57580994,0.0032014075701101152,0.0031962939757881857,702.5525573730469,757.3924621582031,686.7332930146824,712.7753434322783,0.019219378317278355,2,1,1
2024-02-14,688.0,695.75,681.7750244140625,692.0250244140625,662.6377563476562,91320810,-0.007458058818447411,-0.007486009196207326,695.6403564453125,755.7517260742187,683.0262873736016,709.0614480926768,0.019220045734444077,2,1,2
2024-02-15,692.5,707.75,692.1749877929688,707.0250244140625,677.0007934570312,41584944,0.02167554892818302,0.02144397457609034,689.2942962646484,753.8811840820313,682.0992883095139,706.6865847863327,0.019867014377984042,2,1,3
2024-02-16,711.9500122070312,713.8499755859375,704.2249755859375,709.9500122070312,679.8015747070312,32175742,0.004137042787938361,0.004128508755432188,686.4791473388672,751.9297302246093,681.745793909132,704.6951025582363,0.019864910242965335,2,1,4
2024-02-19,714.5,714.5,707.5999755859375,708.5499877929688,678.4609375,34451756,-0.0019721007672114377,-0.0019740479183360956,684.8261962890625,749.9122033691406,681.24043138465,702.7518310724411,0.019646660041155607,2,1,0
2024-02-20,707.5,728.625,705.9000244140625,727.1500244140625,696.2711791992188,56133508,0.026250946391764396,0.025912303968498997,684.4348052978515,748.2255090332031,683.552854125353,702.2717827855357,0.02049392145603232,2,1,1
2024-02-21,732.0,732.0,717.5,719.5750122070312,689.017822265625,45893136,-0.010417430952600726,-0.010472072198642806,684.7172790527344,746.1759069824219,684.3936184546257,701.2900079322089,0.020486363681464077,2,1,2
2024-02-22,708.875,714.4000244140625,706.0999755859375,709.7750244140625,679.634033203125,50560882,-0.013619080318770682,-0.013712670707947435,683.8471221923828,743.9596960449219,683.6613745697794,699.6858616559805,0.020545176470803762,2,1,3
2024-02-23,711.2750244140625,716.9500122070312,709.0,710.2999877929688,680.1366577148438,29833452,0.0007395517104253901,0.0007392783768137848,683.5048034667968,741.9105725097656,683.1191104382508,698.2377724751556,0.02051562933607527,2,1,4
2024-02-26,706.7750244140625,717.4249877929688,706.7750244140625,711.1500244140625,680.9505615234375,23506870,0.0011966768727453836,0.001195961425692247,682.7303955078125,739.9131555175782,682.7854875282795,696.9572383305839,0.02054549620731848,2,1,0
2024-02-27,706.7750244140625,713.3499755859375,706.5250244140625,710.0750122070312,679.9212646484375,32087150,-0.0015115588901156718,-0.0015127024477699148,682.1522857666016,737.7108276367187,682.3448378544576,695.6953143541286,0.020553773916066755,2,1,1
2024-02-28,710.0750122070312,712.0999755859375,702.0,704.7000122070312,674.7745361328125,25321986,-0.007569594868144347,-0.00759838965331694,680.8799652099609,735.3442822265625,681.1801760511275,694.1456270784756,0.020057753149206207,2,1,2
2024-02-29,701.0499877929688,705.2000122070312,698.6500244140625,701.7000122070312,671.90185546875,53295700,-0.004257245213380556,-0.004266333083817305,679.373046875,732.9284228515625,679.7527421153771,692.49794029257,0.01998288253700931,2,1,3
2024-03-01,700.0,716.375,700.0,715.375,684.9961547851562,34738898,0.019488410710327697,0.01930094334669932,679.0043975830079,730.801259765625,680.5594209876508,691.9422524772059,0.013996290182928185,3,1,4
2024-03-04,715.4749755859375,718.5,712.1500244140625,716.3499755859375,685.9298095703125,35616474,0.0013630073375361373,0.0013620792862331574,678.7135498046875,728.6535119628907,681.3856346157526,691.4968863359545,0.01271313322241106,3,1,0
2024-03-05,711.0,721.5,710.8250122070312,720.4249877929688,689.8317260742188,37991672,0.005688506971800011,0.005672388513767478,678.6357513427735,726.2994152832031,682.6850333016705,691.3735411313814,0.012647514110953946,3,1,1
2024-03-06,716.7750244140625,726.4249877929688,716.7750244140625,721.2999877929688,690.6695556640625,42409530,0.0012145419791167456,0.0012138050196590041,678.93857421875,724.1138427734375,683.9134213574231,691.3213940597282,0.011415635792715388,3,1,2
2024-03-07,722.75,725.5250244140625,720.7000122070312,723.0499877929688,692.3452758789062,49348046,0.0024262256836158347,0.002423287150152405,679.9691192626954,721.8507104492187,685.2106297453436,691.397237157445,0.010810831436050493,3,1,3
2024-03-11,715.0,722.9749755859375,711.5,713.9000244140625,683.5838012695312,50531094,-0.012654776329993234,-0.012735530015199755,680.5484283447265,719.2127026367187,684.9603484413724,690.8184641287107,0.010734941205744848,3,1,0
2024-03-12,717.0,732.0,714.625,729.7750244140625,698.78466796875,65418454,0.022237020056631085,0.021993382756353402,682.2133422851563,716.8600402832031,687.0871668301996,691.408553302047,0.011213345058806907,3,1,1
2024-03-13,732.75,735.7999877929688,725.0499877929688,730.2000122070312,699.191650390625,63067454,0.0005824146414918907,0.0005822451039088318,683.7920806884765,714.477216796875,688.949395070265,691.9850790123121,0.011128584718395378,3,1,2
2024-03-14,731.0499877929688,733.0,722.1500244140625,727.7249755859375,696.8217163085938,52432158,-0.0033895343010850176,-0.003395291786284696,685.5012786865234,712.153759765625,690.1605214146233,692.3433484416663,0.010904814261470918,3,1,3
2024-03-15,725.0,729.6500244140625,721.125,726.3250122070312,695.481201171875,143613804,-0.0019237562569377475,-0.0019256090526053034,686.4252990722656,709.7939172363281,690.9790875311236,692.5757819772374,0.010897410566236368,3,1,4
2024-03-18,723.5,728.0,717.9000244140625,723.0250244140625,692.3212890625,21437856,-0.004543490325907618,-0.0045538433492214965,687.0512847900391,707.6217504882812,691.1855800744122,692.5569306502198,0.010629511107905122,3,1,0
2024-03-19,717.75,726.2000122070312,717.75,724.6749877929688,693.9011840820312,36183594,0.002282025765335982,0.0022794258990957226,687.8232971191406,705.3093041992188,691.6033653063536,692.6565049785021,0.010635562359287816,3,1,1
2024-03-20,724.5250244140625,725.8250122070312,712.3250122070312,715.5250244140625,685.1398315429688,43606094,-0.012626225088018805,-0.012706613250842984,687.2667297363281,702.9044567871093,690.608975496602,692.0997143536478,0.01088883043984885,3,1,2
2024-03-21,721.2999877929688,725.625,719.1500244140625,722.875,692.1776733398438,28922860,0.010272124715075215,0.010219724974278713,687.4247222900391,700.8199047851563,690.8503136263315,692.105489093366,0.010898223732486272,3,1,3
2024-03-22,720.5,725.375,718.875,721.4249877929688,690.7891845703125,45980326,-0.002005971621175884,-0.0020079862769274027,687.9824798583984,698.8315844726562,690.8409091561747,692.0079850546214,0.01029037822026041,3,1,4
2024-03-26,713.5999755859375,718.9749755859375,711.0750122070312,712.7000122070312,682.434814453125,56844290,-0.012093950374142182,-0.012167677227553709,688.0973876953125,696.6239904785157,689.5476638172439,691.2988613063624,0.010563994238159265,3,1,1
2024-03-27,711.7750244140625,723.9749755859375,710.625,720.3499755859375,689.7599487304688,62168668,0.010733822662921666,0.010676624130342385,688.5378570556641,694.6294470214843,689.5803230346631,691.184867782222,0.010538256786053754,3,1,2
2024-03-28,720.3499755859375,730.25,720.3499755859375,723.9500122070312,693.20703125,55592142,0.004997510403258021,0.004985064297282246,689.2021453857421,692.7785327148438,690.138278144715,691.3346576687242,0.010554824918047117,3,1,3
2024-04-01,729.0,736.9000244140625,727.7999877929688,735.25,704.0271606445312,25199570,0.01560879925730152,0.015488234908235598,690.6647766113281,690.8414404296875,692.2750292985328,692.2748430743395,0.010732892744016169,4,2,0
2024-04-02,732.5750122070312,747.4249877929688,731.625,740.0750122070312,708.6472778320312,41225446,0.006562413278587531,0.00654097438736357,692.5020477294922,688.9359460449218,694.7938367652248,693.4876160193537,0.01011836214150555,4,2,1
2024-04-03,736.0499877929688,747.8250122070312,735.7000122070312,741.1500244140625,709.6766967773438,45584386,0.0014526534956316173,0.0014515994152280093,693.7360748291015,688.4073889160156,697.08350753632,694.6868071866122,0.010106770387189504,4,2,2
2024-04-04,752.0,765.0,752.0,763.7999877929688,731.3648071289062,88935066,0.030560550247808127,0.030102877747181418,696.0078247070312,688.8042858886719,702.357553627487,697.4036960712266,0.011387374950116602,4,2,3
2024-04-05,769.5,777.25,765.0750122070312,774.7750244140625,741.8737182617188,59055902,0.014368904588213605,0.014266650236712218,698.6099243164062,689.5597802734375,708.436963571215,700.6977717890408,0.01072247699682457,4,2,4
2024-04-08,777.4749755859375,778.625,770.7750244140625,773.2999877929688,740.4613647460938,20482940,-0.0019037653994998793,-0.001905579864090366,701.0995147705078,690.701640625,713.3637945211963,703.6432231191928,0.010487882069855486,4,2,0
2024-04-09,777.4249877929688,777.4249877929688,770.1500244140625,774.2750244140625,741.3949584960938,21884494,0.0012608270930112297,0.001260032918006811,703.5519989013671,691.5887963867187,717.6762812865651,706.4396479619262,0.010043900259347111,4,2,1
2024-04-10,774.9500122070312,774.9500122070312,766.4749755859375,768.1749877929688,735.5540161132812,27807400,-0.007878314137259257,-0.007909512019926577,706.1505096435546,692.5602160644531,720.4267020291369,708.5962678249895,0.010230854280823232,4,2,2
2024-04-12,760.5,764.9249877929688,756.7249755859375,759.4749755859375,727.223388671875,41084208,-0.011325650134338061,-0.011390273709138077,707.5724456787109,693.1759094238281,721.4723461280197,709.9760545543885,0.010543483943019533,4,2,4
2024-04-15,748.7750244140625,755.0,746.0250244140625,747.3499755859375,715.61328125,23415248,-0.01596498077857267,-0.016093793923482317,708.3935272216797,693.658505859375,720.5709515314013,710.3936269022116,0.011039706338025179,4,2,0
2024-04-16,743.5,756.4500122070312,741.125,754.625,722.5794067382812,20744886,0.009734483233895697,0.009687408404858214,709.6814117431641,694.1056750488282,720.8799446401521,711.2962772604391,0.010987078467817827,4,2,1
2024-04-18,754.9000244140625,759.4249877929688,745.5250244140625,747.3499755859375,715.61328125,34234884,-0.009640636618370113,-0.009687408404858235,710.6880157470703,694.3771362304688,720.0696887339748,711.6160553337398,0.011141458425570176,4,2,3
2024-04-19,743.2750244140625,767.4749755859375,740.125,765.6500244140625,733.13623046875,34576434,0.024486618230647794,0.0241916268551896,712.7287628173829,695.1924780273438,722.0799259239402,713.2101423807777,0.011442772733711451,4,2,4
2024-04-22,778.7000122070312,778.7000122070312,754.1500244140625,756.0999755859375,723.9917602539062,42298438,-0.01247308458483487,-0.012551526461678399,714.2332916259766,695.8373779296875,722.3740542823965,714.0087807417502,0.011757568683851529,4,2,0
2024-04-23,763.1500244140625,763.25,751.625,753.7999877929688,721.7894287109375,26827060,-0.0030419290161484147,-0.003046565086336165,716.065771484375,696.4454125976563,722.2841118867874,714.5851250357641,0.011767790278951537,4,2,1
2024-04-24,757.5,760.875,754.5250244140625,755.8499755859375,723.7523193359375,22441580,0.0027194782119566163,0.002715787121463071,717.6445037841797,697.2281970214843,722.5099899558875,715.2641764654066,0.011769398735126063,4,2,2
2024-04-25,753.125,759.8499755859375,753.125,755.375,723.2975463867188,35445204,-0.0006283543928895519,-0.0006285518902476389,719.269921875,698.2594604492188,722.6311524837078,715.8592409040224,0.011775460302061584,4,2,3
2024-04-26,759.9000244140625,764.0,752.7750244140625,754.9000244140625,722.8427734375,24854694,-0.0006287494703812735,-0.0006289472162222655,721.2903198242187,699.2763635253906,722.6637095535219,716.3765396102059,0.011476996517388623,4,2,4
2024-04-29,757.5,767.2249755859375,753.2750244140625,764.75,732.2744140625,36093350,0.013047983560999787,0.012963591924590056,723.4160430908203,700.6121240234374,724.1422794779801,717.5541599400054,0.011030170671338303,4,2,0
2024-04-30,764.5999755859375,769.75,757.4500122070312,760.0499877929688,727.7739868164062,52307382,-0.006145820691899284,-0.006164783984475137,725.1443908691406,701.8152661132813,724.7010036838918,718.3111841530722,0.011120032709672642,4,2,1
2024-05-02,761.0,768.5,760.1749877929688,766.125,733.5910034179688,33475006,0.00799288887338312,0.007961114935188389,726.6225830078125,703.2343310546875,726.0686959506729,719.4430226171386,0.011145282310712391,5,2,3
2024-05-03,766.625,770.2999877929688,753.5999755859375,759.7999877929688,727.5346069335938,31865242,-0.008255821644699624,-0.008290089677726702,727.5669494628906,704.2450073242187,726.2942207172762,720.0423992331723,0.011276929459099286,5,2,4
2024-05-06,761.0,767.25,758.5750122070312,761.3250122070312,728.994873046875,28793396,0.002007143164551195,0.0020051315440002405,728.5328582763672,705.2288732910156,726.7097056910605,720.7055454415947,0.011217854742242536,5,2,0
2024-05-07,760.9749755859375,762.0250244140625,752.0750122070312,753.0750122070312,721.0952758789062,28480602,-0.010836286317010613,-0.010895426495574538,728.0193817138672,706.0815600585937,725.8459472584215,720.7344143628771,0.011450968287356617,5,2,1
2024-05-08,747.9749755859375,748.4749755859375,740.1749877929688,741.3250122070312,709.84423828125,41687862,-0.015602706014046341,-0.015725709365851475,726.4179077148438,706.3530212402344,723.3841458773181,719.927734653127,0.011588268715095159,5,2,2
2024-05-09,737.4749755859375,743.375,722.6500244140625,723.75,693.0155029296875,46281278,-0.02370764520440427,-0.023993193575399547,724.0456146240234,706.4329748535156,718.712046962298,717.9342360069462,0.012313543958091179,5,2,3
2024-05-10,719.5,725.9749755859375,713.4000244140625,718.9500122070312,697.8200073242188,27276608,0.006932751683361271,0.006908830655801013,721.8668670654297,706.7966943359374,715.4978870179781,716.444293141559,0.012368518141050167,5,2,4
2024-05-13,716.0,729.9000244140625,715.1500244140625,727.625,706.2400512695312,27047202,0.012066211712099095,0.011993995318030914,720.4011688232422,707.3187622070312,714.0736045951401,715.6884233732607,0.012312630661377468,5,2,0
2024-05-14,726.125,732.75,725.1500244140625,730.4749755859375,709.0062866210938,25665142,0.003916848593604971,0.003909197713869993,719.4903137207032,707.8798767089844,713.2940172145176,715.1934502805076,0.012193258038725778,5,2,1
2024-05-15,729.8499755859375,729.8499755859375,717.9000244140625,719.25,698.1111450195312,38931996,-0.01536677714591983,-0.015486069738900241,718.6152069091797,708.2436743164062,710.9581907229812,713.9280943352501,0.012524771662470725,5,2,2
2024-05-16,723.0250244140625,731.2750244140625,717.75,730.125,708.6665649414062,34945236,0.015119970504954061,0.015006803050798254,717.919564819336,708.9215148925781,710.6056329104312,713.5383514171875,0.012504484493407061,5,2,3
2024-05-17,723.0999755859375,734.0,723.0999755859375,732.0499877929688,710.5349731445312,20920190,0.0026365124242591076,0.0026330429222961955,717.6656494140625,709.6941772460938,710.5947621772158,713.3158789525463,0.012457077828794641,5,2,4
2024-05-21,725.0499877929688,734.8499755859375,725.0499877929688,729.4000244140625,707.962890625,43769978,-0.0036199238837579806,-0.0036264916629177176,716.406982421875,710.1535119628907,710.1898588614903,712.9193612986539,0.01247339093016314,5,2,1
2024-05-22,728.9249877929688,732.7999877929688,724.0750122070312,729.5999755859375,708.156982421875,39996278,0.0002741553257172846,0.00027411775201317227,715.6152435302735,710.5980554199218,709.877108640011,712.5665924929666,0.01105969629942172,5,2,2
2024-05-23,729.3250122070312,747.8250122070312,728.5250244140625,746.2999877929688,724.3661499023438,40861920,0.022889229200330652,0.022631200755166003,715.7440795898438,711.2887438964843,712.1061919111391,713.4406337825501,0.011566182264966798,5,2,3
2024-05-24,743.75,759.9500122070312,743.0,758.5999755859375,736.3046875,31060206,0.016481357665961927,0.01634701418957186,716.3716979980469,712.2014465332031,715.8290373863485,715.1342673912501,0.011981523029398948,5,2,4
2024-05-27,761.6749877929688,772.5,759.5250244140625,763.8499755859375,741.400390625,29385440,0.006920644688955591,0.006896806946004029,717.2768402099609,713.182548828125,719.7630917307565,717.0799061493057,0.012048361393590409,5,2,0
2024-05-28,765.0499877929688,768.0250244140625,762.4000244140625,765.25,742.75927734375,27908904,0.0018328648540426595,0.0018311872068769535,718.2726654052734,714.3660583496094,723.3009664404478,718.9820817933386,0.01195755362319647,5,2,1
2024-05-29,759.0,761.9249877929688,750.625,754.1500244140625,731.9855346679688,35147706,-0.014505026062158644,-0.014611252414704803,718.2582214355468,715.0300756835937,724.6370538600664,719.9453005247927,0.012078484099341395,5,2,2
2024-05-30,749.5999755859375,761.7999877929688,748.8250122070312,757.4249877929688,735.1642456054688,33755350,0.004342587096262562,0.0043331852739126025,718.627734375,715.7495275878906,726.2566218208975,721.072629790028,0.011699300576976405,5,2,3
2024-05-31,759.5,768.0,757.0,765.7750244140625,743.2688598632812,74079588,0.011024222554699481,0.010963898756959441,719.1116271972656,716.6784704589844,728.8738892120335,722.7167949806394,0.01173495243234153,5,2,4
2024-06-03,799.5,799.5,775.0,786.0999755859375,762.9964599609375,72637256,0.026541674437006613,0.02619555522752645,720.8847198486328,718.0287756347657,734.1235154810958,725.7004738680689,0.012440899847243172,6,2,0
2024-06-04,778.5,779.5,727.0,741.5750122070312,719.7800903320312,89531240,-0.056640327834704185,-0.058307656379466166,720.4239807128906,718.5779516601563,731.916834688932,725.2619269394735,0.015797081272419487,6,2,1
2024-06-05,747.0250244140625,779.7999877929688,741.1749877929688,775.9000244140625,753.0963134765625,81631650,0.04628666948701321,0.04524739070152229,722.0240325927734,719.7618542480469,735.1752160408752,727.3237333496282,0.01777860099611628,6,2,2
2024-06-06,782.4500122070312,782.7249755859375,773.2999877929688,779.8499755859375,756.93017578125,46422870,0.005090799458291162,0.005077885149622356,724.3783294677735,721.1976611328125,738.5221329240097,729.5168031593779,0.01776945651342675,6,2,3
2024-06-07,780.5250244140625,792.1749877929688,776.0250244140625,786.6749877929688,763.5545654296875,36712216,0.008751652213627503,0.00871357848283879,727.9052825927735,722.6251989746094,742.3732763864216,732.0381188831045,0.017814997895700003,6,2,4
2024-06-10,787.0,790.3250122070312,778.7999877929688,780.6500244140625,757.7067260742188,22454058,-0.007658705245482844,-0.007688183736337645,730.8996185302734,723.9635498046875,744.7322686460827,733.9394971935575,0.017896012172858317,6,2,0
2024-06-11,778.0,785.5,776.0999755859375,782.4000244140625,759.4052734375,29545326,0.00224169497884974,0.0022391861293446203,733.5578796386719,725.502958984375,746.9896539986084,735.8258509894051,0.017890770074065043,6,2,1
2024-06-12,787.5,794.1500244140625,783.2000122070312,787.0750122070312,763.94287109375,39280436,0.0059751990339891314,0.005957418325931566,736.3047088623047,726.9866174316406,749.5978412440148,737.9085932193566,0.017783744392673894,6,2,2
2024-06-13,790.875,792.8499755859375,787.0,790.375,767.1458129882812,24120192,0.004192645832201469,0.0041838811821730566,739.7564422607422,728.4653930664062,752.2975292046712,740.0743132022399,0.01772923312244477,6,2,3
2024-06-14,792.0,799.5,788.8499755859375,798.4500122070312,774.9835815429688,25540554,0.010216791152332316,0.010164952525568717,743.0722930908203,729.884521484375,755.7876911028708,742.6601849311828,0.017760162954864395,6,2,4
2024-06-18,798.4500122070312,805.25,794.7249755859375,803.9000244140625,780.2733764648438,32415714,0.006825686437567091,0.006802496903084411,746.559213256836,731.3170434570312,759.5547196200973,745.4463472670095,0.01767352973639936,6,2,1
2024-06-19,806.7000122070312,834.9500122070312,802.0,828.9249877929688,804.5628051757812,90131196,0.031129382910621395,0.030654689800098417,751.389208984375,733.214765625,766.4790404748179,749.8253441491407,0.01842983241018414,6,2,2
2024-06-20,834.9000244140625,840.7249755859375,826.0,834.6749877929688,810.143798828125,41408742,0.006936678673735708,0.006912730601165143,756.4885498046875,734.7903454589843,773.196695606096,754.2933778290655,0.01823915252845223,6,2,3
2024-06-21,836.4249877929688,836.4249877929688,821.5750122070312,832.875,808.396728515625,51630776,-0.0021564940878732175,-0.00215882266956614,760.6900787353516,736.1208056640625,778.6120852844851,758.3010334354774,0.017901624251335086,6,2,4
2024-06-24,823.5,837.5499877929688,822.875,836.2000122070312,811.6240234375,28544994,0.003992216702560114,0.0039842689512015715,764.4560455322265,737.5440588378906,783.6908450003335,762.2508845467383,0.017092688326726016,6,2,0
2024-06-25,835.5499877929688,858.4749755859375,835.5499877929688,855.6749877929688,830.5266723632812,74521548,0.023289908110065705,0.02302283695900594,768.9123596191406,739.3266931152343,790.8963569023255,767.3083503109267,0.017400642917241402,6,2,1
2024-06-26,853.9749755859375,855.4500122070312,845.5499877929688,850.75,825.7463989257812,47596666,-0.005755713328143508,-0.005772341280617175,773.0617156982422,741.1305407714843,796.257901829011,771.6370946527678,0.01748925276214189,6,2,2
2024-06-27,848.0499877929688,856.5,843.2999877929688,848.0750122070312,823.1500244140625,55074650,-0.0031442759121885766,-0.0031492295341226523,777.6199401855469,743.0490734863281,800.3951514574804,775.4528672276786,0.01755691657044033,6,2,3
2024-06-28,848.7999877929688,853.2999877929688,839.5,841.9000244140625,817.156494140625,26476046,-0.007281212531948689,-0.007307849940433618,781.7195526123047,745.0799377441406,802.9738195625796,778.5420247767858,0.017291340417540275,6,2,4
2024-07-01,840.0,853.6500244140625,840.0,852.5999755859375,827.5420532226562,21187024,0.012709388172890135,0.012629301751455444,785.9332122802734,747.1791906738281,806.7535478179759,782.171656513517,0.01725020327997273,7,3,0
2024-07-02,857.5,867.4500122070312,851.375,865.2999877929688,839.8687744140625,45921690,0.014895582820719344,0.014785733133593956,789.7768280029297,749.6643005371094,811.8481980635277,786.4455170987425,0.01732928261188388,7,3,1
2024-07-03,895.5,897.0,882.3250122070312,884.3250122070312,858.3346557617188,123217802,0.02198662685196151,0.021748406423846456,796.704556274414,752.1682690429687,818.9999607863263,791.7706384811852,0.01748251460523077,7,3,2
2024-07-04,879.875,879.875,862.4249877929688,863.5750122070312,838.1945190429688,45848658,-0.02346420080274736,-0.023743868613118297,800.9594665527344,754.45232421875,821.9529697488866,795.2094444487246,0.018296476316769467,7,3,3
2024-07-05,842.5,842.5,821.0999755859375,824.0499877929688,799.8310546875,82242548,-0.04576916632582051,-0.04684967278336652,803.1045104980469,756.0131567382813,818.549598200981,795.5517859478931,0.02027231413183009,7,3,4
2024-07-08,822.6500244140625,827.4749755859375,813.5750122070312,817.6749877929688,793.6434936523438,39087800,-0.007736085013070437,-0.007766163746918072,804.6089569091797,757.4109802246094,814.717889808883,795.4104309630376,0.020220070429948268,7,3,0
2024-07-09,812.5,823.3499755859375,810.1749877929688,818.25,794.2015380859375,48550878,0.0007031424538310738,0.0007028953649948667,806.4336975097656,758.8290600585938,811.5615280053529,795.3208833425117,0.02020720334329677,7,3,1
2024-07-10,814.9749755859375,820.0,810.375,813.0499877929688,789.1544799804688,45507182,-0.0063548833179452036,-0.0063751615450999685,807.9211578369141,760.1552941894531,808.1142898476785,794.8641127231011,0.02027164710090079,7,3,2
2024-07-11,811.9749755859375,812.9249877929688,800.5,810.9500122070312,787.1161499023438,44177074,-0.0025829291093619755,-0.0025862706259277843,809.0798217773438,761.25212890625,804.8838067791655,794.2901895511932,0.02004804706176836,7,3,3
2024-07-12,811.0,819.2000122070312,805.5750122070312,811.3499755859375,787.50439453125,56049960,0.0004932494765281792,0.0004931278689920572,810.0977508544922,762.4467370605469,802.210051048717,793.7875380682344,0.020048957707934408,7,3,4
2024-07-15,811.75,814.9000244140625,807.5999755859375,811.0499877929688,787.2131958007812,33375694,-0.0003697741022030687,-0.0003698424855045009,810.7092315673829,763.5191809082031,799.9028425490345,793.3005497521268,0.01998957327767015,7,3,0
2024-07-16,810.375,813.5,808.4000244140625,809.875,786.07275390625,28950324,-0.0014487077968391437,-0.0014497581885758218,810.9992004394531,764.6899438476562,797.7751366039906,792.765157467247,0.019456082145973108,7,3,1
2024-07-18,804.0,811.9749755859375,799.5750122070312,807.4000244140625,783.6705322265625,33717064,-0.00305597881080355,-0.003060657849175945,809.9545867919921,765.78345703125,795.6051974690017,792.0914815234927,0.01614251183162353,7,3,3
2024-07-19,808.0,811.5,801.75,803.6500244140625,780.0307006835938,26002152,-0.004644594116136158,-0.004655413758284599,808.4489318847657,766.9621655273437,793.2091210404774,791.1980903501669,0.013959887943629892,7,3,4
2024-07-22,808.5,825.5,806.3250122070312,821.2750244140625,797.1376953125,53744822,0.02193118118801518,0.02169415212483127,807.8859802246094,768.7080346679687,793.8135170823269,791.6380610881175,0.014448972831141486,7,3,0
2024-07-23,823.7750244140625,823.9000244140625,802.5,809.2000122070312,785.4176025390625,52002152,-0.014702720549230719,-0.014811876795478839,806.5756591796875,770.5560766601562,792.5218379218247,791.1772863807802,0.014693906185295296,7,3,1
2024-07-24,804.0750122070312,810.5,794.0250244140625,802.0250244140625,778.4534912109375,61728206,-0.00886676247847229,-0.00890630613993786,803.9720001220703,772.1687463378906,790.3574768893806,790.2347830348659,0.014720217076349826,7,3,2
2024-07-25,796.5,812.5,796.5,808.2999877929688,784.5440673828125,25535732,0.00782394355043703,0.007793495218332952,801.9118835449219,773.7348266601563,789.4631061960624,789.8132485421212,0.014771565696980607,7,3,3
2024-07-26,802.5,810.875,798.2249755859375,809.0750122070312,785.2962646484375,43810540,0.0009587699364477231,0.0009583106101209419,800.0191955566406,775.2606262207031,788.8220536502739,789.4786571425891,0.014743923053121184,7,3,4
2024-07-29,807.5,815.9249877929688,799.1500244140625,802.5250244140625,778.9387817382812,51001148,-0.008095648987968107,-0.008128596696779407,798.1083099365235,776.8771789550781,787.3015502791982,788.6979256311589,0.014823368066024556,7,3,0
2024-07-30,801.0,817.375,799.5,807.7750244140625,784.0344848632812,54595834,0.006541853152603805,0.0065205480971536845,795.9329315185547,778.3845373535156,786.7989248305955,788.3524855742791,0.014756321018096333,7,3,1
2024-07-31,807.0,813.9500122070312,804.5999755859375,807.875,784.1315307617188,37820484,0.0001237775892657389,0.00012376992945200568,793.1460693359375,779.8564685058594,786.3885565123068,788.0398222548301,0.014707793881119088,7,3,2
2024-08-01,811.4500122070312,825.0250244140625,808.9749755859375,819.4000244140625,795.3178100585938,26215174,0.014265820028954046,0.014165020743637522,789.9952270507813,781.6035668945312,787.7622878271202,788.5789324625164,0.013780725980641388,8,3,3
2024-08-02,815.5,835.25,815.5,829.5750122070312,805.1937255859375,44119238,0.012417571192849586,0.012341105516932217,788.3451873779297,783.5443017578125,790.4440474823228,789.8096578790661,0.013915543440353116,8,3,4
2024-08-05,820.0499877929688,823.0,800.5,807.875,784.1315307617188,41333634,-0.026157922193062122,-0.02650612626056978,787.5602111816406,784.739609375,789.4728910637683,789.3890558703737,0.01470484106323856,8,3,0
2024-08-06,815.0,816.4749755859375,796.6500244140625,800.5999755859375,777.0703125,45116050,-0.00900514516341333,-0.009045936556054146,786.7315521240234,785.554921875,787.5648020539578,788.4765563614571,0.014746839401372046,8,3,1
2024-08-07,808.5,815.0,801.0999755859375,811.75,787.8926391601562,42346264,0.013927088046046254,0.01383099730364956,786.4161071777344,786.4847668457031,787.6152385318345,788.4333032354349,0.01429984227340114,8,3,2
2024-08-08,812.0,826.6500244140625,809.625,821.3499755859375,797.21044921875,33976950,0.011826243317269558,0.011756859796963346,786.8189056396484,787.5737902832032,789.09142479136,789.0834621971619,0.014485084048077612,8,3,3
2024-08-09,826.0,831.2750244140625,822.9000244140625,825.0999755859375,800.8502197265625,26644618,0.004565633216899512,0.0045552423288821925,787.5056091308594,788.951083984375,790.9004701660066,789.9550738660064,0.01451536166066211,8,3,4
2024-08-12,826.0,837.9749755859375,823.6749877929688,830.0499877929688,805.65478515625,39316196,0.005999330850315454,0.005981406518594093,788.4131286621093,790.3608947753906,793.1703647798902,791.1180154430615,0.014513781335921233,8,3,0
2024-08-13,814.0,816.2000122070312,800.5750122070312,801.5999755859375,778.0409545898438,54055042,-0.03427501589412241,-0.03487618084565813,787.9545166015625,791.0563366699218,790.8427632121907,790.1493442687491,0.015551678960996865,8,3,1
2024-08-14,803.25,806.8499755859375,801.5999755859375,803.9000244140625,780.2733764648438,32334428,0.002869285815650713,0.0028651772722852803,787.6645477294921,791.401875,789.2167037125989,789.4177910980894,0.015255030384315093,8,3,2
2024-08-16,814.25,817.0750122070312,805.5,816.0499877929688,792.0662841796875,27849246,0.015113815324923063,0.01500073953232666,788.0843353271484,792.8475988769532,789.6551007075357,789.6139757708004,0.01492520043124538,8,3,4
2024-08-19,818.8250122070312,818.8250122070312,811.8499755859375,815.7750244140625,791.7993774414062,19502164,-0.00033697525524356564,-0.00033703204416288756,788.6727691650391,793.62166015625,789.9849894358234,789.7758573760304,0.014396448567244629,8,3,0
2024-08-20,813.7249755859375,823.0,813.7249755859375,818.8499755859375,794.783935546875,31134494,0.0037693362618103077,0.003762250115014318,788.5550811767578,794.3787353515625,790.7232888375237,790.1468261294264,0.011782334682761462,8,3,1
2024-08-21,814.0499877929688,817.2750244140625,808.9000244140625,812.9000244140625,789.0089111328125,47630904,-0.0072661564429945535,-0.007292683535837351,788.7346466064453,794.887822265625,790.4595384214142,790.0625361296773,0.011772200412147937,8,3,2
2024-08-22,816.0,819.1500244140625,814.0,815.6500244140625,791.6781005859375,21300638,0.0033829649012362406,0.0033772555482118483,789.3958770751954,795.5672497558594,790.6470095236485,790.1822075708817,0.011788878232159149,8,3,3
2024-08-23,817.0,817.0,811.5,812.5250244140625,788.6448974609375,20333422,-0.0038313591379565137,-0.00383871759565452,789.6009185791015,796.1520422363282,790.3389922832315,790.0683327479229,0.011751197123795768,8,3,4
2024-08-26,816.0999755859375,823.9749755859375,816.0999755859375,819.9749755859375,795.8758544921875,22364266,0.0091688376537149,0.009127059041786421,790.1298980712891,796.7907019042968,791.1908172384556,790.4985195437944,0.011855956615743648,8,3,0
2024-08-27,821.7000122070312,823.7000122070312,816.0999755859375,818.875,794.8082275390625,35773244,-0.0013414491055344646,-0.0013423496538357367,790.9233703613281,797.3439501953125,791.7473419000873,790.8177571730736,0.011860389719569868,8,3,1
2024-08-28,818.875,819.875,815.0999755859375,818.5499877929688,794.49267578125,26921188,-0.00039701621960996913,-0.0003970950514149798,791.4462799072265,797.7341320800781,792.1697009587277,791.0899733662719,0.011860449849265414,8,3,2
2024-08-29,821.0,822.2000122070312,815.5750122070312,819.2750244140625,795.1964721679688,49052604,0.0008858437694554411,0.0008854516414225291,791.9995269775391,798.0325939941406,792.6353580678417,791.3941584626939,0.011855727078196366,8,3,3
2024-08-30,828.0,831.0,810.5750122070312,818.4500122070312,794.3956909179688,445342100,-0.001007023142113317,-0.001007530530580913,791.9534210205078,797.8292517089844,792.9061785063228,791.6164942001216,0.011840706882659396,8,3,4
2024-09-02,823.4000244140625,823.4000244140625,811.5999755859375,813.4749755859375,789.56689453125,34049680,-0.006078578272672663,-0.006097128038585426,791.1720794677734,797.4177136230469,792.3924425101578,791.4646720024274,0.011865149872391751,9,3,0
2024-09-03,817.0,819.9749755859375,812.2999877929688,818.6749877929688,794.6140747070312,37282860,0.006392340168691613,0.00637199581493481,791.6962066650391,797.142060546875,792.7342320789076,791.6979610916572,0.011217640689312101,9,3,1
2024-09-04,819.5,822.4000244140625,816.0,820.9000244140625,796.773681640625,24682744,0.002717806042373372,0.002714119485584977,792.6813751220703,796.8450537109375,793.3556858576333,792.0739403915808,0.010878439444516972,9,3,2
2024-09-05,823.0,824.9500122070312,821.0,822.7249755859375,798.5450439453125,22876318,0.0022231686933233963,0.002220701110362615,793.2139953613281,796.2054211425781,794.1540486403532,792.5532813955609,0.010735374420391713,9,3,3
2024-09-06,819.1500244140625,823.875,817.0499877929688,818.4749755859375,794.419921875,26029602,-0.005165797598507216,-0.005179186460259047,793.0744689941406,795.5788916015625,794.1949522149141,792.6915510607046,0.010708657436481556,9,3,4
2024-09-09,819.0,824.25,815.0499877929688,823.25,799.0546264648438,23792914,0.005834073973000065,0.0058171216654935584,792.9846893310547,795.0969836425782,794.9425944072109,793.1628899795296,0.010753182976259585,9,3,0
2024-09-10,827.0,827.0,819.0,825.1749877929688,800.9229736328125,26606646,0.0023381970469711355,0.0023354677179007344,792.7480987548828,794.7723132324219,795.8626527496111,793.7377109908839,0.010629064856013413,9,3,1
2024-09-11,825.2000122070312,826.25,819.5999755859375,821.9500122070312,797.7928466796875,22226684,-0.003908149792391957,-0.0039158065655133184,793.735693359375,794.1773291015625,796.1596056619306,794.0380914122768,0.010611840058023875,9,3,2
2024-09-12,827.0,835.0,823.5250244140625,833.2999877929688,808.8092651367188,32424046,0.013808620248827896,0.013714149928650412,795.1624877929687,793.5561389160156,798.1057071195903,795.1322524289021,0.010879850499865524,9,3,3
2024-09-13,837.0,837.0,828.5250244140625,832.9749755859375,808.4937744140625,23860532,-0.00039006813627795456,-0.000390144232642579,795.9838623046875,792.5593212890625,799.7038713187399,796.1219947981733,0.010593144122449463,9,3,4
2024-09-16,833.5,838.9000244140625,832.0250244140625,835.4749755859375,810.9202880859375,15172820,0.003001276878889403,0.002996782038698411,796.939907836914,792.0138366699218,801.4294738983087,797.218164671341,0.010368107373095268,9,3,0
2024-09-17,839.0,839.0,832.0750122070312,834.4000244140625,809.876953125,20127122,-0.0012866060650673639,-0.001287434453266453,797.6945587158203,792.2147546386718,802.7290860870305,798.1558527049453,0.00909692361522725,9,3,1
2024-09-18,835.9249877929688,849.4500122070312,835.5499877929688,847.4000244140625,822.494873046875,40917342,0.015580045676305998,0.015459922837628119,799.3688568115234,792.7917822265625,805.769976388545,799.9587431006438,0.009259478859939548,9,3,2
2024-09-19,849.5999755859375,859.5,849.5750122070312,854.25,829.1435546875,30651776,0.008083553902282103,0.008051056989999842,801.2421295166016,793.4906225585937,809.3659115114611,802.1205809959664,0.009057829498701186,9,3,3
2024-09-20,858.25,872.4749755859375,853.7750244140625,870.5999755859375,845.0130004882812,60623386,0.019139563602785792,0.018958706199615753,804.0605346679688,794.60779296875,814.8500790463565,805.2977972546564,0.009429368150573028,9,3,4
2024-09-23,874.5,883.1749877929688,870.125,879.9000244140625,854.0397338867188,26965350,0.010682360381700118,0.010625707073613221,806.9687286376953,795.9462646484375,820.8792567141046,808.9083110792536,0.009552392164127843,9,3,0
2024-09-24,882.5,890.8250122070312,877.125,884.0250244140625,858.0435180664062,33039036,0.004688053753033605,0.00467709905317687,810.1304931640625,797.3570471191406,826.5968353836895,812.5479560412649,0.009537349783776985,9,3,1
2024-09-25,880.0750122070312,894.0,880.0750122070312,889.5499877929688,863.4060668945312,31965312,0.006249739920195951,0.006230291286201133,813.5761627197265,798.8809045410156,832.2597940776652,816.3152235118772,0.006626587566274216,9,3,2
2024-09-26,886.5250244140625,894.0,884.0250244140625,891.7249755859375,865.5171508789062,31899644,0.0024450650340783753,0.0024420807261293954,817.0921966552735,800.4697924804688,837.3763105086254,819.9598107242498,0.006628426344157183,9,3,3
2024-09-27,888.5,889.0999755859375,875.0,876.3250122070312,850.5697631835938,35613502,-0.017269891971677165,-0.017420756016212003,819.9009002685547,801.8077770996093,839.4060724586204,822.2272146101271,0.007274439713650138,9,3,4
2024-09-30,874.4000244140625,875.7249755859375,862.2000122070312,866.0250244140625,840.572509765625,26383534,-0.01175359606077464,-0.011823215628835568,822.4511810302735,803.01861328125,839.5855243520058,823.5861253623863,0.007708437836195863,9,3,0
2024-10-01,862.0,871.0,860.0499877929688,863.0999755859375,837.7334594726562,24572284,-0.0033775197975013382,-0.0033832364932909397,824.6071502685547,803.8305285644532,839.3005912936443,824.634076037221,0.007762856294556798,10,4,1
2024-10-03,857.8250122070312,863.0750122070312,836.6749877929688,841.0,816.282958984375,48473398,-0.025605400197079464,-0.025938924116040256,825.5826141357422,804.4478356933594,835.7594170922182,824.0154747740472,0.009106068041976166,10,4,3
2024-10-04,837.25,845.3250122070312,826.5,828.8250122070312,804.4657592773438,48683232,-0.01447684234610791,-0.014582654285036767,825.8786499023438,804.9680810546874,830.9450081976222,822.5673477002173,0.009530563659576897,10,4,4
2024-10-07,826.0999755859375,829.5,806.5,808.9000244140625,785.12646484375,94458296,-0.024039922408837344,-0.024333597513055694,825.4139770507812,804.9797290039063,823.8960015277956,819.7939489701085,0.010516189350067465,10,4,0
2024-10-08,815.0,828.4000244140625,811.0,825.5250244140625,801.2627563476562,29734406,0.02055247431650087,0.020344122148141783,825.5243835449219,805.2990588378906,820.4139638077743,818.4212680351121,0.011053637127261432,10,4,1
2024-10-09,824.75,828.375,814.3499755859375,816.5750122070312,792.5758666992188,41125642,-0.01084149934540124,-0.010900696646566989,825.1070281982422,805.5718005371094,816.1311796372273,816.506793862083,0.01123638324081465,10,4,2
2024-10-10,819.5,832.7249755859375,816.25,831.2000122070312,806.7709350585938,21754766,0.01791004363846227,0.017751548446303687,825.5559326171875,806.0265295410156,814.6911420097451,815.7856191358985,0.011703321390618473,10,4,3
2024-10-11,832.2249755859375,832.2249755859375,821.625,825.5,801.238525390625,23672594,-0.006857472707004431,-0.006881093219583502,825.1773956298828,806.3686694335937,812.6215086837267,814.7080566362487,0.011781418151073956,10,4,4
2024-10-14,828.0250244140625,846.0250244140625,827.0,844.0499877929688,819.2432861328125,18527508,0.022471162046794557,0.022222405159879,825.7148712158203,806.8471789550781,813.6402436758938,815.04399956192,0.01245102152185824,10,4,0
2024-10-15,847.0,849.0,837.75,842.0499877929688,817.3020629882812,19651130,-0.002369531953926307,-0.002372343737385329,826.0339599609375,807.089345703125,814.2036004931841,815.2112635194283,0.012395551065436118,10,4,1
2024-10-16,840.0499877929688,853.9749755859375,840.0499877929688,849.9000244140625,824.92138671875,20470682,0.00932253089220203,0.009279344299161456,826.786181640625,807.9051428222656,815.8524906817327,815.9305319045632,0.012449094095154784,10,4,2
2024-10-17,847.4749755859375,848.8250122070312,832.5999755859375,836.5750122070312,811.9879760742188,14695732,-0.015678355359382556,-0.015802560706984225,826.2608367919922,808.60349609375,815.2579499728844,815.638490731945,0.012825429048207892,10,4,3
2024-10-18,831.5499877929688,845.5,827.0499877929688,840.9249877929688,816.2101440429688,24809724,0.005199791244647756,0.00518631901183854,825.6141662597656,809.1698461914062,815.4044413682819,815.6808354216505,0.012849028730569124,10,4,4
2024-10-21,857.5,874.0750122070312,855.5250244140625,864.3499755859375,838.9466552734375,46548354,0.02785619781426263,0.027475271853412864,825.3108489990234,810.0045703125,819.0263204306135,817.4042294847459,0.013705395283920157,10,4,0
2024-10-22,865.0250244140625,870.0,855.3499755859375,857.2750244140625,832.0796508789062,38875280,-0.008185269410595719,-0.00821895265848769,824.2128448486328,810.6291589355469,821.0345251149663,818.4912977361652,0.013805633561740778,10,4,1
2024-10-23,852.5250244140625,873.25,852.5250244140625,867.9000244140625,842.3923950195312,38036090,0.012393938644854385,0.012317762555988493,823.430288696289,811.3639111328125,824.3203512541302,820.2617493867849,0.013949443291523889,10,4,2
2024-10-24,869.0499877929688,884.3250122070312,869.0499877929688,874.8250122070312,849.1138305664062,30832258,0.007978984124992206,0.007947320349482733,822.7156768798828,812.7853686523438,828.134732686788,822.3989405852753,0.013951181444719055,10,4,3
2024-10-25,877.5,878.9249877929688,864.3499755859375,871.7000122070312,846.0806884765625,26130478,-0.003572126587339297,-0.00357852186588921,821.7438537597657,814.1015148925782,830.8956489621379,824.1531441327782,0.013811571349404006,10,4,4
2024-10-28,871.0,875.5,864.4500122070312,867.0999755859375,841.6158447265625,22012142,-0.005277089775018173,-0.005291062792856625,821.2961578369141,815.0925061035156,832.5449098489725,825.4466775100955,0.013864510431265227,10,4,0
2024-10-29,863.0750122070312,882.0,862.5499877929688,875.9249877929688,850.1815185546875,35794926,0.01017765276378313,0.010126209211190737,821.7766082763671,816.2601489257812,835.2582342652363,827.278887957843,0.01395413697000328,10,4,1
2024-10-30,871.0,877.375,862.0999755859375,867.2999877929688,841.8099975585938,32715724,-0.009846745445990623,-0.009895545254376937,821.980435180664,817.2006701660156,836.2661978488297,828.3552664467876,0.01410342883037634,10,4,2
2024-10-31,864.0,869.4500122070312,859.7000122070312,867.8499755859375,842.3438110351562,22895912,0.0006341258456310506,0.0006339248727938939,823.2834777832031,818.2673681640625,837.2012152621107,829.3914549348149,0.013846377215676905,10,4,3
2024-11-01,866.5,872.0499877929688,863.0499877929688,868.6500244140625,843.120361328125,1759692,0.0009218923232954257,0.0009214676415547327,825.2162078857422,819.2962133789063,838.1118531184206,830.408410963949,0.013779614287343908,11,4,4
2024-11-04,872.5,872.5,855.4500122070312,857.0499877929688,831.8612060546875,28089248,-0.013354149407211025,-0.013444117926866709,827.552944946289,820.1605395507812,837.1502151086155,830.5160254151148,0.013551247398941813,11,4,0
2024-11-05,851.5,881.3499755859375,848.9500122070312,878.9249877929688,853.0933227539062,44232406,0.025523628875443682,0.025203339586590403,830.1444732666016,821.3048889160157,839.6030009001987,832.1884178105809,0.014225204903094845,11,4,1
2024-11-06,885.75,885.75,872.6749877929688,877.625,851.8316040039062,27787910,-0.0014789926451739266,-0.0014800874343861086,833.1072601318359,822.4453564453125,841.4843244546153,833.6434686397162,0.014200567276523555,11,4,2
2024-11-07,872.1500244140625,880.4749755859375,869.0,873.2750244140625,847.6094360351562,18895456,-0.004956575864178192,-0.00496890042828422,835.1491851806641,823.5076916503906,842.4266493131599,834.6779847430821,0.014173921949894312,11,4,3
2024-11-08,876.0,880.9000244140625,872.9249877929688,877.2249755859375,851.4432983398438,19902986,0.004523147267709859,0.004512948578990525,837.659423828125,824.6326281738282,843.813826086496,835.9198598243238,0.014193968088794553,11,4,4
2024-11-11,877.2750244140625,891.4000244140625,875.5999755859375,883.1500244140625,857.1942138671875,24565362,0.006754314161092179,0.00673160597599576,839.5569702148438,825.8885986328125,845.8723472835254,837.495737901573,0.013886620227586044,11,4,0
2024-11-12,886.0,887.5,854.3250122070312,859.0999755859375,833.8509521484375,31395406,-0.027232173690765027,-0.02760984160125995,840.3844146728516,826.7742797851563,844.0229018781272,837.2257537717111,0.014620075741801481,11,4,1
2024-11-13,858.375,864.7000122070312,836.5,840.6749877929688,815.967529296875,35728500,-0.02144678590998239,-0.021680110293077856,839.9367218017578,827.2013488769531,839.7066907117807,835.6510704772788,0.015120649307316441,11,4,2
2024-11-14,836.5499877929688,852.4249877929688,836.0499877929688,846.375,821.5,27146470,0.006780258410395756,0.00675737583329886,840.4123229980469,827.6958752441407,836.9056613715067,834.6028430345175,0.014426289867627395,11,4,3
2024-11-18,850.0,859.4500122070312,847.5,852.5499877929688,827.4934692382812,27081968,0.007295762919392823,0.00726927758357515,840.9764892578125,828.27484375,835.4576318125489,834.0762227533148,0.014202525587704202,11,4,0
2024-11-19,857.0,876.875,851.3499755859375,871.125,845.5225830078125,50981272,0.021787620615456138,0.021553662569547556,841.3052856445313,829.2968969726562,837.0060858425895,834.924101290685,0.013872847035564476,11,4,1
2024-11-21,874.7000122070312,879.5,867.0999755859375,870.5999755859375,845.0130004882812,35716512,-0.0006026835116792473,-0.0006028651983902632,841.951953125,830.216064453125,838.2379188650036,835.6714271571736,0.013458543582568953,11,4,3
2024-11-22,871.7750244140625,877.1500244140625,864.7750244140625,872.7999877929688,847.1483764648438,24773612,0.002527033282716973,0.002523845703061571,842.1897521972656,831.1405725097657,839.6087584957484,836.5215715503343,0.013243047486062571,11,4,4
2024-11-25,892.5250244140625,901.7750244140624,882.4500122070312,892.7999877929688,866.560546875,427737274,0.022914723027816386,0.0226561237957724,843.0620880126953,832.5159265136718,843.7551874771717,838.7466808336429,0.013475856534460507,11,4,0
2024-11-26,905.0,905.0,884.9000244140625,892.7750244140625,866.5363159179688,30935566,-2.79622204341079e-05,-2.796261138428161e-05,844.0848693847656,833.6704675292968,847.2599764680637,840.8051723213707,0.013370061998560789,11,4,1
2024-11-27,894.9500122070312,908.6749877929688,892.5750122070312,906.1500244140624,879.5182495117188,32714976,0.014981407420873616,0.014870294514030312,845.9799896240235,835.09095703125,852.2227877055491,843.6728076688039,0.013054368477516759,11,4,2
2024-11-28,909.5,918.0499877929688,894.0,896.5750122070312,870.224609375,35722392,-0.010566739396116298,-0.010622963810080975,846.982144165039,836.2770434570313,854.9922987316185,845.6396077951888,0.013243178750060482,11,4,3
2024-11-29,900.6500244140625,902.2999877929688,891.4500122070312,898.0250244140625,871.632080078125,27669536,0.0016173648595572132,0.0016160583335758463,848.4732482910156,837.5121459960938,857.5522650926196,847.5649761124433,0.01317438280125491,11,4,4
2024-12-02,901.75,904.0750122070312,887.5,902.3499755859376,875.8298950195312,15110876,0.00481603997529545,0.0048044799555938865,850.1475524902344,838.5788464355469,860.3642081582983,849.6586738092647,0.012754976196268603,12,4,0
2024-12-03,911.3499755859376,918.7000122070312,908.0499877929688,913.1500244140624,886.3125610351562,43410242,0.011968837870499183,0.011897777773087594,852.307162475586,839.7222265625,864.3562624470458,852.3737765667381,0.012861892862114567,12,4,1
2024-12-04,919.0,932.5,915.5750122070312,930.0499877929688,902.7157592773438,44669084,0.018507238826706462,0.018338064000366246,855.8498901367187,840.8762817382812,870.2577234978608,856.1028123230793,0.01233718191504814,12,4,2
2024-12-05,930.0,939.9749755859376,917.5999755859376,932.875,905.4577026367188,39682714,0.0030374382314650727,0.0030328345358981946,858.4681091308594,841.9046411132813,875.673104903839,859.7587301240897,0.012170448561301976,12,4,3
2024-12-06,928.5,932.0999755859376,922.0,927.9249877929688,900.6531982421875,17783156,-0.005306161050417257,-0.005320288720921436,860.9091888427735,842.7568347167969,879.5161961866619,862.7879499846895,0.012122901511535862,12,4,4
2024-12-09,926.8250122070312,940.0,924.5,935.0,907.520263671875,26947912,0.007624538993577179,0.007595619103674054,863.9047302246094,843.6391186523438,883.82451426131,866.1014547022588,0.012117350101902066,12,4,0
2024-12-10,938.8499755859376,938.8499755859376,929.2750244140624,934.0499877929688,906.59814453125,13325480,-0.0010160865575541411,-0.0010166031234471137,866.6624725341796,844.4607385253906,887.3281496874547,869.1012095044064,0.012083643405544181,12,4,1
2024-12-11,930.8499755859376,935.9500122070312,928.375,931.5499877929688,904.1716918945312,14045426,-0.0026764367998716176,-0.0026800248604182827,869.0113464355469,845.5327770996093,889.9194638731587,871.699023014786,0.012036081439306363,12,4,2
2024-12-12,925.5,934.3250122070312,924.3499755859376,929.625,902.30322265625,17293790,-0.0020664982713252122,-0.0020686364250463796,872.4339599609375,846.7673913574218,891.8246575320959,873.9660007660055,0.011972881288669718,12,4,3
2024-12-13,931.25,937.5,914.625,935.875,908.3695678710938,19009002,0.006723178043169797,0.006700678272015541,877.0540618896484,848.1801135253907,894.3700283534802,876.5144131441602,0.011785655959479056,12,4,4
2024-12-16,932.5499877929688,934.9749755859376,927.625,932.5999755859376,905.1907958984376,13107082,-0.003499425878066398,-0.003505563191035545,881.2386016845703,849.9582702636719,896.0347618219351,878.6385896444772,0.011833579960675602,12,4,0
2024-12-17,928.1749877929688,931.1749877929688,913.25,916.625,889.6853637695312,21079532,-0.01712946287032957,-0.01727786930935988,884.3481964111328,851.6626623535157,895.0579313523345,879.456869209296,0.012362099802094958,12,4,1
2024-12-18,914.9249877929688,918.0,903.5750122070312,905.3499755859376,878.74169921875,23422312,-0.012300600860076782,-0.01237687941093236,886.0091522216796,853.5349670410156,892.5477417933215,879.4038936544407,0.012318787850670202,12,4,2
2024-12-19,899.7999877929688,900.5499877929688,889.5,896.75,870.3944702148438,25380770,-0.009499070103680562,-0.009544474028909587,887.2782257080078,854.9176013183594,889.1395461658634,878.7365289552113,0.011644115662911294,12,4,3
2024-12-20,891.0999755859375,898.7750244140625,883.5250244140625,885.75,859.7177734375,25692348,-0.012266503456425215,-0.012342357961249651,887.9066955566407,856.260439453125,884.6131195922691,877.3277322501956,0.01187904284622607,12,4,4
2024-12-23,891.0,903.0,890.6500244140625,900.5,874.0343017578125,11044592,0.01665259084160753,0.016515456781537985,888.2803833007813,857.6057067871094,882.9856091561988,877.083774435945,0.012195511465598882,12,4,0
2024-12-24,901.0250244140624,904.3499755859376,894.7750244140625,899.0499877929688,872.6268310546875,14485834,-0.001610315179043198,-0.0016116131301251585,888.5849090576172,859.0334729003906,881.3919509867355,876.7536304817778,0.012187482609545724,12,4,1
2024-12-26,899.2750244140625,906.0,890.375,895.375,869.0598754882812,10481678,-0.004087607026814766,-0.004095984128410219,888.0619903564453,860.0298046875,879.494708602358,876.1837227044819,0.012168366764208105,12,4,3
2024-12-27,897.4000244140625,902.9749755859376,894.5499877929688,899.125,872.6996459960938,7259330,0.0041881700104582364,0.004179424037683392,888.1857421875,861.1377563476562,878.4493143552404,875.9256429483049,0.010991756052450754,12,4,4
2024-12-30,896.0999755859375,907.5,885.5,888.9500122070312,862.82373046875,22222218,-0.0113165114397078,-0.011381030369917696,887.7453247070313,861.8958032226562,876.0453783727035,874.9551309127824,0.010399706298032522,12,4,0
2024-12-31,885.1500244140625,890.9000244140625,882.7999877929688,886.4249877929688,860.3729248046875,14117236,-0.002840447680699576,-0.0028444894075698216,886.9724761962891,862.8635021972656,873.6342316699318,873.874967497368,0.010392837731844807,12,4,1
2025-01-01,886.7249755859375,897.0,880.5499877929688,891.375,865.1774291992188,7313806,0.005584211515746951,0.005568677609534686,885.9157196044922,863.8428479003907,872.3331851359759,873.2307054012088,0.010365121095485538,1,1,2
2025-01-02,888.5499877929688,901.7249755859376,886.5,896.875,870.5158081054688,18558576,0.00617027065903808,0.006151312483782739,884.3057220458984,864.4742309570313,872.053588669744,873.0296018978206,0.00968271484741733,1,1,3
2025-01-03,895.5,897.625,873.1500244140625,874.5999755859375,848.8954467773438,24426194,-0.024836265035988347,-0.02514988878708523,881.4776092529297,864.810546875,868.4907976093748,871.2418867037112,0.01077204416528048,1,1,4
2025-01-06,870.0499877929688,878.5999755859375,852.9000244140625,855.25,830.1141357421875,18816348,-0.022124410145508033,-0.022372825776775702,877.9506561279297,864.5649816894531,862.5866957836537,868.1953866324873,0.011504448302428728,1,1,0
2025-01-07,857.5,860.5,850.0,856.7000122070312,831.5215454101562,13527906,0.00169544115365583,0.0016940055157670562,874.1507202148438,864.2131359863281,857.8074418800387,865.4788058012035,0.010626888364637514,1,1,1
2025-01-08,854.125,855.8250122070312,841.6749877929688,847.1500244140625,822.252197265625,19738190,-0.011147453960389075,-0.01121005246936604,869.9334228515625,863.7365661621094,852.337404247052,862.2768347985681,0.010773174199194038,1,1,2
2025-01-09,842.0750122070312,844.5,829.0499877929688,833.9000244140625,809.3916625976562,40420222,-0.015640620615835488,-0.015764225656164723,865.1944213867188,863.0920825195312,845.7303670702217,858.3594146355375,0.010588146796238302,1,1,3
2025-01-10,835.5,837.4500122070312,827.0,828.375,804.0289916992188,17453280,-0.006625557373826418,-0.006647603813005651,860.2807098388672,862.1690319824219,839.3147708592982,854.3349388624769,0.010511494689609057,1,1,4
2025-01-13,820.0,823.375,812.1500244140625,815.4249877929688,791.4596557617188,21669066,-0.015632938696571452,-0.01575642170828724,854.4352142333985,861.1620251464843,831.9524454596706,849.6775104846429,0.010743228187919522,1,1,0
2025-01-14,819.9500122070312,828.0999755859375,818.5,823.2999877929688,799.1030883789062,26661432,0.00965738753901646,0.009611053046561971,849.1308288574219,860.2972106933594,826.8986982164761,845.931256995329,0.01090227995542125,1,1,1
2025-01-15,828.25,831.3499755859375,818.1500244140625,821.5250244140625,797.3803100585938,14022892,-0.002155889953832313,-0.002158217230081449,844.515576171875,859.3824096679688,822.357407730648,842.3348905555708,0.010532550058985185,1,1,2
2025-01-16,826.4249877929688,830.2750244140625,821.4249877929688,826.0250244140625,801.7481079101562,21212454,0.005477684608542033,0.005462736656141009,840.6658966064454,858.7801477050781,819.1867462198031,839.3284622114661,0.009841235667273157,1,1,3
2025-01-17,821.75,825.25,814.25,818.375,794.3228759765625,23112076,-0.009261302721310316,-0.009304455224267835,836.8623168945312,857.6047387695312,815.3615354131507,835.9947150829547,0.009798395335673218,1,1,4
2025-01-20,813.0,830.4749755859375,813.0,825.625,801.3598022460938,17557618,0.008859025066953796,0.008820014134311827,833.9444183349609,856.595302734375,813.2074226182189,833.429165983928,0.010085767422759968,1,1,0
2025-01-21,829.125,830.5250244140625,816.5250244140625,821.2000122070312,797.0648803710938,31158144,-0.005359542446429111,-0.005373956318286544,830.095947265625,855.5844116210938,810.7239545801996,830.7355151977921,0.009852879880113264,1,1,1
2025-01-22,821.2000122070312,835.9500122070312,812.7249755859375,833.0250244140625,808.5423583984375,30619306,0.014399678507978075,0.014296987772519152,826.8917236328125,854.7263928222657,810.3883243983901,829.0915776570992,0.010414396539818174,1,1,2
2025-01-23,843.5,843.5,825.625,832.4500122070312,807.9842529296875,34909158,-0.0006902612620759419,-0.0006904996020651222,823.8379425048828,853.7421936035156,810.0184672493589,827.5280721217352,0.010427798354555297,1,1,3
2025-01-24,830.0,835.1500244140625,822.25,824.9000244140625,800.6561279296875,24236200,-0.009069638391378088,-0.009111017950097052,820.2357666015625,853.0782971191406,808.5781073540248,825.5375577371391,0.010468521359897802,1,1,4
2025-01-27,820.5499877929688,821.7999877929688,813.0,814.9000244140625,790.9500732421875,22804166,-0.012122625867608927,-0.012196704187820652,816.6420837402344,852.5779479980469,805.8661021060499,822.9755218486241,0.01037265466874847,1,1,0
2025-01-28,823.5,842.1500244140625,823.5,835.2000122070312,810.6534423828125,30179312,0.02491101500232351,0.02460579418988373,814.1561096191406,852.3610168457031,806.6026159947826,822.062775221527,0.011685785894803609,1,1,1
2025-01-29,837.5,840.5750122070312,834.4249877929688,838.6500244140625,814.0020141601562,12619890,0.004130706911576132,0.004122198962962336,811.5973388671875,852.0911877441406,807.7409849433016,821.4656818095735,0.011480107856814123,1,1,2
2025-01-30,840.5,848.9500122070312,836.2750244140625,845.75,820.8933715820312,25744846,0.008466020110509342,0.00843038434970588,809.1162170410156,851.598603515625,809.7644290415677,821.4232884593853,0.011519461099619217,1,1,3
2025-01-31,843.625,852.3499755859375,841.9749755859375,849.375,824.4118041992188,15821686,0.004286101872654546,0.004276942700127697,807.8920349121094,851.1865795898437,812.017871373514,821.6446599956693,0.011493307421881897,1,1,4
2025-02-01,848.75,856.5,838.0250244140625,845.4749755859375,820.6264038085938,5587528,-0.004591637785077429,-0.004602211734096874,807.4176483154297,850.6561401367187,813.3422609789109,821.5692336114414,0.011335334641372354,2,1,5
2025-02-03,835.0,843.4000244140625,831.7249755859375,839.0,814.3417358398438,20276540,-0.0076583789402612235,-0.007687854912807175,806.5586578369141,849.6117639160157,813.4960263421314,821.0338634061379,0.010852466510086816,2,1,0
2025-02-04,844.3499755859375,862.9000244140625,840.0250244140625,860.4500122070312,835.1613159179688,28616502,0.025566146449135907,0.02524479810704116,807.2041137695312,848.9842639160156,816.8291478153371,822.0803413699773,0.011986823571988865,2,1,1
2025-02-05,866.5,872.0999755859375,859.4500122070312,868.9000244140625,843.363037109375,23675506,0.00982052333493355,0.00977261539432872,808.9026824951172,848.2611596679687,820.9112846298045,823.6568373506734,0.012146873177519737,2,1,2
2025-02-06,867.75,874.5,862.0,871.9249877929688,846.299072265625,26760716,0.003481341992783049,0.00347529614944997,811.0161865234375,847.7826489257812,824.8170981122385,825.3340399369661,0.012137287609826172,2,1,3
2025-02-07,875.0,883.5,862.5,866.375,840.9122314453125,23509600,-0.006365173963728266,-0.0063855180586056375,813.4888153076172,847.168251953125,827.2932724711729,826.4879800486955,0.012024634979833344,2,1,4
2025-02-10,858.6500244140625,861.7249755859375,854.25,857.875,832.6619873046875,17195950,-0.009811064498901345,-0.009859510121385959,815.1667602539062,846.3048937988282,828.119228599406,826.9453139195097,0.012132540919607738,2,1,0
2025-02-11,851.5,855.5,844.3499755859375,850.7000122070312,825.6978759765625,22724704,-0.008363671494921565,-0.00839884324261775,816.5826385498046,845.0926000976563,827.7467128112763,826.8529111089209,0.012137998104399821,2,1,1
2025-02-12,846.5,856.0,840.5999755859375,853.4000244140625,828.3185424804688,22809570,0.0031738806410355203,0.00316885451395065,817.9111602783203,843.6046557617187,827.8346866065367,826.9614763957022,0.0120850500996765,2,1,2
2025-02-13,849.5,857.125,846.7750244140625,848.8499755859375,823.9022216796875,12602434,-0.005331669610529555,-0.005345933684424658,819.3901275634765,841.9735461425781,827.2296920024061,826.7348649352566,0.011289476015384298,2,1,3
2025-02-14,850.9500122070312,850.9500122070312,840.0,847.4249877929688,822.5191040039062,19959892,-0.0016787400730168267,-0.0016801507361120396,820.4480926513672,840.4108642578125,826.504986156483,826.4225863477492,0.010559702436875878,2,1,4
2025-02-17,842.5999755859375,860.0,840.625,858.6749877929688,833.4384765625,12938946,0.01327552455066372,0.013188176981921183,822.2667724609375,838.929228515625,827.571676988178,826.9422819192122,0.010841268499754426,2,1,0
2025-02-18,856.5250244140625,865.7750244140625,853.0750122070312,861.5250244140625,836.2047119140625,16350910,0.003319063649391163,0.003313567715182815,823.6498901367188,837.5213598632813,828.8998362075448,827.6283878447567,0.010642105346474721,2,1,1
2025-02-19,858.5,868.9500122070312,856.2249755859375,863.5999755859375,838.2186889648438,11884112,0.0024084736932075135,0.002405577969027095,825.1616119384765,836.2022998046875,830.3335058625139,828.4128545943928,0.010192072000974038,2,1,2
2025-02-20,855.5,857.3499755859375,842.6500244140625,843.5499877929688,818.7579956054688,26390510,-0.023216725677409955,-0.02349047926161253,826.0667053222656,834.5313952636719,828.5526581306608,827.6976798544725,0.011046613237918447,2,1,3
2025-02-21,840.4500122070312,847.4749755859375,838.625,846.25,821.3786010742188,15680940,0.00320070824690033,0.003195596884009551,827.5881317138671,832.7915759277344,827.4489570450543,827.229599944824,0.0106152447851376,2,1,4
2025-02-24,840.5499877929688,842.0999755859375,830.5499877929688,838.5499877929688,813.9049682617188,20693646,-0.009098889114868336,-0.00914053683088823,827.7507080078125,830.965859375,825.3652664630026,826.2425901905199,0.010657811935761829,2,1,0
2025-02-25,835.5499877929688,844.0,835.5499877929688,841.1749877929688,816.4527587890625,24138708,0.0031303292481248413,0.00312543996823734,827.8732452392578,829.5012072753906,823.9941114362425,825.5174174941156,0.01065323457248146,2,1,1
2025-02-27,841.2750244140625,855.375,841.2750244140625,850.3499755859375,825.3580932617188,35786800,0.010907348131034889,0.010848292051481152,828.0964813232422,828.43353515625,824.2039547940082,825.5056156991233,0.010780058239732198,2,1,3
2025-02-28,842.5,868.625,842.5,866.2000122070312,840.7423095703125,54516728,0.01863944442320431,0.018467858872547507,828.9130065917968,827.8404919433593,826.7483170672857,826.6342596895818,0.011061979685929283,2,1,4
2025-03-03,869.9000244140625,871.5250244140625,847.0499877929688,850.7750244140625,825.7706909179688,21205364,-0.017807618912381695,-0.017968082393824178,829.1702209472656,827.1615502929687,826.5979130443138,826.5702916324252,0.011548679895705318,3,1,0
2025-03-04,849.0,857.1500244140625,846.625,855.0,829.8715209960938,19920958,0.004966063972997592,0.004953773749867472,829.9467102050781,826.2782946777344,827.1015450368953,826.8148271408451,0.011504388021230168,3,1,1
2025-03-05,850.9749755859375,855.4000244140625,844.125,845.0,820.1654052734375,21583872,-0.011695925787411077,-0.011764861163298362,829.1969146728516,825.2290661621093,826.034446611748,826.322277372889,0.011474815429574453,3,1,2
2025-03-06,843.5,849.9500122070312,836.125,845.5999755859375,820.7477416992188,32966088,0.0007100231514729494,0.0007097712042869719,828.0661499023438,824.2628234863281,825.2211073944358,825.909348804469,0.011472488974422893,3,1,3
2025-03-07,841.0,850.5750122070312,838.7999877929688,844.625,819.8014526367188,13372914,-0.0011529596908068651,-0.0011536248601559627,826.7412689208984,823.2048596191406,824.387314354787,825.4569120513023,0.011332932012427577,3,1,4
2025-03-10,844.5,849.9500122070312,841.5250244140625,843.75,818.9521484375,15604050,-0.0010359876729750805,-0.00103652467912423,825.6432647705078,822.3274279785156,823.5511349828967,824.9750777095393,0.011073107606821944,3,1,0
2025-03-11,841.2000122070312,847.0,835.0250244140625,842.75,817.9815063476562,19898430,-0.0011852244257440914,-0.0011859273596916643,824.9092407226562,821.479599609375,822.6942690390135,824.4570353864369,0.010132894101370324,3,1,1
2025-03-12,845.7750244140625,859.25,845.7750244140625,855.5750122070312,830.4296264648438,18784106,0.015218094810931948,0.01510346114703408,825.1458282470703,820.7846435546875,823.8843240276028,824.899449540393,0.010472078499913835,3,1,2
2025-03-13,858.0250244140625,860.4000244140625,850.0250244140625,853.2999877929688,828.221435546875,15736264,-0.002659094578994048,-0.0026626362508041603,825.1409729003906,819.9387561035156,824.5515719536446,825.1455225779102,0.010384906208767346,3,1,3
2025-03-17,852.5,862.0,852.5,855.2000122070312,830.065673828125,18950652,0.002226745411427533,0.002224269888089584,825.4491455078125,819.5621606445312,825.3998953189493,825.5099782260743,0.010364766444268548,3,1,0
2025-03-18,855.2000122070312,855.2000122070312,855.2000122070312,855.2000122070312,830.065673828125,0,0.0,0.0,825.8264739990234,819.56119140625,826.1177073972841,825.8474371595595,0.010324174283371453,3,1,1
2025-03-19,867.5,875.5,866.0999755859375,872.0499877929688,846.42041015625,15221406,0.01970294260296268,0.019511352137495618,826.4755706787109,819.8591687011718,829.2412001294327,827.3713610852402,0.010783108965772743,3,1,2
2025-03-20,877.0,887.0,874.6500244140625,884.375,858.3831787109375,17833978,0.01413336494624362,0.014034420136143871,827.5844940185547,820.5817883300781,833.7245814496642,829.6685327612178,0.010076439711236673,3,1,3
2025-03-21,877.7750244140625,887.0499877929688,877.7750244140625,885.1749877929688,859.15966796875,33508264,0.000904595147098064,0.0009041862474818131,828.63154296875,821.5771484375,837.6376716833697,831.853061295109,0.009936722101106063,3,1,4
2025-03-24,889.5,902.2000122070312,886.8250122070312,900.0,873.5489501953125,17393736,0.016748088583559806,0.016609385875777774,831.3710906982421,822.9675476074219,843.16248376213,834.9416456580869,0.010352814096255348,3,1,0
2025-03-25,902.4500122070312,921.8499755859376,900.75,910.7249755859376,883.958740234375,39101416,0.011916664815102784,0.01184622045392233,834.50009765625,824.817529296875,849.4388309117062,838.5725415526268,0.010435439181036005,3,1,1
2025-03-26,912.5,913.75,901.0,903.2750244140624,876.7277221679688,24478442,-0.008180266495797062,-0.008213908468250802,837.6412353515625,826.3700219726562,853.6371218742081,841.3988512278373,0.010377396899718071,3,1,2
2025-03-27,900.0,920.5,899.0499877929688,912.6749877929688,885.8514404296875,41658100,0.010406558422902057,0.010352782950439886,841.1111694335938,828.1394445800781,858.5931708827434,844.6916356131596,0.010310828070864198,3,1,3
2025-03-28,914.5,918.0,902.9249877929688,914.0999755859376,887.2344970703125,28773648,0.001561273795473106,0.0015600562746317399,844.2049896240235,829.8491723632812,862.999528757754,847.8429586840599,0.010310848059839553,3,1,4
2025-04-01,901.0,904.9500122070312,882.6749877929688,883.9249877929688,857.9463500976562,28511006,-0.03301060437727232,-0.03356774985295643,845.0651916503906,831.1216418457032,862.2221166562006,848.5913580480301,0.012103876929752955,4,2,1
2025-04-02,885.3499755859375,899.5999755859375,885.3499755859375,898.4500122070312,872.0444946289062,11573564,0.01643243138646744,0.016298880048549836,847.3788818359375,832.5353356933593,863.7332517289245,850.3286274243914,0.012392133257937088,4,2,2
2025-04-03,890.5499877929688,902.0,888.5,897.4249877929688,871.0496826171875,11250038,-0.0011407812535323414,-0.0011414324397543453,849.4377899169922,834.0150317382812,864.858856480965,851.8635204016355,0.012219145689283168,4,2,3
2025-04-04,906.5,920.9749755859376,905.5499877929688,908.6500244140624,881.9447631835938,33540454,0.01250798982403678,0.01243041115165578,852.5267578125,835.4830798339843,867.4874575121386,854.0917606077065,0.012379271551291343,4,2,4
2025-04-07,881.4000244140625,889.9249877929688,869.0999755859375,878.8499755859375,853.0205078125,37995450,-0.03279599423742208,-0.03334583808283329,854.1403961181641,836.3838049316406,865.2617729429635,854.0124085488023,0.013899829755639451,4,2,0
2025-04-08,882.5,891.0,875.1500244140625,884.5750122070312,858.5773315429688,35563872,0.006514290898725017,0.006493164604684329,856.0791900634765,837.5422290039063,864.2333973429643,854.3505509928146,0.013178623442085514,4,2,1
2025-04-09,882.5,887.5,876.75,882.5,856.5632934570312,22454608,-0.002345785303134007,-0.002348540967786781,857.9597473144531,838.8544934082031,863.0533813605131,854.5144578420159,0.013195286403102914,4,2,2
2025-04-11,887.375,909.7000122070312,887.375,903.375,876.8247680664062,32775766,0.023654381134639912,0.023378951221950033,860.9019104003906,840.177919921875,865.1720562383427,856.1670734141929,0.013637078312382775,4,2,4
2025-04-15,932.5,938.4000244140624,927.5,932.4500122070312,905.0452270507812,49298344,0.03218483328956068,0.03167775304728625,864.6326904296875,841.9987841796875,871.3063902094871,859.7876773872736,0.014670381586889509,4,2,1
2025-04-16,941.9000244140624,941.9000244140624,930.25,939.0,911.4027099609376,19136820,0.0070244919481794454,0.00699993513696289,868.7917541503906,843.8089709472656,877.4750547866333,863.6110131334709,0.014620222678234202,4,2,2
2025-04-17,941.0,959.8499755859376,938.3499755859376,953.3499755859376,925.3309326171876,35703084,0.015282182622484042,0.015166586291399373,873.5550170898438,845.827353515625,884.8374975297954,868.1828590211536,0.014512117706699537,4,2,3
2025-04-21,962.0,975.3499755859376,955.0,963.5499877929688,935.2311401367188,34247298,0.010699099284976477,0.010642268918678826,878.8132904052734,848.1194482421874,892.5903656231683,873.1493983630473,0.014006662785279936,4,2,0
2025-04-22,967.5,985.2999877929688,967.5,980.8499755859376,952.0227661132812,45961750,0.017954519750174036,0.017795241049946058,884.093408203125,850.8730688476562,901.7338118524165,878.9918700482499,0.01422844410445439,4,2,1
2025-04-23,989.4500122070312,989.4500122070312,960.25,961.9500122070312,933.67822265625,30570642,-0.019269017622261853,-0.019457084977510655,887.8581604003906,852.8434069824219,906.6483365914678,883.0427109821759,0.01459165284994137,4,2,2
2025-04-24,955.0,961.9500122070312,952.5499877929688,958.4000244140624,930.2325439453124,25931754,-0.003690434913577456,-0.003697261368737384,891.4118041992188,854.5807971191406,910.276676184367,886.5382541646304,0.014652365666791902,4,2,3
2025-04-25,962.4000244140624,966.5,945.9000244140624,955.5999755859376,927.5148315429688,18500878,-0.002921540877098616,-0.002925816908077238,894.1100982666015,856.2051123046875,912.9287000856904,889.5735561926555,0.014678541671171344,4,2,4
2025-04-28,955.5999755859376,964.8499755859376,954.2000122070312,960.0999755859376,931.882568359375,13920492,0.004709074904107213,0.004698021896923962,896.5062896728516,858.0245190429688,915.8446798201034,892.707557093894,0.014644936153993596,4,2,0
2025-04-29,959.4000244140624,964.4000244140624,950.0999755859376,954.4000244140624,926.35009765625,18918308,-0.005936875407880238,-0.005954568716084895,898.9874084472656,859.89828125,917.4608979487413,895.19959713555,0.014733071865727723,4,2,1
2025-04-30,956.5,968.4500122070312,955.1500244140624,962.5,934.2120361328124,31936870,0.008487005611003573,0.008451193461497149,901.4054382324218,862.068564453125,920.037996130906,898.0894074316435,0.014611202937767053,4,2,2
2025-05-02,964.9000244140624,970.9500122070312,960.0,960.9500122070312,932.7075805664062,17840404,-0.0016104005388689613,-0.0016116986276325047,903.6790924072266,864.1563452148438,921.9871629671368,900.653716552737,0.014595877746290781,5,2,4
2025-05-05,969.5,976.0,966.1500244140624,968.4000244140624,939.9386596679688,15068024,0.0077527826000634015,0.007722884212083537,907.7787078857422,866.4770739746094,924.7489316903417,903.5637123390504,0.014606657876518306,5,2,0
2025-05-06,965.0,970.0499877929688,962.1500244140624,965.8499755859376,937.4635620117188,17490156,-0.002633254447821476,-0.0026367275607147526,911.0496612548828,868.7759631347657,926.7050286628612,906.0748123148037,0.014640985730189982,5,2,1
2025-05-07,967.0,974.3499755859376,961.2000122070312,972.7999877929688,944.2093505859376,21420778,0.007195787492521699,0.007170021345014349,914.7076446533204,870.9913806152343,929.3980012664114,908.8995929274803,0.014358723813120748,5,2,2
2025-05-08,977.4000244140624,977.4000244140624,959.5499877929688,964.25,935.91064453125,34803430,-0.008789053031023064,-0.008827904570627125,917.4059387207031,872.9854992675781,930.3999463840789,910.9004115647965,0.01439703897607885,5,2,3
2025-05-09,955.0499877929688,959.5,943.4000244140624,944.8499755859376,917.0807495117188,17188796,-0.020119329905647354,-0.0203244799413487,920.6089508056641,874.5627404785156,928.3508391729466,911.3582143756796,0.01500092253270298,5,2,4
2025-05-12,958.7999877929688,979.9500122070312,956.1500244140624,978.5999755859376,949.8388671875,18618972,0.03571999269772341,0.03509682998699442,925.1720275878906,877.1843579101562,931.6566896367241,914.2086331024811,0.015998356004534264,5,2,0
2025-05-13,975.0,980.8499755859376,960.0,961.2999877929688,933.0473022460938,24242102,-0.017678330000462705,-0.017836458074788026,928.9962280273437,879.4177319335937,931.8706300381655,915.604090076082,0.016333328881176834,5,2,1
2025-05-14,961.0499877929688,965.0999755859376,951.5,955.2999877929688,927.2236938476562,15445308,-0.006241493206634363,-0.00626105275502381,931.5161743164062,881.6841064453125,931.1557167780871,916.4648014665689,0.01629572976737478,5,2,2
2025-05-15,956.75,972.4000244140624,948.5,966.9000244140624,938.4827270507812,32241458,0.012142736728829595,0.012069605117924247,933.1880493164062,884.1247058105469,932.2829491277324,918.0957589172513,0.016329673637570975,5,2,3
2025-05-16,966.9000244140624,971.9000244140624,964.2000122070312,967.3499755859376,938.9194946289062,15868010,0.0004653975673025723,0.00046528930344393526,934.5638885498047,886.3959338378907,933.3039561279129,919.6382578588554,0.01633204096341255,5,2,4
2025-05-19,968.5,972.5,965.5,969.3499755859376,940.8607177734376,10202964,0.002067507550579384,0.0020653731981970084,935.3403778076172,888.3983020019531,934.466534842609,921.2102919266022,0.014933536931493801,5,2,0
2025-05-20,964.0499877929688,967.2999877929688,956.5,957.4500122070312,929.3104858398438,23879090,-0.012276239952846213,-0.012352215422238588,935.0443450927735,890.4690979003906,933.6732965344913,921.810306290546,0.014975296924149627,5,2,1
2025-05-21,963.5,973.4500122070312,960.5499877929688,963.4000244140624,935.0856323242188,15132040,0.0062144423982861685,0.0061952123792337185,934.1974884033203,892.5733801269531,933.8905789636801,922.7936637745217,0.014978409386348408,5,2,2
2025-05-22,957.5999755859376,962.0999755859376,952.5999755859376,959.9500122070312,931.7369995117188,21306670,-0.0035810974917631633,-0.0035875249709270084,934.1004272460938,894.8048120117187,933.5592590479938,923.4561330883882,0.014894614418633833,5,2,3
2025-05-23,960.0499877929688,968.5,957.25,966.7999877929688,938.3856811523438,9566072,0.007135792229040261,0.007110452936214967,934.5080841064453,897.1575708007813,934.3017855255862,924.5620255375701,0.013391899369209417,5,2,4
2025-05-26,967.5,974.9500122070312,963.4500122070312,970.0999755859376,941.5886840820312,10802860,0.003413311811998554,0.0034074996852144633,935.2117767333984,899.5933154296876,935.4228468419624,925.8232595038264,0.013377957993572935,5,2,0
2025-05-27,965.7999877929688,974.0,958.1500244140624,963.1500244140624,934.8429565429688,26162148,-0.00716419775757926,-0.007189983853939407,935.3597961425781,901.9111315917969,935.3336329498095,926.4913852104296,0.013474998740567862,5,2,1
2025-05-28,960.0999755859376,967.25,958.8499755859376,961.75,933.4840698242188,18157594,-0.0014535989272199679,-0.0014546564270518883,935.7164947509766,904.2211828613281,935.0490847766417,927.009361848488,0.012916483777522523,5,2,2
2025-05-29,964.0,970.4000244140624,953.6500244140624,963.75,935.42529296875,28917794,0.0020795460868408,0.0020773868238835183,935.7771575927734,906.3210961914062,935.1069629600431,927.6327641536925,0.011607230415795004,5,2,3
2025-05-30,965.9500122070312,974.4000244140624,962.7000122070312,972.4500122070312,943.86962890625,28748078,0.009027269201477672,0.008986766974044779,936.3352600097656,908.6340600585937,936.4550654133058,928.8354948761041,0.011647776494569717,5,2,4
2025-06-02,965.0499877929688,968.0,954.0,966.0499877929688,937.65771484375,14668822,-0.00658132635298192,-0.0066030787736449615,936.2212127685547,910.7859008789062,936.6400884026049,929.4889926514853,0.011420170224946678,6,2,0
2025-06-03,969.0,976.0,960.0,962.2999877929688,934.0179443359376,24377584,-0.003881768848261302,-0.0038893224668943654,936.0489318847656,912.8649462890625,936.2366816231175,929.8244705540374,0.011280735295491716,6,2,1
2025-06-04,960.5,971.6500244140624,960.4500122070312,970.5999755859376,942.073974609375,12961542,0.008625134369516951,0.008588150407014933,935.9421630859375,914.778017578125,937.1347266979263,930.731841224803,0.010891084161342149,6,2,2
2025-06-05,974.0,979.4500122070312,970.0999755859376,974.7999877929688,946.1505126953124,22255418,0.004327195311416787,0.0043178599227962754,936.4541564941406,916.5333642578125,938.5217706975242,931.8739650374333,0.010309949534504209,6,2,3
2025-06-06,972.0,998.1500244140624,971.3499755859376,989.3499755859376,960.27294921875,30127008,0.01492620501066666,0.014815905427667472,938.6137664794921,918.5556298828125,941.8681058546359,933.9775934953086,0.010605468563903216,6,2,4
2025-06-09,997.5,997.5,987.9500122070312,989.4500122070312,960.3699951171876,13202588,0.00010106074373594787,0.00010105563744301325,939.1403228759766,920.29205078125,944.7145503565669,935.9325862080403,0.01058013545765997,6,2,0
2025-06-10,991.4000244140624,991.4000244140624,980.5499877929688,982.6500244140624,953.7698974609376,15533126,-0.00687245300228756,-0.006896177064904751,940.1764526367188,921.6882739257812,946.1076806803162,937.2538685230697,0.010659237225264169,6,2,1
2025-06-11,983.7999877929688,983.7999877929688,973.5,975.2000122070312,946.538818359375,11096394,-0.0075815761441127005,-0.007610462387314127,941.1422088623046,923.0844958496094,946.1740095540175,937.9416425850183,0.010699388407896138,6,2,2
2025-06-12,975.0,980.5,967.6500244140624,971.7000122070312,943.1417236328124,16349130,-0.003588965038381353,-0.0035954208244269007,941.3751586914062,924.2303015136719,945.7075040276783,938.3268337737437,0.01062610987232835,6,2,3
2025-06-13,960.0,966.5,956.5,958.7999877929688,930.6207885742188,12117762,-0.013275772606438418,-0.01336468345921349,940.9602233886719,925.09802734375,943.3864708809922,937.7560156108159,0.010910755779073859,6,2,4
2025-06-16,962.0,969.4500122070312,960.0499877929688,967.7000122070312,939.2592163085938,16513746,0.009282435811056589,0.009239618764138924,940.8801483154297,926.7242846679687,942.7515086390847,937.8673638106513,0.010951817053329056,6,2,0
2025-06-17,968.5,970.7999877929688,959.5499877929688,964.7999877929688,936.4444580078124,16978736,-0.0029967853941786915,-0.0030012847468394166,941.2368469238281,928.0122839355469,941.7811931573506,937.7619633808114,0.010955070090788329,6,2,1
2025-06-18,958.5,968.1500244140624,958.5,966.9500122070312,938.5313110351562,18433816,0.002228485640016986,0.002226006248735105,941.409130859375,929.3619165039063,941.2812112923976,937.818952095948,0.010880178314485366,6,2,2
2025-06-19,966.9500122070312,973.4000244140624,962.7999877929688,967.6500244140624,939.210693359375,16876220,0.0007238781660565685,0.0007236162926256073,941.7828155517578,930.5072351074218,940.9626700719325,937.922044041387,0.010757472684756419,6,2,3
2025-06-20,965.7999877929688,984.9500122070312,965.7999877929688,982.3499755859376,953.4786987304688,32900408,0.015191485224747447,0.015077250094399511,942.537466430664,932.5163989257812,942.8882129424765,939.0743888331709,0.010385988210280991,6,2,4
2025-06-23,974.2000122070312,978.9500122070312,970.9000244140624,974.2000122070312,945.5681762695312,11739518,-0.008296485775162177,-0.008331093159311189,942.736441040039,934.2562158203125,943.3005149927925,939.5554101247532,0.008253244547659506,6,2,0
2025-06-24,982.5,989.5,977.7999877929688,980.4500122070312,951.634521484375,22625322,0.006415555606764212,0.006395063528572414,943.5760192871094,936.1576403808593,944.5826698376513,940.4501591143548,0.007634544820618686,6,2,1
2025-06-25,983.0,991.0,981.9500122070312,990.0999755859376,961.0009155273438,18405932,0.009842427771912687,0.009794306574996258,944.9518615722657,937.8411633300781,947.1085537899116,941.9724373671688,0.007695797153081006,6,2,2
2025-06-26,990.7000122070312,1013.5499877929688,990.0,1010.9000244140624,981.1896362304688,50084830,0.02100801401635133,0.020790388335221698,947.2400787353515,939.3640515136718,952.351797242305,944.8774150607467,0.008277801319437809,6,2,3
2025-06-27,1006.5,1009.9000244140624,996.7000122070312,1007.4500122070312,988.5983276367188,28213384,0.007550723257445657,0.007522359236359009,949.476513671875,940.9079638671875,957.9281865337533,948.1160011774854,0.00834753189314533,6,2,4
2025-06-30,1005.75,1006.9000244140624,997.75,1000.75,982.023681640625,13649020,-0.006650472504652782,-0.006672685436021602,951.6948120117188,942.0418188476563,961.6351857809643,950.627681211792,0.008486815556360036,6,2,0
2025-07-01,1002.5,1008.0,1002.0,1006.0499877929688,987.2244873046876,14389386,0.005296008397041696,0.005282033862359038,954.3551391601562,943.0816857910156,965.5720013999987,953.3385557371917,0.008103607004713806,7,3,1
2025-07-02,1009.9500122070312,1009.9500122070312,988.9500122070312,993.0,974.418701171875,18878250,-0.012971503743565815,-0.013056368378365673,955.9723754882813,943.5296044921874,966.9330321341336,954.9000479916126,0.008510384085381866,7,3,2
2025-07-03,997.4500122070312,1004.0,992.1500244140624,993.5499877929688,974.9583740234376,16860506,0.0005538408190581823,0.0005536875058365564,957.4127685546875,944.3552075195313,968.1677001171034,956.3858499198959,0.008460110114874214,7,3,3
2025-07-04,993.5499877929688,1001.75,990.0,994.6500244140624,976.037841796875,7863944,0.001107193704058096,0.0011065812171616783,958.2010131835938,945.2713134765625,969.3784911447606,957.8415530218944,0.008394125999973433,7,3,4
2025-07-07,994.5,999.2000122070312,991.9000244140624,993.7000122070312,975.1055908203124,11349426,-0.0009551381479701027,-0.0009555945830731544,958.93779296875,946.2231286621094,970.2595834025378,959.120370636592,0.008394920367666103,7,3,0
2025-07-08,988.5,1002.5,988.5,1000.7000122070312,981.974609375,15224316,0.007044384340888721,0.00701968857533246,960.3480285644531,947.2249694824219,972.0618950906089,960.8132772098074,0.008307076266029868,7,3,1
2025-07-09,1003.5,1006.9000244140624,999.0499877929688,1005.5999755859376,986.7828979492188,13861428,0.0048965508153810955,0.00488460170086,962.3602325439454,948.4336254882812,974.3266647611642,962.7369528201342,0.008305533392613196,7,3,2
2025-07-10,1008.0,1008.5,1000.0,1003.0999755859376,984.3296508789062,17030310,-0.002486106189528603,-0.0024892016830694993,964.41962890625,949.4359777832032,975.8655857023554,964.3364119355988,0.008343604197239278,7,3,3
2025-07-11,999.0,1002.4000244140624,990.4500122070312,991.8499755859376,973.2901611328124,12516922,-0.011215236416211471,-0.011278601394408162,966.5530975341796,950.2476293945313,975.4693665378103,964.9996526168738,0.008549398719403993,7,3,4
2025-07-14,991.5,994.3499755859376,985.2999877929688,991.5,972.94677734375,13088850,-0.0003528072128693438,-0.00035286946397626037,968.2374755859375,950.9077917480469,975.0812758925703,965.5883285225684,0.008432288212056023,7,3,0
2025-07-15,986.5,1001.7999877929688,986.5,997.75,979.079833984375,14498168,0.006303589038414659,0.0062838045198200625,970.3692443847656,951.7401171875,975.6964386759248,966.5876992975171,0.008422896235138855,7,3,1
2025-07-16,1009.0,1011.3499755859376,996.2999877929688,998.1500244140624,979.4723510742188,17994612,0.00040090406953474655,0.00040082372897011747,972.4162963867187,952.4453771972657,976.2773482756622,967.5421179476432,0.008319773151527498,7,3,2
2025-07-17,1002.0,1002.4000244140624,991.3499755859376,993.4500122070312,974.8602905273438,22529158,-0.0047087194874023686,-0.004719840431010208,974.1987762451172,953.2243701171875,976.0593393913056,968.0842048053988,0.008371000047117397,7,3,3
2025-07-18,993.4500122070312,998.5,976.5,978.7000122070312,960.3862915039062,16129446,-0.01484725469288306,-0.014958578454587717,974.544155883789,954.0904809570312,973.6481012547827,967.5139890052883,0.008431490262334406,7,3,4
2025-07-21,989.0999755859376,1001.0,988.25,1000.25,981.5330200195312,22309078,0.022018982052014247,0.021780065045441714,976.342398071289,954.7243640136719,974.8611656801286,968.5524357470841,0.009337995470741954,7,3,0
2025-07-22,1006.5499877929688,1009.0,1001.5,1003.5499877929688,984.771240234375,14836814,0.0032991454681567944,0.00329371522790395,977.999234008789,955.7588427734376,976.385792534628,969.7538286720687,0.009235073713006275,7,3,1
2025-07-23,1005.5,1014.9000244140624,1001.5,1012.1500244140624,993.2103881835938,13634916,0.00856965313813407,0.008533142103661719,979.6097076416015,957.0785766601563,978.974191865238,971.4913515988484,0.009181665766819206,7,3,2
2025-07-24,1018.8499755859376,1018.8499755859376,1004.2000122070312,1007.0999755859376,988.2548217773438,19107176,-0.004989442785946707,-0.005001931614452556,979.9629669189453,958.0740185546875,980.4019810824851,972.7330901305888,0.00921270901284001,7,3,3
2025-07-25,1007.5,1007.5,999.5,1002.2999877929688,985.9922485351562,9306598,-0.0022894633978292056,-0.0022920882262185117,979.8326629638672,959.0154736328125,981.26202222905,973.7152500124087,0.00881059581542625,7,3,4
2025-07-28,1001.5,1010.7000122070312,1000.25,1004.25,987.9105224609376,12059580,0.001945526375720652,0.0019436362903582508,980.1270050048828,959.9564697265625,982.2848684185711,974.7667516752626,0.008701653019082975,7,3,0
2025-07-29,999.9500122070312,1013.25,998.1500244140624,1010.7999877929688,994.3539428710938,19895696,0.006522271262082713,0.006501093286664323,980.4834777832032,961.2573388671875,984.1416491035747,976.2176547268057,0.00869723318182594,7,3,1
2025-07-30,1014.0,1016.2999877929688,1008.5,1012.9000244140624,996.4197998046876,15154036,0.002077587109102108,0.002075431909564431,981.5835327148437,962.4840222167969,986.0305953652844,977.71410991776,0.008697163171553886,7,3,2
2025-07-31,1007.2999877929688,1015.7000122070312,1004.0,1009.0999755859376,992.6815795898438,22183032,-0.0037516518796361087,-0.0037587069765886425,982.469692993164,963.7029138183593,987.0538237075243,978.8228113749514,0.008758570168761137,7,3,3
2025-08-01,1007.0,1014.1500244140624,1004.6500244140624,1006.0999755859376,989.7304077148438,11317258,-0.002972929019413595,-0.0029773569510193857,983.1543212890625,964.7298083496094,987.4656058624965,979.6307814742026,0.00842855975350334,8,3,4
2025-08-04,1005.0499877929688,1009.25,994.0499877929688,996.0,979.7947387695312,13933946,-0.010038762947834123,-0.010089491112820342,983.3887786865234,965.4939294433593,986.2854724635788,979.6429264590417,0.008502490605128987,8,3,0
2025-08-05,993.25,997.2000122070312,982.75,988.7999877929688,972.7118530273438,23978058,-0.007228948535774382,-0.007255203993663643,982.9256408691406,966.2513073730469,984.1972233195427,979.1295136122493,0.00857961504237181,8,3,1
2025-08-06,985.5499877929688,994.0,985.0,992.6500244140624,976.499267578125,14080204,0.0038936654662875547,0.0038861047704312522,982.4114593505859,967.111611328125,983.0129224362477,978.9346805726846,0.0084300459015746,8,3,2
2025-08-07,990.0499877929688,1000.7999877929688,988.4000244140624,997.7000122070312,981.4671020507812,13081186,0.00508739190862606,0.00507449485349862,982.2683319091797,968.0324475097656,982.7751039154066,979.1222673488398,0.007554572408579634,8,3,3
2025-08-08,993.5499877929688,996.4000244140624,985.0,986.9500122070312,970.8920288085938,13895264,-0.010774760784228898,-0.01083322888502743,982.1484252929688,968.5728955078125,980.9469385143584,978.5126200495624,0.007666132730235715,8,3,4
2025-08-11,987.9500122070312,998.7999877929688,986.5499877929688,997.7999877929688,981.5654296875,9105854,0.01099339634295271,0.010933408209833581,982.5793579101562,969.4510498046875,981.0420910025341,978.738754096817,0.007858266671707886,8,3,0
2025-08-12,995.9500122070312,998.0,983.75,984.9500122070312,968.924560546875,12937802,-0.01287827459922819,-0.012961918479483438,982.0715942382812,970.1491821289062,979.1778555478173,978.0117767968213,0.008132794829947205,8,3,1
2025-08-13,997.0,997.0,984.5499877929688,990.1500244140624,974.0399169921876,13577396,0.005279416637375078,0.005265529373683404,981.7999725341797,970.7885009765625,978.3874034623358,977.717564959441,0.007852586880037241,8,3,2
2025-08-14,989.0,998.0,985.5999755859376,995.5499877929688,979.35205078125,17511716,0.005453712621415141,0.005438894980426911,982.024560546875,971.4525317382812,978.5358107421687,977.8386379832787,0.007914852503259828,8,3,3
2025-08-18,1005.0,1013.2999877929688,997.7999877929688,1001.7999877929688,985.5003662109376,19284796,0.0062779420585099555,0.006258317870449775,983.2802642822265,971.957080078125,979.6072808142869,978.4061734075497,0.007991664766972389,8,3,0
2025-08-19,999.1500244140624,1003.0499877929688,993.3499755859376,995.5499877929688,979.35205078125,12352438,-0.006238775388107354,-0.00625831787044977,983.1712158203125,972.3367211914062,979.5680146553582,978.4762383981941,0.00807921720071842,8,3,1
2025-08-20,993.5,996.0,989.5,994.0999755859376,977.9256591796876,9950228,-0.001456464608844743,-0.0014575262844102915,982.8289367675782,972.8198364257812,979.3153445821781,978.4354547523789,0.007978476250674368,8,3,2
2025-08-21,998.75,998.75,991.5999755859376,995.5999755859376,979.4012451171876,12439850,0.0015088937729046403,0.0015077565365312104,982.1384796142578,973.4770849609375,979.3285600491026,978.5069947794018,0.007929037636200977,8,3,3
2025-08-22,994.9500122070312,998.0,978.5499877929688,982.2999877929688,966.317626953125,19833502,-0.013358792659587726,-0.013448824036257172,981.0416198730469,973.9406030273437,977.3268780343369,977.6040786441221,0.008277042240620555,8,3,4
2025-08-25,980.0999755859376,988.7000122070312,978.5,982.0499877929688,966.0717163085938,17518044,-0.0002544822092365173,-0.00025451459532849896,980.0455932617188,974.6496215820313,975.5953146919148,976.7498295822311,0.008029724572569575,8,3,0
2025-08-26,979.5,985.7000122070312,968.0,973.4000244140624,957.5625,16917731,-0.008808058620231485,-0.008847078865943889,978.5281921386719,975.0156872558593,972.8210355085433,975.3285459094732,0.008181608759892404,8,3,1
2025-08-28,967.0,972.2000122070312,955.0,957.7999877929688,942.2162475585938,25438255,-0.016026371585568855,-0.016156182680858815,975.9213073730468,975.131123046875,968.1126065931666,972.8757830686674,0.00854891395530152,8,3,3
2025-08-29,954.0,963.2999877929688,950.0999755859376,951.5999755859376,936.1171264648438,14823813,-0.006473164848890711,-0.006494206634254011,972.9061737060547,975.0828393554688,963.1902250349631,970.1529196165322,0.008595325386473401,8,3,4
2025-09-01,949.5999755859376,957.4500122070312,946.3499755859376,950.5999755859376,935.1333618164062,20178344,-0.0010508991029281045,-0.0010514516845626573,970.0287628173828,975.0012927246094,958.8737845398005,967.5588782980044,0.008573749131368673,9,3,0
2025-09-02,951.0,954.7999877929688,944.0,944.5,929.1326904296876,14196320,-0.006416915096540743,-0.006437591998297236,966.998876953125,974.5143725585938,954.2982315997831,964.7124940114624,0.00824809467645944,9,3,1
2025-09-03,945.0,956.2999877929688,940.0,954.4500122070312,938.9207763671876,16083481,0.010534648106045319,0.010479545354908625,964.9551788330078,974.3814245605469,951.9324692563068,962.8019964081827,0.0073580502844008844,9,3,2
2025-09-04,960.2000122070312,965.7000122070312,956.25,961.25,945.610107421875,17597657,0.0071244893318573865,0.007099230059721336,963.6000915527344,974.2609362792969,950.9597982048558,961.5285231499377,0.0074754367374622955,9,3,3
2025-09-05,967.5,967.5,954.0499877929688,963.4000244140624,947.7251586914062,11602111,0.0022367054380347806,0.002234207736148733,962.1613861083985,973.9954211425782,950.4621613566328,960.506051708565,0.007273076460507213,9,3,4
2025-09-08,969.0,973.1500244140624,960.4500122070312,966.0,950.2828369140624,11711307,0.0026987552237061063,0.002695120122524156,960.6021728515625,973.37728515625,950.4345729808527,959.7487765386018,0.007282630165711331,9,3,0
2025-09-09,974.0,974.4000244140624,962.7000122070312,965.1500244140624,949.4467163085938,13985539,-0.0008798649970190864,-0.0008802523054283165,959.5299072265625,972.5942529296875,950.2825950312745,958.9856609660086,0.00728043610644416,9,3,1
2025-09-10,973.9000244140624,973.9000244140624,961.7000122070312,965.9000244140624,950.1845092773438,18091100,0.0007770767501502629,0.0007767749823335012,957.9608612060547,971.9574694824219,950.2675049152851,958.3337238038853,0.0072659593837011704,9,3,2
2025-09-11,960.2999877929688,969.25,959.9000244140624,967.7999877929688,952.0535278320312,15113633,0.0019670059198386713,0.0019650738968132954,957.1173095703125,971.2540502929687,950.5422776717077,957.8685241022665,0.00714404679388484,9,3,3
2025-09-12,969.9000244140624,970.75,962.25,967.2999877929688,951.5617065429688,14363519,-0.0005165899549602893,-0.0005167234335221745,955.9933990478515,970.7969104003906,950.699112882671,957.4013524312074,0.007115855097157427,9,3,4
2025-09-15,969.5999755859376,972.3499755859376,965.0,967.0499877929688,951.3157348632812,14486377,-0.00025849262112609406,-0.0002585260361021563,954.5915832519531,970.3240576171875,950.7939778027649,956.9505659446944,0.007106478895314801,9,3,0
2025-09-16,961.2000122070312,969.3499755859376,961.2000122070312,966.8499755859376,951.1190185546876,18661794,-0.00020678340679591845,-0.0002068047894323486,952.8725158691407,969.8256811523438,950.8439840722915,956.5185994713605,0.007103221344860254,9,3,1
2025-09-17,965.1500244140624,974.4000244140624,964.3499755859376,966.5,950.7747192382812,17361476,-0.00036199393523805856,-0.00036205947085877517,951.4436492919922,969.3390637207032,950.8333279439823,956.0931268615027,0.006909840268672437,9,3,2
2025-09-18,973.2999877929688,979.6500244140624,969.25,976.9000244140624,961.0055541992188,17791598,0.010760524816156192,0.010703042362250259,950.5976440429688,968.9196826171875,952.3982858294034,956.4570103680002,0.007125916632179154,9,3,3
2025-09-19,974.9000244140624,976.7000122070312,962.0999755859376,966.9000244140624,951.168212890625,31243267,-0.010236508275741407,-0.010289261642218276,949.1859924316407,968.2073889160156,952.2090438388223,956.0652475918982,0.007298663369975817,9,3,4
2025-09-22,964.0,971.2000122070312,961.9500122070312,964.2000122070312,948.5121459960938,10854415,-0.002792426048868313,-0.002796332143836392,948.2957183837891,967.4910388183594,951.6402903245563,955.5057585848016,0.0072189794254256005,9,3,0
2025-09-23,967.0,968.2000122070312,955.5,957.2000122070312,941.6260375976562,21022298,-0.007259905344918827,-0.007286386703675075,947.0734344482422,966.8577563476563,950.0996360588795,954.4776311042723,0.007084018529391424,9,3,1
2025-09-24,952.2000122070312,956.4500122070312,943.0,951.0499877929688,935.5761108398438,15117220,-0.006424978193304343,-0.006445707202353135,945.9741149902344,966.1103430175781,947.8652475636432,953.0775184920924,0.0067745766254669985,9,3,2
2025-09-25,952.5,958.0,947.4000244140624,949.8499755859376,934.3955688476562,31413279,-0.0012618342628776258,-0.001262631046073865,945.5830810546875,965.2166577148438,945.7929892996451,951.6936703702822,0.006429488744696342,9,3,3
2025-09-26,945.0999755859376,951.4500122070312,941.2999877929688,945.0499877929688,929.6737060546876,14874656,-0.005053387398649467,-0.0050661989400962535,945.2609100341797,964.2206848144531,943.3130995696516,950.0625619024604,0.006347276540034325,9,3,4
2025-09-29,946.0499877929688,956.7999877929688,939.0999755859376,950.2999877929688,934.8382568359376,32398179,0.005555229482790303,0.005539856104304532,945.2461547851562,963.420244140625,942.0092776106187,948.9348356012365,0.006351155779014142,9,3,0
2025-09-30,958.0499877929688,960.0,946.2999877929688,951.0,935.5269165039062,28296687,0.000736661837417163,0.0007363906352671525,945.5658660888672,962.923056640625,941.0119912865091,947.9416564088416,0.006194909410241632,9,3,1
2025-10-01,952.7000122070312,969.5999755859376,946.0,965.25,949.5450439453124,25350832,0.014984205365028203,0.014873051155952683,946.0970794677735,962.2832971191406,942.3247686186327,948.0604258559875,0.006838774946716529,10,4,2
2025-10-03,952.0,966.75,952.0,965.1500244140624,949.4467163085938,26658296,-0.00010355236683678992,-0.0001035577287532913,946.2889099121094,961.576806640625,943.4204528786266,948.163114037662,0.006840170300494428,10,4,4
2025-10-06,971.9000244140624,977.4000244140624,962.0,973.4500122070312,957.6116333007812,18542683,0.00859965793966011,0.008562891516726328,946.7832336425781,960.8648315429688,945.603711405112,948.8630043534486,0.007047852118164231,10,4,0
2025-10-07,974.0,989.8499755859376,971.0,982.5,966.514404296875,25535736,0.009296849251305472,0.009253899541075247,947.5948120117188,960.4300231933594,948.8207410807679,950.1705154603691,0.006858772658460225,10,4,1
2025-10-08,976.0,985.9000244140624,974.5499877929688,978.7000122070312,962.7762451171876,15939710,-0.0038676704279506646,-0.003875169206668151,948.2612884521484,959.965703125,950.9677417017556,951.104273212726,0.006895556726109251,10,4,2
2025-10-09,974.5,979.0,970.1500244140624,977.0999755859376,961.2022094726562,15370950,-0.0016348924815233756,-0.0016362303766450715,948.8121734619141,959.4315368652344,952.542275204971,951.8522684912393,0.006704585588966532,10,4,3
2025-10-10,979.0,986.2000122070312,978.0999755859376,980.9000244140624,964.9404296875,13757080,0.003889109053228923,0.00388156601941051,949.4565185546875,958.8432666015625,954.4496835868986,952.8217619131846,0.005996406636864564,10,4,4
2025-10-13,974.2999877929688,981.0,972.0,977.0,961.1038818359376,18634254,-0.003975942694001144,-0.00398386776755449,949.933627319336,958.1369482421875,955.4734063944429,953.4352522778329,0.005908476101461217,10,4,0
2025-10-14,970.0,980.4500122070312,967.0,977.1500244140624,961.25146484375,22934382,0.00015355572961639474,0.00015354394114212212,950.4304138183594,957.5083459472656,956.3623384635671,954.0142309864193,0.005898880079658868,10,4,1
2025-10-15,975.0,984.9000244140624,973.3499755859376,978.25,962.3335571289062,23310447,0.0011257119752032807,0.0011250788365876566,950.9911407470703,956.9604089355469,957.2809874890039,954.6304773673443,0.005733115348668724,10,4,2
2025-10-16,982.6500244140624,996.5999755859376,981.5,994.3499755859376,978.1715698242188,22936566,0.016457924155284243,0.01632396036707134,952.3609832763672,956.9279455566407,960.4949232328831,956.3742619937794,0.006152780868334881,10,4,3
2025-10-17,993.9500122070312,1009.0,986.0,1002.5499877929688,986.2381591796876,25210511,0.008246599680788558,0.00821278226953513,953.6226135253906,957.1984716796875,964.455421070853,958.5864025260689,0.0061921644013546795,10,4,4
2025-10-20,997.0,1020.0,997.0,1002.9500122070312,986.6316528320312,22195202,0.00039898441231578374,0.00039890483920006654,955.395785522461,957.4011193847656,967.8671490341112,960.6638284746587,0.006192913658820488,10,4,0
2025-10-21,1006.0,1010.0,1004.0,1007.7000122070312,991.3043823242188,3471600,0.0047360425532414485,0.004724862788373615,957.5353973388671,957.5978649902344,971.4728772325893,962.9334991301816,0.006219209631623187,10,4,1
2025-10-23,1016.0,1020.5,1006.0,1008.7999877929688,992.386474609375,43526526,0.0010915842847574186,0.0010909889398387712,960.0734191894531,958.02775390625,974.6903537520949,965.1152010175292,0.006204376958545281,10,4,3
2025-10-24,1011.0,1011.9500122070312,991.2999877929688,994.75,978.5650634765624,17707768,-0.013927448112644902,-0.014025345050669748,962.222866821289,957.9677465820313,975.2864629404745,966.1114871256058,0.006813869954063222,10,4,4
2025-10-27,996.5,1009.0499877929688,996.2000122070312,1002.9500122070312,986.6316528320312,15700796,0.008243283616534036,0.008209493322457349,964.8346710205078,958.3218884277344,977.0318767699448,967.6314994001558,0.0069396507780297365,10,4,0
2025-10-28,997.6500244140624,1008.0,995.0,1003.5499877929688,987.2218627929688,33904289,0.0005982069997889639,0.0005980281453061134,967.7120788574218,958.58552734375,978.5995669273332,969.082637429253,0.0069330508696778285,10,4,1
2025-10-29,1004.9000244140624,1012.5,1000.0,1007.8499755859376,991.451904296875,17769445,0.004284793179051949,0.004275639590931182,970.5427612304687,958.8275244140625,980.5768495995703,970.739620160188,0.0069485609754817886,10,4,2
2025-10-30,1000.0,1009.5,997.0999755859376,998.1500244140624,981.9097900390624,19962917,-0.00962438441689184,-0.009670998131246436,972.8619049072265,958.755712890625,980.7819173594921,971.5670401512158,0.007230738532209512,10,4,3
2025-10-31,994.0,1004.4500122070312,981.1500244140624,987.2999877929688,971.2362670898438,23221330,-0.010870166544315718,-0.010929678467287655,973.9464660644531,958.5933972167969,979.3133557795463,971.5425384429659,0.007550825829561663,10,4,4
2025-11-03,985.0,994.5499877929688,983.2999877929688,992.6500244140624,976.499267578125,16607180,0.005418867341157929,0.005404238104990927,975.2990936279297,958.5648693847656,978.8804191331737,971.9097035640888,0.007367069105340751,11,4,0
2025-11-04,987.0,997.0,983.7000122070312,985.25,969.2196655273438,20024544,-0.007454795197989084,-0.007482721057986358,975.8794952392578,958.3612377929687,977.3941493476615,971.7104414872929,0.007242962969288659,11,4,1
2025-11-06,981.0,991.0499877929688,974.0,984.6500244140624,968.6294555664062,22279516,-0.0006089537613914731,-0.0006091392490393192,975.9852478027344,958.4074743652344,976.0457349197761,971.482220307968,0.007218083190625345,11,4,3
2025-11-07,980.0,984.9000244140624,974.75,982.2999877929688,966.317626953125,15004568,-0.0023867007140820906,-0.002389553424178803,976.1623168945313,958.412392578125,974.5491029249067,971.0996578372389,0.007085812918215313,11,4,4
2025-11-10,982.2999877929688,990.9500122070312,980.2000122070312,984.5,968.4818725585938,15988262,0.0022396834592501857,0.002237179106858712,976.5263000488281,958.6307800292968,973.6156828685508,970.9057478165985,0.006952817645977929,11,4,0
2025-11-11,983.5,993.5,978.0,991.7000122070312,975.564697265625,10200530,0.007313327082023147,0.007286714378353791,977.0575134277344,959.2977490234375,973.9155312373314,971.250855183193,0.007025021854079951,11,4,1
2025-11-12,998.7999877929688,999.0,987.7000122070312,989.5,973.4005126953124,13137263,-0.0022183916416599336,-0.002220855917558404,977.6723449707031,960.0434167480469,973.8362976154823,971.4100890729796,0.00695305361347164,11,4,2
2025-11-13,984.0,990.0999755859376,982.5999755859376,986.6500244140624,970.596923828125,14124839,-0.0028802007299383314,-0.00288435648959355,978.1396179199219,960.7526879882812,973.3379324174273,971.3498546103978,0.006956335770018209,11,4,3
2025-11-14,976.0499877929688,991.6500244140624,976.0499877929688,989.5999755859376,973.4988403320312,21386965,0.0029898266032626353,0.0029853659605243695,978.6978820800781,961.6400109863281,973.3626874812126,971.5090387379262,0.006962479283495606,11,4,4
2025-11-17,991.25,997.9500122070312,985.5999755859376,996.5499877929688,980.3357543945312,18396408,0.007023032569990706,0.0069984859376059005,978.8060913085938,962.468310546875,974.4354670063385,972.1628695273043,0.006565307209093206,11,4,0
2025-11-18,997.6500244140624,999.0,990.0,992.4500122070312,976.302490234375,20002640,-0.00411416613346649,-0.00412265259943847,978.3093078613281,963.082158203125,974.7227013491133,972.4695080981985,0.006630852812836572,11,4,1
2025-11-19,990.0,996.5499877929688,984.0,994.5999755859376,978.41748046875,19813847,0.002166326784506456,0.002163983681978141,977.8985992431641,963.6960046386719,975.2911289059805,972.9100986441653,0.006477225983530105,11,4,2
2025-11-20,995.2999877929688,1011.5999755859376,992.4500122070312,1008.8499755859376,992.4356689453124,19850865,0.014327410084544301,0.014225742681081564,977.9551635742188,964.5390612792969,977.928750450493,974.3564371849909,0.0067651844887660255,11,4,3
2025-11-21,1003.0999755859376,1008.2999877929688,996.5499877929688,998.0499877929688,981.8114013671876,17499897,-0.010705245599863855,-0.010762959001864306,977.4264099121094,965.1863549804688,978.5260813607538,974.9086567540425,0.007041063337188815,11,4,4
2025-11-24,1000.0,1011.4500122070312,993.5999755859376,999.1500244140624,982.8934936523438,32204053,0.0011021386425633661,0.0011015317336605542,977.6428314208985,965.8405346679688,979.1979909440753,975.5001261539165,0.0070277972219381975,11,4,0
2025-11-25,1004.0,1006.0999755859376,988.4000244140624,989.7999877929688,973.6956176757812,24989383,-0.009357957943524453,-0.00940201872670022,976.9960296630859,966.2733764648438,978.3514719797223,975.3664588592399,0.007237956229251847,11,4,1
2025-11-26,981.2999877929688,1006.9500122070312,981.2999877929688,1003.9000244140624,987.5662231445312,19494356,0.014245319807291823,0.01414480865679182,977.0132476806641,966.993466796875,979.7691260050775,976.2701451025948,0.0076189649519101685,11,4,2
2025-11-27,1002.0999755859376,1016.7999877929688,1001.0,1009.5,993.0750732421876,25536848,0.005578208294847897,0.005562707707909698,977.0944061279297,967.8286535644531,981.8161948107868,977.5149545944165,0.007664047184270396,11,4,3
2025-11-28,1007.0,1012.0499877929688,1004.2000122070312,1007.5999755859376,991.2059936523438,15988807,-0.0018821130851081058,-0.0018838864854500168,977.5592163085937,968.6303930664062,983.2607792479494,978.5291056357445,0.0076835465262703245,11,4,4
2025-12-01,1017.5,1017.5,999.2999877929688,1002.0999755859376,985.7954711914062,16746566,-0.005458524762346428,-0.005473476944698148,978.2871765136719,969.3308081054688,983.6507318546351,979.067354936164,0.007190639539554112,12,4,0
2025-12-02,988.0,994.4000244140624,985.0,989.7999877929688,973.6956176757812,27316662,-0.012274202782653676,-0.012350152934553141,978.1469940185547,969.584609375,982.1191758271191,978.6694484724319,0.007380577710068787,12,4,1
2025-12-03,986.0,1002.2999877929688,986.0,1000.5,984.2214965820312,15448777,0.01081023547315052,0.010752222591783489,978.897085571289,970.2456750488282,982.4426097894133,979.0807112953653,0.007658975064008924,12,4,2
2025-12-04,1000.0,1004.7000122070312,993.0,997.2000122070312,980.9752197265624,14528169,-0.0032983193993856297,-0.0033037708451893522,979.5143737792969,970.8949365234375,982.2168574720515,979.2210452532318,0.00762613447315577,12,4,3
2025-12-05,992.0,1008.0,990.2000122070312,1003.2999877929688,986.9759521484376,12843366,0.006117109077992788,0.006098475516664647,980.5472900390625,971.8019348144531,982.9490258838032,979.7954828010248,0.0077129350562790185,12,4,4
2025-12-08,1000.0,1006.5,997.5,1003.0999755859376,986.7791748046876,12901022,-0.00019937400026992513,-0.000199393877908017,981.4621551513671,972.82599609375,983.5382795639392,980.3127933198147,0.007261587669290946,12,4,0
2025-12-09,994.9000244140624,1002.7999877929688,994.0,997.0999755859376,980.8768310546876,15294322,-0.005981423099213901,-0.005999383465204779,981.7277618408203,973.7556213378906,983.1288259471312,980.3545738927681,0.007189366277900147,12,4,1
2025-12-10,997.5,998.5,985.2999877929688,989.7999877929688,973.6956176757812,15322830,-0.00732121827282306,-0.007348149920145996,981.7425170898438,974.6360595703125,981.6775631361543,979.861317876695,0.007304655132975045,12,4,2
2025-12-11,990.0,1002.7000122070312,988.5,1000.2999877929688,984.0247802734376,11844809,0.01060820487444758,0.010552332657722242,982.4139099121094,975.6197900390625,982.038673464967,980.169722498676,0.007533172571638186,12,4,3
2025-12-12,1003.0,1004.7000122070312,998.2000122070312,1001.5,985.2052612304688,11988618,0.001199645558420892,0.001198926558660436,982.9992309570313,976.6133569335938,982.5258408135057,980.5427253676977,0.007323672539034587,12,4,4
2025-12-15,992.0,1001.7999877929688,992.0,996.0999755859376,979.89306640625,9790060,-0.005391967575958834,-0.0054065566994817155,982.9770965576172,977.2203173828125,982.1207985970049,980.4946024816645,0.007104768177426305,12,4,0
2025-12-16,990.0999755859376,998.7000122070312,990.0999755859376,994.2999877929688,978.1223754882812,20049088,-0.001807024642456856,-0.0018086592810043257,983.0680908203125,977.7938305664062,981.5056565802781,980.3188819636362,0.007048214043285109,12,4,1
2025-12-17,996.0,996.0,980.7999877929688,984.0,967.989990234375,19080922,-0.010359015914392256,-0.010413043961905259,982.5467163085938,978.0013977050781,979.426323296293,979.4056307244317,0.007174084552102023,12,4,2
2025-12-18,973.2999877929688,987.4000244140624,973.2999877929688,979.7000122070312,963.7599487304688,14912404,-0.0043699227745961355,-0.00437949879495336,981.1129302978516,977.94630859375,977.0161118246277,978.2466913174715,0.007217506550540332,12,4,3
2025-12-19,987.0,988.0,978.7000122070312,985.5,969.465576171875,25952384,0.005920174882679152,0.005902719506065423,980.495639038086,978.0800952148437,975.8544909549735,977.5962383437235,0.00728745918155675,12,4,4
2025-12-22,988.0,992.9000244140624,983.9000244140624,987.7000122070312,971.6298217773438,13540411,0.002232410988758149,0.0022299228616735464,979.9324554443359,978.2886474609375,975.2045418507228,977.1542815610287,0.007287386843530469,12,4,0
2025-12-23,990.5,998.9000244140624,987.7000122070312,996.5999755859376,980.3849487304688,17927849,0.009010763931792232,0.008970409235077708,980.2669219970703,978.5975378417969,976.0015275245298,977.3935902402465,0.007351361603781108,12,4,1
2025-12-24,993.0,999.4000244140624,993.0,997.2000122070312,980.9752197265624,13699996,0.0006020808426914215,0.0006018996647397218,979.9373718261719,978.9949645996094,976.7667109402271,977.6588961281218,0.007337515997988015,12,4,2
2025-12-26,996.0,997.2000122070312,987.7000122070312,992.0999755859376,975.9581909179688,9360853,-0.005114327770677107,-0.005127450707404752,979.0815277099609,979.2890991210937,976.642323244495,977.5329179644068,0.007381945139978172,12,4,4
2025-12-29,993.0999755859376,997.4000244140624,987.2000122070312,991.7000122070312,975.564697265625,13545749,-0.00040318699715369277,-0.00040326829888496466,978.299462890625,979.5537219238281,976.4765346323611,977.3871238385711,0.007363855542705091,12,4,0
2025-12-30,990.2000122070312,995.0,982.2000122070312,990.9000244140624,974.7777709960938,33155849,-0.0008066366810288716,-0.0008069621874518475,977.7485778808593,979.4858459472656,976.2151863806276,977.1938384428321,0.007247747062794083,12,4,1
2025-12-31,991.0,997.5999755859376,987.5999755859376,991.2000122070312,975.0728759765624,10963454,0.000302740777692323,0.000302694960949915,977.8174407958984,979.2625402832032,976.0394463184638,977.0367301119973,0.00720950132986873,12,4,2
2026-01-01,993.5,997.5499877929688,989.5,991.1500244140624,975.023681640625,7132074,-5.0451958155561805e-05,-5.0453230898411095e-05,977.3575500488281,979.030380859375,975.8831748295655,976.8876154104141,0.007197703451069281,1,1,3
2026-01-02,991.1500244140624,1003.2000122070312,988.7999877929688,1001.5999755859376,985.3035888671876,11751459,0.010543238508079256,0.0104880461673621,977.5739685058594,978.9103649902344,977.332469296892,977.5110208516567,0.00696573301505052,1,1,4
2026-01-05,1005.75,1006.4000244140624,976.2999877929688,977.5,961.5957641601562,27647379,-0.02406144154441625,-0.024355646952696024,976.3049591064453,978.29455078125,974.9114377373942,976.3321129485826,0.0080080362596528,1,1,0
2026-01-06,962.7000122070312,966.7000122070312,956.0,962.2000122070312,946.544677734375,31988783,-0.015652197094406572,-0.015775986144139123,974.2932342529297,977.6541430664063,970.5473208138528,974.1256362660487,0.00845263107837339,1,1,1
2026-01-07,956.0,956.4500122070312,946.0,949.0499877929688,933.608642578125,52884712,-0.013666586966833316,-0.013760834445883531,971.9298248291016,976.5936828613281,964.8644472391255,971.1243774743507,0.008630397447712245,1,1,2
2026-01-08,944.7000122070312,953.0,941.4000244140624,946.7000122070312,931.296875,21928849,-0.002476163429401379,-0.002479234192253767,969.8098876953125,975.4751831054688,959.7002053561832,968.1741921058803,0.008111902964047046,1,1,3
2026-01-09,945.0,950.5999755859376,933.2999877929688,939.0,923.72216796875,38183839,-0.008133504186030871,-0.008166761586769525,966.7947570800782,974.1205883789063,954.1651226811936,964.881449577204,0.008060885850108786,1,1,4
2026-01-12,937.5,942.0,929.5999755859376,936.9500122070312,921.7055053710938,21071666,-0.0021831917297068237,-0.0021855783670618194,963.6197692871094,972.9165026855469,949.1713354027167,961.6832314878625,0.008060433682423741,1,1,0
2026-01-13,947.7000122070312,947.7000122070312,932.5999755859376,937.3499755859376,922.0989990234376,32042827,0.0004269190647672172,0.00042682796075172477,960.7300659179688,971.9337573242187,945.0063605751353,958.7510661201272,0.008054762646465489,1,1,1
2026-01-14,930.0,940.0499877929688,920.2000122070312,925.4500122070312,910.3926391601562,36688248,-0.012695339519595117,-0.012776613946010143,957.3435791015625,970.6116247558593,939.6811726651385,955.1689604193887,0.008073284565728428,1,1,2
2026-01-15,925.4500122070312,925.4500122070312,925.4500122070312,925.4500122070312,910.3926391601562,0,0.0,0.0,954.4637115478515,969.4350842285156,935.1752444336028,951.8521958816677,0.007705116207927234,1,1,3
2026-01-16,922.0,935.9500122070312,919.2000122070312,931.0999755859376,915.95068359375,37780235,0.006105106955523132,0.006086546294957257,952.0732482910156,968.3815087890625,932.21761968901,949.1928246010812,0.007863967448726772,1,1,4
2026-01-19,935.9000244140624,936.1500244140624,919.5,927.9000244140624,912.8027954101562,38191942,-0.003436744182823248,-0.003442663353787753,949.2401092529296,967.3112121582031,929.2307236461095,946.4972668832348,0.0077051443601965,1,1,0
2026-01-20,929.2999877929688,934.5,919.5999755859376,931.2000122070312,916.049072265625,36022727,0.003556383560383569,0.0035500745820425173,946.4610717773437,966.2625561523438,927.202777279881,944.2418450597082,0.007775215678465255,1,1,1
2026-01-21,925.0,932.1500244140624,915.5,920.3499755859376,905.3755493164062,32766854,-0.011651693421642073,-0.01172010633821507,942.7106018066406,964.8587731933594,923.8447422085771,941.362860189834,0.007931453443186636,1,1,2
2026-01-22,928.0,928.2999877929688,913.2000122070312,918.7000122070312,903.75244140625,44444755,-0.0017927454649970809,-0.0017943543563241806,938.849462890625,963.4658117675781,920.7536190082192,938.5769032429018,0.007882912697187373,1,1,3
2026-01-23,920.0,926.0999755859376,909.25,916.0999755859376,901.1947021484376,30985247,-0.0028301326122367465,-0.0028341450097376553,935.1112884521486,962.0777673339844,917.7445548759451,935.8078513099786,0.007487086305492737,1,1,4
2026-01-27,906.0,931.2000122070312,905.0,926.4000244140624,911.3272094726562,44753093,0.011243416433832643,0.01118067904436115,931.8994140625002,960.8343347167969,916.7572709677468,933.9944704331399,0.007890396662816905,1,1,1
2026-01-28,932.5,941.4500122070312,928.4000244140624,932.7000122070312,917.524658203125,35347138,0.006800464932957384,0.006777446071683697,929.0367584228518,959.5781127929688,916.8753305424203,932.7744843420278,0.008052090161245277,1,1,2
2026-01-29,930.0999755859376,939.2999877929688,924.3499755859376,935.5,920.2791137695312,37175628,0.0030020507261359075,0.0029975535700671337,926.2970703125002,958.4576452636719,917.3989895004373,931.8489013366577,0.008107005641847874,1,1,3
2026-01-30,930.0,938.9000244140624,927.75,929.25,914.1307983398438,29691233,-0.006680924664804744,-0.0067033419432125435,923.2524261474612,957.1719116210937,916.896190860346,930.5364492628196,0.00800334912536314,1,1,4
2026-02-02,915.0,929.7999877929688,909.2999877929688,928.0999755859376,912.9994506835938,28032106,-0.0012376212007129128,-0.001238387686308956,919.6372192382814,955.5831872558593,916.2966923716149,929.2374123310251,0.007990103488383101,2,1,0
2026-02-03,983.75,994.0,945.0,948.7000122070312,933.2643432617188,50336968,0.02219595265139751,0.021953207895365222,918.2206481933596,954.61224609375,918.9071002008617,929.5357035110765,0.009016915846688874,2,1,1
2026-02-04,952.5,957.2000122070312,947.9500122070312,953.0999755859376,937.5927124023438,24366770,0.0046378811875502635,0.004627159354871773,917.773049926758,953.70623046875,921.7818097703205,930.1325189845037,0.009059347303921028,2,1,2
2026-02-05,956.0,956.0499877929688,946.7000122070312,949.7000122070312,934.248046875,28103169,-0.0035672904482948464,-0.00357366840139119,917.8050201416017,952.9172790527343,923.6996924018097,930.4373729023182,0.008861881552136314,2,1,3
2026-02-06,945.0,948.0999755859376,937.5999755859376,941.0999755859376,925.7879638671876,18120272,-0.009055499806620793,-0.009096750061614246,917.5295745849611,951.6817138671875,924.0209649349447,930.0929722330493,0.008955272329482792,2,1,4
2026-02-09,945.0,950.0,935.3499755859376,937.25,922.0006103515624,23947829,-0.004090951344630556,-0.004099342178229241,917.4434967041018,950.260224609375,923.7101411528859,929.4935380196058,0.00894450688520664,2,1,0
2026-02-10,930.0,940.9000244140624,929.9500122070312,932.4000244140624,917.2295532226562,31525385,-0.005174678926825105,-0.00518811394580435,917.2196990966798,948.7806958007812,922.7131276251582,928.5850947013132,0.008960204950358994,2,1,1
2026-02-11,931.25,936.0,925.2999877929688,927.0999755859376,912.0157470703124,24869804,-0.005684298040796176,-0.005700515147348551,916.7155364990234,947.3051013183593,921.0673767705666,927.3577356175354,0.008981763293265789,2,1,2
2026-02-12,927.0,928.5999755859376,918.5,920.5999755859376,905.6215209960938,33872203,-0.007011091743491238,-0.007035784932371021,916.4769805908203,945.9436193847656,918.6910912668015,925.7476456455768,0.009011348509044545,2,1,3
2026-02-13,913.0,928.2000122070312,901.0,903.9000244140624,889.1932373046875,50188359,-0.01814034153399624,-0.01830689482658746,915.4170104980469,944.0430541992188,914.1529598880147,923.0399116943998,0.00944221703221004,2,1,4
2026-02-16,903.9000244140624,929.5,902.0999755859376,925.7999877929688,910.7368774414062,18806989,0.024228299578640033,0.02393945057518973,915.1563201904297,942.6382873535156,913.6274087423826,922.1285758238078,0.010402047871603847,2,1,0
2026-02-17,923.0,928.0999755859376,918.5999755859376,925.7000122070312,910.6385498046876,22599629,-0.00010796492285991555,-0.00010797075149172858,915.0481079101562,941.1115393066407,913.1675842904294,921.2774627853544,0.009582331244243143,2,1,1
2026-02-18,923.2000122070312,925.5,919.5499877929688,924.7000122070312,909.6548461914062,12738702,-0.001080234977414829,-0.0010808188517368942,914.7283966064454,939.569052734375,912.6271630444259,920.4165282228397,0.009216676549126914,2,1,2
2026-02-19,929.0,929.2000122070312,912.4500122070312,915.5999755859376,900.702880859375,21209234,-0.009841057154273192,-0.009889800410988185,914.4947631835937,937.9655737304688,910.7926580928795,918.9562580477682,0.009064650266575876,2,1,3
2026-02-20,911.0,917.8499755859376,908.4000244140624,911.8499755859376,897.0138549804688,22654907,-0.004095718973815776,-0.004104129403130474,914.1578338623046,936.4319384765626,908.6728422294316,917.3308948575979,0.009077598181958729,2,1,4
2026-02-23,916.5,925.6500244140624,915.25,923.5999755859376,908.5726928710938,23270122,0.012885907866915458,0.012803590954059018,914.5267333984375,934.9228967285156,908.6574346358411,916.6821391548939,0.009332379220239209,2,1,0
2026-02-24,927.9500122070312,927.9500122070312,909.1500244140624,910.5,895.6858520507812,31313985,-0.014183610096832222,-0.014285158856812093,913.7446655273437,933.1325085449218,906.6618065458318,915.1268586286633,0.009658109606101823,2,1,1
2026-02-25,910.5499877929688,916.0,903.0999755859376,907.5999755859376,892.8330078125,27884303,-0.0031850946754928833,-0.003190177886079909,912.5100830078125,931.3913073730469,904.5342990483962,913.4754622719105,0.009663391735088532,2,1,2
2026-02-26,912.0,912.0,895.0,898.5999755859375,883.9794311523438,41165937,-0.009916273908654127,-0.009965767620055025,910.6950988769531,929.5084484863281,901.3720116797728,911.2905710778684,0.009560477245478661,2,1,3
2026-02-27,898.5999755859375,898.9500122070312,885.0,887.75,873.3060302734375,34620755,-0.012074263837782429,-0.012147749887076642,908.6538604736328,927.6147692871094,897.0541683864905,908.4769013886514,0.009771494989565994,2,1,4
2026-03-02,876.2000122070312,887.75,871.5499877929688,879.4000244140625,865.0918579101562,38378924,-0.009405834929033241,-0.009450349143180468,906.2584808349609,925.6414074707031,892.1368898516698,905.2631944643185,0.009774364016898098,3,1,0
2026-03-04,848.0,879.2999877929688,848.0,868.6500244140625,854.5167846679688,39862322,-0.0122242200588204,-0.012299550369187607,902.3211029052734,923.342431640625,886.3491813618697,901.5042011460704,0.009953385801235672,3,1,2
2026-03-05,873.8499755859375,881.4000244140625,863.5,877.75,863.4686889648438,31324582,0.010475984155599027,0.010421491280846561,898.6149017333985,921.179208984375,882.8291056084811,898.6867557993128,0.010168027531746856,3,1,3
2026-03-06,868.0499877929688,871.7000122070312,855.0999755859375,857.0499877929688,843.10546875,34439647,-0.023583044150976562,-0.023865574935064714,894.0577728271485,918.4336193847656,876.7177768610225,894.5696234252896,0.01077695766052547,3,1,4
2026-03-09,825.0,842.4500122070312,821.5,840.7000122070312,827.0215454101562,35592613,-0.01907700037065352,-0.019261314210614097,889.1194519042969,915.3545458984376,869.0722027916584,889.5660620908353,0.011201640775866625,3,1,0
2026-03-10,850.0499877929688,856.7999877929688,840.5999755859375,849.4500122070312,835.629150390625,52866024,0.010407957360046627,0.010354167478444453,884.80087890625,912.5479650878906,863.927117806884,885.5707352982272,0.011461907779370692,3,1,1
2026-03-11,845.0,848.8499755859375,827.5999755859375,833.9500122070312,820.38134765625,42261076,-0.018247092896708117,-0.01841562438422919,879.9584686279297,909.4442980957032,857.2277685529402,880.7418917691919,0.011511398419647668,3,1,2
2026-03-12,820.0999755859375,836.4000244140625,820.0999755859375,832.75,819.2008666992188,46107561,-0.0014389417316761355,-0.001439978002537935,875.317724609375,906.3327600097656,851.37747596006,876.1832973195642,0.011356031805257598,3,1,3
2026-03-13,820.0,823.7999877929688,812.0,817.0,803.7071533203125,41700464,-0.01891320432964705,-0.019094346602420296,870.2220062255859,902.9054455566406,844.0435801693296,870.8146940603604,0.011611448090778024,3,1,4
2026-03-16,817.0,844.5,815.6500244140625,840.5999755859375,826.9231567382812,52182605,0.028886147550208685,0.028476806950271483,867.1085021972656,899.9434350585938,841.4096688722452,867.5634690735396,0.013095605908301566,3,1,0
2026-03-17,847.7000122070312,848.9000244140625,835.0999755859375,845.3499755859375,831.5958251953125,38826979,0.0056506682863521895,0.0056347631486199715,863.1514495849609,896.8692797851562,839.8998467681017,864.8991991566339,0.013192208200828077,3,1,1
2026-03-18,845.3499755859375,846.7999877929688,831.5999755859375,843.0499877929688,829.333251953125,23507063,-0.0027207607032612158,-0.00272446869990493,859.0861846923829,894.2240295410156,838.2742167965669,862.2646845489666,0.01230409624413169,3,1,2
2026-03-19,770.0,815.6500244140625,770.0,798.2000122070312,785.2130126953125,171637393,-0.053199650627666184,-0.05466703233906636,852.8640930175782,890.9973962402344,830.1109546271431,856.5571533005477,0.01513343994641974,3,1,3
2026-03-20,785.0,793.75,778.2000122070312,780.4500122070312,767.7518310546875,103129469,-0.022237509259669497,-0.022488490444394726,846.2165405273438,887.6802600097657,820.5172433083037,849.9789812823358,0.01542036262775951,3,1,4
2026-03-23,763.1500244140625,768.7000122070312,741.0499877929688,744.1500244140625,732.04248046875,72341738,-0.04651157983808685,-0.0476279985755421,837.9679718017578,883.6951721191406,806.9057413329878,841.2429441850331,0.017070420909354227,3,1,0
2026-03-24,755.0,772.75,747.7000122070312,764.9000244140625,752.454833984375,61269986,0.027884110635976178,0.027502427833767513,830.1620788574219,880.2698254394531,798.5286786639704,834.6660471331326,0.018257486125869558,3,1,1
2026-03-25,768.2000122070312,794.7999877929688,768.2000122070312,782.2999877929688,769.5717163085938,59230640,0.022748052841367272,0.02249317397942538,823.8563720703125,877.2271496582031,794.0737613785278,829.8442448498334,0.019027516347331505,3,1,2
2026-03-27,773.2000122070312,774.9000244140625,754.5499877929688,756.2000122070312,743.8963623046875,65485199,-0.03336317260600907,-0.03393242036522728,816.4095397949219,873.6630969238281,786.3541615210139,823.4777350316745,0.0196884666280771,3,1,4
2026-03-30,745.2000122070312,751.0,726.6500244140625,731.5499877929688,719.6473999023438,103500135,-0.03259723212950971,-0.03314035745356986,808.1929382324219,869.8481921386718,776.0915828104493,815.7865990961684,0.020253855157205743,3,1,0
2026-04-01,743.0,755.9000244140625,739.0999755859375,742.25,730.17333984375,78862761,0.014626523965534544,0.01452058809687678,801.0363037109375,866.2438061523437,769.0272377386494,809.4448761885818,0.02053802044085351,4,2,2
2026-04-02,730.0,755.0,726.6500244140625,750.9000244140625,738.6826171875,49310300,0.011653777095683715,0.01158639483534907,794.7158416748047,862.6984448242188,764.3588345769342,804.2032273736868,0.020014283223936016,4,2,3
2026-04-06,759.0,772.75,745.0,771.0,758.45556640625,42976659,0.026767855041769595,0.02641586356626505,789.9127807617188,859.6115002441406,763.4506394737521,800.8145117464692,0.02090399803965082,4,2,0
2026-04-07,766.0,774.0,761.0,772.0,759.4392700195312,51309793,0.0012969825219191211,0.0012961421666269769,784.7113098144531,856.4793041992187,762.8335057115643,797.7496790259553,0.020927248330113873,4,2,1
2026-04-08,800.0,817.7999877929688,796.0,816.0999755859375,802.82177734375,70269512,0.05712439300525385,0.055552384926165856,782.6971252441406,854.4282287597656,768.9855475011314,798.1253900124586,0.02384730124937758,4,2,2
2026-04-09,815.0,819.0,793.0999755859375,797.7000122070312,784.72119140625,48879392,-0.022546206951919445,-0.022804258778951383,780.5821075439453,852.0476037597656,771.4064157942265,797.1324864119987,0.024098396897158213,4,2,3
2026-04-10,804.0,812.25,801.0,810.2999877929688,797.1161499023438,38156026,0.015795366089045526,0.015671917540624757,778.6564575195313,849.9660327148438,775.3617595031676,797.1312763001724,0.024175124514857056,4,2,4
2026-04-13,791.5,798.5,787.3499755859375,794.7000122070312,781.7699584960938,47549328,-0.019252139613693764,-0.019439875504534927,776.7258880615234,847.3748876953125,776.3476362713101,795.9934009072776,0.02426578143582198,4,2,0
2026-04-15,804.9500122070312,814.7999877929688,804.0,809.9000244140625,796.72265625,39769515,0.01912672339401622,0.018946107052142572,775.6019775390625,844.95884765625,779.4822547295701,796.0474198215534,0.02463826345490391,4,2,2
2026-04-16,818.0,820.0499877929688,792.2000122070312,795.4500122070312,782.5077514648438,62861293,-0.01784172280484997,-0.01800280520904854,774.5420074462891,842.2034204101562,779.9477157657659,795.0444814247601,0.024751712944139182,4,2,3
2026-04-17,790.0999755859375,803.9500122070312,788.2000122070312,799.9000244140625,786.8853759765625,37282544,0.005594352903883548,0.005578762629647865,772.5401184082032,839.6585119628907,781.0150481058885,794.4401032434121,0.02475725566585006,4,2,4
2026-04-20,797.0999755859375,809.9500122070312,790.0,795.4500122070312,782.5077514648438,52148044,-0.005563230230687499,-0.005578762629647836,770.0857147216797,837.0486779785156,781.244694776497,793.5562253338885,0.024733813580116733,4,2,0
2026-04-21,795.2000122070312,814.9000244140625,795.2000122070312,811.75,798.5425415039062,49135752,0.020491541469136454,0.020284414619140687,768.5461791992187,834.3542419433594,783.9059019653292,793.9255820872231,0.025034431726900664,4,2,1
2026-04-22,810.0,813.0499877929688,798.0,799.9000244140625,786.8853759765625,23876412,-0.014598051977781523,-0.01470565198949276,768.6297973632812,831.3400952148437,784.364282582442,793.4040853382853,0.02502375966516565,4,2,2
2026-04-23,792.0,796.6500244140625,782.5,784.3499755859375,771.5883178710938,37677616,-0.01944000812886426,-0.019631450239249663,768.8216217041015,828.0869006347656,782.3987495499268,791.7881025629378,0.024916239103185373,4,2,3
2026-04-24,777.2999877929688,787.5999755859375,777.0,784.8499755859375,772.0802001953125,27720358,0.0006374932238164543,0.000637290111328554,770.8235076904297,825.0127453613281,780.8112804184477,790.3282579431136,0.024727303716762003,4,2,4
2026-04-27,787.5,793.0,785.0,789.7999877929688,776.9496459960938,18115375,0.006306917078756191,0.006287111707506324,772.0482482910156,822.1117260742187,780.2171828150088,789.3372496507418,0.02466764900419864,4,2,0
2026-04-28,785.0,794.5,778.2999877929688,782.5499877929688,769.817626953125,35366803,-0.009179512571661053,-0.009221903917875435,772.0605438232421,819.1634875488281,778.6172511439497,787.8913516731405,0.024518449229088638,4,2,1
2026-04-29,785.5,790.0,777.3499755859375,779.0,766.3253784179688,25799963,-0.004536462160496746,-0.004546783130585717,773.1819946289063,816.2496801757812,776.726193801491,786.2938721727575,0.024523279990629653,4,2,2
2026-04-30,770.0,778.7999877929688,762.25,771.7000122070312,759.1441650390625,47998755,-0.009370971627915337,-0.00941515542928,775.1568328857422,813.3201330566407,774.021266299579,784.2827827554468,0.024356728406153424,4,2,3
2026-05-01,771.7000122070312,771.7000122070312,771.7000122070312,771.7000122070312,759.1441650390625,0,0.0,0.0,776.6053741455078,810.7191516113281,771.7324814902688,782.4206629246036,0.02367079545047099,5,2,4
2026-05-04,772.5999755859375,786.5999755859375,772.5999755859375,779.4000244140625,766.7189331054688,29028060,0.009978036340457797,0.009928584419149563,778.0071899414063,807.8387927246093,770.9611663541457,781.25757182689,0.023735746398437944,5,2,0
2026-05-05,774.4000244140625,776.9000244140625,763.7000122070312,772.2999877929688,759.734375,38887657,-0.009109672141757286,-0.009151418931474852,778.0711303710938,804.8207092285156,769.2339676842771,779.663260950824,0.023767077937462407,5,2,1
2026-05-06,775.1500244140625,798.9500122070312,773.5,796.5499877929688,783.58984375,35530831,0.031399749089936924,0.030916859363349022,779.2786590576172,802.2994091796875,771.4425640020806,779.9541189359481,0.02254944913143992,5,2,2
2026-05-07,794.0,801.5499877929688,788.5499877929688,796.0499877929688,783.0979614257812,46137553,-0.0006277293256695682,-0.0006279264302125718,778.2924682617188,799.9473107910156,773.2357020672654,780.1869961574172,0.02215039517225229,5,2,3
2026-05-08,784.0,788.75,777.2000122070312,780.8499755859375,768.145263671875,38016841,-0.019094287675940236,-0.0192789378748839,777.463671875,797.3699389648438,772.4525576987438,779.295015973303,0.02064111256027864,5,2,4
2026-05-11,771.9500122070312,774.8499755859375,761.9000244140625,763.6500244140625,751.2251586914062,41123422,-0.022027220345781418,-0.022273441999053685,775.1691223144531,794.22298828125,769.1868040053073,777.215767285755,0.02047788065015368,5,2,0
2026-05-12,756.5999755859375,759.7000122070312,747.7999877929688,750.4500122070312,738.2399291992188,43937132,-0.017285402840883424,-0.017436539588413902,772.9926208496094,791.0740698242188,764.4257463428322,774.3286681682338,0.020257477521034226,5,2,1
2026-05-13,752.0,759.9500122070312,747.3499755859375,749.5999755859375,737.4037475585938,28960919,-0.001132669214373161,-0.0011333111689416557,770.0266754150391,787.9654846191406,760.2685157606418,771.593488863816,0.01932544917045585,5,2,2
2026-05-14,751.0,778.2999877929688,747.0,769.5499877929688,757.0291748046875,50992358,0.026614222277917543,0.026266224815799998,768.7527465820312,785.4264794921875,759.7701556135719,770.514650785362,0.018912702968367234,5,2,3
2026-05-15,773.0,781.9000244140625,765.4000244140625,767.5,755.0125122070312,24347873,-0.0026639166161285255,-0.0026674711560660653,767.1591033935547,783.0606091308593,759.0382104741041,769.3663442240043,0.01877318889359343,5,2,4
2026-05-18,759.0,774.0999755859375,751.3499755859375,768.6500244140625,756.143798828125,29812079,0.0014983680439768499,0.0014972466106527192,765.8409057617188,780.8816479492187,758.5929163747227,768.3868964169021,0.018671036700760757,5,2,0
2026-05-19,766.7000122070312,770.7999877929688,760.25,762.4500122070312,750.044677734375,40307830,-0.008066086243387116,-0.008098793113384338,763.4160125732421,778.7922058105469,757.2778027377461,767.0282135515297,0.018083697649623805,5,2,1
2026-05-20,759.5999755859375,762.25,755.1500244140625,759.5,747.1427001953125,24013451,-0.003869072903534665,-0.0038765771286175276,761.4288787841797,776.4656860351563,755.7185561927563,765.5552125621803,0.018093390649558765,5,2,2
2026-05-21,767.0,768.25,755.1500244140625,759.1500244140625,746.7984008789062,34664725,-0.0004608213615903134,-0.0004609275723846843,760.1893829345703,774.5395446777344,754.3462246060101,764.1658191041599,0.014474184202501267,5,2,3
2026-05-22,759.1500244140625,775.0,759.1500244140625,766.7999877929688,754.3239135742188,25604071,0.010077033756975995,0.010026598991190589,759.3015686035156,773.0855920410156,754.3427921395806,763.436789064905,0.014122430404302742,5,2,4
2026-05-25,776.0,787.8499755859375,775.2000122070312,786.8499755859375,774.0476684570312,26043952,0.026147593265809732,0.025811589488299386,759.1564697265625,771.8539624023438,757.3743115730346,764.2227801309884,0.014668448189468183,5,2,0
2026-05-26,784.0499877929688,790.8499755859375,776.75,778.9000244140625,766.22705078125,31528062,-0.01010353495589067,-0.01015492208597672,758.9769409179687,770.7708764648437,758.7362714512216,764.3712446236004,0.014365178962828469,5,2,1
2026-05-27,769.5,773.9000244140625,756.9000244140625,758.6500244140625,746.3065185546875,63680153,-0.025998210590779114,-0.026342138165498092,757.9759979248047,769.3129895019531,756.8240017748317,763.033116766644,0.014592340076689473,5,2,2
2026-05-28,758.6500244140625,758.6500244140625,758.6500244140625,758.6500244140625,746.3065185546875,0,0.0,0.0,757.334115600586,768.1649768066407,755.205927433271,761.7941094916843,0.014287960529371055,5,2,3
2026-05-29,746.0499877929688,760.5,737.75,744.5499877929688,732.4359130859375,101299431,-0.01858566838678044,-0.01876055219960015,755.9987030029297,766.2752319335938,751.7028483029119,759.6194282764437,0.014554684883937739,5,2,4
2026-06-01,749.0,752.3499755859375,739.2000122070312,742.7000122070312,730.6160278320312,47996441,-0.0024847023765377507,-0.0024877943723425385,754.1935577392578,764.2556359863281,748.4587220766225,757.4710282435243,0.01454162427732832,6,2,0
2026-06-02,737.0,753.5999755859375,733.1500244140625,748.25,736.0757446289062,47314447,0.007472758041013217,0.007444975307888749,753.0106262207031,762.3904858398438,746.5536486231276,755.8861924202193,0.01402677428108211,6,2,1
2026-06-03,744.4500122070312,756.9000244140625,742.5999755859375,753.6500244140625,741.3878784179688,36109480,0.007216830370820881,0.007190913666789286,750.9005279541016,761.5139831542969,745.7589147454108,754.8122432348674,0.01394947195566562,6,2,2
2026-06-04,749.1500244140625,757.2999877929688,745.0,754.2000122070312,741.9288940429688,42673538,0.0007297335723297493,0.000729467446246012,748.842074584961,760.9975244140625,745.169680791189,753.8579210725045,0.013554904087322267,6,2,3
2026-06-05,753.9500122070312,758.7000122070312,744.6500244140625,747.0499877929688,734.8952026367188,22116568,-0.009480276968216628,-0.009525500844115454,747.1795715332031,761.0545788574219,743.5889918443474,752.4532752624464,0.013632811270441907,6,2,4
2026-06-08,738.0,741.5,734.5,738.6500244140625,726.6319580078125,21550700,-0.011244112901075853,-0.01130780583564831,745.9499114990234,760.5381213378906,740.9802174079574,750.5405850954365,0.013660377567150842,6,2,0
2026-06-09,739.4500122070312,743.9500122070312,732.2999877929688,738.3499755859375,726.3367919921875,38539563,-0.0004062111669768109,-0.0004062936930823397,745.3547546386719,759.6734228515625,738.7273827286082,748.747711532233,0.013598236385328432,6,2,1
2026-06-10,736.5,755.9500122070312,736.4000244140625,746.8499755859375,734.698486328125,44458159,0.011512144817837466,0.011446384293906518,745.2194915771485,759.4894653320313,738.1075525131492,747.7070281837806,0.013802923389896141,6,2,2
2026-06-11,743.0,756.0,740.0999755859375,744.5999755859375,732.485107421875,32632007,-0.003012635723958046,-0.003017182845804936,743.9922882080078,759.7462194824219,737.2425609606455,746.5794784977135,0.013723500345039647,6,2,3
2026-06-12,754.7000122070312,774.4500122070312,753.0999755859375,772.4500122070312,759.8819580078125,36088159,0.03740260424183384,0.03672009328658465,744.2357604980468,760.3403918457032,740.7255451217482,747.5648473503134,0.015420902143297041,6,2,4
2026-06-15,790.0,793.5,775.5999755859375,777.3499755859375,764.7022094726562,39990334,0.006343421388081083,0.0063233865721772555,744.6636810302734,760.8607836914063,744.4142627141955,748.834281581598,0.01535513537727529,6,2,0
2026-06-16,780.5,787.7000122070312,779.4500122070312,784.9000244140625,772.1294555664062,27820970,0.009712599233722363,0.00966573514551492,745.767919921875,761.1342614746094,748.6781385376125,750.5598500249171,0.015353543934163064,6,2,1
2026-06-17,787.6500244140625,794.2999877929688,783.0999755859375,787.0999755859375,774.2935791015625,32405604,0.002802798830629616,0.0027988783138918135,747.1254638671875,761.43134765625,752.618975547451,752.3179040305945,0.014225035091181863,6,2,2
2026-06-18,786.5,802.9500122070312,786.2000122070312,799.0,786.0,41492071,0.015118840210480489,0.015005689591172117,749.0855438232422,761.094912109375,757.7545177709201,754.8128741024022,0.01450039027659339,6,2,3
2026-06-19,788.7000122070312,789.0499877929688,776.2000122070312,779.7999877929688,779.7999877929688,33798761,-0.00788805624304234,-0.007919331534763678,750.3593475341797,760.9964880371094,761.1461285435429,756.6637714128146,0.01412504612164678,6,2,4
2026-06-22,789.9000244140625,789.9000244140625,783.0999755859375,786.4000244140625,786.4000244140625,25194765,0.008463755737895706,0.008428138983862457,750.9769653320312,760.7821655273438,765.0313432928535,758.8664568203144,0.01352516139311026,6,2,0
2026-06-23,783.0499877929688,790.9000244140625,772.5499877929688,774.6500244140625,774.6500244140625,28289062,-0.014941505131252697,-0.015054253919755725,751.3981140136718,760.6397668457031,766.5111403884242,760.0356099754068,0.013418569422120193,6,2,1
2026-06-24,773.0,794.9000244140625,772.6500244140625,793.2000122070312,793.2000122070312,34701292,0.02394628181545566,0.023664066076691862,753.742788696289,760.5693139648438,770.61712066821,762.4922323629346,0.014004883236710466,6,2,2
2026-06-25,798.5,804.4500122070312,794.75,796.2999877929688,796.2999877929688,46707966,0.003908189029538711,0.0039005718984687016,756.2424621582031,760.8451586914063,774.568330995096,764.9965105429371,0.01325162408882983,6,2,3
2026-06-26,796.2999877929688,796.2999877929688,796.2999877929688,796.2999877929688,796.2999877929688,0,0.0,0.0,759.4356658935546,761.0334509277344,777.9116628101533,767.3152866355321,0.013229784675537808,6,2,4
2026-06-29,800.0,805.9000244140625,793.2999877929688,798.9000244140625,798.9000244140625,46695977,0.0032651471316733627,0.003259828113883163,762.8498657226562,761.3612963867188,781.140641518447,769.6548968413491,0.01323204973383146,6,2,0
2026-06-30,806.0999755859375,806.0999755859375,792.75,797.9500122070312,797.9500122070312,45778356,-0.0011891503041673301,-0.0011898579044079326,765.9435791015625,761.3494458007813,783.7266985474598,771.7508313128811,0.013112122919415395,6,2,1
2026-07-01,793.5,802.25,793.5,796.1500244140625,796.1500244140625,26094378,-0.0022557651048719096,-0.002258313175596629,768.6816864013672,761.5347387695313,785.6379794500141,773.5581789500056,0.01308988130107871,7,3,2
2026-07-02,795.0,805.4500122070312,794.0,795.9000244140625,795.9000244140625,34143823,-0.0003140111691687375,-0.0003140604809991661,771.3802429199219,762.0209729003906,787.2167555983292,775.2131304658618,0.013088878760626204,7,3,3
2026-07-03,803.0,807.0,798.5499877929688,801.0499877929688,801.0499877929688,25871958,0.0064706159328209445,0.006449771367345385,774.6879821777344,762.6003686523437,789.3449451667353,777.1269717493512,0.013030537783855482,7,3,4
2026-07-06,805.0,831.5,805.0,829.8499755859375,829.8499755859375,63203327,0.03595279724342504,0.03532158029294231,779.8488830566406,763.6583752441406,795.576488308151,781.0323794409502,0.013757541152567197,7,3,0
2026-07-07,843.0,843.0,826.0999755859375,829.2999877929688,829.2999877929688,57611729,-0.0006627556897623732,-0.0006629754094001864,784.9970428466797,764.8480224609375,800.764718998123,784.607757837396,0.013568013054657194,7,3,1
2026-07-08,825.9000244140625,834.3499755859375,806.9500122070312,810.2999877929688,810.2999877929688,38749130,-0.022910889038555315,-0.02317742233562709,788.7771179199219,765.7275146484375,802.2316834280994,786.5108859822533,0.013352611685504626,7,3,2
