Date,Open,High,Low,Close,Adj Close,Volume,Daily Return,Log Return,SMA_20,SMA_50,EMA_12,EMA_26,Rolling Volatility,Month,Quarter,Day of Week
2021-09-20,1685.0,1707.699951171875,1677.949951171875,1687.8499755859375,1470.0709228515625,5660743,-0.002039869775164349,-0.002041953143195954,1484.853533935547,1444.2483569335936,1478.4610384749758,1472.648784302833,0.009304625795719945,9,3,0
2021-09-21,1700.0,1726.75,1684.6500244140625,1718.449951171875,1496.72265625,4672222,0.018129556189534046,0.017967175442891416,1483.9694946289062,1446.995400390625,1481.270518132672,1474.4320340766972,0.009812834634970541,9,3,1
2021-09-22,1717.0,1738.9000244140625,1713.050048828125,1716.9000244140625,1495.3726806640625,4553892,-0.0009019544003695534,-0.0009023614059918048,1483.7974792480468,1449.677998046875,1483.4400815990396,1475.9831930831688,0.00974214144644766,9,3,2
2021-09-23,1732.0,1745.0,1721.0999755859375,1742.550048828125,1517.713134765625,3826090,0.014939723314753683,0.01482922483354407,1484.1023193359374,1453.0695629882812,1488.7128590092834,1479.074299874462,0.009981585566839705,9,3,3
2021-09-24,1758.0,1788.0,1752.449951171875,1763.8499755859375,1536.2647705078125,8280446,0.012223413843652553,0.012149311167981304,1485.6765930175782,1456.8826806640625,1496.028537701365,1483.310631032488,0.010174391713561296,9,3,4
2021-09-27,1768.75,1769.0,1718.0999755859375,1721.1500244140625,1499.074462890625,5045337,-0.024208266915405674,-0.024506103572550536,1486.214422607422,1459.395439453125,1496.4971415766358,1484.478322281239,0.011160005424509662,9,3,0
2021-09-28,1710.0,1710.0,1675.0,1687.0999755859375,1469.4176025390625,6557197,-0.019783447110676478,-0.01998175939226568,1485.7375549316407,1461.2471215820312,1492.3310586477785,1483.362713411448,0.011495938770127393,9,3,1
2021-09-29,1659.25,1701.4000244140625,1655.0,1692.25,1473.9034423828125,7792548,0.0030528012159367623,0.0030481508802678494,1485.1191833496093,1463.630107421875,1489.4960407608605,1482.6620266685861,0.01148566677784779,9,3,2
2021-09-30,1703.0,1703.0,1670.0999755859375,1675.199951171875,1459.05322265625,6914031,-0.010075435947523581,-0.01012653668350244,1485.0081359863282,1465.95560546875,1484.8125302832282,1480.913226371376,0.010834842542592683,9,3,3
2021-10-01,1665.0999755859375,1678.949951171875,1661.25,1665.1500244140625,1450.2998046875,5733906,-0.005999382224600502,-0.006017450821330096,1483.9651428222655,1467.9605810546875,1479.5028801915776,1478.6455655059035,0.010851649271461284,10,4,4
2021-10-04,1672.5,1688.0,1665.4000244140625,1678.75,1462.1451416015625,2947154,0.008167509142438911,0.00813433554765977,1483.0114379882812,1469.5030737304687,1476.8324588700368,1477.4233118833597,0.010987318728511285,10,4,0
2021-10-05,1671.0,1702.949951171875,1663.0,1692.800048828125,1474.38232421875,4373310,0.008369335074207118,0.00833450638314035,1481.3740173339843,1471.2859594726563,1476.4555150775311,1477.1980535378332,0.011093589496644997,10,4,1
2021-10-06,1702.0999755859375,1709.0,1670.0,1673.550048828125,1457.615966796875,4271698,-0.01137178406608963,-0.011436937211788503,1479.932550048828,1472.4992236328126,1473.5571230343533,1475.7475285940584,0.011126957885468698,10,4,2
2021-10-07,1687.0,1704.199951171875,1676.6500244140625,1691.0,1472.8145751953125,5476108,0.01042703204729345,0.01037304550396101,1479.8345703125,1474.0399780273438,1473.44288490527,1475.5302727867438,0.011187083511291775,10,4,3
2021-10-08,1705.25,1731.5,1698.4000244140625,1723.8499755859375,1501.42578125,4738376,0.019426210560751223,0.019239930346010754,1481.2390014648438,1476.0998217773438,1477.7479458813823,1477.4484585988369,0.011752879078401593,10,4,4
2021-10-11,1682.0,1730.0,1663.699951171875,1690.949951171875,1472.7708740234375,8840633,-0.01908513067006623,-0.019269602662520747,1481.1976135253906,1477.38798828125,1476.9822425186217,1477.101970852511,0.012103022160783605,10,4,0
2021-10-12,1677.0,1689.0,1662.0,1685.1500244140625,1467.71923828125,7439300,-0.0034300214862255096,-0.0034359174960779237,1481.1540649414062,1478.6883471679687,1475.5571649436413,1476.4069536250101,0.012065231242592756,10,4,1
2021-10-13,1695.949951171875,1713.6500244140625,1680.050048828125,1709.199951171875,1488.6661376953125,7104171,0.014271734585009632,0.014170852093461092,1481.0560729980468,1480.0409643554688,1477.57392998236,1477.3150413339213,0.012319405389668128,10,4,2
2021-10-14,1754.0,1783.5999755859375,1698.199951171875,1715.75,1494.37109375,19655776,0.0038322602430653774,0.003824935840494136,1481.6439819335938,1481.0957153320312,1480.1581090235352,1478.578452624001,0.011910046067029705,10,4,3
2021-10-18,1740.0,1799.0,1740.0,1792.1500244140625,1560.9134521484375,13438109,0.04452867074098377,0.04356575088714576,1486.0358642578126,1483.5849560546876,1492.5820079658279,1484.677341477663,0.014313649678320281,10,4,0
2021-10-19,1814.0,1834.5,1782.300048828125,1822.1500244140625,1587.0426025390625,10324260,0.016739653537267474,0.016601089738931055,1491.8844482421875,1486.5218725585937,1507.114407130941,1492.259953408137,0.014539660375930732,10,4,1
2021-10-20,1829.4000244140625,1848.0,1794.050048828125,1802.3499755859373,1569.79736328125,5876115,-0.010866273677985983,-0.010925742827559067,1495.53818359375,1489.17224609375,1516.757938846373,1498.00346525059,0.014446418585756115,10,4,2
2021-10-21,1814.0,1814.0,1746.8499755859375,1753.6500244140625,1527.3809814453125,8779629,-0.0270202911713886,-0.027392051249338543,1497.1385986328125,1490.7460961914062,1518.3922530923637,1500.17957756131,0.01511666641853168,10,4,3
2021-10-22,1749.9000244140625,1763.199951171875,1707.0,1719.800048828125,1497.8985595703125,7369809,-0.01930259852201488,-0.019491326247834576,1496.1478698730468,1491.4872924804688,1515.2393771658944,1500.0106132656806,0.015488292674249726,10,4,4
2021-10-25,1722.050048828125,1729.75,1687.199951171875,1707.550048828125,1487.229248046875,5905209,-0.007122853183394562,-0.007148341808738195,1493.69609375,1492.0098803710937,1510.9301265321992,1499.063845471695,0.015550864845471054,10,4,0
2021-10-26,1710.050048828125,1726.5999755859375,1695.9000244140625,1703.699951171875,1497.0264892578125,5871709,0.006587579704879998,0.006565976425345331,1493.5936950683595,1492.5185083007811,1508.7911054130627,1498.9129301965927,0.01559127216629835,10,4,1
2021-10-27,1709.0999755859375,1734.1500244140625,1701.1500244140625,1728.949951171875,1519.2135009765625,5090259,0.014820720860958092,0.014711967199251892,1496.0834899902343,1493.0771948242189,1510.3945508843703,1500.4166761802942,0.01578209066871185,10,4,2
2021-10-28,1719.3499755859375,1724.75,1692.050048828125,1703.9000244140625,1497.2021484375,5329972,-0.014488649900039396,-0.01459463535780356,1497.2484252929687,1493.3315258789062,1508.3649505079286,1500.1785630141612,0.015814316425969862,10,4,3
2021-10-29,1699.0,1712.5999755859375,1661.050048828125,1667.75,1465.4375,5875091,-0.021216005113704917,-0.02144429931856766,1497.5676391601562,1492.301689453125,1501.7607273528627,1497.6051509390381,0.016267170094249345,10,4,4
2021-11-01,1677.5,1707.199951171875,1676.0,1700.050048828125,1493.8193359375,3636806,0.019367483046871747,0.019182320285630588,1499.7436157226562,1491.9823315429687,1500.5389748274222,1497.3247201981835,0.016608059073533372,11,4,0
2021-11-02,1695.0,1706.449951171875,1686.3499755859375,1697.9000244140625,1491.929931640625,3471772,-0.0012648144601028477,-0.0012656150130172226,1501.2328552246095,1491.6338940429687,1499.2145066448381,1496.925106230957,0.016604414886117427,11,4,1
2021-11-03,1709.0,1717.449951171875,1699.0,1702.5,1495.97216796875,3530713,0.0027094009191703794,0.0027057371088286784,1502.3123474121094,1491.2652685546875,1498.7156853100555,1496.8545182115342,0.016279347083738176,11,4,2
2021-11-04,1715.0,1717.0,1705.0,1708.699951171875,1501.4200439453125,483407,0.003641696077781864,0.003635081157442437,1504.5025512695313,1491.3174096679688,1499.1317404847105,1497.192705302925,0.016290731134575843,11,4,3
2021-11-08,1730.0,1741.0,1703.0,1737.5,1526.726318359375,5245903,0.016854893150063832,0.016714425618108576,1507.1981384277344,1491.619609375,1503.377060157736,1499.3803803441435,0.01635386137428234,11,4,0
2021-11-09,1734.75,1750.0,1726.0,1742.5,1531.119873046875,4016134,0.0028777618062032495,0.002873628976664092,1508.682843017578,1492.1464208984376,1507.6451852176035,1501.731453877679,0.016207777742956397,11,4,1
2021-11-10,1726.0,1750.949951171875,1721.949951171875,1740.1500244140625,1529.0546875,4780368,-0.0013488072248486471,-0.001349717684094976,1511.4970336914062,1492.9611572265626,1510.9389547995106,1503.7553971089621,0.015553866464000558,11,4,2
2021-11-11,1732.949951171875,1739.75,1709.0,1733.300048828125,1523.035888671875,4731349,-0.003936287483586209,-0.003944055053455344,1514.2628662109375,1493.8427758789062,1512.8000215491052,1505.183581669178,0.01509382548793675,11,4,3
2021-11-12,1743.0,1782.8499755859375,1738.050048828125,1780.199951171875,1564.2464599609375,5069009,0.02705817479127104,0.026698574708511807,1518.0418823242187,1495.4022875976561,1520.7148582278485,1509.5586096907898,0.015809045665935634,11,4,4
2021-11-15,1782.0999755859375,1800.0,1775.5,1787.1500244140625,1570.353515625,4354074,0.003904151820305124,0.0038965503979016877,1521.8410034179688,1497.5838745117187,1528.3515747504873,1514.0619360562869,0.01564279033311487,11,4,0
2021-11-16,1790.0,1808.949951171875,1777.0,1792.300048828125,1574.878662109375,6034233,0.0028816100574486914,0.002877466177974906,1522.5392639160157,1499.6582543945312,1535.5095881903162,1518.566878726886,0.015558814933533458,11,4,1
2021-11-17,1792.550048828125,1802.0,1780.699951171875,1787.449951171875,1570.6170654296875,4732492,-0.0027059841384730055,-0.0027096519317062525,1521.7179870605469,1501.4462109375,1540.910738534835,1522.4224481122787,0.015557732652611822,11,4,2
2021-11-18,1781.5999755859375,1789.449951171875,1759.0,1779.4000244140625,1563.5435791015625,4326924,-0.004503635216894786,-0.004513807133870069,1521.4052978515624,1502.5744677734374,1544.3927140066392,1525.4684578151887,0.01556792184083387,11,4,3
2021-11-22,1784.0,1785.4000244140625,1751.1500244140625,1759.4000244140625,1545.969482421875,6621839,-0.011239914841251752,-0.011303560044582142,1522.3347229003907,1503.764951171875,1544.6352937628294,1526.9870522304986,0.015564012157722707,11,4,0
2021-11-23,1735.0999755859375,1747.25,1710.0,1736.9000244140625,1526.1990966796875,8436160,-0.012788341533893521,-0.012870816271384491,1523.7497497558593,1504.7934497070312,1541.7989557500384,1526.9286851526608,0.015711122591716423,11,4,1
2021-11-24,1740.0,1740.5,1688.0,1696.0,1490.2606201171875,7333061,-0.02354769875089413,-0.023829376505540747,1523.901318359375,1505.1319189453125,1533.8699810372923,1524.21253218707,0.015959166023011128,11,4,2
2021-11-25,1700.0,1726.199951171875,1696.949951171875,1722.4000244140625,1513.4580078125,4476260,0.015565993881988538,0.0154460865166113,1524.7228942871093,1505.9291064453125,1530.7296774642473,1523.4159007519168,0.01579278285158476,11,4,3
2021-11-26,1702.550048828125,1718.3499755859375,1684.0,1691.6500244140625,1486.4384765625,4494181,-0.017852845014876273,-0.01801412952739966,1523.0841430664063,1506.2860717773438,1523.9156465562862,1520.6768322934413,0.016148710842844558,11,4,4
2021-11-29,1691.0,1712.0,1669.1500244140625,1696.3499755859375,1490.5682373046875,3942776,0.00277829241324401,0.002774440092476766,1522.7524475097657,1506.2849169921874,1518.7852759021941,1518.446565997978,0.01594697305343569,11,4,0
2021-11-30,1704.550048828125,1729.9000244140625,1700.050048828125,1712.6500244140625,1504.8907470703125,14808963,0.009608758195145395,0.009562887683137046,1524.7251098632812,1506.7304736328124,1516.6476560819046,1517.4424312625954,0.016027453395491168,11,4,1
2021-12-01,1715.0,1741.9000244140625,1713.0,1714.9000244140625,1506.867919921875,5193264,0.001313831489369921,0.0013129691679927074,1525.3775390625,1507.4063159179686,1515.143081288054,1516.6591341262458,0.013692503921051855,12,4,2
2021-12-02,1715.0,1750.5,1711.3499755859375,1748.25,1536.1722412109375,5559574,0.019447173107634885,0.019260493218675935,1527.5896545410155,1508.7283422851563,1518.3783366608052,1518.1045494658526,0.013822336771299737,12,4,3
2021-12-03,1771.0999755859375,1786.6500244140625,1732.550048828125,1735.550048828125,1525.0128173828125,6754012,-0.0072644352818979074,-0.007290949778480554,1529.0416870117188,1509.2941455078126,1519.3990260026524,1518.6162730152569,0.013749067857349563,12,4,4
2021-12-06,1730.0,1733.949951171875,1691.5,1695.300048828125,1489.6456298828125,3991449,-0.023191403440592895,-0.02346455548787462,1528.4529663085937,1509.1796044921875,1514.8215804457539,1516.4702994498907,0.013513734578895209,12,4,0
2021-12-07,1701.0999755859375,1724.9000244140625,1694.0,1711.6500244140625,1504.0120849609375,4202122,0.00964420986436565,0.00959800133138684,1527.3172546386718,1508.9055834960936,1513.1585811403975,1515.5474687470053,0.013172127450257316,12,4,1
2021-12-08,1733.0,1759.800048828125,1732.5999755859375,1753.3499755859375,1540.653564453125,3029169,0.024362490074764986,0.02407045818978472,1527.7939392089843,1508.993359375,1517.3885785731247,1517.4071795400512,0.01380599855268032,12,4,2
2021-12-09,1759.0,1769.4000244140625,1742.0,1763.449951171875,1549.5284423828125,2082171,0.005760463049224063,0.005743935024295153,1528.817626953125,1510.0024389648438,1522.3331730053844,1519.7865323432188,0.01379583361511336,12,4,3
2021-12-10,1760.0,1763.75,1746.0,1759.25,1545.8377685546875,1823469,-0.002381804507214813,-0.002384645515617716,1529.9577209472657,1511.5308422851563,1525.9492646283543,1521.7162535440684,0.013567580985504066,12,4,4
2021-12-13,1767.050048828125,1771.3499755859375,1738.800048828125,1744.6500244140625,1533.009033203125,4040584,-0.00829888854608396,-0.008333516034493263,1528.395849609375,1512.7129541015624,1527.0353828706266,1522.5527557410358,0.013374834750815098,12,4,0
2021-12-14,1730.9000244140625,1763.0,1710.3499755859375,1752.1500244140625,1539.59912109375,4768144,0.0042987926019297795,0.004289579187945875,1526.8581298828126,1514.3238720703125,1528.968265674184,1523.8154494708665,0.01271672026212755,12,4,1
2021-12-15,1745.0,1747.949951171875,1721.199951171875,1734.199951171875,1523.8265380859375,3053149,-0.010244603800895535,-0.010297440927804852,1524.3055236816406,1515.7944067382812,1528.1772306606076,1523.8162708497607,0.012446464521802677,12,4,2
2021-12-16,1762.6500244140625,1777.5999755859375,1758.0,1771.5999755859375,1556.689697265625,4481031,0.021566207411616967,0.021336947087707076,1523.6091552734374,1517.6852978515626,1532.5637639844565,1526.2513394731582,0.013005238151675676,12,4,3
2021-12-17,1820.0,1842.0,1806.75,1820.8499755859373,1599.9652099609375,18887243,0.02779970393028708,0.027420307514350255,1525.4302368164062,1520.1969555664064,1542.9332172116074,1531.7116261759568,0.013864155546740269,12,4,4
2021-12-20,1801.699951171875,1829.6500244140625,1787.300048828125,1798.9000244140625,1580.677978515625,5773891,-0.012054781769775702,-0.012128029906918981,1527.1656616210937,1522.6581958007812,1548.7401035660716,1535.3387633863026,0.014107206738310197,12,4,0
2021-12-21,1801.0,1838.0,1801.0,1811.5999755859373,1591.8372802734375,5353584,0.0070598198428069026,0.007035015986780608,1530.4475708007812,1525.0386499023436,1555.370438444128,1539.5238387112756,0.013858198182226394,12,4,1
2021-12-22,1825.0,1829.1500244140625,1812.3499755859373,1824.699951171875,1603.34814453125,4156428,0.007231181478445592,0.007205161845486913,1536.1019470214844,1527.0770971679688,1562.751623995993,1544.2515650683106,0.01389602014223097,12,4,2
2021-12-23,1831.25,1861.5999755859373,1827.0,1857.5999755859373,1632.257080078125,4112933,0.01803035457113822,0.017869735533628833,1542.0419006347656,1530.2668212890626,1573.4447710855518,1550.7704921060747,0.014199847208865066,12,4,3
2021-12-24,1872.949951171875,1875.75,1854.0,1863.5,1637.4415283203125,3780347,0.003176244909864012,0.0031712112998360086,1549.5920532226562,1533.6612670898437,1583.2904260447458,1557.190568862685,0.014151831922401497,12,4,4
2021-12-27,1860.0,1874.5,1845.050048828125,1866.1500244140625,1639.7698974609375,2647733,0.0014219555937446948,0.0014209455722465126,1557.0521362304687,1536.6833422851562,1591.9795754933907,1563.3075561662592,0.013371112900154861,12,4,0
2021-12-28,1880.699951171875,1895.9000244140625,1878.4000244140625,1888.0,1658.96923828125,3340933,0.01170855792025538,0.011640543144465063,1564.7560607910157,1539.9753051757812,1602.2856774607537,1570.3936066932956,0.013491673259189109,12,4,1
2021-12-29,1883.5,1893.800048828125,1876.4000244140625,1885.550048828125,1656.8167724609375,3236635,-0.0012974718099911797,-0.0012983142553182597,1572.2535034179687,1541.8933715820312,1610.6750766915513,1576.795322676084,0.013502965494409228,12,4,2
2021-12-30,1884.5,1909.800048828125,1874.3499755859373,1892.8499755859373,1663.2310791015625,4584738,0.003871464091407928,0.0038639892604508366,1578.6064453125,1543.4171411132813,1618.760615523861,1583.1979713001936,0.013480994715593247,12,4,3
2021-12-31,1890.0,1898.3499755859373,1871.6500244140625,1887.75,1658.7496337890625,4619420,-0.002694421339770048,-0.0026980578265687156,1585.2932861328125,1545.1961865234375,1624.9127721800457,1588.7943907438137,0.013454922187934587,12,4,4
2022-01-03,1887.75,1914.050048828125,1887.75,1898.449951171875,1668.1514892578125,3329616,0.005668037705770956,0.005652034821545253,1594.2185791015625,1548.0115966796875,1631.5648824997022,1594.6726943374433,0.01323087616350369,1,1,0
2022-01-04,1898.449951171875,1906.6500244140625,1878.0,1899.1500244140625,1668.766845703125,3921999,0.00036888522971390003,0.0003688172082851023,1602.456317138672,1551.4289624023438,1637.288261454075,1600.1611499941605,0.01291673814657577,1,1,1
2022-01-05,1900.0,1902.9000244140625,1840.0,1844.6500244140625,1620.878173828125,6995719,-0.02869704176968013,-0.029116852938296713,1606.467547607422,1554.1019409179687,1634.7636325885442,1601.695744352232,0.01331073766282042,1,1,2
2022-01-06,1828.0,1828.0,1800.0,1817.800048828125,1597.2852783203125,6449205,-0.01455562539416011,-0.014662597812065681,1608.8553894042968,1556.1071166992188,1628.9977319318932,1601.3690431646824,0.013456867427735329,1,1,3
2022-01-07,1815.449951171875,1836.0,1806.800048828125,1814.300048828125,1594.2098388671875,4834389,-0.0019254165144244606,-0.0019272725115624788,1611.273992919922,1557.6070434570313,1623.645748383477,1600.8387317352383,0.012956128425515044,1,1,4
2022-01-10,1815.0,1869.9000244140625,1813.0,1850.75,1626.2381591796875,7857560,0.020090404369388803,0.01989125510331449,1615.93544921875,1560.187763671875,1624.0445808136633,1602.7201708051973,0.013352262395319963,1,1,0
2022-01-11,1855.0,1870.0,1850.1500244140625,1855.5999755859373,1630.4996337890625,5142287,0.002620449277567438,0.0026170218865897484,1620.4804748535157,1563.4890063476562,1625.0376658868017,1604.7779088040022,0.013293714205272384,1,1,1
2022-01-12,1868.9000244140625,1889.0,1860.0,1877.449951171875,1649.6990966796875,5362535,0.011775202209649116,0.011706413986357616,1626.774102783203,1566.6066015625,1628.8317321626303,1608.1054042022013,0.013391290012569284,1,1,2
2022-01-13,1905.0,1912.5,1866.3499755859373,1896.800048828125,1666.701904296875,14277630,0.010306611461089243,0.010253860487436336,1632.2747131347655,1570.102041015625,1634.6579124909758,1612.4458856906956,0.013107740770633994,1,1,3
2022-01-14,1882.0,1933.0,1881.0,1929.3499755859373,1695.30322265625,7688506,0.017160428199931133,0.017014851135024087,1637.0416137695313,1574.088662109375,1643.9879602087103,1618.5834662066627,0.013218800348129901,1,1,4
2022-01-17,1938.550048828125,1953.9000244140625,1930.5,1939.5,1704.221923828125,5262464,0.0052608294803455635,0.005247039659721263,1643.2188110351562,1578.1446997070314,1653.2547238424663,1624.9270556601045,0.012211157097318553,1,1,0
2022-01-18,1922.0999755859373,1945.0,1911.449951171875,1920.75,1687.7464599609375,3690315,-0.009667440394252935,-0.009714473467903509,1648.0142700195313,1581.3651025390625,1658.5611447837696,1629.5803448675738,0.012441167629279694,1,1,1
2022-01-19,1916.0,1916.0,1862.8499755859373,1867.050048828125,1640.560791015625,5747770,-0.0279577946479026,-0.02835605432023544,1649.87490234375,1583.5539208984376,1655.7918595886704,1630.393711248911,0.013125611758701191,1,1,2
2022-01-20,1844.0,1848.0,1815.5,1823.699951171875,1602.469482421875,5533463,-0.023218468222789057,-0.023492263226366255,1648.3855224609374,1585.022216796875,1647.588416947625,1628.3252498543156,0.013896711691658684,1,1,3
2022-01-21,1795.0,1808.0,1776.0,1785.699951171875,1569.0792236328125,8252758,-0.020836751748057325,-0.021056900350878573,1644.9674072265625,1585.9430834960938,1635.510079514577,1623.9366553193895,0.01445849466761573,1,1,4
2022-01-24,1765.0,1768.6500244140625,1728.0,1736.800048828125,1526.111328125,7116712,-0.027384146613280036,-0.027766081138386023,1639.2844787597655,1585.180380859375,1618.679502377719,1616.6903347864718,0.015261097633796945,1,1,0
2022-01-25,1726.5999755859375,1740.0,1700.5,1722.1500244140625,1513.238525390625,9137653,-0.008435035175442085,-0.008470811409229327,1631.9979431152344,1584.0380810546876,1602.4578136104737,1609.027237794187,0.015313333512287051,1,1,1
2022-01-27,1702.0,1709.699951171875,1665.0,1678.5999755859375,1474.9713134765625,11231734,-0.025288288179277085,-0.025613531890168077,1622.9056701660156,1582.0399340820313,1582.8445058975642,1599.0971693262147,0.015880541307109898,1,1,3
2022-01-28,1681.0,1727.550048828125,1679.5,1686.199951171875,1481.6494140625,10998502,0.004527613876229797,0.004517395065466956,1613.8265869140625,1580.2605810546875,1567.2760302306312,1590.3973356029767,0.015342586098464799,1,1,4
2022-01-31,1718.0,1749.5,1715.3499755859375,1736.199951171875,1525.5841064453125,8788872,0.029652556107958805,0.029221421167919613,1607.168310546875,1579.5013916015625,1560.861888109813,1585.596355665372,0.01546794644633067,1,1,0
2022-02-01,1766.0999755859375,1780.0,1734.699951171875,1772.050048828125,1557.085205078125,5119935,0.020648549299724817,0.020438257887036022,1601.6149963378907,1579.7237060546875,1560.2808599510918,1583.484418584835,0.01584403178495141,2,1,1
2022-02-02,1789.0,1792.800048828125,1772.0,1787.0999755859375,1570.3092041015625,4253717,0.008492790876382328,0.008456930024043631,1596.6921142578126,1580.605908203125,1561.8236821280873,1582.5084767712592,0.01586937190508912,2,1,2
2022-02-03,1779.0,1779.0,1734.0,1738.550048828125,1527.6490478515625,3832922,-0.02716672368637585,-0.02754256161840464,1592.0306579589844,1581.3536767578125,1556.566046085545,1578.4448153698004,0.016532897950414814,2,1,3
2022-02-04,1732.0,1753.949951171875,1710.1500244140625,1741.0999755859375,1529.8896484375,4700077,0.0014666985123896747,0.0014656239606938134,1588.6608764648438,1581.6823095703126,1552.4619849089227,1574.848136337778,0.01613062074616301,2,1,4
2022-02-07,1722.199951171875,1732.0,1695.4000244140625,1715.0,1506.9559326171875,4310209,-0.01499043793370003,-0.015103930175644592,1584.2981811523437,1582.0926586914063,1545.4610537871172,1569.8190842103268,0.016268828843899245,2,1,0
2022-02-08,1710.0,1725.0,1696.0,1717.300048828125,1508.976806640625,6053401,0.0013410306032823893,0.0013401322248219,1578.4351135253905,1582.460830078125,1539.8480926876568,1565.3122488347933,0.016268139530092752,2,1,1
2022-02-09,1735.0,1743.0,1725.0,1737.300048828125,1526.5506591796875,3867244,0.011646204541861938,0.011578909485781,1573.2376647949218,1582.8940283203126,1537.8023336864308,1562.4410199714523,0.01626624719114525,2,1,2
2022-02-10,1755.6500244140625,1773.9000244140625,1748.75,1769.5999755859375,1554.9322509765625,4334630,0.01859197506889565,0.018421257044337842,1568.4993225097655,1583.8553149414063,1540.4377055772202,1561.8848148607196,0.0167218256395386,2,1,3
2022-02-11,1740.0,1745.949951171875,1713.0,1721.3499755859375,1512.5352783203125,7551371,-0.027266122128229653,-0.027644741018099436,1560.7909912109376,1583.3825756835938,1536.145024460773,1558.2292936355043,0.017302525139115444,2,1,4
2022-02-14,1690.0,1718.550048828125,1678.25,1682.199951171875,1478.1346435546875,7459637,-0.022743690847215947,-0.02300631830250534,1549.9325622558595,1582.4450122070311,1527.2203504752213,1552.2963565924808,0.017672931403901387,2,1,0
2022-02-15,1699.0,1746.75,1690.449951171875,1738.25,1527.3853759765625,4669915,0.03331951702548186,0.0327764521131019,1541.0907348632813,1583.1998071289063,1527.245739013889,1550.4510987690796,0.018858772531662984,2,1,1
2022-02-16,1738.25,1755.449951171875,1726.8499755859375,1733.300048828125,1523.035888671875,5350642,-0.0028476685537902613,-0.002851730875817088,1532.855206298828,1583.580283203125,1526.5980697305022,1548.420342465583,0.018849499279282343,2,1,2
2022-02-17,1744.0,1749.0,1720.300048828125,1724.800048828125,1515.56689453125,3937950,-0.0049040171647813935,-0.004916081314985004,1526.6055114746093,1583.0785498046876,1524.9009658536943,1545.9867537297064,0.018215192489565428,2,1,3
2022-02-18,1710.0,1722.5,1703.5,1706.949951171875,1499.882080078125,5602215,-0.010349140318201666,-0.01040306504321091,1521.476141357422,1582.0856225585937,1521.0519065036067,1542.571592718478,0.018131815975522485,2,1,4
2022-02-21,1701.0,1737.300048828125,1691.5,1730.699951171875,1520.751220703125,5120890,0.013913854230402478,0.01381794517972005,1519.0597412109375,1581.5838916015625,1521.0056471496864,1540.955268865489,0.018361292758069744,2,1,0
2022-02-22,1699.9000244140625,1751.0,1691.050048828125,1734.3499755859375,1523.958251953125,8878515,0.0021088467372836206,0.002106626241245496,1518.9520874023438,1581.4028759765624,1521.459894042523,1539.6962305756842,0.017923576083877475,2,1,1
2022-02-23,1750.0,1758.25,1733.4000244140625,1742.8499755859375,1531.427001953125,5478811,0.0049008888468091705,0.004888918585081736,1519.8615112304688,1581.23943359375,1522.9932952595386,1539.0836951221613,0.017948697978716698,2,1,2
2022-02-24,1690.0999755859375,1714.949951171875,1670.5,1678.1500244140625,1474.575927734375,13592379,-0.03712294098657287,-0.03782953990970755,1519.8417419433595,1580.2544213867188,1515.5444694864364,1534.3053419823252,0.01885826377145178,2,1,3
2022-02-25,1715.0,1728.1500244140625,1677.0,1694.5999755859375,1489.0303955078125,9737281,0.009802457439845869,0.009754725030374521,1520.210791015625,1578.9012353515625,1511.4653811820326,1530.9516422434724,0.018845699949705114,2,1,4
2022-02-28,1682.199951171875,1728.050048828125,1665.0,1715.5999755859375,1507.48291015625,15076542,0.012392302201557515,0.012316146145066827,1519.305731201172,1577.0515893554686,1510.8526933319122,1529.2132176444188,0.01868418167255617,2,1,0
2022-03-02,1710.0,1714.4000244140625,1691.0,1702.800048828125,1496.2357177734375,6771489,-0.00746090871547378,-0.007488880511765493,1516.2632568359375,1575.362744140625,1508.6039278613775,1526.770439876198,0.018617168884468252,3,1,2
2022-03-03,1720.199951171875,1733.9000244140625,1705.550048828125,1720.8499755859375,1512.0960693359375,7344147,0.010600169060328124,0.010544381162742183,1513.3526000976562,1573.767919921875,1509.1411803959252,1525.6834494658083,0.01877751299173507,3,1,3
2022-03-04,1695.25,1736.0,1681.0,1723.300048828125,1514.2490234375,9074499,0.001423820976208301,0.0014228083042505727,1512.682598876953,1571.9859375,1509.9270024023212,1524.8364549451928,0.0182148957340043,3,1,4
2022-03-07,1697.0,1751.0,1696.0,1739.8499755859375,1528.7911376953125,9742588,0.00960351569175888,0.009557695060791863,1512.6276733398438,1569.9166186523437,1512.8291770627816,1525.1293944081644,0.01791110815368182,3,1,0
2022-03-08,1718.449951171875,1800.0,1718.449951171875,1778.199951171875,1562.4891357421875,10984500,0.02204225104135249,0.02180283245471745,1515.4043334960938,1568.4175708007813,1520.4691707057673,1527.896782655129,0.018018121930791026,3,1,1
2022-03-09,1791.0,1831.5999755859373,1791.0,1813.3499755859373,1593.3751220703125,10193515,0.01976716869359474,0.019574335252862247,1519.624249267578,1567.4896752929687,1531.6854709156974,1532.7470300192167,0.017597069029572688,3,1,2
2022-03-10,1844.75,1844.75,1810.199951171875,1825.9000244140625,1604.402587890625,6547182,0.00692082213884726,0.006896983176253125,1523.516845703125,1566.3983422851563,1542.872719681071,1538.0548491208026,0.01751859909233219,3,1,3
2022-03-11,1814.0,1831.4000244140625,1811.0,1822.0,1600.9755859375,4758657,-0.0021359987692556315,-0.002138283268331288,1525.8190124511718,1565.2815185546874,1551.81162218206,1542.715644440558,0.01676414503508097,3,1,4
2022-03-14,1831.550048828125,1895.0,1831.550048828125,1890.699951171875,1661.341796875,10289724,0.03770589100029942,0.0370124025912022,1533.2593383789062,1565.2437329101563,1568.6624182886662,1551.5027668431094,0.017930893983549932,3,1,0
2022-03-15,1888.3499755859373,1888.3499755859373,1830.0,1839.300048828125,1616.1771240234375,7140443,-0.027185659770023074,-0.0275620266885302,1540.1614624023437,1564.3922827148438,1575.9723730170927,1556.2934599675782,0.018126327150428976,3,1,1
2022-03-16,1865.0,1893.949951171875,1849.0,1889.4000244140625,1660.19970703125,5233979,0.027238711867310306,0.026874340030142316,1546.802178955078,1564.2332470703125,1588.930424403886,1563.9902190093317,0.0183969822373503,3,1,2
2022-03-17,1923.300048828125,1923.300048828125,1833.050048828125,1854.5999755859373,1629.62109375,17731459,-0.01841863551218803,-0.018590370598766986,1552.1314392089844,1563.45033203125,1595.1905273802113,1568.8517652864182,0.018737735802993163,3,1,3
2022-03-21,1861.0,1886.9000244140625,1841.0999755859373,1853.050048828125,1628.259033203125,8362085,-0.0008358142589702799,-0.0008361637464593499,1557.766046142578,1563.59794921875,1600.2779898145056,1573.2523036506186,0.01795345446205477,3,1,0
2022-03-22,1850.0,1890.0,1839.0,1887.4000244140625,1658.442138671875,5709382,0.018537041621303763,0.018367324821925678,1565.6940490722657,1564.8210864257812,1609.226320407947,1579.5626618003414,0.018195531521281665,3,1,1
2022-03-23,1897.0,1900.0,1857.0,1872.4000244140625,1645.2618408203125,6192824,-0.007947396863732359,-0.007979145748056244,1571.919580078125,1565.8421264648437,1614.770246625234,1584.4292676536727,0.018001769947215467,3,1,2
2022-03-24,1856.1500244140625,1894.5999755859373,1856.1500244140625,1886.699951171875,1657.8270263671875,3784303,0.007637195025814281,0.007608179290793795,1578.613018798828,1566.4739038085938,1621.3943665855345,1589.8661386694887,0.018017396229330858,3,1,3
2022-03-25,1892.0,1894.0,1858.0,1876.550048828125,1648.9083251953125,3438588,-0.005379753755986649,-0.005394276741365982,1584.4870849609374,1566.8420776367188,1625.6272832947311,1594.239633967698,0.018013512620483174,3,1,4
2022-03-28,1866.0,1880.9000244140625,1852.6500244140625,1873.9000244140625,1646.579833984375,4008555,-0.0014121410968446213,-0.0014131391077487772,1593.0872802734375,1566.7796923828125,1628.8507526315993,1598.1166858207853,0.017774779018618386,3,1,0
2022-03-29,1873.9000244140625,1889.4000244140625,1860.550048828125,1886.0,1657.212158203125,3917785,0.0064572175604884485,0.006436459044757603,1601.4963684082031,1566.5898974609374,1633.2140457964492,1602.494128219477,0.016900837069438877,3,1,1
2022-03-30,1910.0,1919.0,1895.0,1903.949951171875,1672.9842529296875,7795839,0.009517245362032467,0.00947224169768159,1609.771435546875,1566.1435180664062,1639.3325392015627,1607.7156189387517,0.01620605572176321,3,1,2
2022-03-31,1900.0,1913.0,1894.199951171875,1906.8499755859373,1675.5325927734375,5399145,0.0015232300240048957,0.0015220710858888358,1618.736279296875,1565.5697314453125,1644.9017782126205,1612.7390984820618,0.015251877884722164,3,1,3
2022-04-01,1886.8499755859373,1910.300048828125,1878.300048828125,1903.550048828125,1672.6331787109375,6171518,-0.0017304432483170595,-0.0017319421947122533,1626.763134765625,1565.2674658203125,1649.168147520054,1617.175697017534,0.015237951789030521,4,2,4
2022-04-04,1889.75,1893.0,1873.0,1882.949951171875,1654.531982421875,7364074,-0.010821976102980746,-0.010880959617827096,1633.7772827148438,1565.5468896484374,1649.9933528895647,1619.9428292697075,0.01538462137819842,4,2,0
2022-04-05,1883.800048828125,1889.5999755859373,1857.1500244140625,1861.0999755859373,1635.3326416015625,5472024,-0.011604091685316842,-0.011671944582155995,1639.1043579101563,1566.2041528320312,1647.7378588452566,1621.0828153683635,0.015423947123976899,4,2,1
2022-04-06,1855.0,1857.5,1822.1500244140625,1828.8499755859373,1606.9949951171875,5407453,-0.01732836840865759,-0.017480261852417276,1641.3296508789062,1566.9624682617186,1641.4697259640152,1620.0392731275356,0.01571372939983108,4,2,2
2022-04-07,1821.050048828125,1828.1500244140625,1807.550048828125,1811.0,1591.31005859375,5797544,-0.00976041404677408,-0.00980835911887352,1641.2263977050782,1568.2664428710937,1633.7528540608976,1617.91118316207,0.01585860279222936,4,2,3
2022-04-08,1823.0,1838.0,1808.0,1814.5999755859373,1594.4732666015625,5131446,0.0019878011772311854,0.001985828114742376,1640.729931640625,1569.8911376953124,1627.7098406056152,1616.175041194625,0.015846381235897,4,2,4
2022-04-11,1814.0,1814.0,1762.550048828125,1766.550048828125,1552.2523193359375,8248407,-0.02647955795183332,-0.02683645588170248,1638.293768310547,1571.4367578125,1616.1009911795109,1611.4400247606482,0.015051835748043666,4,2,0
2022-04-12,1757.5,1757.5,1727.75,1742.449951171875,1531.07568359375,6456184,-0.013642521565854104,-0.013736435893546214,1631.7804626464845,1572.425283203125,1603.0201746278553,1605.4871106001372,0.01523076487625308,4,2,1
2022-04-13,1754.949951171875,1757.5,1732.0,1748.550048828125,1536.4359130859375,6257693,0.0035009565821109145,0.0034948424995522283,1627.7934020996095,1572.6423193359376,1592.7764420829449,1600.3722070805668,0.01508808898501982,4,2,2
2022-04-18,1605.5,1650.0,1590.0,1621.4000244140625,1424.710205078125,30523965,-0.0727174541132738,-0.07549696386283365,1616.0189270019532,1569.9948193359376,1566.9200979283573,1587.3602069322378,0.020162424197006427,4,2,0
2022-04-19,1636.6500244140625,1636.6500244140625,1550.0,1562.0,1372.515869140625,17044923,-0.0366350544492926,-0.03732297163162271,1603.1636657714844,1566.0389526367187,1537.011755037937,1571.4458115402665,0.021016708218232327,4,2,1
2022-04-20,1575.0,1596.300048828125,1563.0,1587.699951171875,1395.098388671875,10678747,0.016453375905511214,0.01631948575003035,1591.505633544922,1563.387939453125,1515.1789294431583,1558.3830394759411,0.021303120636036194,4,2,2
2022-04-21,1595.0,1627.199951171875,1589.25,1618.800048828125,1422.4256591796875,7766514,0.019588059687910553,0.019398682670465555,1579.7048095703126,1561.2386596679687,1500.9091955564704,1548.3121224169593,0.021575069312198117,4,2,3
2022-04-22,1604.3499755859375,1610.699951171875,1582.4000244140625,1585.449951171875,1393.1212158203125,8134245,-0.020601739831011545,-0.020816916140872152,1567.0977783203125,1558.9619653320312,1484.3264294432154,1536.8164997060967,0.021328092216730703,4,2,4
2022-04-25,1572.800048828125,1572.800048828125,1554.0999755859375,1561.0999755859375,1371.72509765625,7000570,-0.015358403792209763,-0.01547756574176478,1552.7926818847657,1556.2169311523437,1467.0031476298361,1524.5875069616636,0.0209624537751381,4,2,0
2022-04-26,1577.199951171875,1592.0,1566.550048828125,1581.0,1389.211181640625,5345435,0.012747513342324934,0.012666947745710647,1539.8078247070312,1553.4701416015625,1455.035152862265,1514.559631011957,0.021100987877925442,4,2,1
2022-04-27,1572.75,1572.75,1550.3499755859375,1552.800048828125,1364.43212890625,8819356,-0.017836778930264252,-0.017997771537533874,1525.700439453125,1549.6601391601562,1441.0962260998012,1503.439075300423,0.02123283376664694,4,2,2
2022-04-28,1570.0,1601.800048828125,1557.449951171875,1582.5999755859375,1390.6170654296875,9245177,0.01919108760977939,0.019009261301629176,1512.3706848144532,1547.2217749023437,1433.330201381322,1495.0818893840722,0.02018935716127009,4,2,3
2022-04-29,1590.0,1597.300048828125,1560.800048828125,1567.550048828125,1377.392822265625,9831395,-0.00950962237758557,-0.009555127557640436,1497.59111328125,1545.2069384765625,1424.724450748138,1486.3641807086315,0.019795098941252226,4,2,4
2022-05-02,1550.9000244140625,1552.75,1531.0,1541.0,1354.0633544921875,7072627,-0.016937410589278112,-0.01708248903007198,1481.5176513671875,1541.740498046875,1413.8535128626072,1476.5641195074134,0.01892902016465256,5,2,0
2022-05-04,1547.25,1570.0,1530.1500244140625,1535.550048828125,1349.2745361328125,6220959,-0.0035366279897375286,-0.003542896642799839,1465.3497192382813,1538.2652709960937,1403.9182856734078,1467.1352614796651,0.018803031903228243,5,2,2
2022-05-05,1560.050048828125,1589.4000244140625,1557.449951171875,1585.1500244140625,1392.8577880859375,6144870,0.03230124840126303,0.03179053182827022,1452.2660095214844,1535.8110888671874,1402.2166706599508,1461.633226413463,0.020054464104874978,5,2,3
2022-05-06,1550.0,1561.8499755859375,1535.050048828125,1542.8499755859375,1355.6890869140625,6171472,-0.026685208992478837,-0.027047722904117773,1438.2838317871094,1532.9272290039062,1395.0585808528908,1453.7855123764705,0.01992396026842905,5,2,4
2022-05-09,1540.0,1586.800048828125,1522.1500244140625,1570.3499755859375,1379.8529052734375,6832202,0.01782401185686222,0.01766702681498448,1426.9267272949219,1530.1092626953125,1392.7192461483594,1448.3090229614309,0.020409108647391087,5,2,0
2022-05-10,1558.0,1569.1500244140625,1546.050048828125,1553.0,1364.60791015625,6212545,-0.011048275550912035,-0.011109761039076363,1415.591619873047,1526.922255859375,1388.3944252264964,1442.1089405314176,0.02027456916801188,5,2,1
2022-05-11,1549.949951171875,1549.949951171875,1511.5999755859375,1526.75,1341.5421142578125,7846080,-0.01690287424451209,-0.017047358267801575,1402.9450622558593,1523.1245581054689,1381.1863773851603,1434.659545992632,0.02036617660951801,5,2,2
2022-05-12,1514.0,1527.5,1504.300048828125,1508.800048828125,1325.76953125,7034979,-0.011757053945741003,-0.011826714645884535,1391.6209228515625,1520.1484301757812,1372.6607087489817,1426.5936189746594,0.020362035701905094,5,2,3
2022-05-13,1519.300048828125,1529.25,1498.0999755859375,1504.4000244140625,1321.903564453125,6723761,-0.0029160172305588983,-0.00292027709203849,1381.1623168945312,1516.8058935546876,1364.85191731885,1418.8388001212124,0.020219945522931815,5,2,4
2022-05-16,1510.0,1511.8499755859375,1478.6500244140625,1489.0999755859375,1308.459228515625,6145331,-0.010170436254978932,-0.010222508507674321,1369.7634826660155,1512.825419921875,1356.1761190414306,1410.6625355578356,0.01997309314641387,5,2,0
2022-05-17,1494.9000244140625,1525.0,1480.9000244140625,1518.449951171875,1334.2490234375,6516378,0.01971004855163283,0.01951832075905584,1365.2404235839845,1509.5856860351562,1352.802719717749,1405.0022754007737,0.020538911830338236,5,2,1
2022-05-18,1522.0,1549.699951171875,1505.300048828125,1509.199951171875,1326.12109375,6594126,-0.006091763639863523,-0.006110394132224193,1362.9206848144531,1505.8661865234376,1348.697854184249,1399.1592249081236,0.020513140061545414,5,2,2
2022-05-19,1481.0,1484.699951171875,1417.6500244140625,1427.1500244140625,1254.0245361328125,16561140,-0.05436649636068536,-0.05590020186732379,1355.8669921875,1500.6616967773436,1334.132728330182,1388.4085072210635,0.022225333727071944,5,2,3
2022-05-20,1453.0,1466.75,1446.699951171875,1455.1500244140625,1278.6278076171875,10488908,0.019619449839671566,0.019429469288911035,1348.677099609375,1495.6584301757812,1325.5935097589522,1380.2766035467023,0.022820016491664184,5,2,4
2022-05-23,1455.0999755859375,1488.0,1450.050048828125,1468.4000244140625,1290.2705078125,5887569,0.009105620983646201,0.009064414766803074,1343.5345642089844,1490.2140576171876,1320.1592017671903,1373.609485344169,0.022953835531450365,5,2,0
2022-05-24,1468.5999755859375,1469.550048828125,1435.25,1441.0,1266.1943359375,5693167,-0.01865978624576814,-0.01883607652758896,1338.2580261230469,1483.6704418945312,1311.8569147164687,1365.6528076103416,0.023047642299052644,5,2,1
2022-05-25,1435.0,1442.5,1399.25,1410.449951171875,1239.350341796875,9630092,-0.021200532476517098,-0.021428491423287326,1330.7649841308594,1476.3693969726562,1300.7020573442237,1356.2970694019366,0.023113203597611594,5,2,2
2022-05-26,1418.0,1430.0,1407.050048828125,1423.949951171875,1251.212646484375,13040065,0.00957138937025781,0.009525873823886392,1325.1040100097657,1469.3741381835937,1293.088301827324,1348.51303807471,0.023061807622806647,5,2,3
2022-05-27,1443.949951171875,1467.0,1437.4000244140625,1461.3499755859375,1284.07568359375,8284860,0.026264949608455934,0.0259259488973583,1319.7769409179687,1461.8288159179688,1291.7017451760048,1343.73990070575,0.02379859789673832,5,2,4
2022-05-30,1487.0,1530.0,1485.0,1526.800048828125,1341.5859375,10904213,0.04478727744870592,0.043813302445125185,1317.9865966796874,1456.3369921875,1299.3762363027731,1343.5803478756943,0.025475784285408337,5,2,0
2022-05-31,1510.699951171875,1518.0,1488.1500244140625,1503.5999755859375,1335.192626953125,16033857,-0.0047654871508184815,-0.00477687828866653,1317.0430603027344,1449.8368505859376,1304.886450248981,1342.9590352147632,0.021949912673859123,5,2,1
2022-06-01,1513.0,1514.75,1472.0999755859375,1478.550048828125,1312.9482421875,8738508,-0.01666005662148251,-0.016800396259126018,1315.2267456054688,1443.5033935546876,1306.1267259318302,1340.7360135090398,0.021149127800682923,6,2,2
2022-06-02,1484.0,1513.8499755859375,1475.5999755859375,1508.0,1339.0994873046875,7205840,0.01991795584692424,0.019722188616883973,1312.5388305664062,1437.7202026367188,1311.1994584507313,1340.6147893457544,0.02125837277329888,6,2,3
2022-06-03,1524.9000244140625,1555.0,1518.0,1521.699951171875,1351.2652587890625,9395707,0.009085039311651055,0.00904401860463587,1312.3176391601562,1431.5766650390624,1317.3634277335514,1341.4037130082218,0.020989925847000192,6,2,4
2022-06-06,1516.0,1536.5999755859375,1493.0,1530.050048828125,1358.6800537109375,6624883,0.005487297829679827,0.005472297460254278,1311.2589965820312,1425.845029296875,1323.7198317300724,1342.6834419491636,0.020709634668854175,6,2,0
2022-06-07,1519.8499755859375,1519.8499755859375,1502.5999755859375,1506.699951171875,1337.945068359375,4904592,-0.015261124423612049,-0.01537877389319049,1309.9258544921875,1419.4473901367187,1325.908329673042,1342.3324513128828,0.020707255907914116,6,2,1
2022-06-08,1520.199951171875,1520.199951171875,1492.0,1500.0,1331.9957275390625,4697608,-0.004446625620891709,-0.004456541265622453,1309.44853515625,1413.1091381835938,1326.8448524216606,1341.5667680703775,0.02056186190860509,6,2,2
2022-06-09,1485.0,1516.949951171875,1481.5,1515.0,1345.315673828125,4361061,0.00999999175197952,0.009950322686811139,1310.4258422851562,1407.0838549804687,1329.6865172534242,1341.8444647931735,0.0204125828279268,6,2,3
2022-06-10,1486.0999755859375,1493.949951171875,1473.5999755859375,1476.800048828125,1311.3941650390625,6516436,-0.025214534736325622,-0.02553786782268073,1309.900372314453,1400.1674951171874,1326.8723092204455,1339.5888870336096,0.020562308805212908,6,2,4
2022-06-13,1443.5999755859375,1443.5999755859375,1411.699951171875,1424.5,1264.951904296875,6987685,-0.03541441770926601,-0.03605671828591016,1307.7250061035156,1392.0068481445312,1317.3460930783579,1334.0602216457035,0.021425280757335415,6,2,0
2022-06-14,1410.0,1448.9000244140625,1403.1500244140625,1440.550048828125,1279.2042236328125,6090247,0.011267083979655146,0.011204083170884841,1304.9727661132813,1384.0802807617188,1311.4781131636587,1329.9968143854894,0.02139378977543582,6,2,1
2022-06-15,1440.199951171875,1446.4000244140625,1418.8499755859375,1422.199951171875,1262.9095458984375,4651958,-0.01273813628296172,-0.012819961954647836,1301.812188720703,1375.8858081054686,1304.0060258920862,1325.0273870901522,0.021487202081630297,6,2,2
2022-06-16,1438.0,1443.75,1392.0,1397.199951171875,1240.7095947265625,6641772,-0.01757841742821087,-0.01773475260033766,1301.1464416503907,1367.6093603515626,1294.2681134050824,1318.7816246928492,0.020656977720277647,6,2,3
2022-06-17,1391.050048828125,1396.949951171875,1367.1500244140625,1387.300048828125,1231.91845703125,9692047,-0.007085572427808939,-0.007110794307710574,1298.8109741210938,1359.5410766601562,1284.675858578339,1312.3473159771752,0.020208094225578656,6,2,4
2022-06-20,1390.050048828125,1422.3499755859375,1382.0,1414.1500244140625,1255.76123046875,4595194,0.019354181521849867,0.019169271397934697,1297.0855102539062,1352.5164013671874,1280.2274542537868,1308.1557540876622,0.02026428830023584,6,2,0
2022-06-21,1424.0,1456.0,1422.75,1449.9000244140625,1287.507080078125,6270787,0.025280163807513745,0.02496590578629964,1298.1511474609374,1346.440341796875,1281.3473966883003,1306.6262226795484,0.020840128098845834,6,2,1
2022-06-22,1436.050048828125,1459.5999755859375,1435.0,1437.25,1276.27392578125,6253366,-0.008724732058322693,-0.008763015370148283,1299.9973266601562,1340.0763549804688,1280.5668627026002,1304.3779043907855,0.02068768746376615,6,2,2
2022-06-23,1439.800048828125,1458.0,1433.0,1452.449951171875,1289.7713623046875,6254281,0.010575657976539254,0.010520126881187664,1301.9252624511719,1334.8267358398436,1281.98293956446,1303.295938310334,0.020705936214446514,6,2,3
2022-06-24,1458.0,1467.5,1428.9000244140625,1441.0999755859375,1279.6925048828125,6114340,-0.007814452790969928,-0.007845145630239515,1301.706103515625,1329.799072265625,1281.6305649980527,1301.547535834221,0.02074322107517661,6,2,4
2022-06-27,1468.050048828125,1484.0,1465.1500244140625,1474.5999755859375,1309.4403076171875,4511097,0.023246055299119828,0.02297998131245328,1300.0988220214845,1325.25916015625,1285.908986939458,1302.1321855959222,0.02112048148683663,6,2,0
2022-06-28,1469.0,1488.25,1453.0,1480.1500244140625,1314.368896484375,4412178,0.0037638896851710513,0.0037568239765386267,1299.057635498047,1323.052333984375,1290.2874345617527,1303.0386086246965,0.02081203199747884,6,2,1
2022-06-29,1464.699951171875,1477.0,1457.0,1463.25,1299.36181640625,5060038,-0.011417707858322967,-0.011483390325459534,1298.3783142089844,1321.5892529296875,1291.68349330706,1302.7662536455523,0.020885815077144796,6,2,2
2022-06-30,1465.050048828125,1482.0,1455.0,1461.9000244140625,1298.1629638671875,9165177,-0.0009226471979746353,-0.0009230730988916111,1296.3314880371095,1319.6505444335937,1292.6803349316951,1302.4252692175253,0.018241849986153708,6,2,3
2022-07-01,1454.0,1485.0,1442.3499755859375,1479.4000244140625,1313.7030029296875,4651635,0.011970792184832213,0.011899708971334823,1294.4533752441407,1317.4760913085938,1295.914591546771,1303.2606568999076,0.018029397642476998,7,3,4
2022-07-04,1480.25,1492.25,1462.0,1488.0,1321.3397216796875,4800224,0.005813124224401944,0.005796293213449233,1292.586358642578,1316.0404614257814,1299.826150028758,1304.599846883595,0.017988702509954303,7,3,0
2022-07-05,1498.800048828125,1509.949951171875,1472.0,1475.949951171875,1310.63916015625,7379669,-0.008098266742359694,-0.008131235820040845,1291.2210632324218,1314.8187426757813,1301.4896900483723,1305.0472034223103,0.017692616804857324,7,3,1
2022-07-06,1482.199951171875,1500.0,1470.0,1491.6500244140625,1324.5810546875,5209162,0.010637477465260448,0.010581297558991475,1290.8503295898438,1313.5261401367188,1305.0422076851612,1306.4941553678798,0.017245557596024145,7,3,2
2022-07-07,1503.050048828125,1513.949951171875,1495.699951171875,1498.699951171875,1330.84130859375,3323472,0.004726214287978703,0.004715080802940086,1290.126611328125,1312.8543237304686,1309.0113001326363,1308.2976481994258,0.017198342587862146,7,3,3
2022-07-08,1515.0,1516.949951171875,1499.949951171875,1514.449951171875,1344.8272705078125,3652582,0.010509113163041928,0.010454276289988709,1291.7982666015625,1311.9385278320312,1314.521449421125,1311.0035461481953,0.016670630858362255,7,3,4
2022-07-11,1495.0,1499.9000244140625,1466.4000244140625,1473.1500244140625,1308.1529541015625,4702638,-0.0272706519346545,-0.027649397807664473,1293.958319091797,1310.55373046875,1313.5416809104229,1310.7923911817782,0.015386550506650807,7,3,0
2022-07-12,1461.800048828125,1468.5999755859375,1436.0,1438.5999755859375,1277.47265625,4710356,-0.023453142658408588,-0.023732544827817285,1293.8717407226563,1309.0219165039061,1307.9926001934348,1308.3242626683132,0.015924604981315836,7,3,1
2022-07-13,1450.0,1460.0,1438.5999755859375,1444.449951171875,1282.6673583984375,5264025,0.004066390089073613,0.004058144670063924,1294.8596313476562,1307.6897729492186,1304.0964091480505,1306.423751240915,0.015685235576794004,7,3,2
2022-07-14,1451.0,1452.949951171875,1414.0,1428.8499755859375,1268.814697265625,6157606,-0.010799885911269458,-0.010858628000541133,1296.2648864746093,1305.2089111328125,1298.6684534738313,1303.6378953908936,0.015293459122113318,7,3,3
2022-07-15,1446.0,1446.0,1410.6500244140625,1430.3499755859375,1270.146728515625,5620018,0.0010498233137357094,0.0010492726346174968,1298.1763000488281,1303.4980639648438,1294.2804957879534,1301.157068214948,0.015168239944687545,7,3,4
2022-07-18,1450.0,1493.5999755859375,1448.050048828125,1489.9000244140625,1323.027099609375,5835171,0.04163327740531941,0.04078994031563124,1301.5395935058593,1302.3615478515626,1298.7030502220182,1302.777070540461,0.017092860448626537,7,3,0
2022-07-19,1471.550048828125,1486.8499755859375,1470.0999755859375,1484.1500244140625,1317.9208984375,3418540,-0.003859483432639088,-0.003866950457587183,1303.060284423828,1301.4278076171875,1301.6596422551693,1303.8988355698712,0.01688445228798713,7,3,1
2022-07-20,1501.25,1525.800048828125,1500.0,1515.300048828125,1345.5821533203125,5079392,0.02098855471190042,0.020771329239090485,1306.5256958007812,1301.5086083984374,1308.4169516498066,1306.9864887365704,0.01730576851484321,7,3,2
2022-07-21,1517.0,1535.449951171875,1503.0999755859375,1532.9000244140625,1361.2108154296875,5008061,0.01161479592369008,0.011547861965795044,1310.0976684570312,1302.2174340820313,1316.539084539019,1311.0031055286531,0.0173388699760324,7,3,3
2022-07-22,1534.0,1540.0,1492.1500244140625,1506.300048828125,1337.590087890625,7020642,-0.0173527327812234,-0.017505056172139953,1312.9925476074218,1302.5311645507813,1319.777700439266,1312.97251162954,0.016992188409445986,7,3,4
2022-07-25,1480.0999755859375,1517.1500244140625,1480.0999755859375,1503.5999755859375,1335.192626953125,7859626,-0.00179237343279115,-0.0017939816560308174,1314.2801635742187,1303.0658325195313,1322.1492275952442,1314.6184460979534,0.015570673059518403,7,3,0
2022-07-26,1496.6500244140625,1496.6500244140625,1445.0,1451.1500244140625,1288.616943359375,7268273,-0.034883119224553005,-0.03550606500302655,1312.9925659179687,1302.1531909179687,1316.9904146358797,1312.6924088580588,0.01684309037668778,7,3,1
2022-07-27,1451.0,1473.0,1445.0,1471.050048828125,1306.288330078125,4517285,0.013713452092816159,0.013620273608012663,1313.3388916015624,1301.7565356445311,1315.3439400885327,1312.218032652138,0.0168249674148393,7,3,2
2022-07-28,1496.4000244140625,1524.449951171875,1489.8499755859375,1517.4000244140625,1347.44677734375,6636841,0.0315079345944731,0.031021745787003358,1315.8030822753906,1303.62498046875,1320.2828381277968,1314.827569295961,0.017309304303253583,7,3,3
2022-07-29,1532.800048828125,1555.699951171875,1528.0,1549.699951171875,1376.129150390625,7009465,0.021286460830324705,0.021063068714205338,1318.9243896484375,1305.5750073242189,1328.8745784759242,1319.368427154825,0.01751876971277234,7,3,4
2022-08-01,1564.0,1564.0,1537.9000244140625,1551.050048828125,1377.328125,2983249,0.0008712660501630776,0.0008708867182147032,1321.723809814453,1307.3161596679688,1336.328970248859,1323.6617381063193,0.017277881336748846,8,3,0
2022-08-02,1546.550048828125,1547.0,1528.3499755859375,1543.5999755859375,1370.71240234375,4374635,-0.004803301795823001,-0.004814874723608943,1324.727471923828,1309.4065209960938,1341.6187290326882,1327.1469724942772,0.0168208795459516,8,3,1
2022-08-03,1549.0,1570.0,1539.9000244140625,1566.0999755859375,1390.6922607421875,6011955,0.014576258567642997,0.014471046081328114,1328.0330322265625,1312.433359375,1349.168503141842,1331.8540308830113,0.016835745415193875,8,3,2
2022-08-04,1587.5,1603.8499755859375,1574.949951171875,1599.9000244140625,1420.7066650390625,7402209,0.02158234797456693,0.021352746783630066,1332.526300048828,1315.8232397460938,1360.1743742029528,1338.4357074871634,0.017123931098841656,8,3,3
2022-08-05,1608.4000244140625,1625.699951171875,1602.300048828125,1616.6500244140625,1435.58056640625,5361971,0.010469368331413209,0.01041494402396235,1337.06396484375,1318.8533374023436,1371.775326849614,1345.6316229626514,0.017037301968798137,8,3,4
2022-08-08,1617.0,1622.0,1596.0,1619.4000244140625,1438.0224609375,3763409,0.0017009804871925827,0.0016995354582955845,1343.557440185547,1320.7820678710937,1381.9671936323657,1352.4753887385662,0.016646757739032514,8,3,0
2022-08-10,1621.199951171875,1621.199951171875,1588.0999755859375,1602.449951171875,1422.970947265625,4423829,-0.010466814031585003,-0.010521976383245825,1350.8323547363282,1322.5376342773438,1388.2754634220978,1357.6972819627929,0.016833637919811396,8,3,2
2022-08-11,1630.0,1631.3499755859375,1616.0,1619.949951171875,1438.5108642578125,3462090,0.010920754933225307,0.010861554110872152,1358.624530029297,1325.04888671875,1396.0039866275924,1363.6834732439054,0.016676991057486545,8,3,3
2022-08-12,1613.300048828125,1614.0,1590.1500244140625,1594.0999755859375,1415.55615234375,3562286,-0.015957273931264893,-0.016085962070979277,1365.961602783203,1326.5780200195313,1399.0120121223858,1367.525893917968,0.01703745170077622,8,3,4
2022-08-16,1609.0,1609.0,1591.0999755859375,1596.449951171875,1417.642822265625,3004430,0.001474099009368235,0.0014730135919677387,1373.336407470703,1327.9055712890624,1401.8782906059612,1371.2382589807573,0.016955092174652305,8,3,1
2022-08-17,1596.449951171875,1612.0,1585.0,1606.25,1426.3453369140625,4067324,0.006138721624202592,0.006119956429658789,1378.5023193359375,1329.258876953125,1405.6424515764384,1375.3202647535948,0.016957270866620723,8,3,2
2022-08-18,1594.0999755859375,1598.199951171875,1574.0,1582.949951171875,1405.655029296875,4635706,-0.014505819230251404,-0.014612057257380743,1382.8890258789063,1330.613076171875,1405.6443866103516,1377.5672843493933,0.017137251101231016,8,3,3
2022-08-19,1585.300048828125,1604.9000244140625,1585.0999755859375,1597.0999755859375,1418.22021484375,4739884,0.008939025070155537,0.008899308495051468,1386.520928955078,1332.3375659179687,1407.57912941549,1380.5786125341606,0.01711215089424389,8,3,4
2022-08-22,1586.0,1599.0,1574.0,1575.6500244140625,1399.1727294921875,3950555,-0.013430555531646404,-0.013521561198936216,1388.4190246582032,1333.41470703125,1406.2858371195973,1381.9559545310515,0.017347271894589972,8,3,0
2022-08-23,1548.0,1554.5,1533.0,1542.4000244140625,1369.6468505859375,5551574,-0.02110238306100065,-0.021328221145134843,1390.0218627929687,1334.5797607421875,1400.6490699605727,1381.0441690536356,0.0177562553591687,8,3,1
2022-08-24,1535.0,1546.0,1531.0,1537.5,1365.295654296875,2888426,-0.003176874598880053,-0.003181931578087996,1391.5270141601563,1336.5866357421876,1395.2100829353885,1379.8776124049866,0.01697218293667777,8,3,2
2022-08-25,1548.0,1548.699951171875,1513.75,1518.1500244140625,1348.11279296875,4331088,-0.012585450831874345,-0.012665318438985872,1394.501806640625,1337.9648071289062,1387.9643460174443,1377.5246628171174,0.016529999792834878,8,3,3
2022-08-26,1535.1500244140625,1544.949951171875,1517.449951171875,1521.550048828125,1351.1322021484375,3079136,0.0022397303811934055,0.0022372259239453788,1396.7440002441406,1339.7292602539062,1382.2978623452893,1375.5696657305484,0.016525212080937574,8,3,4
2022-08-29,1468.550048828125,1468.550048828125,1450.0,1461.75,1298.0299072265625,8079050,-0.039302071875303546,-0.04009525019966759,1394.2731567382812,1340.8756665039064,1369.333561557793,1369.8259799154384,0.018029404343092446,8,3,0
2022-08-30,1473.0999755859375,1496.0999755859375,1466.0,1492.949951171875,1325.7352294921875,6725875,0.02134413245132505,0.021119536703283103,1391.7534606933593,1342.752001953125,1362.6261258553923,1366.559998402605,0.018411272437199172,8,3,1
2022-09-01,1460.050048828125,1468.0999755859375,1451.050048828125,1464.199951171875,1300.2054443359375,8140604,-0.019257076819199415,-0.019444909640353482,1387.8973266601563,1343.6408862304688,1353.0229440831686,1361.6448462495184,0.017158650058475815,9,3,3
2022-09-02,1478.0,1478.0,1448.0,1453.0,1290.2598876953125,5175653,-0.007649219347565905,-0.007678624673715736,1383.8747009277345,1343.6959423828125,1343.3670892542677,1356.3570715417995,0.017198620139502168,9,3,4
2022-09-05,1451.0,1467.0,1446.3499755859375,1461.300048828125,1297.6302490234375,3669352,0.005712307573391362,0.005696054211245922,1379.2216003417968,1344.1230688476562,1336.3306522956784,1352.0069365404395,0.016759050436419592,9,3,0
2022-09-06,1461.300048828125,1470.0,1445.449951171875,1455.0999755859375,1292.12451171875,3428442,-0.004242916893183568,-0.004251943607178039,1372.7924926757812,1344.1701318359376,1329.5297075915357,1347.5712013684624,0.016594360138471754,9,3,1
2022-09-07,1440.0,1465.75,1438.050048828125,1457.6500244140625,1294.3890380859375,3600574,0.0017525604898365188,0.0017510265476573855,1365.7329162597657,1344.4640625,1324.1234507445206,1343.6317818660532,0.016333564477931255,9,3,2
2022-09-08,1475.0,1481.0999755859375,1463.5999755859375,1475.9000244140625,1310.5948486328125,4061475,0.01252004619170699,0.01244231851042408,1359.3615356445312,1344.4871533203125,1322.0421273427194,1341.184601626554,0.01651653845205393,9,3,3
2022-09-09,1488.0,1520.0,1480.0,1511.6500244140625,1342.341064453125,4816910,0.024222753395856556,0.023934035573669007,1355.3300415039062,1345.0465966796876,1325.1650407443203,1341.2702655396333,0.0157809657326487,9,3,4
2022-09-12,1525.800048828125,1545.9000244140625,1521.1500244140625,1536.199951171875,1364.141357421875,5494819,0.016240502168971105,0.016110035877017523,1351.6115661621093,1346.3421875,1331.1613971562517,1342.9644204938734,0.01585507004582018,9,3,0
2022-09-13,1551.9000244140625,1553.0,1541.300048828125,1544.949951171875,1371.9111328125,4947158,0.005695725995221945,0.005679566678241121,1349.4293151855468,1347.8171508789062,1337.430587257213,1345.1086214063641,0.014842283822594494,9,3,1
2022-09-14,1497.0,1498.949951171875,1472.0,1475.4000244140625,1310.1510009765625,14332197,-0.04501758922921306,-0.0460623567120818,1344.0547241210938,1347.7461108398438,1333.2337278294203,1342.5191680411938,0.016514548681054494,9,3,2
2022-09-15,1475.0,1475.199951171875,1429.050048828125,1432.800048828125,1272.322265625,12784100,-0.02887356901865945,-0.029298612183132837,1336.3535705566405,1346.76576171875,1323.8627336441248,1337.319397491846,0.017243874351497105,9,3,3
2022-09-16,1425.0,1425.0,1368.3499755859375,1377.050048828125,1222.8165283203125,20464045,-0.03890974687955251,-0.03968695858352604,1327.2116455078126,1345.0093090820312,1308.3171635943077,1328.83770347914,0.01848124353884463,9,3,4
2022-09-19,1392.0,1406.0,1380.5999755859375,1390.300048828125,1234.5823974609375,6595241,0.009621941532624634,0.009575945465470886,1318.0297546386719,1343.2093359375,1296.973353419943,1321.855828959273,0.018334484729331704,9,3,0
2022-09-20,1407.949951171875,1413.550048828125,1385.0999755859375,1388.550048828125,1233.028564453125,7219797,-0.0012585899580360715,-0.0012593826475611625,1309.7225463867187,1341.2530810546875,1287.135693578894,1315.276031588447,0.017707781405537526,9,3,1
2022-09-21,1379.9000244140625,1388.800048828125,1368.4000244140625,1377.25,1222.994140625,7917054,-0.008138030307980326,-0.008171324834238285,1302.389910888672,1338.8164184570312,1277.267762355218,1308.440335961525,0.01748777868148843,9,3,2
2022-09-22,1366.3499755859375,1383.949951171875,1360.0,1367.949951171875,1214.7357177734375,9168498,-0.006752626670265216,-0.006775528811705964,1294.8619140625,1336.9480737304686,1267.647447804175,1301.4992531327778,0.017441152903605858,9,3,3
2022-09-23,1367.5,1394.800048828125,1362.0,1365.449951171875,1212.515869140625,10426200,-0.001827433408216117,-0.001829105201684808,1288.0820678710938,1335.6489379882812,1259.1656664713214,1294.9078913555813,0.01742695345457565,9,3,4
2022-09-26,1360.0,1399.449951171875,1355.0,1380.25,1225.657958984375,9414587,0.010838695128225107,0.010780377485193197,1281.8083557128907,1334.50875,1254.0106345502527,1289.7782667354918,0.0174243466609477,9,3,0
2022-09-27,1393.449951171875,1406.5,1378.0,1393.550048828125,1237.468505859375,8561254,0.009636087122370407,0.009589956146171684,1278.7802856445312,1333.881826171875,1251.465691674733,1285.9034696335573,0.017504580252804512,9,3,1
2022-09-28,1379.0,1405.8499755859375,1377.0,1394.699951171875,1238.4893798828125,7022098,0.0008249697011306623,0.0008246296006623048,1274.4179931640624,1333.2486791992187,1249.4693360144377,1282.3913148372058,0.01749756862773427,9,3,2
2022-09-29,1404.9000244140625,1409.8499755859375,1393.0,1398.6500244140625,1241.997314453125,6119965,0.0028324300775550704,0.002828426305969855,1271.507586669922,1331.6280834960937,1248.3197942357742,1279.399166660607,0.01743958580683343,9,3,3
2022-09-30,1388.949951171875,1419.300048828125,1376.0,1413.449951171875,1255.1396484375,8120130,0.010581612239767058,0.010526018815789252,1269.7515747070313,1330.3724584960937,1249.3690025745013,1277.6021653107473,0.017542134870622516,9,3,4
2022-10-03,1412.0,1412.0,1386.0,1393.75,1237.64599609375,4943169,-0.01393761432485019,-0.014035654905245866,1266.7523620605468,1328.2137353515625,1247.5654631159243,1274.6424490724512,0.017474579854411657,10,4,0
2022-10-04,1419.699951171875,1432.25,1414.0,1429.4000244140625,1269.302978515625,6631341,0.02557838228523379,0.0252567288471003,1265.6112854003907,1326.3755786132813,1250.90969625434,1274.2469327349086,0.01821360956144328,10,4,1
2022-10-06,1445.0,1459.800048828125,1444.0999755859375,1455.1500244140625,1292.169189453125,6180672,0.018014777657136438,0.017854434385579095,1265.50029296875,1325.4671606445313,1257.2573105926147,1275.5745073066282,0.018278951567360785,10,4,3
2022-10-07,1446.3499755859375,1457.8499755859375,1440.1500244140625,1451.199951171875,1288.661376953125,3994466,-0.0027146696644922974,-0.002718361062316581,1264.4036193847655,1324.5365356445313,1262.0887054173086,1276.5439050582206,0.018277924625577213,10,4,4
2022-10-10,1426.3499755859375,1465.0,1426.3499755859375,1462.6500244140625,1298.8289794921875,5274677,0.007890049877262939,0.007859086197078103,1262.2280151367188,1324.7407763671874,1267.7410552749823,1278.1946513125886,0.018242017733885726,10,4,0
2022-10-11,1462.6500244140625,1479.6500244140625,1420.0999755859375,1423.800048828125,1264.3302001953125,12824774,-0.026561448690776257,-0.02692057757021325,1257.2374572753906,1323.9016137695312,1267.2163083396485,1277.1676549335311,0.01881041928231513,10,4,1
2022-10-12,1437.0,1441.0999755859375,1413.550048828125,1428.699951171875,1268.681396484375,5481467,0.0034415030886634224,0.0034355946689247005,1252.0759704589843,1322.3263061523437,1267.4417065157604,1276.5390431965566,0.017460917284587596,10,4,2
2022-10-13,1431.0,1437.949951171875,1415.0,1419.9000244140625,1260.8670654296875,4821514,-0.006159411713880014,-0.0061784591444670215,1249.6117736816407,1320.021064453125,1266.4302232717491,1275.3781559545664,0.01698381964227606,10,4,3
2022-10-14,1485.0,1494.0,1467.25,1474.25,1309.1297607421875,14990688,0.038277385963803257,0.03756298022280653,1251.4521484375,1318.6570971679687,1272.999382882586,1277.8782748277235,0.018123213463581807,10,4,4
2022-10-17,1476.9000244140625,1495.0,1475.5,1489.949951171875,1323.0712890625,4286396,0.010649462519596753,0.010593156394171535,1256.4648864746093,1317.7042749023437,1280.7027530641112,1281.225905511781,0.018151295035748107,10,4,0
2022-10-18,1510.0,1510.949951171875,1497.25,1503.699951171875,1335.28125,4692004,0.00922849814551685,0.009186175738743118,1261.4998291015625,1316.5960546875,1289.0994449004017,1285.230005103501,0.018194088365326818,10,4,1
2022-10-19,1504.0,1504.949951171875,1481.300048828125,1485.449951171875,1319.0751953125,3553171,-0.012136809894919165,-0.012211062375901844,1265.8021606445313,1314.5634252929688,1293.7110988099553,1287.7370562300935,0.018330818907046333,10,4,2
2022-10-20,1475.0,1504.0,1474.199951171875,1500.9000244140625,1332.7950439453125,4583939,0.010401111840756094,0.010347392450169995,1271.2922058105469,1312.50771484375,1299.724013446164,1291.0746849497393,0.018413291771556446,10,4,3
2022-10-21,1500.300048828125,1506.0,1491.3499755859375,1500.5,1332.439697265625,3594485,-0.0002666176478535176,-0.0002666531966573571,1277.1774047851563,1310.3960595703124,1304.7571955722349,1294.1387599361012,0.018288361120079696,10,4,4
2022-10-24,1518.5,1521.800048828125,1511.0,1517.8499755859375,1347.846435546875,982837,0.011562803414568723,0.011496465084819486,1283.9439331054687,1308.8935693359374,1311.3863094144872,1298.11710627764,0.017868441120328645,10,4,0
2022-10-25,1528.0999755859375,1532.9000244140625,1521.050048828125,1526.300048828125,1355.35009765625,3914341,0.005567149128773208,0.005551709829477909,1290.4285400390625,1307.2303540039063,1318.1499691439892,1302.3565871205,0.01764480078706422,10,4,1
2022-10-27,1530.800048828125,1534.9000244140625,1512.5,1523.949951171875,1368.05224609375,6760137,0.009371857839140851,0.009328214447336424,1296.9577270507812,1306.2802758789062,1325.8272425208756,1307.2229322296298,0.017698859586137435,10,4,3
2022-10-28,1526.0,1527.949951171875,1507.0,1513.25,1358.447265625,3053981,-0.007020916413225775,-0.007045679019058187,1302.9556213378905,1305.0963647460937,1330.8457076138177,1311.0173272959535,0.015596589463201024,10,4,4
2022-10-31,1530.25,1546.4000244140625,1530.25,1537.6500244140625,1380.350830078125,4542336,0.01612397110096686,0.015995360512766094,1309.8732971191407,1304.176474609375,1338.4618803006342,1316.153142316855,0.014731954643435708,10,4,0
2022-11-01,1553.050048828125,1575.0,1547.0999755859375,1573.0,1412.084716796875,4542692,0.02298972553010592,0.022729443448971258,1317.7205505371094,1304.305068359375,1349.7884705308252,1323.2591848709305,0.012906770262976876,11,4,1
2022-11-02,1572.0,1572.75,1545.0,1553.300048828125,1394.4000244140625,2938906,-0.012523818275526621,-0.012602902270431699,1325.558251953125,1303.8286645507812,1356.6517865128617,1328.5288766889405,0.013255314052161874,11,4,2
2022-11-03,1538.75,1543.9000244140625,1521.6500244140625,1530.75,1374.1568603515625,3174027,-0.014517472538776222,-0.014623882164774409,1330.8009460449218,1303.3283471679688,1359.3448747957389,1331.908727330616,0.013656841102224558,11,4,3
2022-11-04,1520.449951171875,1520.449951171875,1501.1500244140625,1514.0,1359.120361328125,4509682,-0.010942345417240484,-0.011002653221595063,1334.148504638672,1303.1178173828125,1359.3103342622599,1333.9244039230243,0.01375000256847264,11,4,4
2022-11-07,1521.4000244140625,1527.9000244140625,1491.0999755859375,1507.449951171875,1353.240234375,4898592,-0.00432642105911718,-0.0043358071004685255,1337.3774475097657,1302.876708984375,1358.376472741143,1335.3552061787261,0.013693941440873622,11,4,0
2022-11-09,1529.0,1529.0,1501.0999755859375,1511.199951171875,1356.6065673828125,3334755,0.0024876093115626663,0.0024845203332394565,1340.2663269042969,1303.0465844726561,1358.1041796090922,1336.9293810827326,0.013656537487232223,11,4,2
2022-11-10,1485.0,1512.0,1485.0,1501.949951171875,1348.302978515625,3435763,-0.00612085262362172,-0.006139661833587297,1344.4649658203125,1302.99,1356.5963025177896,1337.7718697814653,0.013707747718100266,11,4,3
2022-11-11,1546.6500244140625,1573.5,1546.6500244140625,1570.0999755859375,1409.4813232421875,7214098,0.04537433032589977,0.04437503211277079,1351.5049621582032,1305.2190283203124,1364.7324595523123,1343.0836811489262,0.015689365484824216,11,4,4
2022-11-14,1575.1500244140625,1591.4000244140625,1568.449951171875,1585.300048828125,1423.12646484375,4908813,0.009680966591437246,0.009634406292315588,1359.6179321289062,1307.1668530273437,1373.716152674072,1349.0127762374316,0.01570181225349579,11,4,0
2022-11-15,1577.8499755859375,1597.8499755859375,1572.75,1594.0,1430.9364013671875,3497614,0.005487872452920151,0.005472868947410177,1365.7082641601562,1309.7814721679688,1382.5192678576282,1355.0811929137096,0.01569805071772584,11,4,1
2022-11-16,1597.1500244140625,1609.0,1593.5,1602.800048828125,1438.8363037109375,4497697,0.005520792074477976,0.005505608360363927,1371.496514892578,1312.7530004882813,1391.1834272196759,1361.2852751949856,0.0156614763754575,11,4,2
2022-11-17,1597.199951171875,1602.800048828125,1582.949951171875,1587.4000244140625,1425.0118408203125,3469515,-0.009608085961530177,-0.009654541424320161,1375.9830444335937,1315.3006323242187,1396.3877985428508,1366.0057615376024,0.015503143959174097,11,4,3
2022-11-18,1591.699951171875,1598.0,1575.5,1593.4000244140625,1430.39794921875,3126064,0.0037796937850964607,0.0037725686906816855,1381.5491821289063,1318.0661010742188,1401.620129416066,1370.7755532176873,0.014999570298790196,11,4,4
2022-11-21,1582.0999755859375,1587.8499755859375,1564.050048828125,1568.199951171875,1407.775634765625,3071764,-0.015815399110073347,-0.01594179699462451,1385.2982116699218,1320.3338330078125,1402.5671302390751,1373.5162999990162,0.015187753322287618,11,4,0
2022-11-22,1569.0,1588.0,1562.0,1585.050048828125,1422.9022216796875,3399329,0.01074502679298095,0.010687709212991075,1389.821337890625,1322.57998046875,1405.6956058453231,1377.1745164198067,0.01521279640846663,11,4,1
2022-11-23,1588.9000244140625,1592.0,1579.300048828125,1583.1500244140625,1421.1962890625,3245067,-0.0011989106427662266,-0.001199629911080661,1393.4888305664062,1324.1570849609375,1408.0803263402736,1380.4353884674135,0.015211195310899834,11,4,2
2022-11-24,1589.0,1636.0,1584.75,1629.800048828125,1463.07421875,5282215,0.029466675370454887,0.02904087723907157,1398.8750366210938,1326.1357421875,1416.5409251725391,1386.5567833031605,0.014877615881854692,11,4,3
2022-11-25,1631.4000244140625,1644.0,1613.800048828125,1635.6500244140625,1468.32568359375,4563255,0.0035893359177887607,0.003582909624449622,1403.8887084960938,1328.064033203125,1424.5078110834947,1392.6137388802413,0.014877111840094926,11,4,4
2022-11-28,1628.0,1653.5,1620.0,1623.4000244140625,1457.3291015625,3825766,-0.007489198175935852,-0.007517383030077197,1408.8328002929688,1331.0075952148438,1429.5572403879569,1397.4074694492974,0.014913410302105402,11,4,0
2022-11-29,1621.199951171875,1638.75,1615.050048828125,1629.050048828125,1462.4010009765625,3131710,0.003480270454096157,0.0034742283276438662,1412.9353088378907,1334.809169921875,1434.6101266323576,1402.2218051179839,0.013519578888427803,11,4,1
2022-11-30,1619.949951171875,1645.75,1613.1500244140625,1634.949951171875,1467.697265625,11868134,0.003621622690972437,0.003615080406547025,1415.7159362792968,1339.7067846679688,1439.7004557081486,1407.0718392296146,0.0134572712549652,11,4,2
2022-12-01,1656.199951171875,1672.5999755859375,1652.300048828125,1657.0999755859375,1487.5814208984375,5407928,0.013547858771113974,0.013456907078810856,1420.3750061035157,1344.7667651367187,1447.066758045116,1413.0355119458236,0.013542949167964061,12,4,3
2022-12-02,1656.0,1661.800048828125,1633.949951171875,1637.9000244140625,1470.3455810546875,4283343,-0.011586485016289227,-0.011654131363723737,1425.1844421386718,1349.51310546875,1450.648115431204,1417.2807022501838,0.013521121209513022,12,4,4
2022-12-05,1638.0,1644.8499755859375,1623.300048828125,1639.75,1472.0064697265625,3824966,0.001129590684853632,0.0011289531773325187,1430.8287475585937,1354.4933520507811,1453.9340160920283,1421.3344628039897,0.013468832202240825,12,4,0
2022-12-06,1625.0,1626.0,1607.550048828125,1612.9000244140625,1447.903076171875,4822398,-0.01637451604350959,-0.016510060113903987,1435.5618896484375,1359.15669921875,1453.0061791812354,1423.302508238648,0.013933253664938784,12,4,1
2022-12-07,1608.0,1623.800048828125,1596.699951171875,1605.5,1441.2601318359375,4898087,-0.004587975842623937,-0.0045985329065355695,1439.7945678710937,1363.7315844726563,1451.1990949742667,1424.632702579188,0.013897640697538786,12,4,2
2022-12-08,1605.5,1623.9000244140625,1598.5,1620.1500244140625,1454.411376953125,4206837,0.009124824052709313,0.009083444376737776,1445.0999877929687,1368.3066528320312,1451.6932922017834,1426.8385303105906,0.013941340267934322,12,4,3
2022-12-09,1628.0,1628.0,1561.0999755859375,1569.300048828125,1408.7633056640625,8880658,-0.03138594211542234,-0.031889035506335456,1445.0640869140625,1371.732548828125,1445.088678888288,1425.499624781218,0.015174625044339866,12,4,4
2022-12-12,1550.0,1565.949951171875,1530.050048828125,1547.199951171875,1388.923828125,8037679,-0.014082903394272206,-0.014183008436041084,1443.353955078125,1374.7412377929688,1436.4479326170128,1422.7903065103872,0.015358422462509614,12,4,0
2022-12-13,1547.199951171875,1577.5,1541.1500244140625,1572.1500244140625,1411.321533203125,6135067,0.016125941988021975,0.015997300123679514,1442.3732116699218,1378.1277221679688,1432.582332707184,1421.9407677468864,0.015358490041246738,12,4,1
2022-12-14,1582.0,1588.5,1573.0,1579.4000244140625,1417.8299560546875,4976020,0.004611580492781764,0.004600979733802714,1441.3228942871094,1381.3815283203126,1430.3127362991074,1421.636263177094,0.014801501859990351,12,4,2
2022-12-15,1569.300048828125,1570.0,1535.25,1540.5,1382.9093017578125,6443866,-0.024629649097023365,-0.02493803302795253,1439.2177673339843,1384.2867944335937,1423.0199002158313,1418.7675993682583,0.01531751267522891,12,4,3
2022-12-16,1525.0,1549.5,1512.050048828125,1522.199951171875,1366.4814453125,9630453,-0.011879200193701145,-0.011950321697847004,1436.0219421386719,1386.2303637695313,1414.3216763845494,1414.8945509196835,0.015239633528083593,12,4,4
2022-12-19,1507.949951171875,1516.9000244140625,1495.050048828125,1507.3499755859375,1353.150634765625,6222740,-0.009755573771311865,-0.009803471146607698,1433.2906921386718,1387.4499926757812,1404.9107469047149,1410.3209275008644,0.015211966868905493,12,4,0
2022-12-20,1501.0,1516.0,1482.449951171875,1507.300048828125,1353.105712890625,7396259,-3.3197985387478646e-05,-3.3198536452791744e-05,1429.8008666992187,1388.7388793945313,1396.940741671778,1406.0827634556615,0.015190387570096768,12,4,1
2022-12-21,1515.0,1521.0,1502.3499755859375,1509.550048828125,1355.12548828125,6236361,0.0014926959300987086,0.001491582966934906,1426.4973266601562,1389.8648095703124,1390.5076257655428,1402.3081504797792,0.015186097642686759,12,4,2
2022-12-22,1521.5,1529.949951171875,1511.75,1522.050048828125,1366.346923828125,6302640,0.008280735359134539,0.008246638173946727,1421.6609619140625,1391.9051440429687,1386.7905946982478,1399.64435591299,0.015211111327161398,12,4,3
2022-12-23,1508.699951171875,1509.9000244140625,1493.0,1497.0999755859375,1343.9490966796875,6283822,-0.01639248916789371,-0.01652833260570565,1415.4421325683593,1393.410498046875,1380.1995950030846,1395.5187811549677,0.01294705676637205,12,4,4
2022-12-26,1500.5,1509.9000244140625,1496.3499755859375,1502.4000244140625,1348.70703125,4115459,0.0035402639743329356,0.003534011991264161,1410.0110290527343,1395.1672973632812,1375.3545851949177,1392.05124412497,0.0128119563230717,12,4,0
2022-12-27,1509.949951171875,1521.449951171875,1497.5,1514.8499755859375,1359.88330078125,4860076,0.0082866547532503,0.00825250893645613,1404.8851440429687,1396.1823681640626,1372.974387592815,1389.6684335069167,0.012876198893162294,12,4,1
2022-12-28,1505.0999755859375,1524.949951171875,1498.5,1510.1500244140625,1355.6640625,5029860,-0.0031026473218885853,-0.00310747051111107,1399.2834838867188,1396.8342236328126,1370.311260655459,1387.1495912101082,0.012807457808089144,12,4,2
2022-12-29,1504.0,1521.300048828125,1501.0,1517.550048828125,1362.3072509765625,4624745,0.004900320558997251,0.004888353068642339,1393.019775390625,1397.3747436523438,1369.0798745510133,1385.3094178594752,0.012780383329337567,12,4,3
2022-12-30,1528.0,1530.4000244140625,1504.050048828125,1508.199951171875,1353.9136962890625,5060544,-0.006161278728776587,-0.006180337732112017,1387.1981811523438,1398.071513671875,1366.746616356867,1382.9838088542592,0.012769795344459422,12,4,4
2023-01-02,1514.0,1526.5,1504.050048828125,1524.0,1368.097412109375,3801140,0.010476085631742071,0.010421591704943264,1382.0027282714843,1398.7775610351562,1366.954431088022,1381.8811127990828,0.012673103295437414,1,1,0
2023-01-03,1519.8499755859375,1532.6500244140625,1515.0999755859375,1522.550048828125,1366.7957763671875,4551130,-0.0009514203671948662,-0.0009518732548328915,1377.94736328125,1399.4646826171875,1366.930022669432,1380.7636804707943,0.012481775508280191,1,1,1
2023-01-04,1521.0,1521.0,1491.0999755859375,1494.800048828125,1341.8843994140625,7059590,-0.018226114964546514,-0.01839425677952281,1372.9785766601562,1399.3454418945312,1363.0768498609134,1377.8837337258512,0.012860086037378513,1,1,2
2023-01-05,1505.9000244140625,1505.9000244140625,1469.25,1475.199951171875,1324.2894287109375,9868404,-0.013112135971479977,-0.013198858942790404,1366.472479248047,1398.724228515625,1357.1095542993787,1373.9137852062279,0.011571760190150916,1,1,3
2023-01-06,1470.0,1475.0,1446.5,1448.5,1300.3206787109375,6443714,-0.018099328953589233,-0.018265125390881265,1361.0503479003905,1397.3695971679688,1348.3728042088494,1368.4624439843546,0.011804802355286066,1,1,4
2023-01-09,1448.199951171875,1489.3499755859375,1448.199951171875,1484.449951171875,1332.59326171875,11498717,0.02481894161662157,0.024515954662031245,1358.233819580078,1396.8525170898438,1345.9451822872957,1365.8054675202359,0.012896344599145095,1,1,0
2023-01-10,1482.0,1483.9000244140625,1454.050048828125,1469.75,1319.397216796875,7158624,-0.009902530127501197,-0.009951886283153973,1353.6376037597656,1395.6334448242187,1341.860879904154,1362.3678193185056,0.012899587393296375,1,1,1
2023-01-11,1470.0,1494.0,1464.0,1471.25,1320.74365234375,6173092,0.0010204929415751351,0.0010199725926314269,1348.7832885742187,1393.8066235351562,1338.6120756640917,1359.284547690746,0.012859837295886618,1,1,2
2023-01-12,1481.949951171875,1485.0,1455.0,1480.5999755859375,1329.1370849609375,6591385,0.006355080792773693,0.006334972415442014,1346.094677734375,1392.5013647460937,1337.1543847866833,1357.051402303353,0.012596741609311695,1,1,3
2023-01-13,1483.5,1519.4000244140625,1468.0,1503.6500244140625,1349.8292236328125,11610426,0.015568099713719974,0.015448160069251746,1345.2620666503906,1392.0148120117187,1339.10435999378,1356.5164261055352,0.012978116991720827,1,1,4
2023-01-16,1510.0,1528.0,1502.300048828125,1525.5,1369.4439697265625,6073063,0.014531279772533434,0.014426712506821045,1346.0767333984375,1392.2212841796875,1343.771992260362,1357.4740219293149,0.013342331878545622,1,1,0
2023-01-17,1527.0,1542.199951171875,1524.0,1539.5,1382.01171875,5922644,0.009177264131475793,0.009135408925637845,1347.5220336914062,1392.7967138671875,1349.6550271049216,1359.2916291012175,0.013229168102369102,1,1,1
2023-01-18,1544.75,1551.8499755859375,1539.5999755859375,1545.4000244140625,1387.308349609375,5843098,0.0038325513362258423,0.0038252258223265474,1349.1311767578125,1393.4107495117187,1355.4478459517604,1361.3669417314513,0.013249966796178387,1,1,2
2023-01-19,1539.9000244140625,1549.550048828125,1526.1500244140625,1538.9000244140625,1381.4730224609375,6165284,-0.00420622217842237,-0.004215093215370074,1349.8874816894531,1394.074150390625,1359.4517192608646,1362.8562810447468,0.013115112637465658,1,1,3
2023-01-20,1538.0,1545.0,1524.0,1525.550048828125,1369.4886474609375,6496429,-0.008675069874800156,-0.008712917338703167,1351.1644592285156,1393.274296875,1360.9958620608759,1363.3475674459462,0.011941246019259676,1,1,4
2023-01-23,1535.0,1553.300048828125,1528.0999755859375,1548.0,1389.64208984375,4855020,0.014716034645615661,0.014608804529099467,1353.2112121582031,1392.604609375,1365.402974027472,1365.2953098457835,0.012000116716299067,1,1,0
2023-01-24,1560.0,1568.800048828125,1549.75,1551.9000244140625,1393.1431884765625,5200802,0.00251942471978972,0.0025162562899615185,1354.8742065429688,1391.8487451171875,1369.670699327332,1367.3581156702855,0.011624255926401778,1,1,1
2023-01-25,1547.0,1556.0,1538.75,1543.0,1385.153564453125,4158617,-0.005734962557706891,-0.005751470601072723,1356.348681640625,1390.7750903320311,1372.052678577454,1368.6762970616069,0.01162494966553909,1,1,2
2023-01-27,1546.0,1550.949951171875,1507.4000244140625,1519.1500244140625,1363.7435302734375,6209955,-0.015456794632110249,-0.015577496271295208,1356.4204956054687,1389.5497241210937,1370.7743480691438,1368.31090692915,0.011082116509442826,1,1,4
2023-01-30,1528.800048828125,1544.0,1520.0,1538.800048828125,1381.3834228515625,6964719,0.01293490468445202,0.012851963265413059,1357.7939819335938,1388.56943359375,1372.4065134202851,1369.2792414419212,0.011122197634486151,1,1,0
2023-01-31,1548.9000244140625,1548.9000244140625,1513.0,1533.75,1376.8499755859375,9448126,-0.0032818167574840684,-0.003287213729248787,1358.2316101074218,1387.9509204101562,1373.0901229842318,1369.8400365637,0.010979827216243266,1,1,1
2023-02-01,1542.199951171875,1555.050048828125,1528.050048828125,1551.0999755859375,1392.425048828125,6194199,0.011312106270372269,0.011248602852429663,1359.5130737304687,1387.341376953125,1376.0647269602155,1371.5130004351388,0.011150005592214893,2,1,2
2023-02-02,1552.0,1586.949951171875,1552.0,1583.75,1421.735107421875,6916834,0.021049649041014806,0.020831165856270647,1363.5056091308593,1387.3521533203125,1383.0909393389322,1375.2331565082302,0.011735229508463209,2,1,3
2023-02-03,1597.5,1604.6500244140625,1573.0,1599.4000244140625,1435.7841796875,7040194,0.00988163842356049,0.009833134306277977,1369.0803466796874,1386.8063525390626,1391.1975917002503,1379.7184174844724,0.01176992857442591,2,1,4
2023-02-06,1598.0,1598.0,1561.5999755859375,1569.8499755859375,1409.2569580078125,4570612,-0.01847577237232212,-0.018648581283286152,1374.5271606445312,1385.6249780273438,1393.9759557475675,1381.9064575232383,0.011886054023180043,2,1,0
2023-02-07,1569.0,1576.050048828125,1555.0999755859375,1562.4000244140625,1402.5692138671875,4336238,-0.004745581778130115,-0.004756877802978504,1378.0259582519532,1384.5297802734376,1395.2979954582784,1383.4370320672344,0.011936803641851295,2,1,1
2023-02-08,1565.5,1603.0,1565.5,1590.5,1427.79443359375,7983338,0.017985008851727935,0.01782519194104852,1383.445819091797,1383.8376489257812,1400.2974474791201,1386.722765513643,0.012257465072143259,2,1,2
2023-02-09,1596.199951171875,1619.75,1586.050048828125,1617.0,1451.5836181640625,6904911,0.016661491325775213,0.016524211439016435,1389.9878173828124,1383.5153759765626,1408.1876275844959,1391.5272731173777,0.01251887913141477,2,1,3
2023-02-10,1612.949951171875,1616.300048828125,1596.449951171875,1608.550048828125,1443.9981689453125,4786762,-0.005225637106833658,-0.00523933850160857,1395.7308715820313,1382.6437109375,1413.6969416400061,1395.4140061416692,0.012584279583817744,2,1,4
2023-02-13,1597.0,1597.0,1566.0,1567.449951171875,1407.1025390625,4001199,-0.025551022623360287,-0.025883119151116404,1398.5945373535155,1381.3788500976561,1412.6824181665436,1396.279823395064,0.013484647326962968,2,1,0
2023-02-14,1584.699951171875,1596.0,1578.1500244140625,1593.25,1430.2633056640625,5043736,0.0164598996580545,0.016325903881705444,1401.6355041503907,1380.5439868164062,1415.3871700892387,1398.7971183779528,0.013666960260387039,2,1,1
2023-02-15,1584.0,1599.0,1576.0,1597.050048828125,1433.6744384765625,3465747,0.0023849684173475882,0.002382128894057798,1404.2186401367187,1380.2594140625,1418.2005959949809,1401.3806235704424,0.013659285296785461,2,1,2
2023-02-16,1600.0,1614.449951171875,1597.8499755859375,1601.800048828125,1437.9385986328125,4290289,0.002974287635888251,0.002969873193465983,1406.7501525878906,1380.1929833984375,1421.2372117854165,1404.0886217232105,0.013131933048548249,2,1,3
2023-02-17,1594.0,1595.0,1575.5,1583.800048828125,1421.7799072265625,2857734,-0.011237400137678821,-0.01130101675788108,1408.7654968261718,1379.5403540039063,1421.3207033917467,1405.3990873160515,0.013059879245973969,2,1,4
2023-02-20,1584.949951171875,1603.0,1582.5,1592.449951171875,1429.5450439453125,2417716,0.005461560315546565,0.005446700077177708,1411.7683166503907,1379.9559887695314,1422.585986553834,1407.1876766959967,0.012476738002543845,2,1,0
2023-02-21,1598.699951171875,1601.6500244140625,1576.0,1579.5,1417.919921875,2723288,-0.008132043211614426,-0.00816528863315466,1413.1822082519532,1380.5359106445312,1421.8681304493978,1407.9826578203674,0.011950725592648244,2,1,1
2023-02-22,1563.0,1575.0,1555.300048828125,1561.800048828125,1402.030517578125,3656244,-0.011206136574950953,-0.011269398381050006,1413.6265747070313,1380.3500903320312,1418.8161900076634,1407.5417585431642,0.011998298276035154,2,1,2
2023-02-23,1569.8499755859375,1569.8499755859375,1548.1500244140625,1550.699951171875,1392.06591796875,4766854,-0.007107262990671437,-0.007132639895993494,1413.9721923828124,1379.8348095703125,1414.7007635401383,1406.3953999820965,0.012114634024943418,2,1,3
2023-02-24,1560.0,1569.0,1545.0,1550.6500244140625,1392.0211181640625,2790986,-3.2182243749567796e-05,-3.218276160908479e-05,1415.3860717773437,1380.0170458984376,1411.2115873284345,1405.3306383659458,0.012088384669617633,2,1,4
2023-02-27,1540.0,1540.0,1502.0,1509.300048828125,1354.9013671875,4920268,-0.02666608321684072,-0.027028072953346288,1414.0619689941407,1379.7854443359374,1402.5484765375215,1401.595136797172,0.012842849467841108,2,1,0
2023-02-28,1515.5999755859375,1524.0,1481.300048828125,1487.550048828125,1335.3760986328125,9679811,-0.014410841281545128,-0.014515685940270988,1411.9882751464843,1379.4299536132812,1392.2142645521817,1396.6900228590714,0.012816584039739256,2,1,1
2023-03-01,1492.4000244140625,1500.8499755859375,1481.5,1496.050048828125,1343.0067138671875,5125043,0.00571420683819901,0.005697942686707531,1409.5173583984374,1379.2279736328126,1384.6438721391057,1392.7134814522651,0.012739360293387089,3,1,2
2023-03-02,1485.0,1488.5999755859375,1467.300048828125,1472.1500244140625,1321.551513671875,4644499,-0.015975497347688106,-0.016104481170487454,1404.5081787109375,1378.556494140625,1374.9373554518395,1387.4422245796436,0.012997643953154779,3,1,3
2023-03-03,1486.75,1489.800048828125,1473.0,1479.300048828125,1327.97021484375,4615015,0.004856943604143682,0.0048451867065808325,1399.11748046875,1377.7889599609375,1367.7116415121336,1383.036890525133,0.013038690879545234,3,1,4
2023-03-06,1494.550048828125,1520.4000244140625,1493.1500244140625,1507.449951171875,1353.240234375,6561742,0.01902905595983051,0.018850268024282364,1396.3166442871093,1377.9747827148437,1365.4852711833437,1380.8297308103083,0.013467484491513053,3,1,0
2023-03-08,1490.550048828125,1496.0,1481.0999755859375,1492.699951171875,1339.9991455078125,4137080,-0.009784728927530684,-0.009832913963606858,1393.1881408691406,1377.800625,1361.5643287717235,1377.8052430101236,0.01326624406012798,3,1,2
2023-03-09,1495.0,1498.3499755859375,1474.5999755859375,1480.4000244140625,1328.9576416015625,5104656,-0.008239933542693145,-0.008274069442783047,1388.2463012695312,1377.1821118164062,1356.5479153609294,1374.186902165045,0.013309641946986523,3,1,3
2023-03-10,1460.0,1474.300048828125,1457.6500244140625,1471.550048828125,1321.0126953125,3699580,-0.0059783292110708874,-0.0059962709646941776,1381.717755126953,1376.4890844726563,1351.0809584304018,1370.2480720278195,0.013312395333510824,3,1,4
2023-03-13,1464.199951171875,1478.300048828125,1428.0,1435.0999755859375,1288.2916259765625,8798403,-0.024769685750973824,-0.02508161613718943,1373.9324279785155,1375.0087719726562,1341.421061129811,1364.1772241721708,0.013750604644484311,3,1,0
2023-03-14,1441.0,1448.3499755859375,1411.0,1420.0,1274.7364501953125,7402784,-0.010521822472434939,-0.010577568222563945,1367.3141235351563,1373.4252270507814,1331.1618902168113,1357.5519816553665,0.013549052959652455,3,1,1
2023-03-15,1438.0,1442.8499755859375,1416.8499755859375,1419.6500244140625,1274.4222412109375,7556182,-0.0002464893698825854,-0.00024651975338022664,1359.5220703125,1371.5517236328126,1322.4327134466769,1351.3942231039273,0.013555007294550336,3,1,2
2023-03-16,1417.800048828125,1417.800048828125,1398.699951171875,1404.0999755859375,1260.4630126953125,7323117,-0.010953377981195,-0.011013807905486233,1350.8614990234375,1369.425068359375,1312.8989133310822,1344.6585778884742,0.013381997697800848,3,1,3
2023-03-17,1430.0,1442.9000244140625,1411.4000244140625,1420.699951171875,1275.36474609375,9090018,0.011822428146124109,0.011753089210498162,1342.7328063964844,1368.0946752929688,1307.1244260638002,1339.5257014592353,0.012902225173210272,3,1,4
2023-03-20,1419.699951171875,1419.699951171875,1384.8499755859375,1403.6500244140625,1260.0589599609375,8221829,-0.012001104922879424,-0.012073699577889951,1334.6467590332031,1366.8100659179688,1299.8835851248982,1333.639276163065,0.01273509074083561,3,1,0
2023-03-21,1399.0,1405.0,1390.0,1390.699951171875,1248.43359375,8536755,-0.009226049399543856,-0.009268872991867842,1325.5911865234375,1365.77232421875,1291.9682018364524,1327.3277441324676,0.012488730917337197,3,1,1
2023-03-22,1403.0,1407.25,1382.1500244140625,1389.25,1247.132080078125,8356487,-0.0010425173420443024,-0.0010430611412281068,1317.0517944335938,1364.0631005859375,1285.0703369505559,1321.3873245728867,0.012498947332612502,3,1,2
2023-03-23,1383.949951171875,1383.949951171875,1370.0,1374.550048828125,1233.935791015625,7607718,-0.01058130832595805,-0.010637688438495187,1308.6470581054687,1362.3538720703125,1277.2034837297974,1314.9094331982747,0.01185088420083846,3,1,3
2023-03-24,1388.0,1398.949951171875,1377.5,1380.6500244140625,1239.4117431640625,7559127,0.004437793431642412,0.004427975462401118,1301.0143493652345,1360.7272338867188,1271.3893697966075,1309.3170117142588,0.011284729115376747,3,1,4
2023-03-27,1386.25,1395.75,1374.0999755859375,1388.949951171875,1246.8626708984375,4170193,0.006011664626763835,0.0059936666667506,1293.7564270019532,1359.0817456054688,1267.6160315045813,1304.6907642464203,0.011468564539541861,3,1,0
2023-03-28,1392.0999755859375,1398.0,1375.8499755859375,1377.5999755859375,1236.6737060546875,6633366,-0.008171681678791676,-0.008205252883407977,1287.8450439453125,1356.8186352539062,1262.855673743059,1299.6524636396252,0.010804849675508734,3,1,1
2023-03-29,1379.0,1389.9000244140625,1364.550048828125,1383.550048828125,1242.0150146484375,8813966,0.0043190928759941905,0.004309792364590244,1283.1769897460938,1354.2700561523438,1259.6494184977328,1295.3830229736113,0.010214109148296091,3,1,2
2023-03-31,1404.0,1429.949951171875,1393.9000244140625,1427.949951171875,1281.873046875,8711975,0.032091425430830656,0.031587253669212036,1280.1203063964845,1352.2672827148438,1263.0684382480815,1294.3822840033438,0.012171317217721963,3,1,4
2023-04-03,1435.0,1435.0,1405.1500244140625,1410.8499755859375,1266.522216796875,5242764,-0.011975312310020025,-0.012047594005987065,1277.3688415527345,1349.8515600585938,1263.5997887940498,1292.3185753213832,0.012196667266849833,4,2,0
2023-04-05,1400.0,1427.5,1400.0,1423.550048828125,1277.9232177734375,7506334,0.009001816806180063,0.00896154197062393,1274.8664916992188,1347.7805639648439,1265.8033932524172,1291.2522525400539,0.012349937874629006,4,2,2
2023-04-06,1416.0,1428.4000244140625,1410.3499755859375,1421.9000244140625,1276.4420166015625,6948465,-0.0011590689888675287,-0.0011597412288265364,1271.0265808105469,1345.9196313476561,1267.4401045369011,1290.1551980260915,0.012243417207326343,4,2,3
2023-04-10,1423.949951171875,1434.0,1415.0,1427.5999755859375,1281.55908203125,4993788,0.004008850667037267,0.0040008366360976,1268.1045776367187,1343.7579711914063,1269.6122549206473,1289.5184486931403,0.012292306724322454,4,2,0
2023-04-11,1428.9000244140625,1433.3499755859375,1389.0,1406.1500244140625,1262.3033447265625,6942255,-0.015025243529285803,-0.015139266086963159,1264.7718627929687,1341.1411743164062,1268.4878071984804,1287.5025150659862,0.01239643104580787,4,2,1
2023-04-12,1413.050048828125,1431.5,1400.0,1428.300048828125,1282.1873779296875,5831169,0.015752182933043146,0.0156294049683449,1262.8305969238281,1339.0818505859374,1270.59543346482,1287.1088012040382,0.012855958047685904,4,2,2
2023-04-13,1409.75,1411.050048828125,1383.0,1389.199951171875,1247.0870361328125,11267238,-0.02737536057604195,-0.027757047769740226,1260.7703674316406,1336.748720703125,1266.9787569522034,1284.1442260135768,0.013610555653403472,4,2,3
2023-04-17,1250.300048828125,1261.1500244140625,1185.300048828125,1258.300048828125,1129.5780029296875,53171705,-0.0942268099967728,-0.0989663464397803,1253.5124450683593,1331.7126123046876,1245.8401794102779,1272.6948761555109,0.02109537786869951,4,2,0
2023-04-18,1269.949951171875,1269.949951171875,1253.0999755859375,1259.3499755859375,1130.5206298828125,12430884,0.0008344947853802243,0.0008341467881945781,1246.317364501953,1326.786025390625,1228.0987102522063,1262.1634505056813,0.021064913206623088,4,2,1
2023-04-19,1254.3499755859375,1254.3499755859375,1229.4000244140625,1232.199951171875,1106.14794921875,11307230,-0.021558811064411043,-0.021794597237320332,1238.601611328125,1321.0604833984376,1209.3370547085976,1250.6067467066493,0.02116091719530813,4,2,2
2023-04-20,1230.699951171875,1237.8499755859375,1221.4000244140625,1223.4000244140625,1098.248291015625,8621249,-0.0071415927758166076,-0.0071672160162171,1229.7457885742188,1314.5907470703125,1192.2464756789095,1239.320935173981,0.02108182280255289,4,2,3
2023-04-21,1228.0999755859375,1233.25,1220.0,1227.3499755859375,1101.7943115234375,8691352,0.0032287967455275624,0.003223595374421676,1221.8325561523438,1307.9109497070312,1178.3307581165293,1229.1337778665336,0.021055182638578716,4,2,4
2023-04-24,1228.0,1230.0,1218.0,1226.300048828125,1100.8516845703125,8313774,-0.0008555380466810369,-0.0008559042282254222,1214.4534606933594,1301.7428442382814,1166.4109006478807,1219.6314005853321,0.020547567109365557,4,2,0
2023-04-25,1225.949951171875,1235.5,1215.0,1224.9000244140625,1099.5947265625,6808576,-0.0011418050455208606,-0.0011424574015247116,1207.076593017578,1295.6833544921874,1156.1314892501298,1210.7397951021594,0.02056260118707235,4,2,1
2023-04-26,1228.0,1233.0,1220.550048828125,1227.550048828125,1101.973876953125,5680192,0.002163661150015317,0.0021613238061022255,1200.478497314453,1289.166943359375,1147.7995488967445,1202.6830604244533,0.020617389998491893,4,2,2
2023-04-27,1230.0,1247.800048828125,1225.4000244140625,1246.25,1118.7607421875,8020704,0.015233451160193923,0.01511858719059098,1194.445947265625,1282.5104858398438,1143.3320401722453,1196.4665924069013,0.020979039508129762,4,2,3
2023-04-28,1255.699951171875,1259.0,1244.949951171875,1252.75,1124.5958251953125,10118277,0.005215666574430511,0.00520211209552315,1188.3326049804687,1276.1224389648437,1140.4495455604094,1191.1428318727094,0.020732415486796836,4,2,4
2023-05-02,1254.550048828125,1279.75,1254.550048828125,1277.449951171875,1146.7689208984375,8886401,0.019716501881263948,0.019524649331790926,1183.8373657226562,1270.9157666015626,1141.4217571508752,1187.855875504245,0.021150468895266783,5,2,1
2023-05-03,1266.0,1272.5,1262.0999755859375,1269.1500244140625,1139.3182373046875,5549783,-0.006497109799516343,-0.006518307884800279,1178.7025268554687,1265.096865234375,1141.0981387130003,1184.2604948968703,0.021150191852851916,5,2,2
2023-05-04,1268.949951171875,1275.800048828125,1262.5,1273.550048828125,1143.26806640625,4505401,0.0034668356673608347,0.0034608400458156652,1171.7722778320312,1259.2887377929687,1141.431973742731,1181.22401871238,0.021138893376205867,5,2,3
2023-05-05,1279.0,1279.0,1254.25,1259.0999755859375,1130.2962646484375,5373791,-0.01134624690304531,-0.011411106638864948,1164.9609802246093,1253.1358911132813,1139.7187877282245,1177.4515924854213,0.021000617458234623,5,2,4
2023-05-08,1262.449951171875,1270.300048828125,1255.199951171875,1265.5999755859375,1136.1312255859375,5260842,0.005162328780512038,0.005149049642537465,1157.8713806152343,1247.4229174804686,1139.1668550909496,1174.390824566941,0.021003134881689416,5,2,0
2023-05-09,1266.0,1272.0,1260.699951171875,1270.699951171875,1140.7093505859375,4969897,0.004029574134483349,0.004021477144955259,1151.0847473144531,1241.6462036132812,1139.4041620901785,1171.8959005683482,0.02101191436751634,5,2,1
2023-05-10,1276.4000244140625,1276.4000244140625,1259.1500244140625,1263.25,1134.021728515625,6515734,-0.005862687166434899,-0.005879940182579662,1143.7078796386718,1235.9682397460938,1138.576095386401,1169.0904063422206,0.021016592512202382,5,2,2
2023-05-11,1270.25,1275.9000244140625,1253.050048828125,1256.0999755859375,1127.6031494140625,6888461,-0.005660014213276221,-0.005676092792417228,1136.9728698730469,1230.4796923828126,1136.887949852195,1166.017276199394,0.020974067587214814,5,2,3
2023-05-12,1253.3499755859375,1256.0,1239.050048828125,1245.199951171875,1117.8182373046875,8292212,-0.008677620415001086,-0.008715490201953668,1128.754412841797,1224.9947387695313,1133.9541479218094,1162.4469770220082,0.020955167747781552,5,2,4
2023-05-15,1249.9000244140625,1268.9000244140625,1245.6500244140625,1258.3499755859375,1129.622802734375,5534710,0.010560362173148041,0.010504991033586103,1122.881201171875,1219.7467724609376,1133.2877871237426,1160.015556704406,0.021040509949969494,5,2,0
2023-05-16,1265.0,1273.949951171875,1262.75,1264.300048828125,1134.9642333984375,5236469,0.004728508180901647,0.004717363902825141,1123.1505126953125,1215.3480297851563,1133.5457019352343,1158.1599031261862,0.021064310720598445,5,2,1
2023-05-17,1260.5999755859375,1260.949951171875,1242.449951171875,1246.9000244140625,1119.34423828125,10465667,-0.013762543926530979,-0.013858125713108634,1122.5916931152344,1211.027392578125,1131.360861373083,1155.284668693228,0.021117150866595765,5,2,2
2023-05-18,1258.5999755859375,1259.6500244140625,1242.449951171875,1246.0,1118.536376953125,6948732,-0.0007217273297135396,-0.0007219879002642359,1123.211114501953,1206.5379858398437,1129.3878637700127,1152.5625730087759,0.020046937383648957,5,2,3
2023-05-19,1256.050048828125,1273.300048828125,1252.800048828125,1268.9000244140625,1139.0936279296875,11094136,0.01837870578028067,0.018211858557261578,1125.2533813476562,1202.888828125,1130.8810582561166,1151.5648733732878,0.02041044535972487,5,2,4
2023-05-22,1272.949951171875,1295.5999755859375,1270.25,1292.800048828125,1160.548828125,7625947,0.018835326323708435,0.018660137966178506,1128.1911071777345,1199.540400390625,1135.445330543637,1152.2303515030442,0.020692131242566383,5,2,0
2023-05-23,1299.199951171875,1314.1500244140625,1297.050048828125,1300.050048828125,1167.0570068359375,7436031,0.005607845661653288,0.005592180234083228,1131.5013732910156,1195.8167358398437,1140.308665357837,1153.3286222684437,0.020749580346626235,5,2,1
2023-05-24,1296.300048828125,1305.0,1291.300048828125,1298.6500244140625,1165.80029296875,4824077,-0.001076823034201757,-0.0010774032246709554,1134.8116516113282,1192.3327587890626,1144.2304542210545,1154.2524497277257,0.020713078476896286,5,2,2
2023-05-25,1294.5,1307.0,1289.25,1304.3499755859375,1170.9171142578125,4334121,0.00438910619590982,0.0043795021611414105,1138.2588134765624,1189.1719482421875,1148.3360942267095,1155.486869322547,0.020625375414652918,5,2,3
2023-05-26,1306.0,1323.449951171875,1306.0,1317.449951171875,1182.677001953125,5521606,0.010043313529298326,0.009993214616119966,1141.4546264648438,1186.405234375,1153.6193108000043,1157.5009532211081,0.020479020932117953,5,2,4
2023-05-29,1332.699951171875,1332.699951171875,1309.8499755859375,1314.4000244140625,1179.9390869140625,4419365,-0.0023150150333024477,-0.002317698823414349,1144.2217895507813,1184.23818359375,1157.668507125244,1159.163037198364,0.01993219787732332,5,2,0
2023-05-30,1315.0,1326.4000244140625,1309.1500244140625,1323.8499755859375,1188.42236328125,6274719,0.007189588395934976,0.0071638665181764025,1146.304461669922,1182.5119018554688,1162.3998696107835,1161.3303946859853,0.00962149423304478,5,2,1
2023-05-31,1319.8499755859375,1331.0999755859375,1314.1500244140625,1318.300048828125,1183.4400634765625,17800782,-0.004192364565516304,-0.00420117716488522,1148.5105529785155,1180.6922583007813,1165.636822513211,1162.9681479297317,0.009681373638572698,5,2,2
2023-06-01,1322.550048828125,1329.5,1318.0999755859375,1319.5,1184.517333984375,4277841,0.0009102873403219469,0.0009098732800577975,1150.573016357422,1179.1733447265624,1168.5415165856978,1164.5643839337793,0.008643805999733311,6,2,3
2023-06-02,1309.0,1312.9000244140625,1296.050048828125,1299.0,1181.7879638671875,10909311,-0.0023042044543212237,-0.0023068632184141302,1153.1476013183594,1177.3018090820312,1170.5794315520807,1165.8402046695871,0.008505221057908578,6,2,4
2023-06-05,1304.0,1309.449951171875,1297.300048828125,1304.5,1186.7918701171875,5002553,0.004234182783200424,0.004225243855100019,1155.6806335449219,1175.8364672851562,1173.0736528697894,1167.3921798879278,0.008510246249290768,6,2,0
2023-06-06,1288.5999755859375,1288.5999755859375,1273.0,1279.0,1163.5926513671875,10008100,-0.019547840977128694,-0.019741426965629416,1156.8247985839844,1174.1396484375,1171.6150372540044,1167.110733330836,0.0094029856912614,6,2,1
2023-06-07,1290.5,1294.0,1282.5,1288.949951171875,1172.6448974609375,5397578,0.00777956622802134,0.007749461436681383,1158.75595703125,1172.6499047851562,1171.7734772858403,1167.5206714145472,0.009444711970384085,6,2,2
2023-06-08,1286.199951171875,1292.0,1281.0999755859375,1282.800048828125,1167.0499267578125,5034942,-0.00477124039446164,-0.004782659097308208,1160.7282958984374,1171.3121875,1171.0467772046052,1167.4858014399742,0.009529846143549448,6,2,3
2023-06-09,1282.5,1282.5,1264.0,1265.949951171875,1151.72021484375,5339073,-0.013135437964209462,-0.0132224708126712,1162.4233947753905,1169.5583569335938,1168.0734599183197,1166.3179802106242,0.009574534589882397,6,2,4
2023-06-12,1273.5,1295.699951171875,1273.0,1291.949951171875,1175.3741455078125,4785588,0.020537913947504594,0.02032985490247717,1164.7109619140624,1168.1285864257814,1169.1966423167032,1166.9888072696751,0.01019504151772463,6,2,0
2023-06-13,1299.9000244140625,1306.5,1297.050048828125,1304.8499755859375,1187.1102294921875,4846587,0.00998497714896085,0.00993545663260766,1167.31826171875,1167.1373168945313,1171.9525788052392,1168.4792829898613,0.00974091611119166,6,2,1
2023-06-14,1306.3499755859375,1306.699951171875,1293.199951171875,1300.4000244140625,1183.061767578125,3457981,-0.0034103504573407273,-0.003416178957720509,1170.5041381835938,1165.958251953125,1173.6616847702985,1169.5594670334362,0.009672885782834555,6,2,2
2023-06-15,1293.949951171875,1293.949951171875,1282.6500244140625,1286.800048828125,1170.68896484375,6161155,-0.010458289730470804,-0.010513361953210402,1173.111767578125,1163.7345703125,1173.2043432431371,1169.6431335379039,0.009896927142400794,6,2,3
2023-06-16,1287.0,1301.5,1281.050048828125,1291.6500244140625,1175.101318359375,8536287,0.003769022898592045,0.0037619379284831536,1174.9121520996093,1161.90615234375,1173.4961855687122,1170.0474435246795,0.009636597002802585,6,2,4
2023-06-19,1294.0,1299.5,1287.050048828125,1294.0,1177.2392578125,4451787,0.0018193660578220694,0.001817713016084222,1175.7466735839844,1159.8924731445313,1174.0720428369873,1170.5801705089625,0.009610183247564241,6,2,0
2023-06-20,1294.0,1305.0,1291.0999755859375,1303.4000244140625,1185.7911376953125,4009180,0.0072643515972303785,0.007238093284890148,1176.6833801269531,1158.0794555664063,1175.8749805074988,1171.7069088190624,0.009660691254315257,6,2,1
2023-06-21,1299.949951171875,1303.800048828125,1295.0,1299.3499755859375,1182.1064453125,4041529,-0.0031073704851378725,-0.0031122083855025353,1177.4986877441406,1156.0904028320313,1176.833667400576,1172.4772448556132,0.00960279908916036,6,2,2
2023-06-22,1289.4000244140625,1289.4000244140625,1273.5,1281.550048828125,1165.9127197265625,6676607,-0.013699041782702204,-0.013793739495440426,1177.248468017578,1154.1625903320312,1175.1535216045738,1171.9909837349428,0.00991456548349411,6,2,3
2023-06-23,1276.449951171875,1279.3499755859375,1263.3499755859375,1265.0,1150.8560791015625,7239467,-0.012914037534929035,-0.012998148645057779,1175.657421875,1151.5359643554686,1171.4154535271875,1170.4254352435814,0.010088190452885355,6,2,4
2023-06-26,1270.25,1274.0,1262.25,1270.3499755859375,1155.72314453125,3403244,0.0042290826090845,0.004220165172105098,1174.4466247558594,1149.7086865234376,1169.0012521431972,1169.3363766722975,0.009946973813892337,6,2,0
2023-06-27,1280.0,1282.0,1274.199951171875,1279.1500244140625,1163.7293701171875,3240024,0.006927459767351651,0.006903575160926501,1173.2119750976562,1150.3917138671875,1168.190193369965,1168.9210428534004,0.009984878224398482,6,2,1
2023-06-28,1290.0,1296.699951171875,1281.4000244140625,1293.3499755859375,1176.6478271484375,5662358,0.01110091174372374,0.011039748849280889,1172.87236328125,1151.3142578125,1169.4913677974223,1169.4933972456254,0.009756613401182761,6,2,2
2023-06-30,1308.199951171875,1338.9000244140625,1304.449951171875,1335.5,1214.99462890625,12821692,0.032589871729712394,0.03207008490253664,1174.3962280273438,1153.49119140625,1176.4918695064728,1172.863858850116,0.011251226920633704,6,2,4
2023-07-03,1330.0,1346.0,1328.449951171875,1333.699951171875,1213.3568115234375,7732412,-0.0013480038049936693,-0.0013489131794414868,1175.9746704101562,1155.7933618164063,1182.1633990475443,1175.8633368259175,0.010881046501090397,7,3,0
2023-07-04,1344.300048828125,1346.0,1331.4000244140625,1345.1500244140625,1223.77392578125,5797775,0.00858536760075812,0.008548722921658158,1177.8237731933593,1158.2329541015624,1188.5650185450374,1179.4122693411273,0.010493553203448781,7,3,1
2023-07-05,1357.8499755859375,1357.949951171875,1341.0,1347.300048828125,1225.72998046875,5414936,0.0015983791174920547,0.0015971030691488265,1180.9306396484376,1160.7305200195312,1194.2827049948394,1182.8432109061364,0.010469187230986396,7,3,2
2023-07-06,1342.550048828125,1347.449951171875,1337.1500244140625,1343.9000244140625,1222.6365966796875,5963897,-0.0025237073730378645,-0.0025268972905660558,1183.430224609375,1163.191357421875,1198.6448421771236,1185.7908691115847,0.01048568838137797,7,3,3
2023-07-07,1334.0,1345.800048828125,1325.3499755859375,1330.199951171875,1210.1728515625,6295647,-0.010194153480302504,-0.010246469713057624,1185.5863708496095,1165.3553369140625,1200.418382082566,1187.5969418857267,0.010689933784484056,7,3,4
2023-07-10,1336.550048828125,1341.9000244140625,1319.300048828125,1329.1500244140625,1209.2176513671875,3940315,-0.000789308894245333,-0.0007896205625230881,1188.4612426757812,1167.1644750976564,1201.7721158186616,1189.1984759213904,0.01056152285572276,7,3,0
2023-07-11,1333.449951171875,1350.9000244140625,1327.0,1348.5999755859375,1226.91259765625,6126128,0.014633384047161302,0.014527349262954814,1191.0381652832032,1169.210810546875,1205.6398822552137,1191.992114568417,0.010839147063782004,7,3,1
2023-07-12,1351.0,1351.9000244140625,1327.0,1333.300048828125,1212.9931640625,8102770,-0.011345089797219488,-0.011409936254243368,1192.3323120117188,1170.5352954101563,1206.7711563794117,1193.547747864275,0.011022013669904147,7,3,2
2023-07-13,1334.9000244140625,1376.800048828125,1330.8499755859375,1365.0999755859375,1241.9237060546875,9977644,0.023850540010707633,0.02357055894376018,1195.275408935547,1172.5874047851562,1212.1792409448387,1197.131152174676,0.011754045312632733,7,3,3
2023-07-14,1380.6500244140625,1430.0,1380.6500244140625,1425.949951171875,1297.282958984375,12833381,0.04457540560647755,0.0436104924259046,1201.6051086425782,1175.6677026367188,1225.2721206432288,1204.5498045309498,0.01412118344260517,7,3,4
2023-07-17,1425.949951171875,1458.949951171875,1414.300048828125,1422.949951171875,1294.5538330078125,11569884,-0.0021037245249094783,-0.0021059404617069996,1207.577734375,1178.9528540039062,1235.9308456223955,1211.21676960331,0.014118569776673,7,3,0
2023-07-18,1434.0,1477.949951171875,1429.0,1475.199951171875,1342.0888671875,16743977,0.036719240998454916,0.03606115102658797,1215.82021484375,1183.0720068359376,1252.262848940104,1220.9109990539907,0.015393712834649277,7,3,1
2023-07-19,1486.0,1498.800048828125,1460.699951171875,1474.949951171875,1341.86181640625,13687062,-0.00016917715868236538,-0.0001691914707520816,1223.6237487792969,1187.0950561523437,1266.0473054733573,1229.8703188578618,0.014755291313152693,7,3,2
2023-07-20,1471.0,1471.0,1440.699951171875,1449.5,1318.7081298828125,8347221,-0.017254896324158997,-0.017405496960865834,1230.4538330078126,1190.7887841796876,1274.1489707671196,1236.4508974523026,0.015283325323392992,7,3,3
2023-07-21,1320.199951171875,1350.0,1305.0,1331.5999755859375,1211.4464111328125,45548305,-0.08133848295872104,-0.08483754107528353,1232.730517578125,1192.4656494140625,1264.5024231310722,1234.5987132804885,0.021805592894953138,7,3,4
2023-07-24,1341.0,1349.9000244140625,1334.25,1336.5999755859375,1215.995361328125,8859789,0.003754974345962836,0.003747942028410506,1235.987481689453,1194.4291918945312,1257.039798238311,1233.220687209943,0.021632585604906978,7,3,0
2023-07-25,1337.0,1342.8499755859375,1324.25,1334.5999755859375,1214.1759033203125,6801982,-0.0014962705168753976,-0.0014973910474893287,1238.9101196289062,1196.12025390625,1250.4453528663112,1231.8099624773777,0.021355260365145425,7,3,1
2023-07-26,1343.0,1350.0,1339.4000244140625,1348.8499755859375,1227.139892578125,5528885,0.010677192013414993,0.010620593319082008,1242.0806457519532,1197.9637670898437,1246.8598974373595,1231.4640313737293,0.021365330106138395,7,3,2
2023-07-27,1358.5999755859375,1363.800048828125,1347.050048828125,1353.1500244140625,1231.052001953125,9191861,0.003187989730152996,0.003182918865278357,1244.8008544921875,1200.1979223632814,1244.427913516708,1231.433510675907,0.021348789645225266,7,3,3
2023-07-28,1353.8499755859375,1363.8499755859375,1336.0,1340.5,1219.5433349609375,6122735,-0.00934864406534286,-0.009392616910501665,1245.0282897949219,1202.2180615234374,1240.5995168158202,1230.5527569192425,0.021328215975828138,7,3,4
2023-07-31,1348.75,1357.5,1333.25,1355.699951171875,1233.371826171875,7902180,0.011339073253498144,0.011275267838859822,1246.0290405273438,1204.1036254882813,1239.4875644090594,1230.761576863882,0.021399566640283696,7,3,0
2023-08-01,1362.0,1369.0,1357.0,1365.199951171875,1242.0147705078125,6064652,0.007007573995559291,0.0069831350542763964,1246.9410827636718,1205.7329443359374,1239.876365347329,1231.5951467634325,0.021420342499608173,8,3,1
2023-08-02,1369.300048828125,1371.949951171875,1348.449951171875,1356.8499755859375,1234.4180908203125,7419145,-0.006116416541804948,-0.006135198441907831,1247.37548828125,1207.080166015625,1239.0366308047112,1231.8042537306087,0.021446533773548198,8,3,2
2023-08-03,1350.0,1366.550048828125,1349.0,1364.300048828125,1241.1959228515625,6503741,0.005490710223426731,0.0054756912256094855,1248.3034545898438,1208.5880786132811,1239.3688295811498,1232.4999329247535,0.02143935445042619,8,3,3
2023-08-04,1368.9000244140625,1385.9000244140625,1362.0,1378.3499755859375,1253.978271484375,5712345,0.010298413326597089,0.010245745953035373,1250.4937255859375,1210.2493017578124,1241.6164360277999,1234.090920966207,0.02128617554886889,8,3,4
2023-08-07,1387.9000244140625,1395.0,1377.0,1393.0,1267.306396484375,3729093,0.010628673002621492,0.010572585729886758,1253.3981628417969,1211.9418896484376,1245.5687376365038,1236.5513265601455,0.021125803298316734,8,3,0
2023-08-08,1392.8499755859375,1393.550048828125,1384.4000244140625,1390.199951171875,1264.7589111328125,4161877,-0.0020101574162566527,-0.0020121804942672015,1255.290478515625,1213.6382861328125,1248.5210720205512,1238.6407772692319,0.021148455031419978,8,3,1
2023-08-09,1384.0,1396.0,1382.5,1394.4000244140625,1268.5799560546875,4090828,0.0030211646569484607,0.003016610110057855,1258.0698181152343,1215.2414379882812,1251.607054179649,1240.8584942163027,0.021136933019177705,8,3,2
2023-08-10,1391.5999755859375,1395.800048828125,1385.5999755859375,1389.0999755859375,1263.758056640625,3873025,-0.003801021284506767,-0.003808263523671033,1259.1615356445313,1216.8477978515625,1253.4764391736453,1242.554758099586,0.021117533273402975,8,3,3
2023-08-11,1392.0,1396.8499755859375,1367.050048828125,1371.8499755859375,1248.0645751953125,5783517,-0.012418105952202274,-0.01249585496410481,1256.700616455078,1218.1187426757813,1252.64384471544,1242.9628926992696,0.020503607808429452,8,3,4
2023-08-14,1371.8499755859375,1395.0,1365.5999755859375,1393.550048828125,1267.8065185546875,4304135,0.01581804639898987,0.015694244928114793,1255.3632507324219,1219.8391137695312,1254.9765637676321,1244.8031612811524,0.020671668807143356,8,3,0
2023-08-16,1410.800048828125,1419.949951171875,1405.4000244140625,1418.5,1290.5052490234375,7735313,0.017903938918555795,0.017745551120458794,1252.7840698242187,1221.9133813476562,1260.4425153454483,1248.1885011139143,0.020848329829051854,8,3,2
2023-08-17,1420.0,1420.0,1406.0,1411.550048828125,1284.182373046875,5618346,-0.004899535264461075,-0.004911577337173369,1249.90009765625,1224.32517578125,1264.0948011456678,1250.854713849689,0.020886220909621667,8,3,3
2023-08-18,1403.699951171875,1408.699951171875,1386.1500244140625,1388.800048828125,1263.4852294921875,5134103,-0.01611698150441132,-0.016248272639798434,1247.1389526367188,1226.141982421875,1264.0010208912863,1251.7903076009852,0.021128620311393655,8,3,4
2023-08-21,1389.75,1407.0,1387.1500244140625,1405.4000244140625,1278.58740234375,3032722,0.011952789394801488,0.011881918981440889,1250.4960021972656,1228.3727319335937,1266.2450795762807,1253.7752775819308,0.021099445505709424,8,3,0
2023-08-22,1404.699951171875,1406.050048828125,1396.6500244140625,1403.75,1277.0863037109375,2890714,-0.0011740289557529149,-0.001174718667628044,1253.5505493164062,1230.8800537109375,1267.9129602123817,1255.5020202581534,0.021101350711259768,8,3,1
2023-08-23,1416.0,1416.5999755859375,1405.6500244140625,1407.949951171875,1280.9072265625,2559125,0.0029919065300909597,0.0029874396851191356,1256.8871154785156,1232.9907153320312,1269.9120781123997,1257.3838873918087,0.020968441033450337,8,3,2
2023-08-24,1421.5,1425.050048828125,1414.449951171875,1423.5999755859375,1295.14501953125,5171963,0.011115397488199896,0.011054075451643131,1260.287371826172,1235.1514111328124,1273.794069099915,1260.1810082910265,0.020889123014351092,8,3,3
2023-08-25,1413.0,1422.5,1411.4000244140625,1420.0999755859375,1291.9610595703125,4307172,-0.0024583810406728634,-0.002461407821013969,1263.3328247070312,1237.3293969726562,1276.5889907107455,1262.5350861635663,0.020506403276793494,8,3,4
2023-08-28,1420.0999755859375,1424.800048828125,1411.4000244140625,1415.6500244140625,1287.91259765625,3133464,-0.003133578898584566,-0.0031384988376412745,1266.751287841797,1239.6738696289062,1278.331084086977,1264.414901829691,0.018834527045007245,8,3,0
2023-08-29,1424.0,1424.4000244140625,1415.300048828125,1417.6500244140625,1289.7320556640625,3074444,0.001412718542487701,0.0014117215944750641,1269.5692993164062,1241.966484375,1280.0850797142207,1266.290246558163,0.01883233993139093,8,3,1
2023-08-30,1427.0,1436.6500244140625,1424.0,1435.1500244140625,1305.6529541015625,3070887,0.012344345763587672,0.012268775601320303,1272.7512084960938,1244.5347583007813,1284.0185988507349,1269.206002672489,0.017686838745024833,8,3,2
2023-08-31,1435.1500244140625,1444.9000244140625,1428.6500244140625,1435.449951171875,1305.92578125,9792735,0.00020895839708434671,0.0002089365683193069,1276.326593017578,1246.937451171875,1287.388934604468,1271.9259862708232,0.017687408816716117,8,3,3
2023-09-01,1430.949951171875,1446.0,1428.199951171875,1443.8499755859375,1313.56787109375,3582133,0.005851856172435221,0.00583480056772094,1279.9451904296875,1249.5666796875,1291.4164632951267,1275.0105703317806,0.017445214153416995,9,3,4
2023-09-04,1443.0,1470.0,1434.699951171875,1465.0999755859375,1332.9005126953125,4609014,0.014717657174017962,0.014610403525320769,1283.8913024902345,1252.906435546875,1297.7986247413091,1279.2987142105608,0.008538726542720728,9,3,0
2023-09-05,1465.0,1480.050048828125,1456.5,1478.9000244140625,1345.455322265625,5496840,0.009419164784418177,0.009375081056862463,1287.7987487792968,1256.7984204101563,1305.1304243604345,1284.199203696121,0.008613147428738394,9,3,1
2023-09-06,1481.9000244140625,1482.9000244140625,1463.300048828125,1477.449951171875,1344.135986328125,5075786,-0.0009805869549636137,-0.0009810680448777784,1291.7676025390624,1260.5666772460938,1311.1312800477715,1288.6389653725657,0.008603519557965882,9,3,2
2023-09-07,1470.5999755859375,1473.4000244140625,1462.050048828125,1466.199951171875,1333.901123046875,4411743,-0.007614455222800243,-0.007643593194396494,1295.0336608886719,1263.9701123046875,1314.6343328168643,1291.9917177928849,0.008719652883798983,9,3,3
2023-09-08,1463.5,1474.75,1460.199951171875,1469.5999755859375,1336.9945068359375,3125838,0.0023190502921210943,0.002316365445054802,1298.6954833984375,1267.1770458984374,1318.0743595890294,1295.3252577219998,0.008719835970136642,9,3,4
2023-09-11,1469.5999755859375,1478.050048828125,1464.5,1476.449951171875,1343.2264404296875,4182226,0.004661151232773664,0.004650321706367469,1303.4535766601562,1269.7416821289062,1321.9439104875923,1298.8734934781248,0.008417096180285358,9,3,0
2023-09-12,1482.5,1504.0,1477.0999755859375,1501.0999755859375,1365.652099609375,6793161,0.01669536759007939,0.01655753196921139,1308.3458557128906,1272.787587890625,1328.6682472755588,1303.8200568952543,0.008648034379752784,9,3,1
2023-09-13,1505.0,1505.0,1488.6500244140625,1498.3499755859375,1363.150146484375,4804686,-0.0018320574659649314,-0.0018337377357917752,1311.9781005859375,1275.5751123046875,1333.973154846146,1308.2148783463003,0.008672769312694084,9,3,2
2023-09-14,1505.0,1512.550048828125,1499.1500244140625,1506.949951171875,1370.97412109375,6444213,0.005739627897596966,0.005723218990801926,1316.3176879882812,1278.4799951171874,1339.665611191931,1312.8637111424077,0.00850477818906209,9,3,3
2023-09-15,1518.0,1518.4000244140625,1509.0,1511.5999755859375,1375.20458984375,8657816,0.003085739318423375,0.0030809881961600997,1321.9036560058594,1281.5313549804687,1345.133146369134,1317.4815540091738,0.008497072330074426,9,3,4
2023-09-18,1504.9000244140625,1504.9000244140625,1488.0,1491.800048828125,1357.1912841796875,3991916,-0.01309863695707203,-0.013185180669322283,1325.8338500976563,1284.4717236328124,1346.9882444938346,1320.423015503286,0.008911251160298107,9,3,0
2023-09-20,1476.199951171875,1495.0999755859375,1476.199951171875,1490.25,1355.7811279296875,4169337,-0.0010390254243729524,-0.0010395655854823645,1329.7685913085938,1287.4029931640625,1348.340995791658,1323.0421349422788,0.00880629586003405,9,3,2
2023-09-21,1486.550048828125,1504.550048828125,1476.0,1501.75,1366.2435302734375,6779195,0.007716881529193698,0.007687258698574246,1334.0354064941407,1290.1896118164063,1351.0952318657778,1326.2422383001426,0.008821587671847172,9,3,3
2023-09-22,1491.9000244140625,1506.949951171875,1485.199951171875,1496.1500244140625,1361.148681640625,5455613,-0.0037290925958074483,-0.003736062995842082,1337.3355895996094,1293.1527221679687,1352.6419164465235,1328.827900769808,0.008896603870450114,9,3,4
2023-09-25,1489.8499755859375,1489.8499755859375,1471.550048828125,1474.1500244140625,1341.1339111328125,4217863,-0.014704323471619762,-0.014813503638185427,1339.7942321777343,1295.1369262695312,1350.8714540905678,1329.7394570929935,0.009368384004932733,9,3,0
2023-09-26,1479.1500244140625,1479.9000244140625,1459.0,1460.6500244140625,1328.85205078125,3996528,-0.00915781805948701,-0.009200008655366586,1341.8412048339844,1295.7683081054688,1347.483853581442,1329.6737232921237,0.009212675823486621,9,3,1
2023-09-27,1456.0,1469.5999755859375,1450.050048828125,1467.0,1334.62890625,3863586,0.004347252551820002,0.004337830546134684,1344.0860473632813,1296.5698095703126,1345.5061693766047,1330.0407738815961,0.00885629502182067,9,3,2
2023-09-28,1467.9000244140625,1472.5999755859375,1435.0,1439.449951171875,1309.56494140625,5814602,-0.018779725754759724,-0.018958304107196622,1344.2816467285156,1295.9193310546875,1339.9767496888578,1328.5240455500889,0.009078886447593052,9,3,3
2023-09-29,1432.0999755859375,1446.800048828125,1416.0,1435.449951171875,1305.92578125,6068968,-0.00277890774346945,-0.0027827760757472035,1344.2816467285156,1295.2006103515625,1334.7381391598028,1326.8501000463787,0.009043351022015209,9,3,4
2023-10-03,1436.050048828125,1437.0,1420.300048828125,1434.0,1304.6068115234375,4181867,-0.0010099882746016364,-0.001010498656441108,1343.83359375,1294.918583984375,1330.1025502926698,1325.2024490446793,0.008483714240704123,10,4,1
2023-10-04,1425.0,1449.949951171875,1418.199951171875,1444.3499755859375,1314.022705078125,4510406,0.007217418667078812,0.007191497747662824,1342.8897033691405,1296.9701098632813,1327.6287279519706,1324.3743198619716,0.00831730498830613,10,4,2
2023-10-05,1452.0,1475.6500244140625,1450.199951171875,1463.449951171875,1331.399169921875,7384621,0.013223869554610745,0.01313719744922118,1342.1868957519532,1299.2781860351563,1328.2087959473406,1324.894679125668,0.008601355037215598,10,4,3
2023-10-06,1469.5,1484.5,1463.300048828125,1478.699951171875,1345.2734375,3598672,0.010420817356329826,0.010366894926157263,1342.2437683105468,1301.90013671875,1330.8341254169804,1326.4042167830262,0.008753610036432503,10,4,4
2023-10-09,1464.9000244140625,1491.0,1462.199951171875,1475.449951171875,1342.3165283203125,3567552,-0.00219799863526815,-0.002200417779769406,1342.6645385742188,1304.2036694335939,1332.60064894057,1327.5829065265289,0.008594413295390624,10,4,0
2023-10-10,1483.9000244140625,1497.0,1469.0999755859375,1495.1500244140625,1360.239013671875,5688951,0.013351906926147628,0.013263555785478,1343.8267639160156,1306.7874096679689,1336.8527050530784,1330.0018774261841,0.008841697883166313,10,4,1
2023-10-11,1497.0,1518.25,1481.449951171875,1494.4000244140625,1359.556640625,7220129,-0.0005016567235731628,-0.0005017825954053768,1344.6432739257812,1309.58767578125,1340.3456182179893,1332.1911191446147,0.008804488622128586,10,4,2
2023-10-12,1491.9000244140625,1504.4000244140625,1452.0,1465.5,1333.264404296875,11081662,-0.019338831161928027,-0.01952827272000507,1343.0238891601562,1311.58552734375,1339.256200691664,1332.270621748486,0.00961717065458233,10,4,3
2023-10-13,1405.0,1438.0,1400.0,1431.1500244140625,1302.013916015625,17973439,-0.023439077935730634,-0.02371814242480963,1339.9670776367188,1312.7855102539063,1333.5266184338118,1330.0293842867927,0.010370673232918156,10,4,4
2023-10-16,1432.0999755859375,1443.5999755859375,1430.0,1434.1500244140625,1304.7430419921875,4850745,0.002096080497291597,0.002093886785495518,1336.6555236816407,1314.1920092773437,1329.098375904331,1328.1563218945996,0.010377961382439058,10,4,0
2023-10-17,1440.25,1453.3499755859375,1438.050048828125,1442.449951171875,1312.2943115234375,3923764,0.00578755301865419,0.005770869473997945,1333.510009765625,1315.6139770507812,1326.5131352303474,1326.9813581634023,0.010376722356593347,10,4,1
2023-10-18,1442.0,1454.0,1438.3499755859375,1440.550048828125,1310.5657958984375,4264837,-0.0013171707061606641,-0.0013180389379853423,1331.1787353515624,1316.7457275390625,1324.0596984100537,1325.7653905882198,0.009999669284704754,10,4,2
2023-10-19,1426.0999755859375,1439.6500244140625,1426.0999755859375,1433.6500244140625,1304.28857421875,6795691,-0.0047897035763734275,-0.004801210965908647,1328.6041076660156,1317.48537109375,1321.017986996007,1324.1745153015922,0.009848290215749135,10,4,3
2023-10-20,1430.0,1438.5,1425.25,1427.25,1298.4658203125,3928622,-0.004464314125988356,-0.00447430893403088,1325.2152221679687,1318.1595092773437,1317.5484228908522,1322.2701675246226,0.0098687148873536,10,4,4
2023-10-23,1425.5999755859375,1432.3499755859375,1405.25,1408.6500244140625,1281.5440673828125,2636516,-0.01303211271715643,-0.013117775758961774,1321.2349914550782,1318.4187915039063,1312.0092912742307,1319.2534193659699,0.0100400341991562,10,4,0
2023-10-25,1399.0,1402.550048828125,1361.300048828125,1370.050048828125,1262.560302734375,6940777,-0.014813196932982886,-0.014924008007142078,1317.3063110351563,1318.3948364257812,1304.4017545757913,1315.053929245111,0.01031154032215063,10,4,2
2023-10-26,1355.050048828125,1374.0,1353.0999755859375,1359.449951171875,1252.7918701171875,6357656,-0.007737002815652927,-0.00776708870548312,1313.5033020019532,1318.4893823242187,1296.4617723513907,1310.4419248652648,0.01028976257249881,10,4,3
2023-10-27,1363.6500244140625,1385.0,1363.6500244140625,1380.3499755859375,1272.0521240234375,4634358,0.015373865656111319,0.015256885220917539,1310.374462890625,1318.5742944335936,1292.706441839398,1307.5982359140185,0.010208282206230775,10,4,4
2023-10-30,1380.3499755859375,1380.3499755859375,1363.0999755859375,1377.050048828125,1269.01123046875,2667696,-0.0023905416273897195,-0.0023934035339401223,1308.34677734375,1318.1444140625,1289.0610247054522,1304.739939214369,0.010207883522311766,10,4,0
2023-10-31,1379.949951171875,1381.1500244140625,1363.0,1368.4000244140625,1261.039794921875,3451595,-0.0062816115062516165,-0.0063014238403107225,1306.1024780273438,1317.6815625,1284.7500662772095,1301.502891488999,0.0101156390606931,10,4,1
2023-11-01,1373.050048828125,1377.449951171875,1351.6500244140625,1354.1500244140625,1247.9075927734375,3090672,-0.010413788844190308,-0.010468391756179432,1303.2675170898438,1317.370009765625,1279.0819934304752,1297.5328693619203,0.01014809350602188,11,4,2
2023-11-02,1370.0,1376.300048828125,1361.6500244140625,1370.1500244140625,1262.6524658203125,3758060,0.01181567700385977,0.011746416928288036,1300.6990051269531,1317.0513110351562,1276.5543737981425,1294.9491357662457,0.010326500007779349,11,4,3
2023-11-03,1380.050048828125,1392.0,1377.75,1389.050048828125,1280.0697021484375,3349045,0.013794164902540595,0.013699891370323894,1298.1325317382812,1317.1109790039063,1277.0951935443416,1293.8469554982598,0.010738436613217927,11,4,4
2023-11-06,1393.9000244140625,1407.25,1390.800048828125,1403.300048828125,1293.20166015625,2736381,0.010258783553561246,0.010206519374246001,1295.5289428710937,1317.3568676757814,1279.573111484635,1293.7991558432961,0.010826257761351108,11,4,0
2023-11-07,1400.0,1405.9000244140625,1394.8499755859375,1404.300048828125,1294.1231689453125,2272209,0.0007125793427693594,0.0007123255786537106,1293.1192749023437,1317.3364306640624,1281.8115818632007,1293.823156813816,0.01082895526511727,11,4,1
2023-11-08,1405.0,1405.0,1386.449951171875,1391.0,1281.8665771484375,3550635,-0.009470962340365152,-0.009516097110056639,1289.2006530761719,1317.134541015625,1281.820042676314,1292.9374842460102,0.010651693425059944,11,4,2
2023-11-09,1395.9000244140625,1397.5,1370.050048828125,1374.800048828125,1266.937744140625,5498051,-0.011646167607413771,-0.01171451539548336,1284.5697082519532,1316.7150439453126,1279.530458286208,1291.0115775715374,0.010723228404152635,11,4,3
2023-11-10,1369.949951171875,1373.1500244140625,1361.0,1368.8499755859375,1261.454345703125,2943649,-0.0043280725220001814,-0.0043374657406971325,1280.9792053222657,1316.1494897460936,1276.7495178888107,1288.8221529886919,0.010676044968887747,11,4,4
2023-11-13,1379.8499755859375,1382.449951171875,1370.8499755859375,1373.550048828125,1265.7857666015625,3462092,0.003433672342714189,0.0034277907496325206,1279.1677978515625,1315.3521459960937,1275.0627869215416,1287.1157539970527,0.010219988476735572,11,4,0
2023-11-15,1399.0,1414.0,1393.0,1410.5,1299.8367919921875,8551860,0.02690109676461816,0.026545623256032307,1278.9224853515625,1315.2303662109375,1278.8741723170256,1288.0580531078035,0.011416589395277782,11,4,2
2023-11-16,1416.0999755859375,1453.4000244140625,1410.5999755859375,1444.9000244140625,1331.537841796875,6673907,0.024388484769769514,0.024095834329027697,1279.8846618652344,1315.589765625,1286.9762753139255,1291.2787781958828,0.012257028128079108,11,4,3
2023-11-17,1441.050048828125,1451.0,1435.050048828125,1437.550048828125,1324.7645263671875,4901251,-0.005086836601314371,-0.005099818598196276,1280.5945983886718,1315.4270458984374,1292.7898523990427,1293.7592039863498,0.01223913367561896,11,4,4
2023-11-20,1442.0,1452.0,1433.6500244140625,1436.5999755859375,1323.8890380859375,3584210,-0.0006608633185934965,-0.0006610817850126921,1281.5746215820313,1314.9957202148437,1297.5743425047187,1295.9910435492823,0.011995370088643017,11,4,0
2023-11-21,1442.0,1450.0,1436.75,1439.0,1326.1007080078125,3793135,0.0016705855689178595,0.001669191693023033,1282.956365966797,1314.6350146484374,1301.9630141205794,1298.221389064729,0.011835565633246935,11,4,1
2023-11-22,1436.199951171875,1458.949951171875,1436.199951171875,1457.800048828125,1343.42578125,3108786,0.013064673849857655,0.012980067108037726,1286.0504516601563,1314.8255078125,1308.3419013712594,1301.569862559934,0.012081574216551868,11,4,2
2023-11-23,1467.9000244140625,1467.9000244140625,1447.699951171875,1449.25,1335.546630859375,3186928,-0.005864968873303789,-0.005882235347903287,1289.6997680664062,1314.7965502929687,1312.527244369431,1304.0866602117446,0.011862061225616446,11,4,3
2023-11-24,1445.550048828125,1452.6500244140625,1433.8499755859375,1437.4000244140625,1324.626220703125,2973195,-0.008176734457577939,-0.008210347305056796,1293.291485595703,1314.4245458984376,1314.3886253438454,1305.6081091370322,0.011943632440451771,11,4,4
2023-11-28,1444.0,1445.0,1427.050048828125,1442.699951171875,1329.5103759765625,3755373,0.0036871950721653057,0.003680414031982163,1296.1643981933594,1313.7017114257812,1316.7150485181096,1307.3786474214419,0.011440346389263336,11,4,1
2023-11-29,1451.0999755859375,1460.699951171875,1449.800048828125,1459.5999755859375,1345.08447265625,3875778,0.011714159559114368,0.011646079939926151,1299.9680603027343,1313.3403979492186,1321.0795753085927,1310.1716715129091,0.010738875906753709,11,4,2
2023-11-30,1453.25,1460.6500244140625,1449.550048828125,1455.1500244140625,1340.983642578125,10120867,-0.003048752819238776,-0.0030534097337112714,1303.9652526855468,1312.7405883789063,1324.1417395039052,1312.4540397399621,0.01076414526876196,11,4,3
2023-12-01,1459.9000244140625,1459.9000244140625,1446.1500244140625,1452.300048828125,1338.3572998046875,3489187,-0.0019585196195146537,-0.001960440026911375,1308.4877380371095,1312.003642578125,1326.3287487809487,1314.3727997447565,0.010737454178508183,12,4,4
2023-12-04,1460.449951171875,1471.9000244140625,1449.300048828125,1464.3499755859375,1349.4617919921875,5511948,0.00829710585440857,0.008262874090993738,1312.8282043457032,1311.849052734375,1329.8876785057546,1316.9719843556773,0.010818003525568089,12,4,0
2023-12-05,1465.800048828125,1466.9000244140625,1442.0,1453.949951171875,1339.8778076171875,5123039,-0.007102079089509661,-0.007127418901382493,1315.8186096191407,1311.530986328125,1331.4246214459752,1318.668712004678,0.010869028627618646,12,4,1
2023-12-06,1456.75,1477.0,1451.050048828125,1474.300048828125,1358.63134765625,5269178,0.013996455447242262,0.013899409548722243,1319.0900939941407,1311.3787426757813,1335.6102716321711,1321.6289072381276,0.011072342263519731,12,4,2
2023-12-07,1472.8499755859375,1472.8499755859375,1461.800048828125,1465.9000244140625,1350.8900146484375,4424453,-0.005697890764236324,-0.005714185671029711,1321.9284362792969,1311.1735693359376,1337.9610013269812,1323.7963966759285,0.010816837865894168,12,4,3
2023-12-08,1470.4000244140625,1494.699951171875,1466.25,1491.1500244140625,1374.1591796875,6323433,0.017225062578553496,0.017078393053639892,1326.54306640625,1311.8340747070313,1343.529951843984,1327.526973195304,0.01069952493724454,12,4,4
2023-12-11,1490.0,1498.0,1482.0,1488.5,1371.7171630859375,3862018,-0.0017770987798646498,-0.0017786796931383473,1331.7820373535155,1312.691376953125,1347.8664458812075,1330.8003205946102,0.010549835206580432,12,4,0
2023-12-12,1477.5,1490.0,1467.6500244140625,1476.050048828125,1360.243896484375,6103494,-0.008364163480867437,-0.0083993393782007,1336.7215148925782,1313.2036767578124,1349.7706690509256,1332.9813262160742,0.010486055849810218,12,4,1
2023-12-13,1476.0,1476.050048828125,1433.1500244140625,1449.0,1335.3160400390625,8549258,-0.01832601970112857,-0.018496021372748986,1340.1980285644531,1313.7186987304688,1347.5468799721775,1333.15426798074,0.01111600564244587,12,4,2
2023-12-14,1463.4000244140625,1511.0,1461.3499755859375,1501.449951171875,1383.6510009765625,12489858,0.0361973940911291,0.03555766052483183,1344.388739013672,1315.273203125,1353.1013601266982,1336.8947667211712,0.012655442553112461,12,4,3
2023-12-15,1523.050048828125,1588.550048828125,1521.0,1578.4000244140625,1454.56396484375,18395389,0.05125061436528289,0.04998051671891219,1350.5400451660157,1318.2723461914063,1368.7109916216293,1345.61100361914,0.015136814210944725,12,4,4
2023-12-18,1567.949951171875,1593.0,1560.300048828125,1564.3499755859375,1441.6160888671875,6467243,-0.00890155145425553,-0.008941406956892141,1356.3826232910155,1320.8242138671876,1379.9271604286382,1352.7224914152919,0.01529772581810523,12,4,0
2023-12-19,1570.0999755859375,1573.949951171875,1543.25,1558.300048828125,1436.0408935546875,4221721,-0.0038673231767835103,-0.0038748206072940316,1361.990216064453,1322.9170483398439,1388.5600424480303,1358.8942249070988,0.015269098823388803,12,4,1
2023-12-20,1565.050048828125,1583.5,1530.0,1536.4000244140625,1415.859130859375,6592367,-0.014053752080385284,-0.014153441160022711,1366.4781372070313,1324.3287622070313,1392.7599022036218,1363.1138475702303,0.01556507939544522,12,4,2
2023-12-21,1521.25,1546.6500244140625,1521.25,1536.0,1415.490478515625,5319038,-0.00026037360335862125,-0.00026040750645039203,1370.0813720703125,1325.7922412109374,1396.25691394393,1366.99359801063,0.015571324541155137,12,4,3
2023-12-22,1534.949951171875,1566.0,1523.0,1562.9000244140625,1440.2799072265625,6741060,0.017512960409972633,0.0173613757571503,1375.3180358886718,1327.3930590820312,1403.029682141258,1372.4222135081063,0.015598994154478055,12,4,4
2023-12-26,1535.0,1548.0,1523.0,1543.949951171875,1422.816650390625,6878067,-0.01212490485239437,-0.012199011141572074,1380.227557373047,1328.6582592773439,1406.0738311026992,1376.1551347586633,0.01561579578653567,12,4,1
2023-12-27,1544.0,1570.0,1544.0,1567.0999755859375,1444.150390625,4225849,0.014994019242407619,0.014882720104378364,1385.9595581054687,1330.8759790039062,1411.9317633368992,1381.191820378392,0.015659239472714578,12,4,2
2023-12-28,1568.949951171875,1568.949951171875,1555.0,1562.6500244140625,1440.049560546875,5702253,-0.002839614284458447,-0.0028436536377164146,1390.7078125,1333.6366918945312,1416.25757829228,1385.551652983465,0.015717617375089588,12,4,3
2023-12-29,1541.050048828125,1559.449951171875,1540.0,1542.9000244140625,1421.8489990234375,4388990,-0.0126388438440449,-0.012719393453216212,1394.7510803222656,1335.9788110351562,1417.1177968663042,1388.2403452827223,0.015423055713256667,12,4,4
2024-01-01,1539.0,1557.0,1535.25,1551.3499755859375,1429.635986328125,2808451,0.005476662648449926,0.005461720263010552,1399.3150146484375,1338.32564453125,1419.0436721681226,1391.3066890638634,0.01490092455418135,1,1,0
2024-01-02,1546.0,1549.1500244140625,1523.0,1534.4000244140625,1414.015869140625,5396313,-0.010925940125233291,-0.01098606656875727,1402.5427185058593,1340.3946459960937,1418.2701640100458,1392.988850551031,0.015040623214692534,1,1,1
2024-01-03,1519.949951171875,1519.949951171875,1488.0,1490.0,1373.0994873046875,7550363,-0.028936296069155598,-0.029363206322903602,1404.2038024902345,1341.7708642578125,1411.3208291322983,1391.5155643846351,0.016081401008584392,1,1,2
2024-01-04,1504.949951171875,1519.75,1492.9000244140625,1512.699951171875,1394.018310546875,7056038,0.015234746961598544,0.015119863547842791,1405.9731506347657,1343.6819140625,1408.6589031960793,1391.7009529892455,0.01628044539717599,1,1,3
2024-01-05,1506.75,1539.699951171875,1506.25,1532.550048828125,1412.3111572265625,8895403,0.01312238622784756,0.013037033593652632,1409.044207763672,1346.297255859375,1409.2207884315383,1393.2276347846023,0.01628182658567375,1,1,4
2024-01-08,1528.949951171875,1536.0,1513.25,1522.800048828125,1403.3260498046875,4440136,-0.006361988557478826,-0.006382312251945005,1410.5025512695313,1349.1125708007812,1408.313905565869,1393.9756655268309,0.016290140169974394,1,1,0
2024-01-09,1541.9000244140625,1553.0,1525.8499755859375,1529.300048828125,1409.3160400390625,4412074,0.004268423746006,0.004259339865428891,1412.3824951171875,1352.2430541992187,1408.4680801002064,1395.1119895647741,0.016186018166381735,1,1,1
2024-01-10,1524.949951171875,1535.449951171875,1505.0,1519.9000244140625,1400.6534423828125,4096845,-0.006146667894314062,-0.006165636426205032,1414.4029724121094,1354.8150805664063,1407.2658281436843,1395.5224675512954,0.016254149225536706,1,1,2
2024-01-11,1524.9000244140625,1525.0,1486.5999755859375,1494.199951171875,1376.9698486328125,11296088,-0.01690896051325097,-0.017053549199927492,1416.485662841797,1356.9742529296875,1402.6049082189347,1394.1481994832595,0.01649439353905723,1,1,3
2024-01-12,1562.0,1618.0,1555.4000244140625,1612.75,1486.2188720703125,26754401,0.07934017113444636,0.07634990177521542,1421.6140563964843,1361.4778344726562,1415.4685949653003,1400.9682493045227,0.021813510773581443,1,1,4
2024-01-15,1644.949951171875,1664.949951171875,1636.0,1652.0999755859375,1522.4815673828125,13228305,0.02439929676171171,0.02410638885501595,1425.0099365234375,1366.9693139648436,1431.932129183379,1409.9692358288403,0.022108334118489264,1,1,0
2024-01-16,1644.800048828125,1648.5,1625.0,1631.550048828125,1503.5438232421875,6500917,-0.012438734593798406,-0.012516743213645754,1428.1063232421875,1371.7871411132812,1442.9493128847341,1416.9006867483474,0.022309917706012476,1,1,1
2024-01-17,1620.25,1647.5,1620.25,1640.199951171875,1511.51513671875,9209876,0.005301683498239118,0.0052876790505737795,1431.8800354003906,1376.4160498046874,1453.4979011668904,1423.9091645239328,0.02221478124780907,1,1,2
2024-01-18,1642.6500244140625,1649.0,1628.25,1642.5999755859375,1513.7269287109375,6375464,0.0014632946362607147,0.0014622250639369553,1436.7734252929688,1380.8265551757813,1462.7639054044362,1430.5623322414885,0.022143064361081405,1,1,3
2024-01-19,1651.5999755859375,1665.5,1644.1500244140625,1659.199951171875,1529.0244140625,4522736,0.010105842118161679,0.010055119539039661,1442.4501220703125,1385.524580078125,1472.9578298133692,1437.8558197837856,0.022096255221449736,1,1,4
2024-01-23,1650.0999755859375,1674.699951171875,1637.699951171875,1642.1500244140625,1513.3121337890625,9401255,-0.010276016608322891,-0.010329179381616366,1446.1017333984375,1390.1534912109375,1479.1661842711683,1443.445176376769,0.02211489366329616,1,1,1
2024-01-24,1659.9000244140625,1680.0,1645.0,1675.4000244140625,1543.953369140625,8999681,0.02024779598828852,0.020045535035126103,1452.1585693359375,1395.6938037109376,1489.1334434818539,1450.8902276926103,0.022300171943657923,1,1,2
2024-01-25,1672.949951171875,1680.550048828125,1658.0,1669.0999755859375,1538.147705078125,8865304,-0.0037602586830270956,-0.0037673462286239917,1456.8584350585938,1401.2276708984375,1496.6740991120494,1457.3537445359818,0.022226555483545293,1,1,3
2024-01-29,1665.1500244140625,1679.3499755859375,1647.5999755859375,1656.5999755859375,1526.62841796875,4253785,-0.007489064328051631,-0.007517248172224819,1461.1873779296875,1406.4445239257811,1501.282455859234,1462.485201827298,0.021931613528275284,1,1,0
2024-01-30,1662.449951171875,1690.0,1648.25,1651.449951171875,1521.88232421875,4995943,-0.0031088729216208755,-0.0031137155063004,1466.1890441894532,1410.8854345703126,1504.4516663760826,1466.884988671109,0.02114500709332267,1,1,1
2024-01-31,1648.25,1667.25,1638.0999755859375,1660.9000244140625,1530.5911865234375,6763779,0.005722428183899231,0.0057061172874452535,1471.2368041992188,1414.8665014648439,1508.4731310141372,1471.6039662898,0.01912920842483218,1,1,2
2024-02-01,1659.550048828125,1677.0,1650.3499755859375,1657.050048828125,1527.043212890625,5760011,-0.0023180413320367244,-0.002320732148932678,1476.8881713867188,1418.9120751953126,1511.330066687443,1475.7105771491204,0.01903890595983157,2,1,3
2024-02-02,1666.050048828125,1718.5,1665.0,1693.3499755859375,1560.495361328125,7858483,0.021906484476085453,0.021669985125322623,1486.2579650878906,1423.6442016601563,1518.8939581706247,1481.9909315327502,0.019339899911801125,2,1,4
2024-02-05,1694.75,1700.75,1681.8499755859375,1687.199951171875,1554.8277587890625,3634135,-0.0036319252716258132,-0.0036385367252733305,1494.2984375,1428.2187426757812,1524.422235188846,1487.3862520702548,0.019116240015279454,2,1,0
2024-02-06,1686.75,1733.0,1673.949951171875,1729.449951171875,1593.762939453125,7694265,0.025041475137018487,0.024733075320054934,1503.371026611328,1433.2254858398437,1535.0900358448887,1495.266006691208,0.01950798506757849,2,1,1
2024-02-07,1729.0,1729.0,1686.8499755859375,1693.75,1560.8638916015625,4613877,-0.020642372235642137,-0.020858404112790174,1511.2479187011718,1437.7318310546875,1539.0552444228385,1500.1251092771604,0.01984697097384543,2,1,2
2024-02-08,1698.0,1706.3499755859375,1682.800048828125,1692.0999755859375,1559.3431396484375,5919715,-0.0009743014501825131,-0.0009747763903554197,1518.7492736816407,1442.4261694335937,1542.1764590729306,1504.511630045403,0.019660015508781062,2,1,3
2024-02-09,1684.699951171875,1692.9000244140625,1659.800048828125,1669.3499755859375,1538.378173828125,4600004,-0.01344474175519772,-0.01353594064847841,1525.6355102539062,1446.603525390625,1541.5921074968066,1507.0202629181972,0.01975914086675227,2,1,4
2024-02-12,1670.3499755859375,1692.949951171875,1670.3499755859375,1680.0999755859375,1548.284912109375,3555808,0.006439728832474234,0.006419082369765877,1534.2012634277344,1450.6675341796874,1542.621769744894,1510.0769035990252,0.019748651997033666,2,1,0
2024-02-13,1683.0,1689.0999755859375,1663.5,1684.550048828125,1552.3857421875,2696481,0.00264862755301154,0.0026451261203522254,1537.5096069335937,1454.895576171875,1544.1239193514486,1513.210891642616,0.019537929077439228,2,1,1
2024-02-14,1660.199951171875,1669.449951171875,1635.5,1666.199951171875,1535.475341796875,3768579,-0.010893169095199329,-0.010952934078003053,1538.1592956542968,1458.8379370117189,1542.7933689584372,1514.860110172561,0.019697544617966807,2,1,2
2024-02-15,1677.0,1687.75,1661.5999755859375,1676.3499755859375,1544.8287353515625,4834391,0.006091529639115967,0.006073051275474123,1540.2235412597656,1462.7452758789063,1543.106502249687,1517.0800083339684,0.019540005570171833,2,1,3
2024-02-16,1689.0,1709.0,1687.949951171875,1701.6500244140625,1568.14404296875,4880654,0.015092487007552613,0.014979728547042324,1543.0549865722655,1467.3106005859374,1546.9584315910813,1520.8625294180263,0.018682905518162762,2,1,4
2024-02-19,1705.0,1711.5,1687.699951171875,1699.75,1566.39306640625,3690993,-0.001116591661557531,-0.0011172155144627328,1545.6882934570312,1471.4658349609374,1549.9483754087996,1524.2351617875242,0.018600316342137196,2,1,0
2024-02-20,1685.0,1694.25,1668.75,1685.25,1553.0306396484375,3706389,-0.008530698356875144,-0.00856729303148356,1546.888604736328,1475.5086474609375,1550.4225699072056,1526.3681601475919,0.018656401580775514,2,1,1
2024-02-21,1674.0,1674.0,1645.300048828125,1655.550048828125,1525.6610107421875,4300508,-0.01762336698807543,-0.017780507487038886,1547.5060485839845,1478.5386840820313,1546.6130992664337,1526.3157787101545,0.01896889939182319,2,1,2
2024-02-22,1665.0,1684.5999755859375,1644.4000244140625,1681.3499755859375,1549.4366455078125,5841277,0.015583825370262927,0.015463644540254689,1547.7802124023438,1482.0930737304689,1547.0474909958766,1528.0284355099811,0.019107826765382457,2,1,3
2024-02-23,1697.0,1698.449951171875,1671.9000244140625,1676.8499755859375,1545.2896728515625,5373072,-0.0026764389936646538,-0.0026800270600986264,1548.1373107910156,1485.7939892578124,1546.777057435213,1529.3070456834316,0.01905888251421301,2,1,4
2024-02-26,1674.949951171875,1674.949951171875,1645.0,1660.1500244140625,1529.89990234375,2782438,-0.009959149263848666,-0.010009073334961035,1548.3008850097656,1489.6856665039063,1544.1805720365264,1529.3509609916032,0.018843889899740233,2,1,0
2024-02-27,1661.0,1671.0999755859375,1652.800048828125,1663.5999755859375,1533.0792236328125,5159088,0.0020781237283511445,0.002075967416108294,1548.8607299804687,1492.6742309570313,1542.4726722821088,1529.6271285946557,0.01228584407811112,2,1,1
2024-02-28,1670.0,1687.800048828125,1662.050048828125,1671.25,1540.129150390625,3188916,0.0045985404075250536,0.004587999423658695,1549.337628173828,1494.3855346679688,1542.1121304526498,1530.4050561350978,0.011498044611069942,2,1,2
2024-02-29,1665.0,1682.25,1653.300048828125,1673.9000244140625,1542.5711669921875,7814722,0.001585592092028909,0.0015843363680898134,1550.1140258789062,1496.4046362304687,1542.1827514587326,1531.3062495319193,0.011238201093396044,2,1,3
2024-03-01,1669.0,1671.949951171875,1651.0,1654.699951171875,1524.8773193359375,6387291,-0.011470360677589109,-0.011536652680959658,1548.3331237792968,1498.1813647460938,1539.520377285995,1530.830032480365,0.011428049464927929,3,1,4
2024-03-04,1657.8499755859375,1664.449951171875,1633.6500244140625,1637.199951171875,1508.7503662109375,4445156,-0.010575902022087247,-0.01063222433199912,1546.0292541503907,1500.039189453125,1534.7865294282938,1529.1945016455927,0.011597958271730048,3,1,0
2024-03-05,1634.0,1637.3499755859375,1602.0,1606.5,1480.4591064453125,4596579,-0.018751451796943375,-0.018929489424899623,1540.3640625,1501.3385620117188,1526.4284643539888,1525.584472371498,0.011919272138710236,3,1,1
2024-03-06,1602.800048828125,1620.1500244140625,1576.0,1617.550048828125,1490.6422119140625,6420684,0.006878342957544081,0.006854795075229211,1536.852978515625,1502.3458081054687,1520.9228870555387,1522.9961567820583,0.01187064304128276,3,1,2
2024-03-07,1616.5999755859375,1628.449951171875,1604.199951171875,1616.449951171875,1489.6285400390625,6348359,-0.0006800235944602884,-0.0006802549153798668,1533.3672485351562,1503.6820458984375,1516.108372129927,1520.5244814677621,0.011209806787897356,3,1,3
2024-03-11,1608.1500244140625,1613.800048828125,1588.0,1600.5999755859375,1475.02197265625,6752895,-0.00980550989069362,-0.009853900492325337,1530.1994384765626,1504.2994775390625,1509.787387595515,1517.1539252595019,0.011312533883109295,3,1,0
2024-03-12,1600.0,1625.0,1597.6500244140625,1612.949951171875,1486.403076171875,4614222,0.007715887442089953,0.007686272223491525,1527.1053466796875,1505.2265478515626,1506.1898012226475,1514.8760845863442,0.011367745384245226,3,1,1
2024-03-13,1612.9000244140625,1624.5,1598.550048828125,1611.4000244140625,1484.9747314453125,5688997,-0.0009609403730790333,-0.0009614023722721709,1523.734796142578,1506.4890625,1502.925944333827,1512.6611695388603,0.011359641259888021,3,1,2
2024-03-14,1614.4000244140625,1657.75,1608.0,1653.300048828125,1523.5875244140625,8803799,0.026002323238974334,0.02567001111148618,1523.1404052734374,1508.3680932617187,1506.1046489615555,1513.4705291592456,0.01232116177172877,3,1,3
2024-03-15,1641.0999755859375,1645.800048828125,1618.3499755859375,1634.0,1505.801513671875,11809997,-0.01167377026733507,-0.011742443698552716,1521.1890441894532,1510.2038061523438,1506.0580127631433,1512.9024539379589,0.01249691520348284,3,1,4
2024-03-18,1630.0,1632.6500244140625,1598.8499755859375,1602.6500244140625,1476.911376953125,4958904,-0.019185886357825366,-0.019372323974916388,1516.6274108886719,1512.2800439453124,1501.5739149462174,1510.2364482353785,0.012217495969540195,3,1,0
2024-03-19,1592.3499755859375,1599.0,1558.0,1561.449951171875,1438.9434814453125,6870411,-0.025707632902212785,-0.026043848823767642,1510.254931640625,1513.1785473632813,1491.9384636383859,1504.9554877324106,0.01297534856369663,3,1,1
2024-03-20,1563.0,1574.949951171875,1552.3499755859375,1554.949951171875,1432.9534912109375,4759059,-0.0041627696373164325,-0.004171458083225343,1504.25107421875,1513.5913940429687,1482.8638524957016,1499.6220065085977,0.011887978104643388,3,1,2
2024-03-21,1564.0,1576.949951171875,1543.4000244140625,1554.699951171875,1432.7232666015625,11062497,-0.0001606643975446964,-0.00016067730545159484,1499.6041870117188,1514.1793383789063,1475.1499162042956,1494.6665442932617,0.011447785617884726,3,1,3
2024-03-22,1521.0,1528.9000244140625,1498.199951171875,1508.8499755859375,1390.470458984375,14673890,-0.02949125529133878,-0.02993486589469573,1491.6558776855468,1513.8024267578126,1462.122307401231,1486.9483157518628,0.012433509096919098,3,1,4
2024-03-26,1492.0,1507.449951171875,1487.9000244140625,1492.6500244140625,1375.54150390625,8351081,-0.010736621538173008,-0.010794674964908968,1483.1684692382812,1513.3001879882813,1448.8021837866183,1478.6959593188544,0.0123702792800518,3,1,1
2024-03-27,1496.0,1499.0,1481.550048828125,1483.8499755859375,1367.4320068359375,6857402,-0.005895494281548896,-0.005912941314344275,1475.0450744628906,1513.1094311523439,1436.2836950249753,1470.4541850608605,0.012227585533095242,3,1,2
2024-03-28,1487.1500244140625,1511.800048828125,1487.1500244140625,1498.050048828125,1380.5177001953125,12499530,0.009569538590553872,0.00952404058909004,1467.4169982910157,1510.9954077148439,1427.7043112050274,1463.792223218968,0.012422248510644194,3,1,3
2024-04-01,1525.0,1529.949951171875,1492.800048828125,1495.449951171875,1378.1217041015625,6580002,-0.0017355779599284027,-0.0017370858202812626,1459.3166259765626,1508.1082104492189,1420.0762178044943,1457.4462588399008,0.012355000170228154,4,2,0
2024-04-02,1484.8499755859375,1493.1500244140625,1480.8499755859375,1482.8499755859375,1366.5103759765625,7279400,-0.00842547366494728,-0.00846116860746223,1450.5135864257813,1505.3675415039063,1411.8353190617354,1450.7102675166905,0.012249266927603962,4,2,1
2024-04-03,1479.0,1495.0999755859375,1475.0,1480.6500244140625,1364.4830322265625,8736248,-0.0014835919182473178,-0.0014846935304340325,1442.4938720703126,1502.4268994140625,1404.5503518563241,1444.323064902607,0.011720447658155714,4,2,2
2024-04-04,1490.550048828125,1495.6500244140625,1468.0,1486.699951171875,1370.058349609375,11186915,0.0040860291048945285,0.00407770395812775,1435.5592712402345,1499.5535278320312,1399.2438899721783,1438.821974880886,0.011811291180121947,4,2,3
2024-04-05,1480.050048828125,1486.699951171875,1476.050048828125,1479.0999755859375,1363.054443359375,5072482,-0.005112122598279756,-0.005125234201513656,1429.6890380859375,1496.2341284179688,1393.6762828009778,1433.2095651385519,0.01178639459916682,4,2,4
2024-04-08,1483.0,1490.949951171875,1474.0999755859375,1476.699951171875,1360.8427734375,6610887,-0.0016225836999027576,-0.0016239015145369671,1423.1990661621094,1493.1847412109375,1388.624973668135,1427.8490620495852,0.011520441988843324,4,2,0
2024-04-09,1490.0,1513.800048828125,1487.300048828125,1494.8499755859375,1377.5687255859375,9423230,0.012290877737615169,0.012215958160070348,1417.5960754394532,1489.8570483398437,1386.92401242472,1424.1245926819074,0.011344328330968307,4,2,1
2024-04-10,1500.3499755859375,1509.8499755859375,1484.550048828125,1506.800048828125,1388.5814208984375,6744595,0.007994298293768187,0.007962513178584022,1413.2740478515625,1486.86572265625,1387.1789983437536,1421.4917651423912,0.01154781910059471,4,2,2
2024-04-12,1504.0,1506.800048828125,1479.5,1484.75,1368.26123046875,12275616,-0.014633776690271438,-0.01474190659621262,1407.3669555664062,1483.69837890625,1384.26857251683,1417.5487625739731,0.011668978643582663,4,2,4
2024-04-15,1480.0,1491.949951171875,1461.050048828125,1468.1500244140625,1352.9637451171875,8531224,-0.011180237377859337,-0.011243206007826058,1400.76640625,1480.3200073242188,1379.4524452245773,1412.7646872068037,0.011695630326676776,4,2,0
2024-04-16,1451.0,1455.1500244140625,1413.050048828125,1414.449951171875,1303.476806640625,16173541,-0.0365766922100903,-0.037262391815320664,1389.7608703613282,1475.7777197265625,1367.7638854424308,1404.669288646346,0.01298559341968562,4,2,1
2024-04-18,1421.0999755859375,1444.699951171875,1407.5,1419.25,1307.9000244140625,22107945,0.003393399676084208,0.0033876550875249984,1379.8657958984375,1471.3948559570313,1358.5540606688357,1397.5011949995103,0.013023572190170996,4,2,3
2024-04-19,1385.0,1426.8499755859375,1378.75,1411.25,1300.52783203125,20603621,-0.005636663540942499,-0.005652609478366718,1371.0466186523438,1466.1955053710938,1349.6269485707455,1390.3179829277874,0.012973314586723192,4,2,4
2024-04-22,1419.9000244140625,1436.8499755859375,1413.050048828125,1432.75,1320.3409423828125,5859087,0.015234668465816004,0.015119786229975361,1365.1164916992188,1461.5057690429687,1345.1214091572174,1385.1344984429743,0.013452115829936532,4,2,0
2024-04-23,1443.0,1446.8499755859375,1433.0,1442.4000244140625,1329.23388671875,4856174,0.0067353393736988565,0.006712758312824934,1359.9305114746094,1456.2151879882813,1342.6771749359148,1380.993712389328,0.01331524191552543,4,2,1
2024-04-24,1444.300048828125,1444.300048828125,1427.050048828125,1430.75,1318.498046875,4268213,-0.00807671242135699,-0.008109505757381926,1354.2192504882812,1451.36787109375,1338.9573090803892,1376.364403832711,0.013192721136649915,4,2,2
2024-04-25,1420.0,1444.9000244140625,1420.0,1438.449951171875,1325.59375,9089398,0.0053816561517232575,0.005367226786360194,1350.9754150390625,1446.6928833007812,1336.9013769141754,1372.6036146599176,0.013291331894097763,4,2,3
2024-04-26,1439.699951171875,1445.4000244140625,1427.0,1430.25,1318.0372314453125,8062444,-0.00570047841179655,-0.005716788150601404,1348.1002014160156,1442.286064453125,1333.9992006881967,1368.5616603477247,0.013248384725079894,4,2,4
2024-04-29,1429.949951171875,1439.800048828125,1428.25,1434.75,1322.18408203125,5055957,0.0031462317505175363,0.003141292720247873,1345.8378051757813,1437.7640478515625,1332.1814901255896,1365.1262841761338,0.01313891677299281,4,2,0
2024-04-30,1434.699951171875,1436.550048828125,1417.550048828125,1420.550048828125,1309.0982666015625,6936588,-0.009897120686541583,-0.00994642275421171,1342.2668334960938,1432.8982983398437,1328.630224968047,1360.9760606520915,0.013173330285220535,4,2,1
2024-05-02,1413.0,1424.0,1411.8499755859375,1414.449951171875,1303.476806640625,10076354,-0.004294146669012733,-0.004303392996371394,1338.5345886230468,1428.2583276367188,1324.7604683022898,1356.716856651242,0.011883526080942149,5,2,3
2024-05-03,1422.0999755859375,1424.800048828125,1403.199951171875,1416.300048828125,1305.1817626953125,8842345,0.0013080064378603318,0.0013071517426562946,1335.4681579589844,1423.4653881835939,1321.7483597473704,1352.899442284136,0.011872948636021584,5,2,4
2024-05-06,1420.0,1445.699951171875,1417.0999755859375,1425.9000244140625,1314.0284423828125,6445422,0.006778120826045564,0.006755252642461946,1332.9454284667968,1418.383076171875,1320.5606801528231,1350.0201089581121,0.011724923172826415,5,2,0
2024-05-07,1424.949951171875,1443.3499755859375,1415.5999755859375,1440.949951171875,1327.897705078125,6080661,0.010554765976117375,0.010499453301516574,1330.8373962402343,1413.6131689453125,1321.6894532182541,1348.3814123744094,0.011250290307834377,5,2,1
2024-05-08,1435.25,1439.75,1425.5999755859375,1427.300048828125,1315.3187255859375,6234983,-0.009472852798888876,-0.00951800564605695,1328.4506103515625,1408.8589306640624,1320.7093412748209,1345.932324464152,0.011317109902284522,5,2,2
2024-05-09,1427.550048828125,1449.949951171875,1424.8499755859375,1439.550048828125,1326.607421875,6088406,0.008582479721052971,0.008545859620313172,1326.7388427734375,1404.8778588867187,1321.616738290233,1344.500850198289,0.011498246198166603,5,2,3
2024-05-10,1435.050048828125,1435.949951171875,1413.0,1424.9000244140625,1313.10693359375,8777481,-0.01017670190791542,-0.010228838559833763,1323.5157531738282,1400.1512646484375,1320.3075375676972,1342.1753748942492,0.010425335441206073,5,2,4
2024-05-13,1425.0,1425.0,1411.199951171875,1423.449951171875,1311.7706298828125,3735954,-0.0010176655661091605,-0.0010181837392925497,1319.6752136230468,1395.4808837890625,1318.994167154638,1339.9231715600688,0.010289899317848015,5,2,0
2024-05-14,1426.4000244140625,1433.75,1418.050048828125,1424.699951171875,1312.922607421875,3463230,0.000878185189407299,0.0008777998104001056,1316.9082824707032,1391.141337890625,1318.0600810419053,1337.9231297720544,0.010265078548804492,5,2,1
2024-05-15,1426.0,1431.800048828125,1418.550048828125,1419.949951171875,1308.545166015625,4327544,-0.0033341199104232055,-0.0033396904736085376,1314.687353515625,1386.6506567382812,1316.596247960939,1335.7469843086153,0.010062100835371636,5,2,2
2024-05-16,1433.949951171875,1455.75,1427.0,1453.3499755859375,1339.32470703125,9249145,0.02352195538603019,0.023249577170060105,1316.4797485351562,1382.6345678710939,1320.092933971756,1336.0120008065883,0.01106830850201323,5,2,3
2024-05-17,1457.0,1457.0,1439.25,1444.300048828125,1330.9849853515625,7542860,-0.0062268108964952384,-0.006246278338928005,1317.6339965820312,1378.4028442382812,1321.768634184034,1335.6396292914012,0.011023894487719354,5,2,4
2024-05-21,1430.0,1444.699951171875,1428.4000244140625,1434.1500244140625,1321.631103515625,6752663,-0.007027789147799335,-0.007052600371654127,1318.68916015625,1374.337919921875,1321.7474756196634,1334.6019607154178,0.01108174811007334,5,2,1
2024-05-22,1428.75,1459.949951171875,1428.0,1454.800048828125,1340.6611328125,7173285,0.014398896368475134,0.014296216735401296,1319.7051696777344,1370.9761352539062,1324.6572690339458,1335.0507882781646,0.01140044056322114,5,2,2
2024-05-23,1454.699951171875,1478.1500244140625,1450.0,1472.4000244140625,1356.8802490234375,8641428,0.012097849198411836,0.012025255122437368,1321.0874877929687,1368.5045581054687,1329.6146505707907,1336.667785370407,0.011599919174599087,5,2,3
2024-05-24,1468.25,1475.5,1460.0,1465.0999755859375,1350.1529541015625,5277938,-0.004957913512792844,-0.004970244740985872,1322.670233154297,1365.6947729492188,1332.7743895755248,1337.6666867579002,0.011631096528794425,5,2,4
2024-05-27,1471.8499755859375,1479.5999755859375,1460.25,1471.3499755859375,1355.9124755859375,5821844,0.004265828895073209,0.00425675604000557,1324.1861694335937,1363.0204516601561,1336.3340951155883,1339.018226671088,0.011424431240998572,5,2,0
2024-05-28,1475.5,1476.0,1460.300048828125,1467.050048828125,1351.9500732421875,6186922,-0.002922314246011859,-0.002926592543340534,1325.8818115234376,1360.559013671875,1338.7365532889112,1339.9761412319103,0.01131908097716401,5,2,1
2024-05-29,1465.4000244140625,1465.5,1450.0,1450.949951171875,1337.1131591796875,7401634,-0.010974454128264366,-0.01103511769125875,1326.6282653808594,1357.5732153320312,1338.4868003490305,1339.7640684873013,0.011184093541960389,5,2,2
2024-05-30,1442.800048828125,1449.8499755859375,1421.550048828125,1427.449951171875,1315.4566650390625,9663150,-0.016196455768867857,-0.016329052034245912,1326.9461853027344,1354.1828540039062,1334.9437026090354,1337.963520083728,0.011381829457438587,5,2,3
2024-05-31,1409.800048828125,1436.75,1400.0,1406.9000244140625,1322.4598388671875,37113815,0.0053237586719872,0.0053096375648608975,1327.8953369140625,1350.1603002929687,1333.0231081872128,1336.8150992528733,0.009213969680172395,5,2,4
2024-06-03,1440.0,1440.0,1404.0,1405.9000244140625,1321.519775390625,10589244,-0.0007108446312953376,-0.0007110974011340787,1328.7122375488282,1346.4746655273439,1331.2533646800453,1335.682112300114,0.009200339715654678,6,2,0
2024-06-04,1409.0,1415.0,1358.3499755859375,1393.6500244140625,1310.005126953125,13736134,-0.008713186629459524,-0.008751368391753882,1328.5110717773437,1343.1365405273436,1327.9844050297497,1333.7801133855223,0.009286529845559258,6,2,1
2024-06-05,1400.1500244140625,1438.0,1400.1500244140625,1430.0999755859375,1344.2672119140625,9233424,0.0261541609692979,0.02581798981756348,1329.3295471191407,1341.2430151367187,1330.489452242721,1334.5569354987476,0.010073396679467368,6,2,2
2024-06-06,1444.949951171875,1474.300048828125,1437.5,1472.25,1383.8875732421875,12660930,0.02947357562319075,0.02904757996172956,1332.757989501953,1340.2616967773438,1338.7045477811005,1338.2110568130765,0.011324932605096857,6,2,3
2024-06-07,1481.0,1539.699951171875,1477.25,1533.5999755859375,1441.5552978515625,24075302,0.04167081613015022,0.04082597799726529,1338.5053833007812,1340.4383374023437,1354.5277400996333,1345.8661857788902,0.013349745320210021,6,2,4
2024-06-10,1525.300048828125,1529.800048828125,1497.300048828125,1499.75,1409.7369384765625,6810606,-0.022072243376595302,-0.022319480158956767,1343.3368835449219,1340.8236669921876,1363.0214629268532,1350.5973526453845,0.014104998621521352,6,2,0
2024-06-11,1500.050048828125,1506.449951171875,1493.949951171875,1495.75,1405.9771728515625,4853054,-0.0026669980209662603,-0.00267056079620773,1348.0472106933594,1341.4323803710938,1369.6300336845009,1354.699561549546,0.014057582941098816,6,2,1
2024-06-12,1507.0,1508.75,1482.75,1485.199951171875,1396.060302734375,9564320,-0.0070533649540514,-0.007078357523117093,1352.2040954589843,1342.0049462890624,1373.696228922943,1357.7633201558297,0.014158134493540987,6,2,2
2024-06-13,1495.0,1505.0,1489.3499755859375,1493.949951171875,1404.28515625,7307565,0.005891474386540141,0.005874187514860994,1356.9910949707032,1342.4802954101563,1378.4022177424902,1361.2093820887312,0.013996640042935877,6,2,3
2024-06-14,1503.699951171875,1503.699951171875,1486.050048828125,1488.9000244140625,1399.5382080078125,4237727,-0.0033803307120782167,-0.0033860569379394728,1360.0017700195312,1342.9086254882814,1381.6539085525399,1364.0485543790335,0.013982475377944613,6,2,4
2024-06-18,1497.0,1507.0,1495.4000244140625,1498.199951171875,1408.280029296875,5420939,0.006246218387639502,0.006226791619489341,1363.866522216797,1343.7440185546875,1385.750234820899,1367.3249599285032,0.013997425797676953,6,2,1
2024-06-19,1505.0,1515.6500244140625,1496.699951171875,1511.3499755859375,1420.640869140625,5493456,0.00877725991038969,0.00873896369205158,1368.8170104980468,1344.8671752929688,1391.1180247162415,1371.2742865368084,0.014022585332343315,6,2,2
2024-06-20,1516.300048828125,1517.5,1499.0999755859375,1515.4000244140625,1424.44775390625,7927010,0.002679695374333324,0.0026761113919100696,1373.0063415527343,1345.9549633789063,1396.2456753608583,1375.2130618975077,0.01394392073729166,6,2,3
2024-06-21,1545.0,1557.75,1523.699951171875,1532.699951171875,1440.709228515625,17301941,0.0114159852930944,0.011351314653631933,1377.1977905273438,1347.5080590820312,1403.0862220000533,1380.064629795146,0.013850009215130132,6,2,4
2024-06-24,1524.550048828125,1529.0999755859375,1515.4000244140625,1527.1500244140625,1435.4925537109375,5564989,-0.0036209074679575126,-0.0036274788210399903,1381.4647705078125,1349.0010546875,1408.0718114940355,1384.1704019370563,0.013863595622379767,6,2,0
2024-06-25,1526.0,1543.9000244140625,1520.3499755859375,1541.949951171875,1449.4041748046875,4551525,0.009691183042215501,0.00964452473510009,1386.13935546875,1350.437763671875,1414.4306366187511,1389.0025332605844,0.013699614627789996,6,2,1
2024-06-26,1541.0,1548.8499755859375,1535.0,1540.699951171875,1448.2291259765625,4851004,-0.0008107116348573529,-0.000811040439257179,1390.9533081054688,1351.6307177734375,1419.6304042122606,1393.3896882765828,0.013697372066333728,6,2,2
2024-06-27,1538.449951171875,1578.4000244140625,1532.050048828125,1573.3499755859375,1478.9195556640625,14757754,0.02119169483406491,0.020970273600519562,1398.0436279296875,1353.8438842773437,1428.7518121279224,1399.7252340089888,0.014065852768108608,6,2,3
2024-06-28,1572.550048828125,1588.5,1564.25,1566.75,1472.7156982421875,8197544,-0.004194857927272033,-0.0042036810268647066,1405.9065795898437,1356.2389233398437,1435.5154869147325,1405.1319350632998,0.014082346773598023,6,2,4
2024-07-01,1559.5,1599.9000244140625,1559.5,1590.800048828125,1495.3223876953125,6801771,0.015350341875290718,0.015233717347373305,1414.54970703125,1360.0758349609375,1444.7165485732833,1411.8127093323378,0.013768094558767015,7,3,0
2024-07-02,1596.199951171875,1633.800048828125,1586.5,1621.050048828125,1523.7567138671875,10493173,0.019015515587712084,0.01883698041290462,1424.661553955078,1364.39296875,1456.8765740031147,1420.1048578164007,0.013906713216571701,7,3,1
2024-07-03,1625.0,1636.0,1606.0,1627.4000244140625,1529.7255859375,7269965,0.003917208052960142,0.003909555770706394,1435.6475769042968,1368.976923828125,1468.0841143007126,1428.2249117512968,0.013733324267455979,7,3,2
2024-07-04,1628.199951171875,1660.0,1628.0,1650.6500244140625,1551.5802001953125,8008311,0.014286623992380232,0.014185531885450227,1446.0132263183593,1373.601708984375,1480.929665976805,1437.3623405249277,0.013730683035597383,7,3,3
2024-07-05,1651.449951171875,1665.8499755859375,1633.3499755859375,1647.449951171875,1548.5721435546875,7065022,-0.0019387052246776504,-0.001940586946113862,1454.2474548339844,1377.9884741210938,1491.3362009887867,1445.6001037123174,0.013718656232151521,7,3,4
2024-07-08,1643.0999755859375,1666.0,1640.0,1661.6500244140625,1561.9200439453125,5880533,0.008619488892513294,0.008582553190952419,1460.265692138672,1382.8569140625,1502.1952537513291,1454.216395581428,0.01361932270155903,7,3,0
2024-07-09,1659.9000244140625,1666.75,1651.0,1657.1500244140625,1557.6900634765625,5191182,-0.0027081927049641408,-0.0027118664932111983,1467.663348388672,1387.4988403320312,1510.7329167859805,1461.8811117218083,0.013690861966351981,7,3,1
2024-07-10,1657.0,1674.0,1637.550048828125,1648.25,1549.32421875,9852770,-0.005370673488082067,-0.005385147401308299,1474.8307006835937,1392.124580078125,1516.6700401650605,1468.3583789090817,0.013745207734654376,7,3,2
2024-07-11,1656.0,1665.0,1642.050048828125,1652.699951171875,1553.507080078125,8857679,0.002699797290653505,0.002696159384217142,1482.7030395507813,1396.7510400390624,1522.3372770747628,1474.6656901067886,0.013432624793811002,7,3,3
2024-07-12,1680.0,1719.75,1666.6500244140625,1711.75,1609.012939453125,17078316,0.035729389384056454,0.03510590255851308,1492.9394287109376,1402.7493334960936,1535.6719943637415,1484.6173382065172,0.013930225120145785,7,3,4
2024-07-15,1726.199951171875,1728.0,1702.6500244140625,1707.050048828125,1604.59521484375,6942230,-0.0027456116113501183,-0.002749387716305799,1503.1922790527344,1408.7717016601562,1546.2755667452811,1493.5045883277935,0.014037797983882817,7,3,0
2024-07-16,1718.5999755859375,1737.9000244140625,1700.0,1726.050048828125,1622.454833984375,6886281,0.011130295650522815,0.011068809726883509,1513.9010192871094,1415.1171630859376,1557.995454012834,1503.056458376429,0.013992686850568845,7,3,1
2024-07-18,1719.0,1765.4000244140625,1719.0,1758.050048828125,1652.5343017578125,11248896,0.018539479277564386,0.018369718110774296,1525.4956909179687,1421.8872802734375,1572.539892127446,1514.1288912194946,0.01382400122918557,7,3,3
2024-07-19,1844.0,1844.0,1786.449951171875,1792.949951171875,1685.3394775390625,29819116,0.0198514340951077,0.019656963839839923,1538.5402770996093,1429.0361157226562,1589.893674498464,1526.811156872796,0.01358222815293391,7,3,4
2024-07-22,1800.1500244140625,1823.0,1792.949951171875,1810.8499755859373,1702.1651611328125,8462126,0.009983557507546648,0.009934051025154033,1551.6130737304688,1436.7730444335937,1607.1662109037484,1539.800342373538,0.012954156575157711,7,3,0
2024-07-23,1810.0,1839.949951171875,1783.25,1836.9000244140625,1726.6517333984375,7113056,0.014385544261362293,0.014283054068293213,1566.1710327148437,1444.7739306640624,1625.5485989798544,1553.64118615316,0.011286835024846386,7,3,1
2024-07-24,1837.5,1842.3499755859373,1819.5999755859373,1833.949951171875,1723.8787841796875,6002845,-0.0016059690353955602,-0.0016072599860031526,1579.8947631835938,1452.9893676757813,1640.6763197798286,1566.2513785995695,0.010079596923779523,7,3,2
2024-07-25,1820.0,1830.9000244140625,1812.0,1824.8499755859373,1715.324951171875,5815599,-0.0049619689541471335,-0.004974320397356251,1593.2495544433593,1461.0604541015625,1652.160724609374,1577.2938654567774,0.01016211362740397,7,3,3
2024-07-26,1825.3499755859373,1883.0,1825.3499755859373,1878.9000244140625,1766.1309814453125,11369047,0.029618895381150923,0.029188729288676066,1607.610125732422,1470.1246215820313,1669.6946102764416,1591.2817999744466,0.01064482008439924,7,3,4
2024-07-29,1893.5999755859373,1903.0,1864.0,1871.0999755859373,1758.7991943359375,4635931,-0.004151326932374522,-0.004159967611838937,1621.9143005371093,1479.1297021484374,1683.4030078240564,1603.6904958530754,0.01086650882372052,7,3,0
2024-07-30,1871.0999755859373,1879.949951171875,1860.0,1877.1500244140625,1764.4859619140625,2721265,0.0032333239612791775,0.00322810800957676,1635.3724792480468,1487.6329272460937,1695.8773084532882,1615.601271116852,0.010702159243316184,7,3,1
2024-07-31,1877.0,1885.1500244140625,1865.050048828125,1868.25,1756.1199951171875,5004209,-0.004741305387207406,-0.004752581030558226,1646.9906433105468,1496.1356274414063,1705.145414093888,1626.0100654872472,0.010942769832204855,7,3,2
2024-08-01,1856.0999755859373,1867.9000244140625,1845.0999755859373,1852.5999755859373,1741.409423828125,7475014,-0.00837674608225214,-0.008412028190716972,1657.5748352050782,1504.5311938476561,1710.7244925145396,1634.55816610509,0.011312536066242145,8,3,3
2024-08-02,1843.0,1859.5,1816.1500244140625,1821.199951171875,1711.8939208984375,7400938,-0.016949203631162035,-0.017094485328931812,1665.5905212402345,1511.955849609375,1710.904404573601,1640.286740534227,0.012103290674218127,8,3,4
2024-08-05,1784.949951171875,1797.5,1718.550048828125,1751.9000244140625,1646.7532958984375,10736703,-0.038051788259060415,-0.03879466371465686,1670.499578857422,1517.753310546875,1701.0350032389604,1640.7657446352796,0.014502366100469252,8,3,0
2024-08-06,1760.199951171875,1796.949951171875,1744.8499755859375,1751.0999755859375,1646.0013427734375,7690163,-0.00045662767268961346,-0.0004567319588531869,1674.7036437988281,1523.6702783203125,1692.5682862442645,1641.1535667195876,0.014452180457206785,8,3,1
2024-08-07,1796.0,1797.9000244140625,1762.0999755859375,1791.6500244140625,1684.11767578125,5094329,0.02315692704332073,0.022892874074412182,1681.0250244140625,1530.2343823242188,1691.2681923268776,1644.3360933167478,0.014817904092931544,8,3,2
2024-08-08,1779.949951171875,1779.949951171875,1727.0999755859375,1743.1500244140625,1638.5284423828125,6227910,-0.027070099705051143,-0.027443244309324363,1685.4852355957032,1535.9659497070313,1683.1543846431753,1643.9058969512712,0.015915360607361276,8,3,3
2024-08-09,1771.25,1780.75,1756.0,1770.75,1664.471923828125,4258524,0.015833403177051064,0.01570936246027287,1691.0334777832031,1542.513125,1680.2801599023983,1645.4293063495566,0.015747817573222512,8,3,4
2024-08-12,1773.050048828125,1803.5,1768.0999755859375,1797.4000244140625,1689.5225830078125,4315329,0.015050214317868127,0.014938083504392862,1695.0589599609375,1549.994443359375,1681.7020711493851,1648.695474990909,0.015791554537265735,8,3,0
2024-08-13,1810.0,1810.0,1789.050048828125,1797.449951171875,1689.5693359375,4176918,2.767227272237882e-05,2.7671889852103254e-05,1699.307666015625,1557.3366333007812,1682.912419578326,1651.72316839436,0.01568293215569872,8,3,1
2024-08-14,1802.0,1825.0,1797.449951171875,1823.25,1713.821044921875,7450718,0.014353781445091363,0.014251741207275482,1703.8759765625,1565.1826586914062,1687.6675927081028,1656.323011100102,0.01555361858839823,8,3,2
2024-08-16,1850.0,1861.8499755859373,1829.5,1858.949951171875,1747.378173828125,7335657,0.019580299241674703,0.019391071286930787,1708.6181701660157,1573.9301196289061,1696.853835957337,1663.0678379688443,0.015810027171961488,8,3,4
2024-08-19,1860.0,1867.550048828125,1849.199951171875,1864.800048828125,1752.877197265625,2585989,0.0031470139205487246,0.003142072436805137,1711.9950561523438,1582.1023193359374,1705.4728146201505,1669.7203831019392,0.01570429062963311,8,3,0
2024-08-20,1880.0,1885.699951171875,1868.199951171875,1872.199951171875,1759.8330078125,3870333,0.003968224675251486,0.003960372038876639,1714.8784484863281,1589.6212280273437,1713.8359212651276,1676.3953923397585,0.01566172410301607,8,3,1
2024-08-21,1875.0999755859373,1879.0,1867.0999755859373,1872.699951171875,1760.3028564453125,1966902,0.0002669847824916527,0.0002669491483969779,1716.5610046386719,1595.9961791992187,1720.9846805236175,1682.610760051281,0.015658196445848885,8,3,2
2024-08-22,1884.0,1893.6500244140625,1869.699951171875,1880.25,1767.39990234375,4300287,0.0040317186741201105,0.004023613075411607,1718.737060546875,1603.1494384765624,1728.125483880561,1688.8914372581305,0.015605225190162818,8,3,3
2024-08-23,1878.199951171875,1882.5999755859373,1857.0,1862.0999755859373,1750.339111328125,5015935,-0.009653045127478332,-0.009699937782882655,1720.4877685546876,1610.0366772460939,1731.54296502634,1693.4431168188707,0.015716276135242846,8,3,4
2024-08-26,1870.0,1888.75,1864.0,1876.1500244140625,1763.546142578125,3728589,0.007545412865726853,0.007517088627554177,1720.3585266113282,1617.3863940429687,1736.4665308035378,1698.6359335417785,0.015725286044105252,8,3,0
2024-08-27,1876.1500244140625,1902.75,1873.9000244140625,1900.0999755859373,1786.05859375,3830679,0.012765444934128123,0.012684653474751171,1721.7214965820312,1625.0218627929687,1744.0960789491473,1705.1116861497949,0.014668861732569219,8,3,1
2024-08-28,1906.9000244140625,1951.0,1897.4000244140625,1939.0999755859373,1822.7177734375,6514531,0.020525183113131007,0.020317380193202297,1724.6330871582031,1633.4854541015625,1756.1917242550476,1713.8232481711063,0.014935135477358422,8,3,2
2024-08-29,1933.0,1950.5,1920.9000244140625,1933.3499755859373,1817.3128662109373,7228284,-0.0029653012141147572,-0.00296970643044422,1727.6927307128906,1641.6661108398437,1765.594976863646,1721.4891458036864,0.014936712728885174,8,3,3
2024-08-30,1938.0,1950.0,1928.0,1943.699951171875,1827.041748046875,13466759,0.005353443546692205,0.005339164805408914,1731.974346923828,1649.7941284179688,1775.0483262764506,1729.3078570809596,0.014682800354844058,8,3,4
2024-09-02,1943.3499755859373,1975.75,1942.800048828125,1964.5,1846.59326171875,5573739,0.01070118605268644,0.010644333594067565,1738.7093139648437,1658.2370385742188,1786.0552394214196,1737.9956648319069,0.014423227114575502,9,3,0
2024-09-03,1967.0,1967.0,1936.449951171875,1941.25,1824.73876953125,4694322,-0.011835032998635864,-0.011905624523162617,1747.6085876464845,1665.9176293945313,1792.0065517460089,1744.4210799948212,0.0146156570636307,9,3,1
2024-09-04,1921.0999755859373,1927.199951171875,1900.050048828125,1922.449951171875,1807.0670166015625,4778310,-0.009684538534919795,-0.009731738666450034,1755.6618713378907,1673.3491186523438,1794.3235463391711,1749.0615197434688,0.014597049089949674,9,3,2
2024-09-05,1926.25,1940.0,1909.5999755859373,1933.1500244140625,1817.1248779296875,4081810,0.005565848546690955,0.005550416447007673,1762.3122314453126,1680.7035327148437,1797.8314435069428,1754.103249979485,0.014601089837271746,9,3,3
2024-09-06,1922.0,1936.5,1896.8499755859373,1901.8499755859373,1787.7034912109375,5848106,-0.01619117490277877,-0.016323684243138865,1769.7709838867188,1687.4930200195313,1796.2732969998651,1756.5921567373705,0.014922427406093805,9,3,4
2024-09-09,1890.0,1920.8499755859373,1889.0,1894.6500244140625,1780.9356689453125,4772612,-0.003785763298499112,-0.0037929474377407756,1775.594171142578,1693.5333422851563,1793.9136619145493,1758.3953798638847,0.013966541507477772,9,3,0
2024-09-10,1904.9000244140625,1935.0,1896.0,1912.300048828125,1797.5262451171875,6909600,0.009315651576398576,0.00927252850040839,1780.9943542480469,1700.0295532226562,1794.4694439457244,1761.2939624752405,0.014032372213110569,9,3,1
2024-09-11,1914.699951171875,1926.0,1905.0,1910.1500244140625,1795.50537109375,5312946,-0.0011242528608007563,-0.0011248853071124188,1786.2911560058594,1706.033212890625,1794.628817353113,1763.8281408914263,0.014029104497850777,9,3,2
2024-09-12,1925.0,1956.4000244140625,1910.800048828125,1950.449951171875,1833.3865966796875,8555092,0.021097806888130677,0.02087832978362073,1792.26943359375,1712.225810546875,1800.5915526341246,1768.980619097964,0.01447121346854593,9,3,3
2024-09-13,1950.449951171875,1958.5999755859373,1935.6500244140625,1944.0999755859373,1827.417724609375,3843127,-0.0032556538163430737,-0.003260964987919269,1796.2714111328125,1718.1796533203126,1804.7186560149323,1773.3092935802908,0.014380142434773195,9,3,4
2024-09-16,1945.75,1952.0,1933.050048828125,1950.25,1833.1986083984373,1570181,0.00316341672252185,0.003158423647189099,1800.2874816894532,1723.812021484375,1809.1001871508563,1777.745539122376,0.013942465083910073,9,3,0
2024-09-17,1947.75,1958.449951171875,1942.1500244140625,1952.550048828125,1835.360595703125,2793127,0.0011793524688394896,0.0011786575790096409,1804.0638610839844,1729.5477905273438,1813.1402500050513,1782.0133210913202,0.011674978833425357,9,3,1
2024-09-18,1938.75,1938.75,1881.300048828125,1892.1500244140625,1778.5855712890625,6385468,-0.03093398896488353,-0.03142254656836888,1804.9779968261719,1733.8811010742188,1807.8241455872067,1781.7594136985604,0.013265621387229299,9,3,2
2024-09-19,1910.5999755859373,1924.9000244140625,1878.800048828125,1894.199951171875,1780.5125732421875,7976570,0.0010834462981323956,0.001082859793784344,1805.6336303710937,1738.3375512695313,1803.6223652264343,1781.6670551462364,0.012689842049744977,9,3,3
2024-09-20,1905.0,1915.0,1867.4000244140625,1905.75,1791.3695068359375,15242974,0.0060976450022929285,0.0060791295938092465,1807.6851501464844,1743.17845703125,1801.737310089435,1782.3857552713996,0.011460994963380267,9,3,4
2024-09-23,1909.0,1918.9000244140625,1878.449951171875,1896.449951171875,1782.62744140625,3636672,-0.0048801017301720595,-0.0048920483094829015,1808.6392150878905,1747.7608642578125,1798.7973302920218,1782.4036579480553,0.011286346125386195,9,3,0
2024-09-24,1888.0,1910.9000244140625,1871.4000244140625,1898.5999755859373,1784.6484375,7277616,0.0011337175939329924,0.0011330754214572576,1808.5687072753906,1751.27357421875,1796.6205775547876,1782.569937914866,0.011029435590325258,9,3,1
2024-09-25,1886.3499755859373,1901.5999755859373,1876.800048828125,1895.300048828125,1781.5467529296875,4268341,-0.0017379807166152395,-0.0017394927572865597,1806.51015625,1754.8126049804687,1794.3015276124643,1782.4941464344822,0.011044397339354573,9,3,2
2024-09-26,1897.800048828125,1917.949951171875,1893.0,1900.25,1786.199462890625,8952803,0.0026116126075761414,0.00260820827328352,1804.9544860839844,1758.0874975585937,1793.0550561167965,1782.7686143201224,0.010790316141957513,9,3,3
2024-09-27,1932.0999755859373,1974.5999755859373,1903.300048828125,1906.75,1792.309326171875,14908931,0.0034205940647649147,0.0034147571396007654,1803.2178649902344,1760.882998046875,1792.9403284329624,1783.4753337165484,0.010242781002828357,9,3,4
2024-09-30,1880.0,1901.25,1870.5,1875.5999755859373,1763.0289306640625,6986955,-0.016336686463798822,-0.016471601520774554,1799.0396484375,1762.436787109375,1788.3385749300546,1781.9607853422904,0.010702606510609168,9,3,0
2024-10-01,1875.0,1908.949951171875,1875.0,1904.3499755859373,1790.0533447265625,4029072,0.015328400795057373,0.015212107744856516,1797.3053771972657,1764.19455078125,1788.602385667979,1782.5602341855697,0.011034588295486706,10,4,1
2024-10-03,1889.5,1911.8499755859373,1881.0,1893.4000244140625,1779.7607421875,7503887,-0.005749885929033471,-0.005766480163675758,1795.9400634765625,1765.2567309570313,1787.2421328248283,1782.352864407935,0.011095863881422635,10,4,3
2024-10-04,1889.550048828125,1954.0999755859373,1886.0,1918.1500244140625,1803.025146484375,10001483,0.01307164707334807,0.012986950379827913,1795.2350769042969,1766.839658203125,1789.670288772451,1783.8841445617454,0.011317686697331188,10,4,4
2024-10-07,1923.199951171875,1942.0,1916.050048828125,1934.300048828125,1818.2059326171875,6112575,0.008419619749848062,0.008384372459143082,1796.7601989746095,1768.8972778320312,1794.0603878254874,1786.426499232519,0.011226715147857863,10,4,0
2024-10-08,1937.9000244140625,1957.949951171875,1906.3499755859373,1948.550048828125,1831.6005859375,5637391,0.0073669616186060605,0.0073399580983587905,1799.2934448242188,1770.206669921875,1799.8358029196431,1789.7727278773323,0.011223355164396015,10,4,1
2024-10-09,1952.550048828125,1977.0,1945.0999755859373,1952.75,1835.5484619140625,4857163,0.0021554240629060306,0.002153104469001559,1801.1945556640626,1771.7416552734376,1805.3300581495537,1793.1635229911642,0.011015631457031607,10,4,2
2024-10-10,1957.9000244140625,1964.0,1914.0999755859373,1919.0,1803.82421875,4782119,-0.01728325011423626,-0.017434348998902442,1801.610498046875,1772.5284204101563,1805.0983905496223,1793.9532041584853,0.010862992163081935,10,4,3
2024-10-11,1918.0,1947.0,1910.0999755859373,1935.0999755859373,1818.9578857421875,4709431,0.008389768157495148,0.00835476966917782,1800.8890625,1773.7851782226562,1807.2306205792477,1795.8054027943151,0.01096391407659974,10,4,4
2024-10-14,1932.1500244140625,1969.5,1931.0999755859373,1958.9000244140625,1841.3294677734373,3751378,0.012299120395589336,0.012224100705456637,1801.584649658203,1775.7835791015625,1812.4765970706615,1799.1775557557316,0.01115066945530981,10,4,0
2024-10-15,1960.0,1991.449951171875,1951.75,1959.300048828125,1841.70556640625,5353705,0.00020425384994648965,0.00020423299296891097,1802.0099975585938,1778.3798120117187,1816.9733615838288,1802.3277787668812,0.010977027746297826,10,4,1
2024-10-16,1955.0,1959.550048828125,1916.3499755859373,1920.0999755859373,1804.858154296875,3111512,-0.020007221991122037,-0.02021007672336941,1800.4848754882812,1781.5419091796875,1815.109483539682,1802.5152139913253,0.011374300586588703,10,4,2
2024-10-17,1935.199951171875,1978.0,1930.1500244140625,1968.0999755859373,1849.9771728515625,8162822,0.024998650695774227,0.024691296195138445,1804.0544555664062,1785.62142578125,1820.4737434338176,1806.0309146476393,0.012125599177144921,10,4,3
2024-10-18,1893.800048828125,1936.8499755859373,1869.25,1879.5999755859373,1766.788818359375,10526196,-0.04496723295453453,-0.04600962804764493,1803.3682678222656,1787.2748486328126,1812.2145241915955,1803.1240927003605,0.014687701226751679,10,4,4
2024-10-21,1891.0999755859373,1898.800048828125,1838.0,1852.75,1741.5504150390625,4654601,-0.014284900978572379,-0.014387912358238063,1800.8773132324218,1789.3352880859375,1801.3431227835133,1798.5630795402644,0.01462293667810179,10,4,0
2024-10-22,1858.199951171875,1877.800048828125,1846.949951171875,1851.5999755859373,1740.4693603515625,4125240,-0.0006207426889078826,-0.0006209354294164339,1798.7694091796875,1790.8552368164062,1791.977928563213,1794.259841081842,0.014611819197240975,10,4,1
2024-10-23,1845.25,1886.0,1844.0,1873.4000244140625,1760.961181640625,4311910,0.011773732853833874,0.011704961730086684,1797.5850463867187,1792.2840087890625,1787.2061213443535,1791.793273715826,0.014676444384335295,10,4,2
2024-10-24,1861.4000244140625,1884.0,1860.0,1863.3499755859373,1751.51416015625,2906475,-0.005364696043767103,-0.005379137698804741,1796.0834167480468,1793.5229052734376,1781.7150503923376,1788.8096356743758,0.014702268241055251,10,4,3
2024-10-25,1863.449951171875,1876.3499755859373,1846.4000244140625,1862.050048828125,1750.292236328125,4689120,-0.0006976385666308538,-0.0006978820296550614,1794.2880554199219,1794.2523291015625,1776.8807713055357,1785.956494982061,0.014113644240180547,10,4,4
2024-10-28,1859.699951171875,1881.9000244140625,1857.0,1865.3499755859373,1753.394287109375,7018940,0.0017723044854256464,0.0017707358070081654,1792.342303466797,1794.3726513671875,1773.267466044588,1783.5444795840845,0.014121282423811903,10,4,0
2024-10-29,1846.0,1851.5999755859373,1829.0,1839.300048828125,1748.5933837890625,4621252,-0.002738062599842994,-0.0027418179497317656,1791.6205261230468,1794.2869750976563,1769.4714533898916,1780.955509525194,0.014098338226921863,10,4,1
2024-10-30,1832.0,1839.0,1796.3499755859375,1802.0999755859373,1713.2276611328125,5919715,-0.020225241033232866,-0.020432571523284995,1787.7792419433595,1793.3548681640625,1760.818562273418,1775.938631866499,0.014495325416255766,10,4,2
2024-10-31,1787.9000244140625,1787.9000244140625,1746.5,1757.25,1670.5897216796875,7395236,-0.02488749184970085,-0.02520242166688125,1782.3206909179687,1791.56060546875,1746.9372021820745,1768.1350088896982,0.014119026252651577,10,4,3
2024-11-01,1764.5,1766.0,1752.050048828125,1760.8499755859375,1674.011962890625,371966,0.0020485228458706484,0.0020464274840553496,1775.8700317382813,1789.6928466796876,1735.7179345987747,1761.1629314082854,0.014127363728679516,11,4,4
2024-11-04,1724.5,1767.0,1718.0,1763.6500244140625,1676.674072265625,7336722,0.001590257079407742,0.0015889939595646416,1768.793438720703,1788.2195458984374,1726.634263470598,1754.904497397718,0.014062575110176211,11,4,0
2024-11-05,1760.0,1768.449951171875,1745.0,1754.199951171875,1667.68994140625,3160880,-0.005358304877485898,-0.005372712081573769,1760.5979064941407,1786.302421875,1717.5659062299292,1748.4441599168683,0.014066097956174438,11,4,1
2024-11-06,1764.0,1827.199951171875,1762.6500244140625,1823.699951171875,1733.762451171875,10421494,0.0396191810750568,0.038854474052713875,1755.5086059570312,1785.2564990234375,1720.0576823748438,1747.3566259357576,0.01599589554179818,11,4,2
2024-11-07,1812.949951171875,1825.699951171875,1787.0,1803.050048828125,1714.1309814453125,4550965,-0.011323044695825124,-0.011387638427783543,1751.023944091797,1783.0847631835939,1719.145882231839,1744.8954670846135,0.016109778360984067,11,4,3
2024-11-08,1818.0,1840.5999755859373,1813.1500244140625,1829.949951171875,1739.704345703125,4210960,0.01491914243114012,0.014808946691096263,1747.0612670898438,1781.5325927734375,1722.3087227658832,1744.5109395748736,0.016363824002213395,11,4,4
2024-11-11,1829.0,1868.0,1822.550048828125,1860.0999755859373,1768.367431640625,3804234,0.016475837407829985,0.016341583422858887,1743.4131652832032,1780.3591064453126,1729.394677977382,1746.2780871352998,0.016649627490523254,11,4,0
2024-11-12,1871.0999755859373,1881.0,1861.0,1868.800048828125,1776.638427734375,5012450,0.004677193181553019,0.0046662891006336365,1740.1598083496094,1778.960009765625,1736.6629471707656,1748.5270012537499,0.016392331113237707,11,4,1
2024-11-13,1861.0999755859373,1873.199951171875,1856.300048828125,1868.4000244140625,1776.258056640625,4257495,-0.00021409595098931256,-0.0002141188727991304,1738.729803466797,1777.9903955078125,1742.7545024738208,1750.5811535046294,0.016147597918213036,11,4,2
2024-11-14,1865.5999755859373,1876.0,1856.0,1864.550048828125,1772.5980224609375,4311431,-0.00206053065656997,-0.002062656470568561,1734.8608459472657,1777.301015625,1747.3458132410697,1752.2120326865781,0.01611735265599817,11,4,3
2024-11-18,1849.199951171875,1849.199951171875,1795.0,1811.449951171875,1722.11669921875,4839244,-0.02847872027528453,-0.028892106416146698,1732.6272399902343,1775.4008520507812,1743.4644110837899,1749.9827487259981,0.016728284532632233,11,4,0
2024-11-19,1825.5,1859.699951171875,1820.550048828125,1824.75,1734.7607421875,4669769,0.007342152233054788,0.007315329842714385,1732.2877563476563,1774.3419970703126,1742.1253850997452,1748.8551926861094,0.016707633475445443,11,4,1
2024-11-21,1842.0,1867.0,1820.5999755859373,1834.050048828125,1743.6021728515625,5436504,0.005096628283686844,0.005083684435117088,1732.4443969726562,1773.5953271484375,1742.3525832154096,1748.4660801057726,0.01667151941793196,11,4,3
2024-11-22,1854.0999755859373,1914.050048828125,1834.0,1902.25,1808.4388427734373,6301486,0.037185472082681637,0.03651076772222516,1734.8182800292968,1773.8135791015625,1752.5197000704907,1752.908506970044,0.018102100621854363,11,4,4
2024-11-25,1916.0,1919.300048828125,1882.0,1889.699951171875,1796.507568359375,12764638,-0.006597554825666263,-0.006619414892212426,1737.0679504394532,1773.833623046875,1759.2870644226268,1756.1380670729575,0.017860681880740636,11,4,0
2024-11-26,1904.949951171875,1938.5999755859373,1897.300048828125,1924.1500244140625,1829.2587890625,6850495,0.01823049414316369,0.01806631110772222,1741.0162780761718,1773.7510668945313,1770.0519451364535,1761.5544168499607,0.018108368863367107,11,4,1
2024-11-27,1930.0999755859373,1941.4000244140625,1911.75,1924.5,1829.591552734375,4447143,0.00018191175238002621,0.00018189520844352647,1744.8261413574219,1773.7945434570313,1779.211884766903,1766.5942046932507,0.017967168776849236,11,4,2
2024-11-28,1914.9000244140625,1914.9000244140625,1851.6500244140625,1856.6500244140625,1765.087646484375,8468790,-0.035255905151943434,-0.035892399497309636,1745.6508544921876,1772.43232421875,1777.0389250311293,1766.4826077888897,0.019081256950656326,11,4,3
2024-11-29,1851.0999755859373,1877.0,1845.0,1857.8499755859373,1766.2283935546875,5244346,0.0006462835273843837,0.0006460747761223251,1748.3008911132813,1771.0496801757813,1775.3757663424458,1766.4637771048747,0.018750471933295855,11,4,4
2024-12-02,1859.0,1882.800048828125,1835.199951171875,1879.800048828125,1787.095947265625,2868263,0.011814753848985449,0.011745504553320504,1754.126202392578,1771.2198876953125,1777.178871099858,1767.9920860056711,0.01827960147064582,12,4,0
2024-12-03,1887.0,1899.75,1871.1500244140625,1892.0999755859373,1798.789306640625,4715792,0.006543218562434561,0.006521904631807823,1760.3650695800782,1771.5854223632812,1780.5035534907452,1770.2733616082603,0.016320581703511687,12,4,1
2024-12-04,1884.0,1913.949951171875,1875.0,1889.25,1796.0799560546875,4705573,-0.001506207856548425,-0.0015073433279158117,1766.3353637695313,1771.6796313476561,1782.8999231159669,1772.1849611968844,0.016080258805468976,12,4,2
2024-12-05,1900.0,1949.9000244140625,1888.949951171875,1934.8499755859373,1839.4310302734373,9050038,0.024136494632441607,0.023849813273748747,1774.9224182128905,1772.815703125,1791.5970165248086,1777.1661514988514,0.016612555537912778,12,4,3
2024-12-06,1932.800048828125,1937.949951171875,1912.4000244140625,1922.4000244140625,1827.594970703125,3573331,-0.0064346308045878375,-0.00645542227968464,1779.6140441894531,1773.6746337890625,1797.1351633214726,1780.9016195880567,0.016574913452355296,12,4,4
2024-12-09,1924.199951171875,1930.199951171875,1897.199951171875,1923.6500244140625,1828.783447265625,4274645,0.0006502953781071241,0.0006500840276895666,1785.3466674804688,1774.6193676757812,1802.0041300821115,1784.4484216382468,0.016526932706494652,12,4,0
2024-12-10,1939.0,1965.5999755859373,1932.0,1948.550048828125,1852.45556640625,6174921,0.012944189305748255,0.01286112928259922,1790.984228515625,1775.9444897460937,1809.7658895165944,1789.4859879173582,0.016649556665035297,12,4,1
2024-12-11,1955.0,1978.0,1952.0,1974.1500244140625,1876.79296875,5025612,0.013137914228606551,0.013052360351775264,1796.4055053710938,1777.6341625976563,1820.0777478601954,1795.9531716827391,0.016772429894457316,12,4,2
2024-12-12,1975.199951171875,1998.800048828125,1970.550048828125,1987.0,1889.0091552734373,6462130,0.0065090751760295,0.006487982625395435,1802.0240417480468,1780.1537670898438,1830.6825797699248,1802.8462075042723,0.016759612265945443,12,4,3
2024-12-13,1969.75,2006.449951171875,1953.800048828125,1999.699951171875,1901.0830078125,5362693,0.0063916326214497055,0.006371292761600252,1808.2652893066406,1782.3743603515625,1841.5134148533978,1810.1230075271042,0.01619852801710507,12,4,4
2024-12-16,1995.449951171875,1999.5999755859373,1977.5999755859373,1980.050048828125,1882.4019775390625,3119221,-0.00982652003971829,-0.00987511892177178,1813.7554870605468,1784.4271850585938,1847.8039629588845,1815.4770053057678,0.01550364348656794,12,4,0
2024-12-17,1968.0,1982.0,1958.0,1976.5999755859373,1879.1221923828125,5811050,-0.0017423404752994198,-0.001743860115876073,1821.60576171875,1785.9491259765625,1852.6221521010273,1820.191463607771,0.015536378619023017,12,4,1
2024-12-18,1966.800048828125,1984.949951171875,1961.5999755859373,1979.1500244140625,1881.5465087890625,3064095,0.0012901323905796236,0.0012893008848784686,1828.945050048828,1787.2159375,1857.0720531299557,1824.7362817693484,0.015538064668684883,12,4,2
2024-12-19,1934.0,1959.75,1920.0,1946.199951171875,1850.2213134765625,5323592,-0.016648642574698003,-0.016788788899313147,1834.2760070800782,1787.5883520507812,1856.01809318328,1826.6240618958086,0.015904125005313637,12,4,3
2024-12-20,1975.1500244140625,1979.949951171875,1911.25,1922.1500244140625,1827.3575439453125,11056720,-0.012357316049013134,-0.012434302567597146,1835.221942138672,1787.4245336914062,1851.6087779159004,1826.6783938994754,0.014623399879318094,12,4,4
2024-12-23,1930.050048828125,1940.0,1909.0,1924.300048828125,1829.4014892578125,2781793,0.0011185251180165778,0.0011179000348674755,1836.8666381835938,1787.9360791015624,1848.1922719685024,1826.8801046667595,0.014411595606035754,12,4,0
2024-12-24,1927.050048828125,1942.0,1840.0,1909.050048828125,1814.903564453125,2360544,-0.007924955177864956,-0.00795652453626934,1836.148876953125,1787.8549926757812,1843.0709323507522,1825.9929535398237,0.014323569514779018,12,4,1
2024-12-26,1909.050048828125,1919.75,1902.300048828125,1907.4000244140625,1813.3348388671875,3623321,-0.0008643575431018791,-0.000864731315480542,1835.3360412597656,1787.2951000976564,1838.496148737896,1825.0553154159247,0.014046034973006223,12,4,3
2024-12-27,1909.4000244140625,1924.1500244140625,1903.9000244140625,1916.75,1822.2237548828125,3937500,0.004901971674011518,0.004889996130769045,1838.1928466796876,1786.9054638671876,1835.9927035294215,1824.8455701912499,0.014048161010949908,12,4,4
2024-12-30,1915.699951171875,1916.0,1886.5,1906.0,1812.0037841796875,7789055,-0.005608515790522239,-0.005624302569813076,1840.4816162109375,1787.0483764648438,1832.3021005525393,1823.894326782986,0.014097882580257527,12,4,0
2024-12-31,1892.300048828125,1897.0,1845.050048828125,1880.0,1787.2861328125,3613063,-0.013641059463006311,-0.01373495356913939,1840.4911254882813,1785.7945556640625,1825.3765670540718,1821.182608711098,0.01433435092472322,12,4,1
2025-01-01,1874.0,1892.949951171875,1874.0,1882.5,1789.662841796875,1838368,0.0013297865074546333,0.0013289031244307571,1840.0348022460937,1786.2520361328125,1819.8821477837337,1818.8478111618963,0.013258077625577397,1,1,2
2025-01-02,1887.0,1962.6500244140625,1885.300048828125,1957.8499755859373,1861.296875,7083645,0.040026552225447265,0.039246243813378205,1843.2956481933593,1788.6469653320312,1826.253644278544,1821.9921862610151,0.014995056469985342,1,1,3
2025-01-03,1952.949951171875,1952.949951171875,1922.0,1938.75,1843.138916015625,6218003,-0.009755541541096147,-0.009803438598870654,1843.4810424804687,1790.7003564453125,1828.8513783919411,1823.5586106872825,0.015149305922069143,1,1,4
2025-01-06,1952.0,1973.0,1928.0,1937.8499755859373,1842.283203125,7164403,-0.00046426934138787956,-0.0004643771477673117,1844.2154541015625,1792.326796875,1830.9178129662578,1824.9456175345208,0.013612271802432659,1,1,0
2025-01-07,1945.0,1958.550048828125,1923.6500244140625,1930.8499755859373,1835.6282958984373,4294832,-0.0036123149878771743,-0.0036188551525031423,1844.5576965332032,1794.0090795898439,1831.6425026481315,1825.736927042959,0.013567867978382794,1,1,1
2025-01-08,1930.0,1938.5999755859373,1888.75,1933.1500244140625,1837.81494140625,5482050,0.0011912245592959891,0.001190515614273282,1843.825665283203,1795.7595336914062,1832.592108610919,1826.6315947735732,0.01316397452850129,1,1,2
2025-01-09,1934.050048828125,1951.8499755859373,1910.550048828125,1917.300048828125,1822.74658203125,6833503,-0.008199062394971146,-0.008232859570594515,1841.1233459472655,1797.1465795898437,1831.0774122140467,1826.3438160519195,0.013253852517652582,1,1,3
2025-01-10,1937.0,1977.800048828125,1932.25,1966.949951171875,1869.9478759765625,8036913,0.02589569741105313,0.02556608213748834,1840.1702819824218,1799.5736694335938,1837.057483562126,1829.573746416708,0.012320661777150214,1,1,4
2025-01-13,1956.0,1982.800048828125,1949.0,1962.199951171875,1865.432373046875,5804152,-0.002414774758001892,-0.0024176950287124136,1838.3877502441405,1802.617763671875,1841.4228511751644,1832.2299409819057,0.01234489425481722,1,1,0
2025-01-14,1968.8499755859373,1971.800048828125,1931.0999755859373,1940.050048828125,1844.374755859375,5792162,-0.011288330518841483,-0.011352527295300948,1836.4863891601562,1806.0934643554688,1841.8769903573507,1833.1295568987553,0.01242515610730859,1,1,1
2025-01-15,1947.0,1958.050048828125,1937.0999755859373,1949.6500244140625,1853.501220703125,2985439,0.004948270309358849,0.004936067857297118,1835.205340576172,1809.6832495117187,1843.6653334874698,1834.6385690324123,0.012404572427328111,1,1,2
2025-01-16,1965.949951171875,1966.949951171875,1916.8499755859373,1928.449951171875,1833.3466796875,7533579,-0.01087376732774925,-0.010933318828609115,1832.7953491210938,1812.8167016601562,1842.0778482874744,1834.5428735253818,0.01258827118767669,1,1,3
2025-01-17,1851.0,1858.0,1812.0,1815.449951171875,1725.9193115234375,16409953,-0.058596319700087385,-0.0603832406325598,1826.5802490234375,1813.9812890625,1824.2073041699302,1826.4966837474599,0.015913681175781336,1,1,4
2025-01-20,1822.949951171875,1827.949951171875,1793.1500244140625,1813.300048828125,1723.87548828125,4333011,-0.001184193970448999,-0.0011848956821587091,1821.4061462402344,1813.7835498046875,1808.7716401870564,1818.8951137129259,0.01589205396788247,1,1,0
2025-01-21,1819.050048828125,1831.6500244140625,1793.050048828125,1800.699951171875,1711.896728515625,7169109,-0.006948738378760866,-0.006972993287270814,1815.530908203125,1813.7388647460937,1793.8678076222209,1810.9693074020147,0.01591183338089934,1,1,1
2025-01-22,1807.4000244140625,1865.800048828125,1805.1500244140625,1856.449951171875,1764.8974609375,8373913,0.030960239329291595,0.030490639140141735,1813.0306030273437,1814.2427270507812,1789.4108312091869,1807.556578034273,0.016812718709366938,1,1,2
2025-01-23,1858.0,1879.550048828125,1852.699951171875,1865.449951171875,1773.45361328125,5907471,0.004847960027776876,0.004836246512077022,1811.0365417480468,1814.3444506835938,1786.9558746048888,1805.0304324970118,0.01663140940560253,1,1,3
2025-01-24,1865.5,1894.9000244140625,1864.25,1875.449951171875,1782.96044921875,4887027,0.005360634113181328,0.005346317057008528,1809.0733764648437,1814.4708911132811,1786.341193776252,1803.3956189208443,0.01661305194992034,1,1,4
2025-01-27,1848.75,1863.0,1812.0,1822.0,1732.1463623046875,7652371,-0.028499839655068082,-0.02891384511583251,1805.0805053710938,1813.5886572265624,1778.0035273960113,1798.1178962085364,0.01723042045475198,1,1,0
2025-01-28,1830.0,1863.5,1824.9000244140625,1829.75,1739.5142822265625,6999495,0.004253635883327833,0.00424461474691945,1802.691912841797,1812.926982421875,1772.0821050622499,1793.7768877654273,0.01722849157162237,1,1,1
2025-01-29,1845.0,1888.6500244140625,1840.5,1881.25,1788.4744873046875,5145155,0.028145905772878343,0.02775708864730394,1802.6324951171875,1814.2541381835938,1774.6040100226248,1793.384117360928,0.018114226133969607,1,1,2
2025-01-30,1873.1500244140625,1887.199951171875,1844.0,1859.949951171875,1768.224853515625,7336056,-0.011322293906232739,-0.011386879039893206,1797.9788940429687,1814.9234204101563,1773.62260132924,1791.520468187202,0.01819373455281299,1,1,3
2025-01-31,1871.0,1897.449951171875,1871.0,1879.800048828125,1787.095947265625,5820470,0.010672338256347835,0.010615790827484704,1795.1767456054688,1815.7932958984375,1775.6954237809916,1791.1927258967148,0.018114021200247403,1,1,4
2025-02-01,1880.300048828125,1890.5999755859373,1846.0,1851.3499755859373,1760.049072265625,1701402,-0.015134539945313774,-0.015250235916112976,1791.0650390625,1814.8255004882812,1773.2882927786275,1788.8857885907082,0.01818105553056699,2,1,5
2025-02-03,1836.0,1876.550048828125,1832.4000244140625,1863.300048828125,1771.40966796875,4823228,0.006454703952373908,0.00643396156030468,1787.8541076660156,1814.3235424804689,1772.999273577108,1787.59126113723,0.018229439408054816,2,1,0
2025-02-04,1889.0,1911.199951171875,1875.0,1898.800048828125,1805.158935546875,7334787,0.019052209202868875,0.01887298865219365,1786.2213073730468,1813.8415454101562,1777.946913880149,1788.8925703527593,0.01853436855164387,2,1,1
2025-02-05,1906.0,1919.699951171875,1894.300048828125,1897.050048828125,1803.4952392578125,4996744,-0.0009216342430028446,-0.000922059208970638,1785.258740234375,1813.319619140625,1781.8774254767127,1789.9742495309115,0.01853446230621096,2,1,2
2025-02-06,1917.0,1924.0,1900.0,1915.6500244140625,1821.1781005859373,4765255,0.009804772944896678,0.009757018055489477,1782.8202514648438,1814.4414282226562,1787.9236831858243,1792.2856459053578,0.01860080096682098,2,1,3
2025-02-07,1919.300048828125,1923.699951171875,1889.449951171875,1903.6500244140625,1809.769775390625,4126260,-0.006264255643993244,-0.006283958418621793,1780.0371215820312,1815.312255859375,1791.2846204481014,1793.58076660797,0.018608184156227735,2,1,4
2025-02-10,1905.0,1905.0,1878.5999755859373,1880.300048828125,1787.5712890625,3828734,-0.012265917261953141,-0.0123417644870988,1777.1969482421875,1815.3217626953126,1790.7133386964704,1793.1356201231204,0.01857476200421186,2,1,0
2025-02-11,1883.0999755859373,1903.0,1870.0,1875.6500244140625,1783.150634765625,4411601,-0.002472994684980301,-0.0024760575870720306,1773.6794189453126,1815.0089892578126,1789.5498457840326,1792.3959915781206,0.018579572467735686,2,1,1
2025-02-12,1885.0,1894.5999755859373,1847.0,1863.1500244140625,1771.26708984375,5633947,-0.006664352797898676,-0.006686658755421071,1770.575439453125,1814.5127319335938,1786.737114100912,1790.830887745945,0.017003832160007584,2,1,2
2025-02-13,1868.5,1873.5,1835.6500244140625,1843.25,1752.348388671875,5237744,-0.010680885610280244,-0.010738335713845264,1771.8968933105468,1812.7710791015625,1781.4465409579834,1787.9803322589767,0.017020137014444846,2,1,3
2025-02-14,1854.0,1859.300048828125,1828.3499755859373,1856.4000244140625,1764.849853515625,5292961,0.007134120660347021,0.007108793209598843,1773.9456115722655,1811.5161767578124,1778.8932044283897,1786.266963463173,0.01709308803091485,2,1,4
2025-02-17,1838.550048828125,1852.75,1822.1500244140625,1842.300048828125,1751.4453125,4428956,-0.00759528692422351,-0.007624278006303962,1775.9230407714845,1809.9694140625,1774.670451824022,1783.6875819103452,0.017127202970766718,2,1,0
2025-02-18,1842.300048828125,1861.6500244140625,1837.5999755859373,1851.949951171875,1760.619384765625,4365260,0.005238000981332425,0.005224330371192229,1775.7091369628906,1808.1326904296875,1772.5087491996533,1781.978826566292,0.017164375142553957,2,1,1
2025-02-19,1847.4000244140625,1849.199951171875,1805.9000244140625,1810.800048828125,1721.498779296875,4611411,-0.022219797082353332,-0.022470375598450335,1773.111395263672,1805.026806640625,1764.6610615223028,1777.4988230648537,0.017545760944041196,2,1,2
2025-02-20,1805.550048828125,1831.0,1805.550048828125,1825.1500244140625,1735.14111328125,2218020,0.007924684088330913,0.00789344869129725,1770.7204284667969,1801.9494458007812,1760.1195310236792,1774.361214932735,0.016862744696368757,2,1,3
2025-02-21,1821.800048828125,1829.8499755859373,1806.199951171875,1815.0,1725.4915771484375,3379879,-0.005561239981550892,-0.005576761248357956,1770.3876892089843,1798.4376171875,1754.7921535044113,1770.741241763528,0.01687293269945574,2,1,4
2025-02-24,1800.050048828125,1808.0,1750.25,1764.0999755859375,1677.1016845703125,7594720,-0.028044119843282367,-0.028444866337160767,1767.2670593261719,1794.331611328125,1742.8397736683962,1763.8049782677342,0.017443054395154443,2,1,0
2025-02-25,1745.1500244140625,1778.449951171875,1745.1500244140625,1767.699951171875,1680.524169921875,5092963,0.0020407142769278686,0.0020386348480806865,1761.8695434570313,1790.3596508789062,1733.252757707393,1757.6360295013742,0.017405318752551392,2,1,1
2025-02-27,1755.199951171875,1775.8499755859375,1751.0999755859375,1764.300048828125,1677.2918701171875,5757079,-0.0019233878706057528,-0.0019252399562899474,1757.3228942871094,1786.2745581054687,1724.6433903858228,1751.6846102877307,0.01734428865161405,2,1,3
2025-02-28,1755.050048828125,1755.0999755859375,1682.449951171875,1687.699951171875,1604.469482421875,12182167,-0.04341664619779295,-0.04438734930674167,1748.1915710449218,1781.359521484375,1706.1550968529077,1740.7797860013711,0.015814793173398567,2,1,4
2025-03-03,1692.300048828125,1728.5999755859375,1692.300048828125,1708.5999755859375,1624.3388671875,7504969,0.01238377232057597,0.012307720639561377,1741.4060607910155,1777.2991479492186,1693.5679845966913,1732.154532755899,0.016040426149169444,3,1,0
2025-03-04,1695.0,1699.0,1670.0,1688.300048828125,1605.0399169921875,6759673,-0.01188111088465682,-0.011952255361021959,1733.0875732421875,1772.8119165039063,1679.9482818883062,1722.7386352919204,0.01611951550316636,3,1,1
2025-03-05,1692.449951171875,1732.949951171875,1692.449951171875,1711.5,1627.0958251953125,8180782,0.013741657119940909,0.013648096692231304,1724.1844177246094,1769.05576171875,1671.8171347047685,1715.653982692172,0.015184136236869518,3,1,2
2025-03-06,1715.0,1722.300048828125,1691.0999755859375,1715.8499755859375,1631.231201171875,10610547,0.0025415687954739585,0.002538344471574703,1715.5712158203125,1765.4136889648437,1665.5731449304772,1709.400443320298,0.015150960859821589,3,1,3
2025-03-07,1703.0999755859375,1705.0,1675.5,1686.0,1602.853271484375,8019331,-0.017396632474362517,-0.01754973209527189,1704.6549743652345,1761.026279296875,1655.9239336310768,1701.5080602213407,0.015303917276140366,3,1,4
2025-03-10,1686.0,1719.0,1676.199951171875,1701.449951171875,1617.5413818359375,7558981,0.009163727343526551,0.009121995148672882,1695.0435546875,1757.13703125,1650.0189256625938,1695.2883062668664,0.014709659984669986,3,1,0
2025-03-11,1680.0,1680.0,1637.050048828125,1661.5999755859375,1579.6566162109375,12671234,-0.02342120334627862,-0.023699838983144688,1684.6478210449218,1752.9844409179686,1639.1939549777235,1686.722995892353,0.015153764135306494,3,1,1
2025-03-12,1636.9000244140625,1636.9000244140625,1563.800048828125,1590.8499755859375,1512.395751953125,14870008,-0.04257942110175095,-0.04351250768793879,1671.1100769042969,1747.4390991210937,1619.6865391277852,1673.8098667116694,0.015620025048993454,3,1,2
2025-03-13,1599.25,1606.050048828125,1570.300048828125,1579.8499755859375,1501.938232421875,7822888,-0.006914539079963089,-0.006938555276621277,1657.6436340332032,1740.2519262695312,1601.5714150191836,1661.0786345420552,0.015583608828631301,3,1,3
2025-03-17,1545.1500244140625,1594.0,1545.1500244140625,1590.050048828125,1511.63525390625,7526032,0.006456338399974282,0.006435585524370637,1645.607977294922,1733.6218530273438,1587.7350825402707,1650.0087544949583,0.015453001784366946,3,1,0
2025-03-18,1590.050048828125,1590.050048828125,1590.050048828125,1590.050048828125,1511.63525390625,0,0.0,0.0,1632.947247314453,1727.0088940429687,1576.0274165965752,1639.7588655624613,0.015372681429395596,3,1,1
2025-03-19,1603.0,1603.0,1572.800048828125,1586.550048828125,1508.3079833984375,7387068,-0.002201106714873502,-0.0022035327108297065,1620.790380859375,1720.4624877929687,1565.6090422584002,1630.021763179941,0.015231970942992668,3,1,2
2025-03-20,1592.0,1631.9000244140625,1592.0,1615.550048828125,1535.8778076171875,7186750,0.01827864370022847,0.01811359747258945,1609.5533020019532,1714.4237451171875,1561.0350061597521,1623.0481368419591,0.015190041778474583,3,1,3
2025-03-21,1577.949951171875,1603.9000244140625,1563.6500244140625,1592.550048828125,1514.0118408203125,10074677,-0.01423678803641193,-0.014339103358512408,1599.178955078125,1708.2490502929688,1553.8006730306076,1614.9713741736891,0.01525338778626281,3,1,4
2025-03-24,1597.949951171875,1607.0999755859375,1572.699951171875,1592.75,1514.2021484375,8857726,0.00012569757518177127,0.0001256896759035078,1588.1320068359375,1701.1341357421875,1547.7085923239758,1607.5069870821196,0.015014598454688118,3,1,0
2025-03-25,1605.0,1636.1500244140625,1605.0,1628.449951171875,1548.1414794921875,9890140,0.02241400270743865,0.022166500466201337,1579.264501953125,1694.7883178710938,1547.7751903498547,1603.109542075458,0.01588638182345155,3,1,1
2025-03-26,1626.0,1637.75,1595.0,1599.449951171875,1520.571533203125,6651302,-0.017808415221912344,-0.017968893141157172,1571.4379943847657,1688.3122534179688,1543.5900123272809,1596.9956154923223,0.016004766162214645,3,1,2
2025-03-27,1595.550048828125,1619.949951171875,1586.0,1603.550048828125,1524.469482421875,9426573,0.0025634763861051013,0.002560196284959403,1563.6352600097657,1681.7316186523437,1540.6483923418339,1591.6233093389558,0.0160612426620688,3,1,3
2025-03-28,1590.0,1598.449951171875,1560.0,1570.6500244140625,1493.19189453125,6799047,-0.020517031171352396,-0.020730429366219362,1554.4302612304687,1674.9285229492189,1533.3473926786673,1584.3320934272738,0.016305498572919696,3,1,4
2025-04-01,1539.25,1547.4000244140625,1517.8499755859375,1526.5,1451.21923828125,12680733,-0.028109351787752757,-0.028511982689756375,1546.7677490234375,1669.434521484375,1520.7122920021416,1574.4718819349757,0.016797792293282147,4,2,1
2025-04-02,1535.199951171875,1555.6500244140625,1535.199951171875,1550.1500244140625,1473.703125,6193478,0.01549310133552173,0.015374308647941953,1539.2359619140625,1664.43107421875,1513.4801124633505,1567.0075295694219,0.01709210012910341,4,2,2
2025-04-03,1534.6500244140625,1534.6500244140625,1485.050048828125,1496.5,1422.69873046875,10459504,-0.03460968065142023,-0.0352227834126302,1530.1189025878907,1658.6471142578125,1499.5137460026426,1556.317988895298,0.017880710853206812,4,2,3
2025-04-04,1460.5,1472.0,1448.0,1451.6500244140625,1380.060546875,9590254,-0.02996993156780392,-0.030428209581441216,1517.767138671875,1650.9503759765626,1481.136330752236,1543.2618820789796,0.01821903738980487,4,2,4
2025-04-07,1352.0,1405.9000244140625,1307.0,1396.75,1327.8680419921875,21715252,-0.03781899642084319,-0.03855269260637624,1502.5989807128906,1642.0386645507813,1457.556594019921,1527.3067828132914,0.01885272747730618,4,2,0
2025-04-08,1431.0,1456.5,1415.0,1428.800048828125,1358.3375244140625,12805001,0.022946167434048537,0.022686863330783038,1490.373193359375,1633.5462060546874,1442.2921217728658,1514.7905414503857,0.019491097990063173,4,2,1
2025-04-09,1405.050048828125,1409.449951171875,1381.9000244140625,1403.699951171875,1334.4752197265625,8546854,-0.0175672866711043,-0.017723422745365806,1476.2198852539063,1625.592783203125,1425.7049060734344,1501.4338509523247,0.019563651044283002,4,2,2
2025-04-11,1411.25,1438.800048828125,1397.050048828125,1409.449951171875,1339.941650390625,12567440,0.0040963148534016725,0.004087947797327093,1464.2341369628907,1617.6013305664062,1412.51055904531,1489.4714657255322,0.01932612660731878,4,2,4
2025-04-15,1445.5999755859375,1447.699951171875,1409.0,1426.0,1355.675537109375,10178530,0.011742217815352785,0.011673812938328244,1456.398126220703,1608.9453515625,1403.7667095167046,1479.5606561984096,0.019566976648893435,4,2,1
2025-04-16,1425.0,1427.5,1396.800048828125,1413.0999755859375,1343.41162109375,12022740,-0.00904635045770219,-0.009087517146270046,1448.4717956542968,1600.4490869140625,1394.4813112977886,1469.4755424869534,0.01954711638069949,4,2,2
2025-04-17,1398.0,1429.800048828125,1378.300048828125,1419.5,1349.49609375,14264227,0.004529120159982192,0.004518894558962462,1440.3648376464844,1591.69708984375,1387.5605085981288,1460.5881759138456,0.018409571973222384,4,2,3
2025-04-21,1410.0,1471.800048828125,1410.0,1451.0,1379.442626953125,15648970,0.022190900249224876,0.021948265188787477,1433.7552062988282,1584.0849609375,1386.3116037296666,1454.5773945093476,0.0188221345805188,4,2,0
2025-04-22,1440.0,1440.0,1419.300048828125,1422.800048828125,1352.6334228515625,9399738,-0.019434809087187532,-0.01962614813847366,1425.9714782714843,1575.7094360351562,1381.1303451330352,1447.0259892013635,0.018963755334576077,4,2,1
2025-04-23,1446.0,1487.800048828125,1439.5999755859375,1474.9000244140625,1402.1639404296875,11136642,0.03661784245557609,0.03596333910418628,1419.2857849121094,1567.6495361328125,1384.3662828709816,1443.7028744775357,0.020185224557083516,4,2,2
2025-04-24,1469.9000244140625,1482.9000244140625,1461.5,1471.4000244140625,1398.836669921875,7114292,-0.002372953983392878,-0.002375773900602313,1413.5270263671875,1559.5563647460938,1386.592496263427,1440.3794519178573,0.02014391560799607,4,2,3
2025-04-25,1475.5,1501.699951171875,1463.5,1480.199951171875,1407.20263671875,8329979,0.005980660199122578,0.00596284703860277,1408.17705078125,1551.27685546875,1389.7632871027074,1437.9219100512566,0.0200964503180257,4,2,4
2025-04-28,1480.199951171875,1489.5999755859375,1465.300048828125,1482.0999755859375,1409.0087890625,5886253,0.0012835055141464657,0.0012826825250761137,1401.2204162597657,1543.2616357421875,1392.7241335580602,1435.7801973854228,0.019967739036511774,4,2,0
2025-04-29,1482.0,1509.800048828125,1474.0999755859375,1497.5,1423.6494140625,8056743,0.01039072652608608,0.010337113989545869,1396.3743103027343,1535.9831982421874,1397.4818690202817,1434.8816208429841,0.019810490452026056,4,2,1
2025-04-30,1496.800048828125,1508.800048828125,1482.5999755859375,1500.0999755859375,1426.1212158203125,7704183,0.0017362433007710454,0.0017347377727613522,1391.4568969726563,1528.8426098632813,1401.8879223741326,1434.232701952416,0.01837869320474924,4,2,2
2025-05-02,1499.699951171875,1523.199951171875,1496.199951171875,1506.9000244140625,1432.5859375,7402310,0.004533080083216401,0.0045228366203219714,1388.4265991210937,1522.0689868164063,1406.6106939319584,1434.1107194003853,0.018387509122851108,5,2,4
2025-05-05,1515.0,1523.0,1502.800048828125,1508.5999755859375,1434.2020263671875,4282493,0.0011280920919882753,0.0011274562742333346,1387.5757385253905,1515.7060595703124,1410.855514306609,1434.1174828794078,0.018334558798123346,5,2,0
2025-05-06,1506.0,1515.5999755859375,1499.0999755859375,1511.5,1436.958984375,4270530,0.0019222940402585653,0.0019204487974244058,1385.7385314941407,1509.1482421875,1414.871432778669,1434.327964471674,0.01834365714168221,5,2,1
2025-05-07,1500.0,1518.800048828125,1496.5999755859375,1508.300048828125,1433.916748046875,5691799,-0.0021171351174287256,-0.002119379416196769,1386.2994323730468,1502.7976708984374,1417.80148128147,1434.297503995763,0.01834355666898914,5,2,2
2025-05-08,1508.0,1516.5,1501.199951171875,1511.4000244140625,1436.864013671875,8424409,0.0020553952166431078,0.0020532857818816724,1389.1396057128907,1496.3225634765624,1420.7341785723015,1434.487615823623,0.0179751557155516,5,2,3
2025-05-09,1500.699951171875,1511.4000244140625,1494.0999755859375,1507.5999755859375,1433.2513427734375,4478653,-0.0025142747428167356,-0.002517440839629508,1394.4087707519532,1490.5576147460938,1422.659896141707,1434.3960400421277,0.017828182739673737,5,2,4
2025-05-12,1537.0,1632.0,1532.0,1626.9000244140625,1546.6678466796875,11372857,0.07913232000660919,0.0761573108301534,1403.8252868652344,1486.7881494140624,1441.7380423783193,1442.7124701634284,0.02314526684973218,5,2,0
2025-05-13,1609.0,1612.199951171875,1564.5999755859375,1568.5999755859375,1491.2430419921875,12846210,-0.03583497569079441,-0.036492811979676854,1411.6636779785156,1482.1031787109375,1449.354196165068,1446.3073273359291,0.02371974641330757,5,2,1
2025-05-14,1574.0,1595.0,1569.5,1592.4000244140625,1513.8692626953125,4870057,0.015172725079674487,0.015058770508344671,1420.36005859375,1478.8385302734375,1459.2795910158748,1451.311915140328,0.023677121663518583,5,2,2
2025-05-15,1589.800048828125,1618.5999755859375,1571.0,1613.0,1533.4534912109375,11151167,0.012936538840056189,0.012853576551990934,1429.248956298828,1475.8971166992187,1470.6909602766536,1457.3964763307436,0.023789509464354694,5,2,3
2025-05-16,1612.5999755859375,1612.5999755859375,1581.5,1589.9000244140625,1511.49267578125,4576751,-0.014321148672298833,-0.014424686026660978,1437.653009033203,1472.5811328125,1476.9681472773607,1461.4036022159662,0.023627407286882954,5,2,4
2025-05-19,1576.5,1585.0,1555.699951171875,1559.800048828125,1482.8770751953125,8855798,-0.018932014057657875,-0.019113519124575703,1444.3220581054688,1470.1492846679687,1477.8772131108917,1462.994229844066,0.02329904116041361,5,2,0
2025-05-20,1570.0,1583.5,1558.0,1560.5999755859375,1483.637451171875,7143998,0.0005127707409344762,0.0005126393189424126,1449.5317993164062,1467.3352563476562,1478.763403581812,1464.5233573498297,0.023137199378130066,5,2,1
2025-05-21,1567.9000244140625,1571.0,1552.0999755859375,1568.5,1491.1480712890625,4157309,0.00506230151527598,0.0050495311471304176,1456.4575317382812,1465.0574194335939,1480.6687370752352,1466.4955583823655,0.02217633546345355,5,2,2
2025-05-22,1555.5,1560.800048828125,1540.0,1547.5,1471.18359375,6158990,-0.013388662013829156,-0.013479098269846232,1459.908514404297,1461.9391748046876,1479.2094842559682,1466.8428202614496,0.021555113467703384,5,2,3
2025-05-23,1550.0,1587.199951171875,1550.0,1564.800048828125,1487.6304931640625,5038421,0.011179365705227706,0.011117338451887598,1464.3482055664062,1459.0671606445312,1480.5050240879827,1468.3826478838653,0.020221235037589866,5,2,4
2025-05-26,1566.5999755859375,1583.800048828125,1562.699951171875,1580.5,1502.55615234375,3170102,0.010033176415967349,0.009983178250287763,1469.1158813476563,1457.0612182617188,1483.8975053581007,1470.9140185845977,0.019939224738149203,5,2,0
2025-05-27,1579.9000244140625,1582.9000244140625,1556.4000244140625,1570.0999755859375,1492.6690673828125,7775714,-0.006580176684588546,-0.006601921489451876,1473.298895263672,1454.5637719726562,1485.2469764388256,1472.5255036807616,0.01963644898500913,5,2,1
2025-05-28,1581.0,1587.699951171875,1570.0,1571.800048828125,1494.2852783203125,3623370,0.0010827657468199803,0.00108217997878365,1476.8306884765625,1452.8563452148437,1486.637484420593,1474.137338839247,0.019643239190508907,5,2,2
2025-05-29,1589.0,1608.9000244140625,1576.5999755859375,1585.5999755859375,1507.4046630859375,8609500,0.008779705559551543,0.008741388058950469,1480.8948608398437,1452.7565234375,1489.832434984492,1476.6015850797426,0.01960947064932013,5,2,3
2025-05-30,1571.0,1572.0,1555.0999755859375,1562.699951171875,1506.5369873046875,13148092,-0.0005756090600607111,-0.0005757747865545555,1484.5924133300782,1452.8484985351563,1492.402366110676,1478.8190222815904,0.01947980697907471,5,2,4
2025-06-02,1560.0,1560.0,1539.0,1553.800048828125,1497.9569091796875,4374509,-0.005695232309131937,-0.005711511985108945,1487.7801574707032,1452.574931640625,1493.2569111982164,1480.2366435333013,0.019559621046439667,6,2,0
2025-06-03,1559.0,1567.300048828125,1535.5999755859375,1543.0,1487.5450439453125,6853403,-0.006950710778507507,-0.006974979490583436,1490.3094604492187,1452.0931274414063,1492.3781623900773,1480.7780065267834,0.01933015074686063,6,2,1
2025-06-04,1543.0,1557.300048828125,1541.4000244140625,1551.199951171875,1495.4503173828125,4548307,0.005314308611814145,0.00530023750392811,1493.3861389160156,1451.8359741210938,1492.8508016197288,1481.8648443679706,0.01887595501962921,6,2,2
2025-06-05,1547.9000244140625,1567.699951171875,1541.5999755859375,1554.300048828125,1498.43896484375,6948539,0.001998493314153027,0.0019964989830525376,1496.4648864746093,1451.087197265625,1493.710519038809,1483.092556995806,0.017810863968507284,6,2,3
2025-06-06,1554.699951171875,1568.9000244140625,1543.0999755859375,1563.800048828125,1507.5975341796875,3960020,0.006112073665204276,0.006093470706246722,1500.182196044922,1450.9589111328125,1495.8469829066366,1484.9077404909083,0.01780039808670794,6,2,4
2025-06-09,1578.0,1588.0,1571.0,1572.9000244140625,1516.3704833984375,2903202,0.005819158641383382,0.005802292736356928,1498.6673278808594,1451.0022778320313,1499.0044445207598,1487.2383140396141,0.01779937979008575,6,2,0
2025-06-10,1584.0,1607.5,1577.5,1596.0,1538.6402587890625,8591925,0.014686236400958341,0.014579438005680633,1501.0371887207032,1450.8122534179688,1505.1022621004986,1491.0458655025361,0.01793180238173185,6,2,1
2025-06-11,1590.0999755859375,1634.5999755859375,1590.0999755859375,1631.0999755859375,1572.4786376953125,10597410,0.021992391472247963,0.021754047010403156,1503.9676574707032,1451.8503955078124,1515.4678583458547,1497.0779227020012,0.018217523662167966,6,2,2
2025-06-12,1617.0,1628.0,1598.0999755859375,1608.5999755859375,1550.7874755859375,10483574,-0.013794249148698423,-0.013890273885546619,1504.8343566894532,1452.3767553710939,1520.9016456135596,1501.0564081008113,0.01848733139552085,6,2,3
2025-06-13,1576.0,1609.0,1570.199951171875,1602.0,1544.4246826171875,6968315,-0.004102943226534594,-0.004111383392352944,1506.48095703125,1453.4014111328124,1524.5205743833485,1504.268872879802,0.018529153578889217,6,2,4
2025-06-16,1600.0,1634.800048828125,1597.0999755859375,1623.800048828125,1565.441162109375,5591842,0.013607966596709042,0.013516209698629713,1510.6091613769531,1455.685849609375,1530.8160494181218,1508.800153563474,0.018633132980393662,6,2,0
2025-06-17,1620.699951171875,1647.4000244140625,1615.5999755859375,1639.9000244140625,1580.962646484375,7622083,0.009915086399086004,0.009866254446653993,1515.4754211425782,1457.8310400390626,1538.5309105052377,1514.1455234094667,0.018673013501316442,6,2,1
2025-06-18,1621.0,1644.699951171875,1621.0,1632.9000244140625,1574.214111328125,5629707,-0.004268624038181401,-0.004277760623472759,1519.6287231445312,1460.86134765625,1544.0206337087589,1518.5950484404784,0.018698859837258507,6,2,2
2025-06-19,1623.9000244140625,1630.0,1611.5,1618.4000244140625,1560.2352294921875,5147760,-0.008879911401724061,-0.008919572782580052,1524.0813049316407,1464.4648413085938,1546.5151869062095,1521.6795062961608,0.018829705143150566,6,2,3
2025-06-20,1619.0,1630.699951171875,1608.9000244140625,1622.9000244140625,1564.573486328125,9202821,0.002780514600576822,0.002776656120573316,1527.9284545898438,1469.1989501953126,1549.2933868172734,1524.8568381503806,0.018801839053601707,6,2,4
2025-06-23,1601.0,1601.0,1575.4000244140625,1584.0,1527.071533203125,7943676,-0.023969441801684144,-0.0242613834297588,1529.1542236328125,1472.5736303710937,1545.8746401074043,1525.020889635769,0.012929324545773929,6,2,0
2025-06-24,1601.0,1609.0,1576.5999755859375,1581.5999755859375,1524.7576904296875,8083992,-0.0015152157074030947,-0.0015163648076262318,1530.7586547851563,1476.3792797851563,1542.6258786185247,1525.0013933982816,0.011064589745387172,6,2,1
2025-06-25,1590.0,1619.9000244140625,1585.0999755859375,1614.9000244140625,1556.8609619140625,7813533,0.02105467097223035,0.02083608424478424,1533.8874389648438,1480.717666015625,1544.8158914332228,1527.3613614364876,0.011375787814007663,6,2,2
2025-06-26,1608.800048828125,1624.0,1606.5999755859375,1616.0,1557.9215087890625,6519233,0.0006812084707270571,0.0006809765535534141,1536.41328125,1484.7625854492187,1546.832140257198,1529.625076055197,0.011150035089005677,6,2,3
2025-06-27,1619.0,1629.5999755859375,1602.4000244140625,1608.0,1550.208984375,8912268,-0.0049505218141940865,-0.004962816239976164,1538.5968811035157,1488.8985327148437,1547.35165473686,1531.149810004812,0.010845055820052607,6,2,4
2025-06-30,1615.0,1615.0,1594.0999755859375,1601.800048828125,1544.2318115234375,6294505,-0.0038557206878608863,-0.0038631731414263725,1540.910626220703,1492.7932470703124,1546.8716788578718,1532.1188471543398,0.010226005588829735,6,2,0
2025-07-01,1609.0,1617.699951171875,1600.5,1606.800048828125,1549.0521240234375,4178937,0.0031214954024580965,0.0031166336503481683,1543.9859802246094,1496.1854370117187,1547.2071319602665,1533.3731639594582,0.01022926705145318,7,3,1
2025-07-02,1618.0,1649.0,1603.4000244140625,1610.5,1552.619140625,8653641,0.0023027092156833184,0.0023000620438165054,1546.8444213867188,1500.1851513671875,1548.0397486779177,1534.7987918606095,0.010208420153648784,7,3,2
2025-07-03,1618.5,1632.4000244140625,1615.0,1618.699951171875,1560.5244140625,5259695,0.005091572833707092,0.005078654607584569,1549.9486938476562,1503.3523608398436,1549.960466429392,1536.704393505194,0.00983618156988458,7,3,3
2025-07-04,1625.0,1643.4000244140625,1612.300048828125,1640.699951171875,1581.7337646484375,4411273,0.013591168708936285,0.013499637189811422,1553.6555053710938,1507.010302734375,1554.8486661553989,1540.0399024787675,0.009923148588600347,7,3,4
2025-07-07,1640.0,1644.0,1623.0,1627.0,1568.526123046875,3294523,-0.008350104105224077,-0.008385161516268034,1556.2632873535156,1510.2367724609376,1556.952890292549,1542.1499928912199,0.009983415890107887,7,3,0
2025-07-08,1628.0,1646.199951171875,1621.5,1638.699951171875,1579.8056640625,4590681,0.007191171922412254,0.007165438739782638,1558.3215576171874,1513.6527099609375,1560.4687016417724,1544.9393018668702,0.009916338003080482,7,3,1
2025-07-09,1637.800048828125,1638.0,1623.5999755859375,1633.699951171875,1574.9852294921875,4580828,-0.0030512832558889924,-0.0030559479118505966,1558.4468872070313,1516.6794262695312,1562.7020136187593,1547.1649261354123,0.009957307789950203,7,3,2
2025-07-10,1638.9000244140625,1638.9000244140625,1607.0999755859375,1615.800048828125,1557.7286376953125,5330179,-0.010956668972977535,-0.011017135349496016,1558.7939453125,1519.3115747070312,1561.9368788613058,1547.9474232879975,0.010130917649260935,7,3,3
2025-07-11,1579.0999755859375,1607.0999755859375,1563.0,1594.9000244140625,1537.579833984375,11391755,-0.012934732804776639,-0.013019114890740915,1558.4517028808593,1521.4114526367186,1558.1896411879318,1547.1794537099513,0.010449568727714253,7,3,4
2025-07-14,1591.800048828125,1591.800048828125,1559.800048828125,1570.300048828125,1513.8638916015625,9173426,-0.015424202281163257,-0.015544392786032127,1555.8728393554688,1523.0046899414062,1551.370295097721,1544.711634294515,0.010800998839239217,7,3,0
2025-07-15,1565.0999755859375,1603.5999755859375,1564.0,1585.5999755859375,1528.614013671875,7614807,0.00974336078173299,0.009696200328833669,1553.2554077148438,1524.8377905273437,1547.869328724514,1543.5192179520973,0.010838750105534957,7,3,1
2025-07-16,1579.0,1612.0,1578.5,1607.9000244140625,1550.112548828125,6223491,0.014064070435026554,0.013966089006210257,1552.0503295898438,1527.1617065429687,1548.214439509685,1544.007612831803,0.011074969987255483,7,3,2
2025-07-17,1598.0,1610.0,1580.0999755859375,1583.5,1526.5894775390625,7374814,-0.015175073130557992,-0.015291392826375646,1550.3680419921875,1528.9562158203125,1544.8875222834354,1542.7173805878965,0.011472026333544378,7,3,3
2025-07-18,1592.0999755859375,1599.300048828125,1580.0,1586.0999755859375,1529.0960693359375,5161833,0.0016419553742212933,0.0016406088392611966,1548.594171142578,1530.8731103515624,1542.4580679838202,1541.7083945692327,0.011428041320433397,7,3,4
2025-07-21,1580.0,1589.0,1566.800048828125,1584.300048828125,1527.36083984375,3682661,-0.0011348073721365592,-0.0011354517535678156,1548.6086364746093,1530.4869702148437,1540.1354175007325,1540.6456127377155,0.011387622636057488,7,3,0
2025-07-22,1565.0,1585.800048828125,1565.0,1570.9000244140625,1514.4423828125,8473741,-0.008458025565570737,-0.00849399764258321,1548.09287109375,1530.95095703125,1536.182642933312,1538.7046327432552,0.011161358864239307,7,3,1
2025-07-23,1576.300048828125,1591.9000244140625,1550.0,1574.5,1517.9129638671875,8035026,0.002291656053789337,0.0022890342148595907,1546.1454711914062,1531.0318310546875,1533.3719230769852,1537.1645091228058,0.010343927704750117,7,3,2
2025-07-24,1580.0,1582.0,1548.199951171875,1552.5,1496.70361328125,14169664,-0.013972705346624426,-0.014071242558411917,1543.0845764160156,1530.2968334960938,1527.730644646872,1534.167405727135,0.010351513385708201,7,3,3
2025-07-25,1543.4000244140625,1549.5,1511.300048828125,1515.699951171875,1461.2261962890625,10851259,-0.023703702374586855,-0.023989155008635847,1538.6354370117188,1529.29150390625,1517.499191053363,1528.7643531761667,0.011134538444176507,7,3,4
2025-07-28,1513.9000244140625,1519.300048828125,1482.5,1516.0,1461.515380859375,6439855,0.0001979054105702982,0.00019788582987790575,1534.4996154785156,1528.8642700195312,1508.8862971773647,1523.782947819367,0.010758123676948261,7,3,0
2025-07-29,1512.9000244140625,1517.199951171875,1496.0999755859375,1513.699951171875,1459.2979736328125,7070448,-0.001517197325189068,-0.0015183494345164291,1530.0119079589845,1528.37748046875,1501.2573243243567,1519.0062830648073,0.010512723626318244,7,3,1
2025-07-30,1519.9000244140625,1521.699951171875,1506.0,1519.0,1464.40771484375,5719051,0.003501506411481614,0.003495390410559651,1525.601336669922,1527.8426733398437,1495.5881536350325,1514.9619446780623,0.010566087199742393,7,3,2
2025-07-31,1509.699951171875,1527.0999755859375,1497.0,1509.0,1454.76708984375,6851407,-0.006583292960204434,-0.00660505841145656,1520.3134704589843,1527.5143432617188,1489.3079899748352,1510.5030665421873,0.010525410007826547,7,3,3
2025-08-01,1493.9000244140625,1498.699951171875,1465.5,1469.5999755859375,1416.782958984375,8702978,-0.026110111456710716,-0.026457032507233073,1512.0659301757812,1526.097392578125,1478.1502928993798,1503.5608363527197,0.011337127784640948,8,3,4
2025-08-04,1461.5,1482.800048828125,1451.0,1480.5,1427.291259765625,8610216,0.007417015227782597,0.0073896444267811355,1505.0041870117188,1524.5920947265624,1470.3258262634174,1497.911238087009,0.010793331891045236,8,3,0
2025-08-05,1478.699951171875,1478.699951171875,1455.0,1460.300048828125,1407.8173828125,10213323,-0.013643940450054126,-0.013737874403672194,1496.4047729492188,1522.8950610351562,1460.709142655584,1491.237619177786,0.010992373342074776,8,3,1
2025-08-06,1452.0,1456.0999755859375,1430.300048828125,1436.699951171875,1385.0654296875,10566934,-0.01616115371408955,-0.01629316944201042,1486.9087829589844,1520.7106640625,1449.071648352802,1483.373012548876,0.010309858331539908,8,3,2
2025-08-07,1430.0,1442.0,1414.199951171875,1436.9000244140625,1385.25830078125,9892020,0.00013925052897567625,0.00013924083452072778,1478.2852661132813,1518.2677368164063,1439.2542102648708,1476.1052561216445,0.01030213810865468,8,3,3
2025-08-08,1425.0,1433.199951171875,1417.0999755859375,1423.0999755859375,1371.9542236328125,10048009,-0.009604040734449537,-0.009650456961632192,1470.0039855957032,1515.5760815429687,1428.900366167631,1468.3903648261753,0.0103540846247381,8,3,4
2025-08-11,1419.9000244140625,1433.4000244140625,1414.0,1428.199951171875,1376.8709716796875,6625368,0.003583755173591552,0.0035773488243153505,1463.1543395996093,1513.1543627929686,1420.8958439387166,1461.6111505190281,0.010446616730852567,8,3,0
2025-08-12,1428.199951171875,1441.0,1421.0,1424.0999755859375,1372.918212890625,9899184,-0.002870827310884727,-0.0028749560394135862,1455.3695495605468,1510.861826171875,1413.5146699313177,1455.0413032872943,0.010367422490256182,8,3,1
2025-08-13,1425.0,1434.0,1422.4000244140625,1426.5999755859375,1375.328369140625,10318063,0.0017554987816248424,0.0017539596946190147,1446.6303405761719,1508.4593872070313,1407.6398544250574,1449.1366414986521,0.010356493855899929,8,3,2
2025-08-14,1426.199951171875,1470.0,1426.199951171875,1447.699951171875,1395.6700439453125,12902347,0.01479041315594909,0.014682101670330329,1440.0843688964844,1506.4040087890626,1405.7983451204811,1445.1761527909973,0.010791724994496227,8,3,3
2025-08-18,1464.699951171875,1464.699951171875,1429.5999755859375,1435.800048828125,1384.1978759765625,7254561,-0.008219828188273048,-0.008253797250636009,1432.8394592285156,1503.936015625,1402.4751960214167,1440.6592433973356,0.01031368874542925,8,3,0
2025-08-19,1432.699951171875,1449.4000244140625,1432.699951171875,1440.0,1388.246826171875,3986094,0.002925123832064891,0.002920853981882262,1425.8837585449219,1501.3735424804688,1400.286216044564,1436.7768421213755,0.010369508299495725,8,3,1
2025-08-20,1440.699951171875,1499.0,1440.699951171875,1496.199951171875,1442.427001953125,10413061,0.03902776852056866,0.03828543795876673,1422.2829895019531,1499.44927734375,1406.7694138766503,1437.195372479283,0.012880387716726562,8,3,2
2025-08-21,1508.0,1508.0,1484.300048828125,1496.4000244140625,1442.619873046875,6565539,0.00013371289742147852,0.00013370395864882066,1418.5183349609374,1496.8521020507812,1412.284869133608,1437.5971873361418,0.012892628049208738,8,3,3
2025-08-22,1498.0999755859375,1504.300048828125,1486.0999755859375,1487.5,1434.0396728515625,5543397,-0.005947651460804226,-0.0059654091859366,1415.3851379394532,1494.5171459960939,1415.6317620132932,1437.3336677446914,0.012816121129271042,8,3,4
2025-08-25,1506.699951171875,1539.0,1506.699951171875,1532.0999755859375,1477.0367431640625,10694531,0.029983180470175563,0.02954247246760812,1416.1756652832032,1493.1693872070311,1425.0786821903346,1440.2746362942744,0.013974394553040793,8,3,0
2025-08-26,1523.0,1538.4000244140625,1518.5999755859375,1529.5999755859375,1474.6265869140625,15994798,-0.0016317510455677864,-0.0016330838013195199,1416.8312255859375,1491.353095703125,1432.701436763216,1442.8192252290735,0.013716298005330531,8,3,1
2025-08-28,1529.5999755859375,1529.5999755859375,1498.0,1500.0999755859375,1446.1868896484375,5443364,-0.01928603316799038,-0.0194744349885174,1416.1756713867187,1488.6575805664063,1434.776121822481,1443.06868185273,0.013969601361563428,8,3,3
2025-08-29,1501.9000244140625,1501.9000244140625,1467.699951171875,1469.5999755859375,1416.782958984375,8169075,-0.020332040675054452,-0.020541581744334434,1413.79443359375,1485.5089575195314,1432.0079429243108,1441.1215912698888,0.01403807594304173,8,3,4
2025-09-01,1476.699951171875,1503.4000244140625,1476.199951171875,1499.4000244140625,1445.511962890625,4546057,0.020277632310628846,0.020074778799431776,1413.3316772460937,1483.2144921875,1434.08548445759,1441.446803982536,0.014455045703008157,9,3,0
2025-09-02,1499.4000244140625,1512.800048828125,1486.300048828125,1498.699951171875,1444.837158203125,5218763,-0.00046682746654724827,-0.0004669364644124612,1414.7343872070312,1480.819765625,1435.739588110749,1441.6979413322094,0.014443270783290005,9,3,1
2025-09-03,1500.0,1501.9000244140625,1473.0,1479.0999755859375,1425.941650390625,4623483,-0.013077949791933219,-0.013164219153716896,1414.6669067382813,1478.79716796875,1434.232213076884,1440.5308086698699,0.014588531216694768,9,3,2
2025-09-04,1484.0,1484.0,1460.0999755859375,1463.0,1410.420166015625,5787724,-0.010885076798723192,-0.010944752693424317,1414.7970458984375,1476.5104174804687,1430.5688212213056,1438.3003906954814,0.014631183201321481,9,3,3
2025-09-05,1470.0,1472.699951171875,1433.0,1444.5999755859375,1392.6815185546875,5466487,-0.012576853258592036,-0.012656611320117145,1415.1778503417968,1473.2268286132812,1424.7400054264413,1434.9212149813486,0.014723002046367789,9,3,4
2025-09-08,1451.0,1458.0,1428.300048828125,1432.9000244140625,1381.4019775390625,3811567,-0.00809915322731558,-0.008132129542999782,1414.9850341796875,1469.6964379882813,1418.0726165206906,1430.9568270226607,0.014607380666529498,9,3,0
2025-09-09,1481.0,1507.199951171875,1472.5,1504.300048828125,1450.2359619140625,13072640,0.049829076180726295,0.04862736632879815,1418.89912109375,1467.6969775390626,1423.0208235042862,1432.3849110886904,0.0169238867208924,9,3,1
2025-09-10,1510.0999755859375,1534.9000244140625,1509.300048828125,1532.5999755859375,1477.518798828125,7281071,0.01881268816286541,0.018637918072769037,1423.9315124511718,1466.3627172851564,1431.4051274002613,1435.7281620323522,0.01727339172375751,9,3,2
2025-09-11,1523.9000244140625,1527.5,1506.5,1509.699951171875,1455.4417724609375,8003662,-0.014941959712930664,-0.015054715396698693,1428.0576904296875,1464.4905102539062,1435.1030727942116,1437.1884294715067,0.017500005057962658,9,3,3
2025-09-12,1537.0,1542.9000244140625,1521.0999755859375,1525.5999755859375,1470.7703857421875,12856963,0.010531931659025773,0.010476857222764197,1432.8297912597657,1462.85353515625,1440.5903517092847,1439.6759817878533,0.017594526926777924,9,3,4
2025-09-15,1525.5999755859375,1527.5,1501.199951171875,1508.4000244140625,1454.1885986328125,6167414,-0.011274218783652867,-0.011338254545299296,1435.7557189941406,1460.7268188476562,1442.6823896975197,1440.7509904430353,0.017678382378316152,9,3,0
2025-09-16,1508.4000244140625,1514.0,1503.5,1511.300048828125,1456.9844970703125,8923112,0.0019226518761930045,0.0019208059467489265,1439.3950500488281,1458.2318334960937,1444.8827139087186,1441.9534724154262,0.016969927318554408,9,3,1
2025-09-17,1516.9000244140625,1526.699951171875,1514.0,1522.4000244140625,1467.685546875,4795698,0.007344655915148657,0.00731781527328726,1443.3669860839843,1456.2150219726564,1448.3908420573773,1443.8595520050244,0.016968999262216143,9,3,2
2025-09-18,1550.0,1555.0,1538.5,1540.5999755859375,1485.2313232421875,9331945,0.01195472450113444,0.01188383122922856,1445.5072021484375,1454.32353515625,1454.058608393502,1446.9241276522216,0.016846877355391955,9,3,3
2025-09-19,1544.5999755859375,1551.300048828125,1520.0999755859375,1540.199951171875,1484.845703125,12988129,-0.0002596364021906217,-0.00025967011355655103,1447.6184936523437,1452.5207446289062,1458.7950845060402,1449.733133242798,0.016505021393427553,9,3,4
2025-09-22,1482.699951171875,1514.699951171875,1482.0,1499.5,1445.6083984375,15655204,-0.0264251730701186,-0.026780593302613162,1448.1969299316406,1450.27833984375,1456.7663635724186,1449.4275973312945,0.01732552198914818,9,3,0
2025-09-23,1493.0,1513.0,1493.0,1497.5,1443.6802978515625,9832164,-0.0013337641009982804,-0.0013346543560183398,1446.5291076660155,1448.4003491210938,1454.7531226922868,1449.001871443907,0.01720705547180105,9,3,1
2025-09-24,1487.199951171875,1496.699951171875,1482.699951171875,1494.5999755859375,1440.884521484375,4937004,-0.0019365619738304085,-0.0019384395343694718,1444.8420043945312,1446.94076171875,1452.6194917372234,1448.4005862617196,0.01721729497568974,9,3,2
2025-09-25,1489.0,1502.699951171875,1476.5,1484.800048828125,1431.4368896484375,9491867,-0.006556827903324791,-0.006578418327614603,1444.1045043945312,1444.9972192382813,1449.3606298774102,1447.1440161422174,0.017263813443143153,9,3,3
2025-09-26,1475.0,1478.699951171875,1441.199951171875,1448.9000244140625,1396.8270263671875,8597058,-0.024178406698565857,-0.024475503026388616,1443.106707763672,1441.9315087890625,1441.2785370296835,1443.4168317144374,0.017890306521330914,9,3,4
2025-09-29,1460.0,1465.0,1436.5,1441.800048828125,1389.982177734375,10513117,-0.0049002836454377086,-0.0049123294032054655,1440.3302185058594,1439.1993627929687,1433.3867894457899,1439.4587091973958,0.017714743399837238,9,3,0
2025-09-30,1443.0,1452.199951171875,1438.0999755859375,1441.800048828125,1389.982177734375,7556305,0.0,0.0,1437.587469482422,1436.4170849609375,1426.7091568748028,1435.7937809408759,0.017646439238117637,9,3,1
2025-10-01,1446.0,1449.5,1427.4000244140625,1445.800048828125,1393.8385009765625,6250692,0.002774368840090524,0.0027705273823003707,1435.9823120117187,1433.7466381835939,1421.652132890458,1432.685982425001,0.017645683750351457,10,4,2
2025-10-03,1439.0,1448.300048828125,1433.199951171875,1446.5999755859375,1394.609619140625,6877533,0.0005532335084172946,0.0005530805311786993,1435.1917846679687,1431.3499829101563,1417.4917461597145,1429.8655110706027,0.016059466527388717,10,4,4
2025-10-06,1446.5999755859375,1478.800048828125,1442.300048828125,1476.0,1422.9530029296875,4630590,0.020323525236064288,0.020119758608713425,1436.7053588867188,1429.4507836914063,1418.331939508941,1429.353473430535,0.016524899653869916,10,4,0
2025-10-07,1477.699951171875,1482.9000244140625,1454.0,1458.5,1406.0819091796875,5570320,-0.011856395619015192,-0.011927243232598481,1437.93935546875,1427.638349609375,1416.4473194582868,1427.6296538563981,0.016629088937611364,10,4,1
2025-10-08,1457.0,1498.0,1455.0,1495.0,1441.2701416015625,4657192,0.025025734412872147,0.024717719019467982,1437.491064453125,1427.239228515625,1420.2662151726367,1428.64006035604,0.016337555551801095,10,4,2
2025-10-09,1502.0,1514.0,1487.0,1509.300048828125,1455.0562744140625,7028753,0.009565266367886238,0.009519808853143387,1436.367938232422,1427.1100463867188,1425.61853197901,1430.5968169529306,0.01644283413369049,10,4,3
2025-10-10,1510.0,1521.699951171875,1498.800048828125,1514.9000244140625,1460.4549560546875,3738353,0.003710290615941192,0.003703424466080608,1436.6185974121095,1427.1331860351563,1430.9779818368065,1432.808530960468,0.016059528733774,10,4,4
2025-10-13,1497.0,1504.699951171875,1483.4000244140625,1493.199951171875,1439.5347900390625,5859355,-0.014324417147475232,-0.014428001995742672,1435.056817626953,1426.6357275390626,1432.294413867923,1433.3067723736972,0.015827216513884995,10,4,0
2025-10-14,1499.0,1514.4000244140625,1486.5,1489.9000244140625,1436.353515625,5600789,-0.0022099322892892292,-0.0022123777932472606,1434.1650634765624,1426.2674560546875,1432.9188910613193,1433.532457058979,0.015392172203911942,10,4,1
2025-10-15,1483.9000244140625,1488.5999755859375,1467.5,1474.4000244140625,1421.4105224609375,6986098,-0.010403422974573417,-0.010457916857469838,1432.3863647460937,1426.3600073242187,1431.1483728151068,1432.6345359776426,0.015506855404660572,10,4,2
2025-10-16,1473.9000244140625,1474.5,1460.5,1471.5,1418.61474609375,8005748,-0.0019669028215346662,-0.001968839715093681,1429.9328247070312,1426.1864770507811,1429.2201225502827,1431.5960330232801,0.01532598044224083,10,4,3
2025-10-17,1454.9000244140625,1458.4000244140625,1434.0,1441.0999755859375,1389.3072509765625,16959378,-0.020659234790761594,-0.020875622235989096,1425.13662109375,1425.8162744140625,1423.0796807697104,1428.4635306494492,0.015664212251665522,10,4,4
2025-10-20,1453.699951171875,1467.0,1450.0,1460.9000244140625,1408.395751953125,6994246,0.013739582056557342,0.013646049755033097,1421.3141235351563,1426.282880859375,1420.820614797928,1426.9770285237955,0.015694766269194714,10,4,0
2025-10-21,1478.0,1486.0,1470.0,1472.4000244140625,1419.482421875,1698704,0.007871842773240711,0.007841021460276494,1420.0078247070312,1426.96736328125,1420.6147389636315,1426.4218724757366,0.01566414219410081,10,4,1
2025-10-23,1510.0,1546.0,1506.0,1528.5,1473.566162109375,20358624,0.03810102851639097,0.03739310998469724,1421.5021179199218,1428.9996020507813,1428.7611117552844,1429.9140420782282,0.014507775050707463,10,4,3
2025-10-24,1539.5,1543.0,1518.0,1525.4000244140625,1470.57763671875,8652257,-0.0020280904023657342,-0.0020301497625560003,1422.9867736816407,1430.8737353515626,1435.1944232881253,1432.9261601997484,0.014100517188519585,10,4,4
2025-10-27,1510.0,1515.300048828125,1498.0999755859375,1504.5,1472.633056640625,7273211,0.0013976956201109392,0.001396719752792186,1425.04658203125,1432.8680322265625,1440.9542130346638,1435.8674117879616,0.013818659649205122,10,4,0
2025-10-28,1499.699951171875,1506.5,1490.5,1500.199951171875,1468.4241943359375,8211019,-0.0028580523068583163,-0.002862144337036693,1428.6264404296876,1434.7299487304688,1445.1803640040905,1438.279025310034,0.013698631109808571,10,4,1
2025-10-29,1500.199951171875,1520.199951171875,1496.9000244140625,1510.4000244140625,1478.408203125,4884976,0.006799131223506949,0.006776121369937649,1433.0477416992187,1436.3847119140626,1450.2923392534613,1441.2515570000317,0.013580936095854514,10,4,2
2025-10-30,1507.0,1508.199951171875,1489.0999755859375,1493.800048828125,1462.1597900390625,5608867,-0.010990478172126061,-0.011051319672835024,1436.6566223144532,1437.9439501953125,1452.1181009127845,1442.8003150029228,0.013742541488772578,10,4,3
2025-10-31,1490.0,1497.0999755859375,1480.699951171875,1482.300048828125,1450.9034423828125,4819814,-0.007698438797820617,-0.0077282247464607766,1439.5098693847656,1439.1970825195312,1451.931230369712,1443.4005466606925,0.013747647204665456,10,4,4
2025-11-03,1482.300048828125,1491.4000244140625,1474.199951171875,1485.5,1454.0355224609375,5470600,0.0021587102122944124,0.0021563835452024288,1442.4811645507812,1439.4292529296874,1452.2549676145159,1444.1883226458958,0.013561806193222949,11,4,0
2025-11-04,1479.699951171875,1481.9000244140625,1462.9000244140625,1467.9000244140625,1436.808349609375,8691330,-0.011847834929373469,-0.011918579863709974,1443.1739318847656,1439.3130224609374,1449.8785648444943,1443.641657976524,0.013715382506026124,11,4,1
2025-11-06,1478.5999755859375,1483.0,1461.9000244140625,1466.699951171875,1435.6336669921875,7944752,-0.0008175638856127154,-0.0008178982732341625,1444.6515197753906,1439.34490234375,1447.6870420979856,1443.0484734591657,0.012848236044836639,11,4,3
2025-11-07,1470.0,1480.9000244140625,1449.0999755859375,1476.800048828125,1445.5198974609375,8765759,0.0068863183526914895,0.006862715956254366,1444.8640075683593,1438.7145654296876,1447.3536352307474,1443.2315419037413,0.012909658753906973,11,4,4
2025-11-10,1490.0999755859375,1520.0,1490.0,1513.5,1481.4425048828125,9787975,0.024850994777016355,0.024547231073738584,1446.1833190917969,1438.8508837890624,1452.5980767156805,1446.0619836058947,0.013666547366119405,11,4,0
2025-11-11,1525.0,1533.4000244140625,1511.0999755859375,1530.300048828125,1497.88671875,13692989,0.011100136396105631,0.011038982013936972,1448.0549072265626,1439.8848803710937,1459.5655601055757,1449.9008528758286,0.013709338174866519,11,4,1
2025-11-12,1540.0,1559.199951171875,1538.0999755859375,1551.699951171875,1518.8333740234375,14635417,0.013984138460696016,0.013887262502953267,1452.0198364257812,1441.925888671875,1468.6836853237082,1455.0069655534294,0.012985968608108129,11,4,2
2025-11-13,1557.0999755859375,1557.5,1530.300048828125,1541.800048828125,1509.14306640625,19655689,-0.006380099214911006,-0.006400539032999689,1455.6593139648437,1443.1985107421874,1474.908205490253,1459.017047098083,0.013019293274847177,11,4,3
2025-11-14,1520.0,1530.0,1488.800048828125,1502.800048828125,1470.9691162109375,9739549,-0.02529511684151775,-0.025620537742337676,1458.1372436523438,1443.7211499023438,1474.3021917549736,1459.902385550887,0.013991470802906083,11,4,4
2025-11-17,1496.0,1510.199951171875,1492.5,1507.5999755859375,1475.66748046875,7910354,0.003194060436778612,0.0031889702617460733,1460.9898803710937,1444.7156665039063,1474.5122361724775,1461.0701703596174,0.013992498587420018,11,4,0
2025-11-18,1506.0,1506.0,1483.199951171875,1486.4000244140625,1454.91650390625,7525119,-0.014062095178724365,-0.014161903217317036,1464.2703430175782,1445.6055932617187,1471.4975081315195,1460.6143432149233,0.014295665615076851,11,4,1
2025-11-19,1490.5,1543.0,1490.5,1541.0999755859375,1508.4578857421875,10981126,0.03680031238369086,0.036139347911825936,1469.2734497070312,1447.9211206054688,1477.1837200716222,1464.1583093280542,0.015322973665258649,11,4,2
2025-11-20,1555.0,1555.0,1534.0,1536.5,1503.955322265625,7387584,-0.0029848784769667125,-0.0029893421112112645,1473.4970947265624,1450.3721875,1481.3024281014689,1467.106236212319,0.01512953380034324,11,4,3
2025-11-21,1531.0,1551.5,1526.300048828125,1545.0,1512.2752685546875,9186302,0.005532043516112584,0.005516797963576336,1475.432550048828,1451.6129736328126,1486.067480478887,1470.4520904599017,0.01452899228852877,11,4,4
2025-11-24,1563.5999755859375,1585.0,1541.0,1548.0,1515.2117919921875,19270381,0.0019417916159578663,0.0019399087756130275,1477.6642578125,1452.3668334960937,1490.5512207117026,1473.7676239067378,0.014453253479530406,11,4,0
2025-11-25,1549.0,1550.5999755859375,1525.9000244140625,1530.5999755859375,1498.1802978515625,8107952,-0.011240338961612806,-0.011303988986302567,1478.9416198730469,1453.2216040039064,1491.7249248870658,1475.575970124873,0.014629358777170188,11,4,1
2025-11-26,1532.0999755859375,1560.300048828125,1532.0999755859375,1557.9000244140625,1524.902099609375,7575038,0.017836172185772492,0.017678974122305947,1481.7655151367187,1454.30423828125,1496.829105613575,1479.2297574940953,0.014649572604271103,11,4,2
2025-11-27,1564.0,1574.300048828125,1552.199951171875,1566.4000244140625,1533.2220458984375,7552252,0.0054560527467264475,0.0054412224098835775,1484.5062072753906,1455.8849072265625,1502.4280195035537,1483.2291862647874,0.014640010307273164,11,4,3
2025-11-28,1565.0,1568.4000244140625,1557.0,1560.0999755859375,1527.055419921875,4453221,-0.004022004505517596,-0.004030114518615719,1487.7509887695312,1457.2863256835938,1506.2168503371415,1486.4755739430902,0.014495003120409545,11,4,4
2025-12-01,1562.5,1574.0,1556.0,1564.0,1530.872802734375,5341800,0.0024998325291267776,0.0024967131453331234,1491.7494567871095,1458.5500708007812,1510.0100737828698,1489.7642575572595,0.014470528860383601,12,4,0
2025-12-02,1567.0,1579.9000244140625,1556.0999755859375,1561.0,1527.9364013671875,6335969,-0.0019181223691103755,-0.0019199643215922018,1495.4445007324218,1459.4041723632813,1512.7679703343033,1492.5918237654023,0.013819803969889109,12,4,1
2025-12-03,1555.0999755859375,1586.0,1554.0999755859375,1578.699951171875,1545.261474609375,12895312,0.011338870666792955,0.011275067523524602,1500.8671569824219,1460.6124877929688,1517.7669709920067,1496.4932793834744,0.01376390827003994,12,4,2
2025-12-04,1568.0,1599.0,1568.0,1597.5999755859375,1563.7611083984375,12609619,0.011971846896486671,0.011900751206064299,1507.2735290527344,1462.9755419921876,1524.8429921314575,1501.4760815327309,0.013832216881880069,12,4,3
2025-12-05,1610.0,1631.800048828125,1600.0,1616.199951171875,1581.9671630859375,10344725,0.011642478246658872,0.011575226081396082,1514.0958923339845,1465.741279296875,1533.6313261244543,1507.4383838700055,0.012296582146871403,12,4,4
2025-12-08,1617.0999755859375,1630.0,1600.199951171875,1610.800048828125,1576.681640625,7550413,-0.003341107568014867,-0.0033467015314030493,1518.8578491210938,1468.4572216796876,1540.2544514322306,1512.567514000005,0.012315362012596174,12,4,0
2025-12-09,1601.199951171875,1606.9000244140625,1582.4000244140625,1599.0,1565.1314697265625,6957599,-0.007325620214527873,-0.007352584336944129,1522.2200866699218,1471.13111328125,1544.081685015974,1516.4611403501203,0.012442120507222817,12,4,1
2025-12-10,1608.0,1608.0,1582.800048828125,1584.800048828125,1551.2322998046875,5116140,-0.008880512717761135,-0.00892017948627459,1523.8400329589845,1474.21921875,1545.181779598853,1519.0367817911995,0.012572890467465682,12,4,2
2025-12-11,1598.0,1607.4000244140625,1580.5,1598.0,1564.1527099609375,5159319,0.008329126564652345,0.008294630803994596,1526.5905151367188,1477.7026293945312,1548.1003842699429,1522.3787023963653,0.012596502762376038,12,4,3
2025-12-12,1601.4000244140625,1601.800048828125,1582.5999755859375,1598.199951171875,1564.348388671875,4633912,0.00012510205026106114,0.00012509422565214765,1531.2594787597657,1481.1899536132812,1550.6000772548555,1525.487568046403,0.012363849232080372,12,4,4
2025-12-15,1585.0,1610.800048828125,1585.0,1606.800048828125,1572.766357421875,4190558,0.005381134286299716,0.005366707714268724,1536.1144226074218,1484.7685107421876,1554.0102742036277,1528.9897005927344,0.012227968116468056,12,4,0
2025-12-16,1600.0,1603.0,1585.5999755859375,1592.9000244140625,1559.1607666015625,5499258,-0.00865073871659816,-0.00868837356009481,1541.3266357421876,1488.0595336914062,1554.8026576494638,1531.2245943711662,0.012404397931688871,12,4,1
2025-12-17,1587.199951171875,1606.9000244140625,1586.0,1602.0,1568.0679931640625,4817628,0.005712833950994423,0.0056965775989596314,1544.3071411132812,1490.9618334960937,1556.8434784978635,1533.9537350224916,0.012119770380903337,12,4,2
2025-12-18,1610.5,1630.0,1606.699951171875,1626.800048828125,1592.3427734375,6577293,0.015480693681181323,0.015362090219155716,1548.726513671875,1494.68705078125,1562.3049084885768,1538.278848979159,0.012307104217153775,12,4,3
2025-12-19,1650.0,1654.9000244140625,1629.800048828125,1638.699951171875,1603.9906005859375,13149023,0.007314899368866756,0.007288275248814123,1553.3122802734374,1497.9414599609374,1568.7180918881706,1543.1463861352167,0.012311380032753299,12,4,4
2025-12-22,1664.0,1693.199951171875,1664.0,1689.5999755859375,1653.8125,23098923,0.03106121656564742,0.030588579184507296,1560.2423156738282,1501.9165844726563,1581.8095392899907,1551.3438760511265,0.01272714466504082,12,4,0
2025-12-23,1679.0,1679.0,1656.4000244140625,1668.300048828125,1632.9637451171875,6593060,-0.012606480409848464,-0.012686616283882906,1566.9814880371093,1505.3667602539062,1589.6794171095594,1557.389792278242,0.012988541361264193,12,4,1
2025-12-24,1661.0,1667.5999755859375,1652.5,1663.4000244140625,1628.16748046875,4271167,-0.002937153174881635,-0.0029414750740625367,1572.144757080078,1509.1394140625,1595.6006576263578,1562.6325839960575,0.01286021955877502,12,4,2
2025-12-26,1663.4000244140625,1668.800048828125,1651.699951171875,1656.0999755859375,1621.0220947265625,2006491,-0.004388606103427617,-0.004398264302907051,1576.5347595214844,1512.8327856445312,1599.5116479494664,1566.957732939058,0.012818411355200208,12,4,4
2025-12-29,1658.0,1673.0999755859375,1637.0999755859375,1644.699951171875,1609.863525390625,4062817,-0.0068836627040668175,-0.006907464401639195,1580.6751647949218,1516.601845703125,1601.1042444788752,1570.1359397873223,0.011847439965364595,12,4,0
2025-12-30,1647.0,1647.9000244140625,1616.800048828125,1621.5999755859375,1587.2528076171875,9395937,-0.014045114642839751,-0.014144680642165272,1583.4941650390624,1519.9746069335938,1598.9732541924618,1571.403855922868,0.012252821138663487,12,4,1
2025-12-31,1621.0,1628.5999755859375,1609.199951171875,1615.4000244140625,1581.1842041015625,6538656,-0.003823337710604058,-0.0038306653495505825,1586.1565551757812,1523.8121459960937,1596.2364772554004,1572.128326158327,0.011913351204378315,12,4,2
2026-01-01,1615.4000244140625,1639.5999755859375,1614.0999755859375,1629.800048828125,1595.2791748046875,3658165,0.008914186384206824,0.008874689572516399,1588.6574401855469,1527.549814453125,1596.0891999552907,1573.843203835835,0.010126630043914715,1,1,3
2026-01-02,1635.9000244140625,1643.5,1627.5,1640.4000244140625,1605.6546630859375,2524526,0.006503869946475227,0.006482811044589761,1590.7521179199218,1531.2732592773436,1597.560809667698,1576.1996082247315,0.010116446949059407,1,1,4
2026-01-05,1637.0,1637.0,1583.0999755859375,1606.4000244140625,1572.374755859375,5917885,-0.020726690484366816,-0.020944503282543783,1590.2724975585938,1533.2494311523437,1593.6860321587253,1575.9162858272978,0.01092481119232357,1,1,0
2026-01-06,1600.0999755859375,1619.9000244140625,1599.0,1612.199951171875,1578.0518798828125,4466729,0.003610541318017191,0.003604038960366503,1590.3410095214845,1535.398916015625,1591.280777962431,1576.0744779795582,0.010932135403472864,1,1,1
2026-01-07,1615.0,1642.0,1615.0,1639.0,1604.2843017578125,4508079,0.016623294968570956,0.01648664035456607,1592.298651123047,1538.0319409179688,1593.2813200847975,1578.1640945557251,0.011003453703154854,1,1,2
2026-01-08,1638.9000244140625,1644.300048828125,1608.5999755859375,1613.300048828125,1579.128662109375,3942131,-0.01568028785226816,-0.015804523982701196,1593.6934692382813,1540.2460302734376,1591.1039880885787,1578.2355440041435,0.011077278008758828,1,1,3
2026-01-09,1610.0,1631.300048828125,1607.0,1614.0999755859375,1579.91162109375,6816681,0.0004958170940481121,0.0004956942173672984,1594.4814147949219,1542.2760986328126,1589.3820854739897,1578.3596978626329,0.01104892235791947,1,1,4
2026-01-12,1610.0999755859375,1613.300048828125,1592.5999755859375,1595.9000244140625,1562.09716796875,6985362,-0.011275601044485883,-0.011339652568720444,1594.3688537597657,1544.2748461914061,1585.184405857799,1577.1550660186415,0.011241635781101801,1,1,0
2026-01-13,1618.0,1618.0,1586.4000244140625,1599.0,1565.1314697265625,8080618,0.0019424539138996888,0.0019405697897841804,1593.987109375,1546.5594067382813,1582.099338760686,1576.2644292562652,0.01123921968353562,1,1,1
2026-01-14,1588.0,1617.0,1583.0999755859375,1599.800048828125,1565.91455078125,7557157,0.0005003292501839507,0.0005002041272380293,1594.3247985839844,1548.7969873046875,1579.6093713792343,1575.4977715914492,0.011227727306036233,1,1,2
2026-01-15,1599.800048828125,1599.800048828125,1599.800048828125,1599.800048828125,1565.91455078125,0,0.0,0.0,1594.2171264648437,1551.379111328125,1577.5024759026214,1574.7879033832862,0.011052979706973696,1,1,3
2026-01-16,1663.699951171875,1694.0,1653.4000244140625,1689.800048828125,1654.00830078125,19335957,0.05625706074194747,0.05473158439300799,1597.3004028320313,1555.7466040039062,1589.2726028070258,1580.6560809683206,0.014918888441494712,1,1,4
2026-01-19,1685.0,1685.0,1666.5,1681.199951171875,1645.59033203125,5104958,-0.005089435612882887,-0.005102430901519656,1599.380389404297,1559.7480126953126,1597.9368688415218,1585.4660254915007,0.014857747695242162,1,1,0
2026-01-20,1673.0,1680.199951171875,1652.9000244140625,1658.9000244140625,1623.7628173828125,6406503,-0.013264245798949581,-0.013353001633793696,1597.8779052734376,1562.5944189453126,1601.910091694028,1588.3028248908572,0.015076246202971384,1,1,1
2026-01-21,1651.0,1657.0,1631.199951171875,1654.4000244140625,1619.358154296875,6224582,-0.0027126271391266776,-0.0027163129791734123,1597.1976257324218,1565.02384765625,1604.5944090175428,1590.6032196616734,0.015010844860747278,1,1,2
2026-01-22,1666.0,1671.199951171875,1653.800048828125,1663.5,1628.265380859375,6228892,0.005500467292467226,0.005485394966878629,1597.2025207519532,1567.2124877929687,1608.2360969932092,1593.3930093800218,0.014905665503441362,1,1,3
2026-01-23,1667.199951171875,1675.699951171875,1662.199951171875,1670.800048828125,1635.4107666015625,5869137,0.004388342235966736,0.004378741539357568,1597.9219543457032,1569.737841796875,1612.4168153944945,1596.5054358408765,0.014862736365189191,1,1,4
2026-01-27,1685.800048828125,1689.4000244140625,1661.0999755859375,1682.699951171875,1647.05859375,10673087,0.007122263951240937,0.007097020419206515,1599.7817077636719,1573.2596313476563,1617.74631975688,1600.2501142045153,0.014893810171614962,1,1,1
2026-01-28,1680.0,1688.800048828125,1650.0,1666.5,1631.2017822265625,8588664,-0.009627351196617062,-0.009673993746366807,1601.9791564941406,1576.3703173828126,1619.816390906062,1602.5428303542965,0.015021730282876488,1,1,2
2026-01-29,1658.0,1666.5,1642.0999755859375,1659.5,1624.35009765625,4749582,-0.004200390561712175,-0.004209236983121548,1604.137451171875,1579.7589892578126,1620.513884252245,1604.1581834877745,0.014941591154347508,1,1,3
2026-01-30,1655.0,1655.0,1618.0999755859375,1641.0,1606.241943359375,9207926,-0.011147938072588515,-0.011210542039140504,1604.6855895996093,1581.7146704101563,1618.3182010379574,1604.312536070856,0.015092922990094942,1,1,4
2026-02-02,1662.0,1662.0,1618.0,1629.4000244140625,1594.8875732421875,6784887,-0.0070689040117084545,-0.007094007084431504,1604.147235107422,1583.5333154296875,1614.7134890693774,1603.6143906761397,0.014902570382723425,2,1,0
2026-02-03,1727.199951171875,1728.0,1653.0,1656.0,1620.9241943359375,8805868,0.01632505107605864,0.016193230150384316,1606.57470703125,1585.7062939453126,1615.6689821873097,1604.8965983546434,0.015140659567983482,2,1,1
2026-02-04,1574.0,1584.9000244140625,1510.0999755859375,1535.800048828125,1503.2701416015625,28828622,-0.07258454969424133,-0.07535364735574432,1602.8356201171875,1585.4674609375,1598.3768528664257,1597.36871266923,0.01919833894792307,2,1,2
2026-02-05,1534.0,1551.0,1515.699951171875,1520.199951171875,1488.00048828125,10628127,-0.010157624300343282,-0.010209564994781551,1597.0214294433595,1585.2638647460938,1581.3958736994757,1589.2673627145648,0.019161237588923984,2,1,3
2026-02-06,1522.0999755859375,1525.0,1480.0,1507.0999755859375,1475.177978515625,13900866,-0.008617275240571987,-0.008654618643883328,1591.8238952636718,1584.2693823242187,1565.0546590558063,1580.8162972183472,0.019189513460067375,2,1,4
2026-02-09,1522.0999755859375,1528.0,1493.0,1497.199951171875,1465.4876708984375,8294615,-0.006568907452738859,-0.006590577677231406,1586.1026977539063,1582.9146948242187,1549.7366608777495,1572.2734360094648,0.019198674299274444,2,1,0
2026-02-10,1500.0,1515.9000244140625,1491.0,1497.800048828125,1466.0750732421875,8657000,0.00040082380453587696,0.00040074349613369853,1581.3015930175782,1581.695087890625,1536.8656473953554,1564.4068906192963,0.019196234230351977,2,1,1
2026-02-11,1501.199951171875,1505.9000244140625,1469.0,1471.9000244140625,1440.7236328125,7934411,-0.01729204792604755,-0.01744330157979,1575.081201171875,1579.8921044921874,1522.074568228762,1555.2451678187929,0.019270054650677288,2,1,2
2026-02-12,1428.9000244140625,1435.699951171875,1380.5,1386.0,1356.64306640625,26048896,-0.05835995501934854,-0.060132195286339805,1564.617626953125,1576.4662377929687,1496.6235679483755,1540.5339010474936,0.02175812643749731,2,1,3
2026-02-13,1293.9000244140625,1377.300048828125,1281.5,1369.0999755859375,1340.1009521484375,45785709,-0.012193416726503203,-0.012268366316431061,1553.3269470214843,1572.36302734375,1472.5431655176158,1525.68701594386,0.021638312678347222,2,1,4
2026-02-16,1373.699951171875,1376.0,1338.300048828125,1365.5999755859375,1336.6751708984375,14621891,-0.002556360582020245,-0.0025596336510192042,1537.4602905273437,1567.82130859375,1451.6403971146653,1511.6861385330878,0.021527024535408255,2,1,0
2026-02-17,1370.0,1431.0,1367.0,1391.199951171875,1361.73291015625,25347684,0.018746319078381646,0.018572772391813177,1523.2674194335937,1563.4166235351563,1437.80847604414,1500.5784919866553,0.02179204182872469,2,1,1
2026-02-18,1390.9000244140625,1401.0,1345.300048828125,1373.699951171875,1344.603515625,20241373,-0.012579114746727016,-0.012658901615551459,1509.3094543457032,1558.7750610351563,1423.4692513642724,1489.0247900339402,0.021783457853074253,2,1,2
2026-02-19,1385.0,1402.0,1363.199951171875,1370.5,1341.471435546875,14574228,-0.0023293707339959724,-0.0023320879384085627,1495.4151184082032,1554.3018603515625,1410.8542027769806,1478.0949119237873,0.021403565269615378,2,1,3
2026-02-20,1359.199951171875,1365.0,1338.199951171875,1353.199951171875,1324.5377197265625,12633552,-0.012623239952484822,-0.012703589946905458,1480.2287353515626,1549.76796875,1397.5747438461472,1466.7203050943633,0.021361750256567415,2,1,4
2026-02-23,1352.0,1352.0,1318.0,1327.5,1299.3822021484375,12887826,-0.018991922391850102,-0.019174585395474942,1463.4273071289062,1544.47255859375,1382.4681989695764,1454.3248900613316,0.021465443431408146,2,1,0
2026-02-24,1301.0,1303.5999755859375,1264.0999755859375,1275.5,1248.4835205078125,27839061,-0.039171447443614005,-0.03995929117625152,1443.498553466797,1538.1552612304688,1361.8551715139204,1439.0773812055154,0.022278629140077746,2,1,1
2026-02-25,1286.199951171875,1323.5999755859375,1286.199951171875,1290.0999755859375,1262.7742919921875,16669618,0.011446503898235205,0.011381488336031196,1425.0771789550781,1531.955419921875,1346.6119592798077,1426.0178931156393,0.022479760359431104,2,1,2
2026-02-26,1305.5,1314.0,1286.300048828125,1289.0999755859375,1261.7955322265625,11493914,-0.0007750868637663721,-0.0007753873988934845,1406.9494506835938,1526.008115234375,1333.563278194693,1413.8532737905225,0.02246652027685039,2,1,3
2026-02-27,1326.300048828125,1335.0,1294.199951171875,1300.0999755859375,1272.5625,23141724,0.008533052700256505,0.008496851995304179,1390.265478515625,1520.0980053710937,1324.1785430878172,1403.3872905467802,0.022610758471488163,2,1,4
2026-03-02,1291.0,1298.800048828125,1273.0,1288.9000244140625,1261.5997314453125,9700361,-0.008614719162860385,-0.008652040351612735,1373.6010864257812,1513.48314453125,1314.5510336043549,1392.8845083911158,0.019238757645113055,3,1,0
2026-03-04,1292.0,1317.0,1292.0,1307.4000244140625,1279.7078857421875,15154950,0.01435332764071684,0.014251293824434963,1356.5402709960938,1506.997490234375,1309.1905493178676,1384.5010548615655,0.019690320977052533,3,1,2
2026-03-05,1320.0,1320.0,1290.0999755859375,1305.800048828125,1278.141845703125,10362147,-0.00122374805727965,-0.0012244974483731493,1345.2838562011718,1499.4840771484376,1304.4138256848303,1376.6225949239033,0.01970527241523663,3,1,3
2026-03-06,1303.0,1327.199951171875,1303.0,1308.4000244140625,1280.686767578125,8724291,0.0019911106764523012,0.0019891310429334293,1334.9181701660157,1492.4385375976562,1300.7635090530293,1369.5162373427345,0.019765379618881213,3,1,4
2026-03-09,1290.0,1318.0,1282.5,1315.0,1287.14697265625,10068514,0.005044328747412452,0.005031648744681292,1325.516619873047,1485.6181274414062,1298.6686572996787,1363.414810328921,0.01975513058730524,3,1,0
2026-03-10,1320.0,1321.0,1284.0999755859375,1295.5999755859375,1268.1578369140625,9600171,-0.014752888477840398,-0.01486279463204252,1315.650128173828,1478.5608422851562,1293.9746849326607,1356.3587382241167,0.01966310824616988,3,1,1
2026-03-11,1288.0,1299.5,1271.300048828125,1276.300048828125,1249.2667236328125,7868891,-0.014896500050198491,-0.01500856723898491,1304.8097106933594,1471.34890625,1287.0965370403765,1348.4259964025387,0.019479648516053296,3,1,2
2026-03-12,1272.5,1278.5999755859375,1258.0,1265.800048828125,1238.9891357421875,7599940,-0.00822689638345464,-0.00826092405208791,1294.7229858398437,1464.3836328125,1279.6953983791166,1340.3195622795497,0.019479729358575608,3,1,3
2026-03-13,1251.0,1269.5999755859375,1242.5999755859375,1248.300048828125,1221.8597412109375,7366098,-0.013825298412313392,-0.01392175793678951,1287.983819580078,1457.1971435546875,1270.7976049686274,1331.544760718912,0.019478298745338532,3,1,4
2026-03-16,1240.199951171875,1254.300048828125,1224.199951171875,1249.800048828125,1223.3280029296875,12314450,0.0012016614257990277,0.0012009400085828917,1282.1451721191406,1449.7581201171874,1263.494589270329,1323.5287045863768,0.019567257351980713,3,1,0
2026-03-17,1245.0,1245.0,1215.0999755859375,1232.9000244140625,1206.785888671875,11223276,-0.013522223163531466,-0.013614481055046295,1275.6507080078125,1441.7807446289062,1254.7701737936436,1314.88108859271,0.019582518255503827,3,1,1
2026-03-18,1238.0,1290.800048828125,1234.9000244140625,1267.0999755859375,1240.261474609375,12365381,0.027739457555591374,0.027361688952522993,1269.5771362304688,1435.1384790039062,1252.538066226833,1309.3537097791298,0.020194099045940016,3,1,2
2026-03-19,1244.199951171875,1255.0,1215.0999755859375,1220.800048828125,1194.9422607421875,9156461,-0.0365400480422573,-0.03722435716257038,1262.0940734863282,1427.4762866210938,1243.6771730753492,1300.8787876282452,0.017095417638278335,3,1,3
2026-03-20,1242.0,1264.800048828125,1229.199951171875,1255.9000244140625,1229.2987060546875,27299975,0.0287515526408455,0.02834598225791417,1256.4854370117187,1419.9765747070312,1241.4651012260167,1295.5765593635372,0.018317447467577967,3,1,4
2026-03-23,1238.199951171875,1261.0999755859375,1227.4000244140625,1256.800048828125,1230.1796875,12420293,0.0007166536830904846,0.0007163970094631538,1251.7675354003907,1412.9975952148438,1239.7288837297065,1290.7323466329049,0.01835388672485138,3,1,0
2026-03-24,1269.0,1297.0,1251.0,1278.300048828125,1251.224365234375,13613495,0.017106994976597623,0.01696231799927504,1249.3596435546874,1406.4238500976562,1241.4974193458092,1287.805829492273,0.0188257779092007,3,1,1
2026-03-25,1270.0,1290.5999755859375,1257.0999755859375,1279.0999755859375,1252.00732421875,10824030,0.0006257542660850213,0.0006255585635211464,1249.5358337402345,1400.2220532226563,1243.1143277878002,1285.154088360901,0.018828081243171046,3,1,2
2026-03-27,1285.199951171875,1294.800048828125,1263.199951171875,1269.699951171875,1242.806396484375,13092541,-0.007348940821984673,-0.007376077319001568,1248.5374389648437,1393.7755517578125,1243.0669537411195,1282.0172222959732,0.018692613505949442,3,1,4
2026-03-30,1250.0,1265.5,1243.0,1250.5999755859375,1224.1109619140625,14108486,-0.015042917885841112,-0.01515721021701842,1246.6532104492187,1386.9394799804688,1240.1506473061877,1277.727869675091,0.015867685915397528,3,1,0
2026-04-01,1290.0,1303.0,1269.5,1275.699951171875,1248.6793212890625,8137156,0.02007036954932917,0.01987161467074035,1245.459051513672,1380.594775390625,1241.4627509958607,1275.5761253502,0.016330647692279467,4,2,2
2026-04-02,1260.0,1305.4000244140625,1259.800048828125,1300.800048828125,1273.247802734375,12873492,0.019675573244817945,0.019484511256380423,1246.041455078125,1372.9795654296875,1246.352758955632,1275.403657008287,0.016812329262582196,4,2,3
2026-04-06,1301.4000244140625,1320.0,1299.0,1306.199951171875,1278.5333251953125,10208682,0.004151212709408547,0.004142620197284854,1245.9827270507812,1365.6384252929688,1251.303615300198,1275.6354842813998,0.016413224280224206,4,2,0
2026-04-07,1302.0,1345.0999755859375,1293.5,1339.4000244140625,1311.0301513671875,15355792,0.025417269563083655,0.025099622007467234,1247.6271423339845,1359.3837719726562,1260.492313156658,1278.2573114729396,0.01702098060731353,4,2,1
2026-04-08,1349.0,1376.9000244140625,1331.0,1346.199951171875,1317.68603515625,16030133,0.005076835023299475,0.005063991348177769,1249.4771057128905,1353.3503295898438,1269.2913473104413,1281.1779576717033,0.01705024831088919,4,2,2
2026-04-09,1329.9000244140625,1337.5,1314.0,1331.5999755859375,1303.395263671875,14894607,-0.010845353978939598,-0.01090459353573728,1250.2895202636719,1346.8529272460937,1274.538103673739,1282.8236840420864,0.017009537472793206,4,2,3
2026-04-10,1318.0,1318.9000244140625,1283.300048828125,1292.5,1265.12353515625,19233369,-0.029363102339199365,-0.029802827422642522,1250.1378051757813,1339.4471826171875,1273.0897085172023,1281.5125619023947,0.01749887526518014,4,2,4
2026-04-13,1272.0,1289.0,1265.699951171875,1276.800048828125,1249.756103515625,10366082,-0.012146981076221142,-0.012221358572547482,1250.1622741699218,1331.5011328125,1269.499923132344,1279.160231651523,0.016091326681333333,4,2,0
2026-04-15,1306.300048828125,1322.5,1300.5,1305.300048828125,1277.6524658203125,12098912,0.02232144514134693,0.02207596790732941,1252.095440673828,1324.430146484375,1270.7541604689545,1279.0485452936555,0.016472351004411277,4,2,2
2026-04-16,1322.0999755859375,1331.0,1309.0,1319.199951171875,1291.2579345703125,18527029,0.01064880248265676,0.010592503311990227,1255.5653503417968,1317.7683032226562,1273.908587253779,1279.9529444993336,0.016573075144764336,4,2,3
2026-04-17,1313.0,1328.300048828125,1306.0999755859375,1318.699951171875,1290.7685546875,12064048,-0.0003789946762072782,-0.00037906651284061606,1258.9373779296875,1311.4588354492187,1276.5024283974283,1280.7541008095682,0.016511341605284398,4,2,4
2026-04-20,1320.0,1324.9000244140625,1308.0999755859375,1312.5999755859375,1284.7977294921875,7172300,-0.004625790714864464,-0.0046365227937568455,1262.8379699707032,1305.2570385742188,1277.7786285658528,1281.0536288601327,0.01645048113606582,4,2,0
2026-04-21,1310.0,1325.0,1299.300048828125,1313.199951171875,1285.385009765625,10057440,0.000457099401685257,0.00045699496357826526,1265.0941467285156,1298.5462548828125,1278.9488410581255,1281.3744718901692,0.01624829774813597,4,2,1
2026-04-22,1295.0,1297.699951171875,1255.9000244140625,1268.5999755859375,1241.729736328125,20088378,-0.033962799554866474,-0.03455293573353056,1267.4335205078125,1293.3154467773438,1273.2228249458176,1278.4378248114992,0.017410336555805407,4,2,2
2026-04-23,1254.0,1265.699951171875,1226.0,1240.5999755859375,1214.32275390625,14792854,-0.022071616407382866,-0.022318839038989357,1266.6847229003906,1287.8418920898437,1264.1612755551148,1273.6885602999994,0.01782587369866888,4,2,3
2026-04-24,1200.0,1223.9000244140625,1152.199951171875,1154.5999755859375,1130.144287109375,42078914,-0.06932132872095875,-0.07184120491237635,1261.6829528808594,1280.9412182617189,1243.5432773326932,1263.055651174768,0.021631775266101917,4,2,4
2026-04-27,1154.5999755859375,1179.9000244140625,1154.5,1170.300048828125,1145.5118408203125,19579883,0.013597868773237654,0.013506247391600707,1256.3973266601563,1274.5417016601561,1228.46151786925,1254.3487022596232,0.021769044347578162,4,2,0
2026-04-28,1162.699951171875,1169.4000244140625,1149.800048828125,1152.0999755859375,1127.697265625,12720276,-0.01555162902773255,-0.01567382415490343,1250.1818237304688,1267.7741455078126,1212.9593252162883,1244.9671143607623,0.021781557102099003,4,2,1
2026-04-29,1158.5,1178.199951171875,1156.800048828125,1167.5,1142.7711181640625,8303109,0.013366931887263345,0.013278382668051203,1245.1800598144532,1261.8150952148437,1202.1611395159457,1237.397040568414,0.021964839890966113,4,2,2
2026-04-30,1167.5,1189.800048828125,1159.5999755859375,1181.800048828125,1156.768310546875,12205669,0.012248465296620381,0.012174059798206531,1241.8129272460938,1257.8176000976562,1195.177627366858,1231.4245420482998,0.02201517417076504,4,2,3
2026-05-01,1181.800048828125,1181.800048828125,1181.800048828125,1181.800048828125,1156.768310546875,0,0.0,0.0,1237.2173767089844,1254.150947265625,1189.268501702245,1225.894450825972,0.022011022087956893,5,2,4
2026-05-04,1195.0,1195.0,1165.199951171875,1168.4000244140625,1143.652099609375,7735811,-0.011338667231728716,-0.011403440009129694,1230.7375915527343,1250.2904858398438,1182.2505936879572,1219.8024248099277,0.021973903101090077,5,2,0
2026-05-05,1169.5,1185.199951171875,1160.0999755859375,1178.0999755859375,1153.1466064453125,8164108,0.008301918773358175,0.008267647393857457,1224.4682556152343,1246.118759765625,1177.7730571890888,1214.864956782919,0.021358377813028892,5,2,1
2026-05-06,1187.0,1191.5,1164.0999755859375,1167.199951171875,1142.4774169921875,9856963,-0.009252240255914868,-0.009295308085902702,1216.0406188964844,1242.0762377929686,1172.342958697258,1209.5029167984205,0.020405297982151713,5,2,2
2026-05-07,1173.0,1175.4000244140625,1159.199951171875,1162.699951171875,1138.07275390625,12013987,-0.0038553611830102197,-0.0038628122451252436,1207.0599548339844,1238.0082641601562,1167.0706194986415,1204.2117936212226,0.01960253438401988,5,2,3
2026-05-08,1161.0,1183.5,1158.800048828125,1179.199951171875,1154.2232666015625,7582770,0.01419110741372065,0.014091356260792057,1199.6013549804688,1234.6019750976564,1165.0941036683216,1200.5089397679144,0.01982893391758333,5,2,4
2026-05-11,1176.0,1187.0,1172.0999755859375,1177.0,1152.0699462890625,7336288,-0.0018656012010918044,-0.0018673436024338314,1193.9486755371095,1231.6557299804688,1163.0903871484356,1196.9208661768885,0.019500730302744046,5,2,0
2026-05-12,1162.0,1162.0,1123.0,1140.300048828125,1116.1473388671875,16891948,-0.031180925722075647,-0.03167739837604329,1187.2682373046875,1229.0090063476562,1155.8683797205513,1190.9376419317255,0.0201745130701065,5,2,1
2026-05-13,1136.5999755859375,1142.5999755859375,1121.0,1123.0999755859375,1099.3115234375,6664111,-0.015083864686515902,-0.015198783248539868,1178.3511901855468,1225.7397509765624,1147.1673249077742,1184.1505220432643,0.020272986220879575,5,2,2
2026-05-14,1119.800048828125,1121.9000244140625,1089.0,1095.0,1071.8067626953125,16914842,-0.025019987652072695,-0.02533830835039294,1167.3786315917969,1221.9399755859374,1135.573392259703,1175.8287620915642,0.020542487937557554,5,2,3
2026-05-15,1102.0,1133.199951171875,1101.5999755859375,1119.0,1095.2984619140625,17482450,0.021917849407550483,0.0216811063662989,1157.605126953125,1218.3946948242187,1129.3772491296045,1169.8635546710086,0.02062041150775108,5,2,4
2026-05-18,1119.0,1146.0999755859375,1118.0,1142.5,1118.3006591796875,12096377,0.021000848686875795,0.020783370413207315,1149.2802734375,1215.5287133789063,1127.673158368079,1166.0440809309107,0.020674561861735042,5,2,0
2026-05-19,1162.0,1198.4000244140625,1162.0,1196.9000244140625,1171.5484619140625,32175705,0.04761492564390868,0.04651608101451962,1143.588446044922,1213.3655249023439,1134.423205067461,1166.4518128555885,0.022697069274930808,5,2,1
2026-05-20,1187.0,1206.9000244140625,1184.9000244140625,1193.699951171875,1168.4161376953125,15121010,-0.0026736616713510797,-0.00267724228838054,1139.9227661132813,1211.1710107421875,1139.6528870102075,1166.5973183992717,0.022069715023148074,5,2,2
2026-05-21,1196.0999755859375,1201.800048828125,1177.0,1181.199951171875,1156.180908203125,10021033,-0.010471636857328326,-0.010526850234436051,1137.015673828125,1208.6808935546876,1142.1956595014256,1165.8257324588162,0.022041641213296922,5,2,3
2026-05-22,1182.5,1191.800048828125,1172.5,1174.5,1149.622802734375,8803066,-0.00567221394352746,-0.00568836204163434,1137.989599609375,1205.93041015625,1143.3382969218792,1164.6255154421908,0.022007351850379872,5,2,4
2026-05-25,1183.0,1185.0,1166.0999755859375,1168.5,1143.75,5856136,-0.005108460549326788,-0.005121553342296844,1137.9015075683594,1203.4422534179687,1143.4016358569747,1163.0791809649916,0.021480347239128783,5,2,0
2026-05-26,1166.300048828125,1180.699951171875,1162.9000244140625,1167.699951171875,1142.966796875,8005767,-0.0006847677595628321,-0.0006850023200908712,1138.6649841308595,1201.3162548828125,1143.3347375520557,1161.5893747361033,0.021416283756733413,5,2,1
2026-05-27,1161.0,1167.300048828125,1155.0,1159.9000244140625,1135.3321533203125,6371871,-0.0066796722140674,-0.006702081069462253,1138.293035888672,1199.243115234375,1142.1035707471722,1159.6443953719709,0.020893804402502828,5,2,2
2026-05-28,1159.9000244140625,1159.9000244140625,1159.9000244140625,1159.9000244140625,1135.3321533203125,0,0.0,0.0,1137.2212280273438,1197.5125634765625,1141.061814219963,1157.8434885533293,0.02073118665032283,5,2,3
2026-05-29,1182.0,1210.0,1153.5999755859375,1160.9000244140625,1136.3109130859375,69085430,0.0008620911182357638,0.0008617197311187228,1136.1983581542968,1195.7722216796874,1140.33090635319,1156.2484829631521,0.02074004267924515,5,2,4
2026-06-01,1175.0,1217.0,1173.699951171875,1202.5,1177.02978515625,19439331,0.03583427000602346,0.035207160003903386,1137.8672424316405,1195.177099609375,1145.9768877075069,1157.7878386811594,0.02197841002052774,6,2,0
2026-06-02,1232.5,1278.9000244140625,1232.5,1270.800048828125,1243.8831787109375,36032600,0.05679838726070363,0.055243948165676716,1142.404071044922,1195.2495336914062,1161.0393940157269,1164.1652712759578,0.0245163523753024,6,2,1
2026-06-03,1242.0999755859375,1249.9000244140625,1216.0,1222.5999755859375,1196.7039794921875,18534303,-0.037928963126298454,-0.038666988138627935,1145.1153991699218,1195.2847680664063,1166.5262533197977,1166.5755459586414,0.024711258746348518,6,2,2
2026-06-04,1208.0,1215.199951171875,1196.199951171875,1201.300048828125,1175.855224609375,12755957,-0.01742181461756276,-0.017575360407490023,1147.0045227050782,1194.2158984375,1167.9614796720402,1167.2629295623997,0.024588386178063294,6,2,3
2026-06-05,1220.0,1223.800048828125,1194.300048828125,1197.5,1172.1357421875,8692290,-0.003163214606722198,-0.0031682281454372125,1147.900146484375,1193.05501953125,1168.6036739051879,1167.6238786457404,0.02092254803652188,6,2,4
2026-06-08,1177.5,1200.699951171875,1176.5,1187.5999755859375,1162.4453125,8631711,-0.00826732718636769,-0.008301691065120173,1148.4189147949219,1191.2794384765625,1167.6562336890051,1167.2402811534635,0.020864679227702198,6,2,0
2026-06-09,1193.5999755859375,1193.5999755859375,1167.300048828125,1180.300048828125,1155.300048828125,10984054,-0.006146752535401534,-0.006165721590774433,1150.3765502929687,1189.34529296875,1165.7552821719466,1166.3558194997347,0.020681973408167832,6,2,1
2026-06-10,1160.0999755859375,1171.4000244140625,1143.300048828125,1145.300048828125,1145.300048828125,8887626,-0.00865576004272095,-0.008693438716277204,1152.6759765625,1187.395166015625,1162.608323195974,1164.7961327833193,0.020619019527176246,6,2,2
2026-06-11,1129.699951171875,1133.699951171875,1109.0,1114.5999755859375,1114.5999755859375,9372176,-0.02680526668413219,-0.027171079805592302,1154.8156372070312,1185.2049462890625,1155.2224235636606,1161.0778989168466,0.02106512045487499,6,2,3
2026-06-12,1120.0,1123.300048828125,1111.5,1116.4000244140625,1116.4000244140625,8075333,0.0016149729656855794,0.0016136702991711783,1155.8707153320313,1182.5593603515624,1149.2497467714147,1157.7684267314553,0.021069893622423907,6,2,4
2026-06-15,1130.0,1151.0,1123.0,1134.9000244140625,1134.9000244140625,7856192,0.016571121099455022,0.016435318288446802,1156.70068359375,1179.7924047851564,1147.0420971779758,1156.0744710042409,0.021212035127130345,6,2,0
2026-06-16,1136.9000244140625,1153.800048828125,1123.199951171875,1143.5999755859375,1143.5999755859375,10456090,0.007665830456182077,0.007636597280552803,1155.3032592773438,1177.0937377929688,1146.51254000997,1155.1504343065887,0.021203724500317232,6,2,1
2026-06-17,1149.0,1162.5,1148.0,1157.699951171875,1157.699951171875,5995119,0.012329464748994212,0.01225407593511584,1154.7674499511718,1174.0271337890624,1148.2336801887245,1155.339287407721,0.021247240002586956,6,2,2
2026-06-18,1142.9000244140625,1142.9000244140625,1125.300048828125,1127.5,1127.5,16781447,-0.02608616433066724,-0.026432443658010736,1153.3334045410156,1170.2234130859374,1145.043883236613,1153.277117970112,0.021790761379015026,6,2,3
2026-06-19,1062.300048828125,1066.0,1030.0,1051.4000244140625,1051.4000244140625,45665442,-0.06749443510947895,-0.06988015977095863,1148.422265625,1165.1835083007813,1130.6371357254513,1145.7306665955898,0.024836206780471815,6,2,4
2026-06-22,1055.0,1080.300048828125,1055.0,1065.4000244140625,1065.4000244140625,10178505,0.013315578918501547,0.013227705792419242,1144.5047668457032,1161.1890380859375,1120.6006570621607,1139.7802486562175,0.025010092798644894,6,2,0
2026-06-23,1053.800048828125,1055.300048828125,1026.0,1029.300048828125,1029.300048828125,19323064,-0.03388396354298129,-0.034471331427595356,1138.8214294433594,1156.7799169921875,1106.55440964154,1131.596530150433,0.025122341564443883,6,2,1
2026-06-24,1040.9000244140625,1065.5,1037.699951171875,1056.5999755859375,1056.5999755859375,12346266,0.026522807211457833,0.02617717565326762,1134.8848205566405,1152.3588671875,1098.869112094524,1126.0412298123222,0.025542395020066836,6,2,2
2026-06-25,1065.0,1068.0,1039.0999755859375,1041.199951171875,1041.199951171875,15866779,-0.014575075496781498,-0.0146823353995666,1130.1782104492188,1147.3577075195312,1089.9969334910395,1119.7566906537706,0.025273518511429935,6,2,3
2026-06-26,1041.199951171875,1041.199951171875,1041.199951171875,1041.199951171875,1041.199951171875,0,0.0,0.0,1125.4226623535155,1142.3663354492187,1082.4897054419373,1113.937672914371,0.024912691084680364,6,2,4
2026-06-29,1037.0999755859375,1046.5999755859375,1029.0999755859375,1036.699951171875,1036.699951171875,15080892,-0.004321936430111473,-0.00433130299490527,1118.4061706542968,1137.4043798828125,1075.4451278619279,1108.2163601927045,0.02455443083711865,6,2,0
2026-06-30,1030.0,1030.4000244140625,996.0,1000.4000244140624,1000.4000244140624,24128263,-0.03501488228756988,-0.035642599821730216,1106.232012939453,1131.7046801757813,1063.8997273314872,1100.2299649498423,0.023376498972007064,6,2,1
2026-07-01,1006.0,1014.0,982.4000244140624,985.2999877929688,985.2999877929688,13037982,-0.01509399865312655,-0.01520907246848733,1095.661813354492,1126.576085205078,1051.8074597101768,1091.7166333085922,0.023444045575100974,7,3,2
2026-07-02,1006.4000244140624,1045.0,1006.0,1040.9000244140625,1040.9000244140625,18741111,0.05642955172021824,0.05489487503690809,1088.9140533447267,1123.1076306152345,1050.1293927415438,1087.9524400571456,0.02598864747169617,7,3,3
2026-07-03,1063.0,1068.699951171875,1042.0,1047.199951171875,1047.199951171875,11653534,0.006052384100345032,0.006034141992188193,1082.6672637939453,1121.4487438964843,1049.6787094231331,1084.9337371767551,0.0260378122991599,7,3,4
2026-07-06,1050.0999755859375,1053.0,1033.0,1042.199951171875,1042.199951171875,5559747,-0.0047746373502067785,-0.004786072344272466,1076.654995727539,1119.3825061035157,1048.528131230632,1081.768271546764,0.026036853272106364,7,3,0
2026-07-07,1040.5999755859375,1087.5,1040.5999755859375,1071.800048828125,1071.800048828125,18866296,0.02840155348593809,0.028005706993771574,1072.479995727539,1118.264561767578,1052.1084262456309,1081.0298846787166,0.02665135146244229,7,3,1
2026-07-08,1071.9000244140625,1079.699951171875,1064.4000244140625,1069.300048828125,1069.300048828125,13020079,-0.0023325246184989767,-0.002335249191627414,1068.679995727539,1116.7951403808593,1054.7532912583224,1080.161007949043,0.026635703016148916,7,3,2
