Date,Open,High,Low,Close,Adj Close,Volume,Daily Return,Log Return,SMA_20,SMA_50,EMA_12,EMA_26,Rolling Volatility,Month,Quarter,Day of Week
2021-09-20,222.4334259033203,230.4737701416016,221.7112274169922,225.08143615722656,184.0524444580078,73101936,0.01124783260219031,0.011185046102423608,167.90899505615235,165.49761169433594,173.26732190662952,169.2114951235628,0.014697086175478566,9,3,0
2021-09-21,226.2369384765625,233.45880126953125,223.1074676513672,232.5440368652344,190.1547241210937,58854434,0.03315511337573218,0.032617337021459455,169.29480056762696,166.11964996337892,175.86538378577785,170.76284541967618,0.015623198253382344,9,3,1
2021-09-22,234.4698638916016,236.6845703125,231.7736968994141,234.4698638916016,191.72952270507807,54648494,0.008281669526030377,0.008247564668354811,170.78100051879883,166.78342010498048,178.30602054259327,172.31593262600225,0.015595771934513602,9,3,2
2021-09-23,235.9142303466797,236.4919891357422,232.7366180419922,233.50694274902344,190.942123413086,22630330,-0.004106823408741578,-0.004115279567905962,172.2022392272949,167.43537872314454,180.25003636882292,173.69565046208254,0.015079227085100363,9,3,3
2021-09-24,234.95132446289065,234.95132446289065,228.88494873046875,229.60714721679688,187.75320434570312,25779310,-0.016700972055725627,-0.01684200576127221,173.5348976135254,168.01174865722658,181.40436990372757,174.73695074975814,0.015474991598832486,9,3,4
2021-09-27,230.90707397460932,232.8810577392578,226.7665405273437,229.84786987304688,187.9500274658203,23772123,0.0010483076483467357,0.0010477585575944634,174.8262161254883,168.55662231445314,182.41139414404955,175.71569717317013,0.015476142885966826,9,3,0
2021-09-28,230.9552154541016,232.64031982421875,227.536865234375,228.93310546875,187.20201110839844,16319138,-0.003979868305993728,-0.003987809057626533,175.99745864868163,169.05267822265625,183.14841213856477,176.5665352424463,0.015482785546542676,9,3,1
2021-09-29,227.2480010986328,232.4477386474609,226.9591217041016,229.27012634277344,187.4776153564453,16045073,0.0014722290984752195,0.0014711464317081003,177.05256118774415,169.52826171875,183.81444340285407,177.3747633990388,0.015440450786278604,9,3,2
2021-09-30,231.0033721923828,231.4848175048828,226.5258178710937,227.39244079589844,185.9422149658203,16987893,-0.00818977981827751,-0.008223500300097103,178.1017608642578,169.9754995727539,184.14179287407967,178.00938944102262,0.015443990215260727,9,3,3
2021-10-01,226.4776611328125,228.21090698242188,224.2629547119141,226.62210083007807,185.31228637695312,16570661,-0.003387765327970249,-0.0033935167983574167,179.10962142944337,170.4250994873047,184.32186879759865,178.55034476961006,0.015475364354717988,10,4,4
2021-10-04,227.2480010986328,229.51084899902344,226.6702423095703,227.82574462890625,186.2965240478516,11098123,0.005311238073531621,0.005297183192509867,180.13322830200195,170.89123413085937,184.62566191302216,179.12413582725756,0.015455031098169807,10,4,0
2021-10-05,227.63316345214844,228.64422607421875,225.8036193847656,225.99620056152344,184.80047607421875,9578825,-0.008030466382982882,-0.008062884248509672,181.13321228027343,171.2424102783203,184.6525563993601,179.54460547518062,0.015310685904809135,10,4,1
2021-10-06,226.09249877929688,227.63316345214844,222.0482482910156,222.6741485595703,182.08399963378903,18179336,-0.014699509969545388,-0.01480861831245906,181.90091857910156,171.55894165039064,184.25739382004144,179.73270874618865,0.015656412848015534,10,4,2
2021-10-07,224.3592529296875,226.2369384765625,223.68521118164065,224.3111114501953,183.42254638671875,10770973,0.007351259614363892,0.007324370802748909,182.75523681640624,171.94161346435547,184.12895575337643,180.00603005289457,0.015667193245671496,10,4,3
2021-10-08,226.0443572998047,226.09249877929688,222.62600708007807,223.1074676513672,182.43832397460932,10114327,-0.005365874760207223,-0.005380322773508871,183.50522689819337,172.29751373291015,183.86885855664303,180.1861999730216,0.015583848705400881,10,4,4
2021-10-11,223.39633178710932,230.61819458007807,223.1074676513672,229.2219696044922,187.438232421875,22000303,0.0274060205023674,0.027037198973872145,184.4461585998535,172.80144317626954,184.41799299744795,180.72338756182552,0.01614485921054217,10,4,0
2021-10-12,229.75157165527344,233.9884033203125,229.173828125,232.3514404296875,189.9972686767578,30347455,0.013652690925526345,0.013560332617563306,185.4382698059082,173.37387634277343,185.27634310195717,181.41034171848716,0.016195659268388854,10,4,1
2021-10-13,233.5550994873047,241.59542846679688,231.2440948486328,239.9584808349609,196.21763610839844,52091422,0.03273924659529359,0.03221473484187687,186.7453369140625,174.03370910644531,186.95961894910198,182.50717833996205,0.016862223228075488,10,4,2
2021-10-14,243.85829162597656,252.1393585205078,241.0658264160156,247.0359039306641,202.0049591064453,88696178,0.029494407907603826,0.02906781561821419,187.7610710144043,174.76834411621093,189.27428666561633,183.9514583967386,0.01718606544837587,10,4,3
2021-10-18,251.3208770751953,255.4614105224609,247.8062438964844,252.8134002685547,206.7293243408203,62614961,0.023387372544084517,0.023118078583089768,188.99727325439454,175.61793853759767,191.95967707718617,185.63870772592983,0.01740751978035541,10,4,0
2021-10-19,251.7060394287109,252.8134002685547,235.9623870849609,236.8290100097656,193.6586303710937,61336411,-0.06322612436046016,-0.06531335389411348,189.4775825500488,176.101396484375,192.2210545070181,186.23277607001603,0.02169373799669972,10,4,1
2021-10-20,236.8290100097656,239.2844390869141,233.3625030517578,237.45489501953125,194.17042541503903,49663940,0.0026427690982044894,0.002639283124349898,189.67836761474607,176.61083801269533,192.5209577236367,186.8207500955733,0.021590860289428273,10,4,2
2021-10-21,238.802978515625,239.13999938964844,234.084701538086,235.6253662109375,192.6743927001953,23385990,-0.007704740367365237,-0.00773457522478311,189.72561111450193,177.09744506835938,192.54456310464573,187.2543532514712,0.021695465103121682,10,4,3
2021-10-22,235.6253662109375,236.6845703125,225.0332946777344,227.82574462890625,186.2965240478516,36905793,-0.033101797093855634,-0.03366206010834073,189.49333114624022,177.51869873046874,191.58332632667742,187.18340294009195,0.02275795723799782,10,4,4
2021-10-25,225.41845703125,227.87388610839844,221.95196533203125,224.74441528320312,183.77685546875,23194065,-0.013525043432664363,-0.013617339987331037,189.29451370239255,177.9084567260742,190.3823308100732,186.93106609036292,0.02297517454749297,10,4,0
2021-10-26,225.41845703125,230.13674926757807,223.97409057617188,227.9220428466797,186.375244140625,19663381,0.01413882431086022,0.014039803402399286,189.21577453613278,178.34624542236327,189.7658559378504,186.88989409408603,0.023050712016483284,10,4,1
2021-10-27,231.34039306640625,232.3514404296875,227.44058227539065,229.60714721679688,187.75320434570312,26909428,0.007393472300636805,0.0073662745592004445,189.24333419799802,178.77143646240233,189.45621723136622,186.95384300161322,0.0230387217806398,10,4,2
2021-10-28,226.38137817382807,227.19985961914065,215.8374481201172,216.75222778320312,177.24154663085938,48064941,-0.0559865689188932,-0.05761488509769561,188.73153076171872,178.9950555419922,187.57703713898053,186.23441364081663,0.02547314540846202,10,4,3
2021-10-29,216.6559295654297,219.785400390625,214.0560607910156,214.9226837158203,175.74549865722656,27668175,-0.008440729626156052,-0.008476554317931578,188.22169494628903,179.21552520751953,185.7568004494799,185.45745697536552,0.022197384766665572,10,4,4
2021-11-01,215.8374481201172,219.11135864257807,214.24864196777344,218.43731689453125,178.61947631835938,24090945,0.01635306555838567,0.016220794261100666,187.88705444335935,179.4974105834961,184.65875058315365,184.95093988966136,0.022415831761954056,11,4,0
2021-11-02,219.544677734375,220.74832153320312,216.17446899414065,217.23367309570312,177.63522338867188,14896284,-0.005510333755168073,-0.005525571647242369,187.45398941040037,179.7603988647461,183.57820793784876,184.40903496366212,0.02232472066550468,11,4,1
2021-11-03,217.6188507080078,218.43731689453125,213.47830200195312,214.20050048828125,175.1549530029297,18530527,-0.013962717182026907,-0.014061112905750734,186.97171325683593,180.01472564697266,182.28232256324583,183.72354741101526,0.0214851486580521,11,4,2
2021-11-04,216.5114898681641,218.87063598632807,215.6930084228516,218.14845275878903,178.3832550048828,7295341,0.018431120254413402,0.01826332578161835,186.7866760253906,180.3422802734375,181.68246601580537,183.3279701957462,0.02173931546971103,11,4,3
2021-11-08,221.1816253662109,222.14454650878903,217.32997131347656,221.2779235839844,180.94227600097656,21051238,0.014345634605802626,0.014243709618934378,186.6626625061035,180.71077880859374,181.56859062890862,183.15125210724472,0.021942714464657582,11,4,0
2021-11-09,221.32606506347656,222.33712768554688,219.40023803710932,220.2668609619141,180.1155242919922,11964518,-0.004569146178861505,-0.004579616633462214,186.54652252197263,181.09108856201172,181.3450419616907,182.92638338018895,0.02176502497335643,11,4,1
2021-11-10,219.0150756835937,224.21481323242188,218.7743377685547,222.2889862060547,181.7690277099609,13948380,0.00918023820805236,0.009138355952190994,186.26306228637694,181.4839959716797,181.41027053834765,182.8406533305424,0.021843847853062745,11,4,2
2021-11-11,221.8556671142578,222.91488647460932,220.07427978515625,221.4705047607422,181.09971618652344,8448263,-0.0036822088552151966,-0.0036890048742788664,185.81818466186522,181.83044708251953,181.36249294575933,182.71169502357805,0.02184245852643243,11,4,3
2021-11-12,222.62600708007807,225.2740173339844,220.6520233154297,224.2629547119141,183.38316345214844,12312123,0.012608784341070711,0.012529955551665717,185.17646102905272,182.1705990600586,181.67336533135764,182.76143342569438,0.021977842975555897,11,4,4
2021-11-15,225.2740173339844,230.13674926757807,224.45553588867188,229.27012634277344,187.4776153564453,40247848,0.022327305447346957,0.02208170024252719,184.4500938415527,182.62098693847656,182.56632687367883,183.11078023537965,0.02231324288614082,11,4,0
2021-11-16,230.1848907470703,230.7626342773437,226.2850799560547,226.7183990478516,185.3910369873047,15241184,-0.011129746690950126,-0.011192145744070408,183.38317947387694,183.0257061767578,183.0008976603905,183.27968814292964,0.022404568649926463,11,4,1
2021-11-17,227.2480010986328,236.15496826171875,226.91098022460932,230.61819458007807,188.57994079589844,48496295,0.017200959983907582,0.017054698316765968,183.12924499511718,183.48081726074219,183.85921198893018,183.67229945055698,0.022601283596766664,11,4,2
2021-11-18,231.0996551513672,233.9884033203125,227.536865234375,228.6923675537109,187.0051727294922,21005037,-0.008350665822462133,-0.008385727963559032,182.77098236083984,183.92490478515626,184.34320594901666,183.91917895270035,0.022605602993684505,11,4,3
2021-11-22,229.07752990722656,231.82183837890625,221.0372009277344,222.33712768554688,181.8083953857422,23443628,-0.02778948447200058,-0.028182918210392403,182.2276824951172,184.22647521972655,183.95323509312828,183.76282461440715,0.023034293408450132,11,4,0
2021-11-23,220.6520233154297,224.07037353515625,220.6520233154297,223.0111694335937,182.3595733642578,13950744,0.003031642061117168,0.003027055901049712,182.0308349609375,184.54694305419923,183.70805636560974,183.65888007735904,0.023001593586670286,11,4,1
2021-11-24,223.82965087890625,224.07037353515625,218.5336151123047,219.2557983398437,179.28875732421875,14684422,-0.016839346481169915,-0.016982740328044227,181.80643005371093,184.78394775390626,183.02816420539574,183.33516728083015,0.023189645266983777,11,4,2
2021-11-25,218.58175659179688,223.5889129638672,217.37811279296875,222.7222900390625,182.12335205078125,24825493,0.01581022016587763,0.015686540533328523,181.59383544921874,185.05402282714843,182.88896233545503,183.2454031897154,0.02280508738545345,11,4,3
2021-11-26,220.4113006591797,221.5186462402344,214.82638549804688,215.6930084228516,176.3754119873047,28067913,-0.03156069772905268,-0.03206946999275604,181.02494583129882,185.17843017578124,181.88687766650884,182.7365149524998,0.023312040477247074,11,4,4
2021-11-29,213.7671813964844,215.35598754882807,212.033935546875,213.2857208251953,174.4069366455078,22985358,-0.011160712933946604,-0.011223461002824871,180.88321533203126,185.26504302978515,180.73611750943175,182.11950915198187,0.022402684285788555,11,4,0
2021-11-30,213.7671813964844,216.8485107421875,211.8413543701172,212.94869995117188,174.13131713867188,24408641,-0.0015803242241227977,-0.0015815742535909547,180.80250625610353,185.1138638305664,179.7199943754687,181.52779122507002,0.02151714089231963,11,4,1
2021-12-01,213.7671813964844,215.0189666748047,212.41909790039065,213.6708984375,174.72189331054688,13496307,0.0033915563356399225,0.0033858179794295207,180.60762710571288,184.96819610595702,178.95105575009612,181.02365063880904,0.020918165411434063,12,4,2
2021-12-02,213.6708984375,217.7632751464844,213.0931396484375,217.08924865722656,177.51712036132812,16517389,0.01599814996173987,0.01587152825083296,180.6017219543457,184.83748962402345,178.73045030567027,180.76390765529192,0.01818529207393348,12,4,3
2021-12-03,216.6559295654297,217.8114318847656,213.14129638671875,213.4301605224609,174.52503967285156,14325920,-0.016855166884108486,-0.016998831828623814,180.5702262878418,184.5248959350586,178.08346405446738,180.30176928622225,0.01833428981094677,12,4,4
2021-12-06,213.4301605224609,213.9597625732422,209.4340667724609,209.81922912597656,171.5723114013672,13644352,-0.016918651197669332,-0.0170634066106776,180.22967910766602,184.12175170898436,177.08174826168272,179.655142776233,0.018485703776966556,12,4,0
2021-12-07,210.7821502685547,213.7190399169922,210.0118103027344,212.46725463867188,173.73764038085938,9246755,0.012620503633752111,0.012541528851292694,179.86944732666015,183.77766204833983,176.56727012617142,179.21680926546458,0.017851272661082683,12,4,1
2021-12-08,212.8042755126953,217.2818298339844,212.8042755126953,216.6077880859375,177.12344360351562,10241656,0.01948802352348089,0.019300563561194882,179.71984329223633,183.5650668334961,176.65283527653207,179.06174514235724,0.018142178364560686,12,4,2
2021-12-09,214.7301025390625,227.68130493164065,214.7301025390625,226.6702423095703,185.3516387939453,39714672,0.04645458005462122,0.04540786019865205,179.89897384643555,183.5130990600586,177.99111274074951,179.52766319062303,0.019945882583249683,12,4,3
2021-12-10,227.44058227539065,230.08859252929688,225.08143615722656,227.3442840576172,185.9028167724609,36517117,0.002973688185882839,0.0029692755209314633,180.1391288757324,183.48711517333984,179.20829797639743,179.99989678927767,0.01990574773755787,12,4,4
2021-12-13,229.173828125,229.89601135253903,225.4665985107422,225.89991760253903,184.72174072265625,22903720,-0.006353190717116819,-0.006373458120649569,180.2060577392578,183.43199768066407,180.05651993736032,180.34966300656498,0.01694648008090425,12,4,0
2021-12-14,226.2850799560547,228.3072052001953,219.11135864257807,220.12242126464844,179.99737548828125,38953007,-0.025575577708896846,-0.025908318412948442,179.8320457458496,183.3131008911133,180.04742079134817,180.32356763484026,0.017570920070038364,12,4,1
2021-12-15,221.4705047607422,223.5889129638672,215.11526489257807,215.7411651611328,176.41477966308594,35987634,-0.01990360034682037,-0.020104345162194427,179.38323287963868,183.13515075683594,179.4885529254617,180.0340277850807,0.01772090491905824,12,4,2
2021-12-16,217.6188507080078,217.7632751464844,212.61167907714844,214.63380432128903,175.50929260253906,25131188,-0.005132716557400441,-0.00514593419468536,178.7297004699707,182.91940612792968,178.87635902962745,179.69886221600353,0.017717182644824095,12,4,3
2021-12-17,214.5375213623047,214.58566284179688,208.71188354492188,209.86737060546875,171.61170959472656,30827201,-0.022207274327286086,-0.022457568349092016,177.96002731323242,182.65563079833984,177.75872065502733,179.0998138736867,0.017998922324803122,12,4,4
2021-12-20,208.2304229736328,208.2304229736328,202.0196228027344,204.523193359375,167.24166870117188,38778895,-0.025464701120190725,-0.025794538135581677,177.2316909790039,182.3587841796875,176.14071266212648,178.22143274979672,0.0181880146528054,12,4,0
2021-12-21,206.06385803222656,207.4600830078125,203.2232666015625,204.61949157714844,167.3204345703125,20142586,0.00047097036134791104,0.00047085948961744366,176.47973403930663,182.03674194335937,174.7837468018474,177.41395140316826,0.01793297164723552,12,4,1
2021-12-22,206.06385803222656,206.2564392089844,203.2714080810547,204.13803100585932,166.92672729492188,17903428,-0.0023530137033273,-0.002355786390372329,175.86163253784179,181.72651000976563,173.5749745700127,176.63711998774258,0.017928507505304943,12,4,2
2021-12-23,205.9675750732422,210.3488311767578,205.2935333251953,209.24148559570312,171.0998992919922,23065082,0.02500002285252534,0.024692634885517924,175.31045989990236,181.39974334716797,173.19419375800953,176.22695549176106,0.018503577878361988,12,4,3
2021-12-24,209.91552734375,212.274658203125,208.42300415039065,209.91552734375,171.65106201171875,17220191,0.003221291900271428,0.0032161146548177963,175.07424240112306,181.03281921386719,172.9567888739648,175.88800041916534,0.018522914924043028,12,4,4
2021-12-27,210.3006896972656,210.3488311767578,207.65267944335932,209.48220825195312,171.29673767089844,8467106,-0.002064212925150022,-0.0020663463490499085,174.9187324523926,180.53440124511718,172.70139638118536,175.54790688225668,0.018326951823540584,12,4,0
2021-12-28,209.91552734375,212.41909790039065,209.91552734375,211.88949584960932,173.26519775390625,12014352,0.011491521144959993,0.01142599513374316,174.87542648315429,179.9596060180664,172.78813505391165,175.3788173171937,0.017931266663534538,12,4,1
2021-12-29,211.8413543701172,212.13023376464844,208.278564453125,208.71188354492188,170.66683959960938,11923119,-0.014996422755292116,-0.015110006096127233,174.67267379760742,179.2383563232422,172.4617819070959,175.02978193070598,0.01800938902919674,12,4,2
2021-12-30,208.56744384765625,209.81922912597656,207.5082397460937,207.9896850585937,170.0762939453125,10116360,-0.0034602249369726223,-0.0034662253611568257,174.30063247680664,178.76670959472656,172.09478375912923,174.66285689475092,0.01761690257773542,12,4,3
2021-12-31,208.8563232421875,210.68585205078125,208.13412475585932,209.9636688232422,171.6904296875,7875890,0.00949065683843342,0.009445903491108345,174.15890197753907,178.31710968017578,172.03257544041705,174.4426771016212,0.017740781336108468,12,4,4
2022-01-03,209.9636688232422,211.6969146728516,209.0007476806641,210.9747314453125,172.51719665527344,8064567,0.004815451678222615,0.004803894478032177,174.20614624023438,177.91396575927735,172.10713255039497,174.30004892041023,0.01713877791611432,1,1,0
2022-01-04,211.35989379882807,213.47830200195312,210.9265899658203,212.0820770263672,173.42269897460938,9398805,0.005248765554342505,0.005235038795827852,174.19039916992188,177.6564892578125,172.3095273848895,174.2350600355361,0.017164224962460062,1,1,1
2022-01-05,211.5043334960937,213.2857208251953,210.5414123535156,212.37095642089844,173.65890502929688,11663111,0.0013620250179711135,0.0013610983032732863,174.01717224121094,177.45413024902345,172.51712394556753,174.19238188692577,0.016924491390218798,1,1,2
2022-01-06,210.87843322753903,212.2265167236328,210.1081085205078,210.58956909179688,172.20223999023438,9295303,-0.008388081445156792,-0.008423459374534313,173.35970230102538,177.1706701660156,172.46868026013166,174.04496396865233,0.01667418691399985,1,1,3
2022-01-07,211.64877319335932,212.46725463867188,209.4340667724609,210.3006896972656,171.96603393554688,9196075,-0.0013716781773622788,-0.0013726197890306861,172.6628631591797,176.8549267578125,172.3913500563494,173.89096915138526,0.01569405853674801,1,1,4
2022-01-10,211.7450561523437,216.36705017089844,210.7821502685547,215.0189666748047,175.82423400878906,16451394,0.022435826337009468,0.022187845436635517,172.21798782348634,176.82658050537108,172.91948604903246,174.03417395563739,0.016116723951898407,1,1,0
2022-01-11,215.067123413086,215.93374633789065,212.99685668945312,213.7190399169922,174.76124572753906,8329596,-0.0060457438489216475,-0.006064093353248318,171.95618133544923,176.80689544677733,173.20283369187962,174.08803112392638,0.016156164653710475,1,1,1
2022-01-12,214.24864196777344,215.35598754882807,213.38201904296875,214.48936462402344,175.3911590576172,13665682,0.00360442229314506,0.003597941930418957,171.90500030517578,176.7423291015625,173.53949913276233,174.18455911901458,0.01615764055513935,1,1,2
2022-01-13,215.5967254638672,217.42626953125,214.48936462402344,215.64486694335932,176.3360137939453,11944029,0.005387128640946592,0.00537266996736115,171.9463363647461,176.71634490966798,173.9697321575597,174.3439261319724,0.015915406136708637,1,1,3
2022-01-14,215.64486694335932,216.46334838867188,214.0560607910156,214.34494018554688,175.2730712890625,10976796,-0.006027937696974961,-0.006046179055538321,172.1294044494629,176.7187072753906,174.17024587009857,174.4127516991643,0.015642801516636096,1,1,4
2022-01-17,214.34494018554688,217.23367309570312,213.14129638671875,216.2707672119141,176.8478240966797,12792728,0.008984567886187733,0.008944446790870891,172.60971221923828,176.68799865722656,174.58218098188027,174.5931274323136,0.015374478269318925,1,1,0
2022-01-18,216.2707672119141,218.87063598632807,212.13023376464844,212.56353759765625,173.81640625,14948456,-0.017141391827486974,-0.01729000623797597,172.93451080322265,176.54548126220703,174.4643694846679,174.53559252992,0.015566057811487491,1,1,1
2022-01-19,212.56353759765625,214.15234375,210.58956909179688,212.17837524414065,173.50144958496094,11915686,-0.0018120076915297822,-0.0018136513633309394,173.26324691772462,176.41319976806642,174.31622796163606,174.4589893488119,0.015132448693245893,1,1,2
2022-01-20,212.37095642089844,213.91162109375,209.91552734375,210.63771057128903,172.24159240722656,17997322,-0.007261363987148939,-0.0072878560140308924,173.32033157348633,176.22265106201172,173.99705326095767,174.2947377235093,0.012285542966519514,1,1,3
2022-01-21,210.39698791503903,212.32281494140625,207.9896850585937,209.0007476806641,170.9030303955078,17225050,-0.007771421484272012,-0.007801776349456004,173.28292999267578,176.0187173461914,173.52104974319613,174.04350014365733,0.012281039027708683,1,1,4
2022-01-24,209.0007476806641,209.6747894287109,203.07882690429688,203.9454498291016,166.76925659179688,18023332,-0.024187832094869632,-0.024485162006973194,173.0565559387207,175.68643920898438,172.48231233528855,173.50466728796394,0.012879681722203907,1,1,0
2022-01-25,204.13803100585932,206.73789978027344,201.7788848876953,206.3527374267578,168.7377166748047,19028606,0.011803494980049178,0.011734377089983088,172.83018188476564,175.31164123535157,171.9062206952141,173.15155983513733,0.012453592454189923,1,1,1
2022-01-27,203.4158477783203,207.5082397460937,203.2714080810547,206.64161682128903,168.97393798828125,24041247,0.0013999319069357696,0.0013989529158378129,172.74553680419922,174.9832992553711,171.45510027876287,172.84210636499984,0.012001132815763812,1,1,3
2022-01-28,207.12306213378903,211.11917114257807,207.12306213378903,209.5303497314453,171.3361053466797,15865353,0.013979477465704049,0.013882665778480133,172.80852737426758,174.63842254638672,171.43679336613468,172.73055073401318,0.012297876643064701,1,1,4
2022-01-31,210.39698791503903,212.56353759765625,209.0489044189453,212.033935546875,173.38333129882812,15618203,0.011948596286848634,0.01187777539224971,172.89317245483397,174.36598571777344,171.7362607403952,172.7789048499254,0.011812303887482695,1,1,0
2022-02-01,212.8042755126953,220.31500244140625,211.0228729248047,219.303939819336,179.32810974121094,44871108,0.03428690865407891,0.03371221211768808,173.23371810913085,174.3163800048828,172.90423750975148,173.26403113816875,0.012325371864030682,2,1,1
2022-02-02,221.4705047607422,224.64813232421875,220.5075836181641,223.540771484375,182.79263305664065,42714702,0.019319465980148776,0.019135214410199573,173.70221481323242,174.32504119873047,174.4255291323498,173.9698535025,0.012698318448624792,2,1,2
2022-02-03,223.540771484375,226.4776611328125,223.2037506103516,225.75547790527344,184.60362243652344,28918394,0.009907343362801857,0.009858587400115554,174.24945068359375,174.43133850097655,175.99138964068422,174.75754009020542,0.012716380115276234,2,1,3
2022-02-04,228.4516448974609,229.65528869628903,222.9630279541016,225.6110382080078,184.48553466796875,58889867,-0.0006396828350174744,-0.0006398875193755507,174.86361541748047,174.4785821533203,177.2981811833434,175.47813228115086,0.012062064571802453,2,1,4
2022-02-07,225.3221740722656,226.0443572998047,220.0261383056641,221.6630859375,181.2572479248047,25101983,-0.017498861084009776,-0.017653776037366953,175.32817611694335,174.5762188720703,177.90726837433743,175.9062149214215,0.012605296422271258,2,1,0
2022-02-08,221.75938415527344,223.68521118164065,220.5557403564453,222.6741485595703,182.08399963378903,16825239,0.004561206343193014,0.004550835565088748,175.64116439819335,174.72976013183595,178.54984241425308,176.3638286038191,0.01259160115769776,2,1,1
2022-02-09,223.68521118164065,224.3592529296875,220.2668609619141,221.6149444580078,181.21783447265625,12351873,-0.004756953729459057,-0.0047683040434354,175.96399383544923,174.87149047851562,178.9603027309305,176.72338459410332,0.012523605749344439,2,1,2
2022-02-10,220.21871948242188,224.74441528320312,219.303939819336,223.63706970214844,182.8713531494141,20317032,0.009124480940684299,0.009083104367181806,176.33800354003907,175.03447967529297,179.5620027953126,177.1787896722745,0.012193113572687212,2,1,3
2022-02-11,223.39633178710932,224.64813232421875,221.2779235839844,223.82965087890625,183.0288543701172,18793513,0.0008612678694097653,0.0008608971910586269,176.67264556884766,175.14471435546875,180.09536457605176,177.6121277980406,0.012147220694735488,2,1,4
2022-02-14,217.6188507080078,217.6188507080078,210.39698791503903,211.311752319336,176.94302368164062,23621214,-0.033250662631422734,-0.033816033916659556,176.75614318847656,175.19307403564454,179.6103890538347,177.5625645301591,0.013707790195852488,2,1,0
2022-02-15,212.8042755126953,215.2115631103516,210.44512939453125,214.7301025390625,179.80540466308594,13371177,0.01617685129307711,0.01604740024186475,176.90402221679688,175.3577359008789,179.64039145525794,177.72870083630184,0.013968559966148198,2,1,1
2022-02-16,215.5004272460937,216.36705017089844,213.62274169921875,214.48936462402344,179.60382080078125,11664158,-0.0011211223749497679,-0.0011217513027535397,177.19339294433593,175.47505950927734,179.63476520072308,177.86759861144847,0.013957621020498124,2,1,2
2022-02-17,214.7782440185547,216.030029296875,212.6598358154297,214.39308166503903,179.52320861816406,14564261,-0.00044883333916712065,-0.0004489340949998071,177.4944808959961,175.5230548095703,179.61760264956015,177.9902363897237,0.013961090002004559,2,1,3
2022-02-18,214.39308166503903,215.1634063720703,213.2857208251953,213.6708984375,178.91847229003906,9004891,-0.003368569071262817,-0.0033742554736741247,177.8283248901367,175.39439147949219,179.51004413271076,178.05899460456186,0.013871989201798154,2,1,4
2022-02-21,212.13023376464844,213.0931396484375,209.0970458984375,209.91552734375,175.77389526367188,16750193,-0.017575474382933498,-0.01773175689979388,178.0718681335449,175.1918130493164,178.93525199901245,177.88972798671816,0.01429150652419814,2,1,0
2022-02-22,207.0267791748047,208.8563232421875,205.1009521484375,206.88233947753903,173.2340545654297,26741024,-0.014449476097871505,-0.014554886425829638,178.39510803222657,174.96205932617187,178.05814470153817,177.54486328884494,0.013951147885532584,2,1,1
2022-02-23,208.7600250244141,209.4340667724609,207.07492065429688,207.9415435791016,174.12095642089844,11438476,0.005119673829107052,0.005106612858687225,178.66427001953124,174.8445309448242,177.4524234275936,177.2912405578859,0.013944282217409423,2,1,2
2022-02-24,202.2122039794922,205.3898162841797,199.32345581054688,200.767822265625,168.11404418945312,42933709,-0.03449850239120522,-0.03510762599224913,178.62127532958985,174.67851623535157,176.0157496986489,176.6114482342983,0.015273886438209778,2,1,3
2022-02-25,203.6565704345703,208.4711456298828,202.74180603027344,206.0157165527344,172.5083770751953,24543858,0.026138999314001765,0.02580321448664115,178.6798889160156,174.6184979248047,175.4761539104253,176.30751703732773,0.016037900511696616,2,1,4
2022-02-28,205.2935333251953,208.42300415039065,202.98252868652344,207.8452606201172,174.04034423828125,20806226,0.008880537797988586,0.008841337729716835,178.71273956298828,174.6670706176758,175.25526011471084,176.13957831147243,0.016094997387267763,2,1,0
2022-03-02,206.4490203857422,208.56744384765625,204.57135009765625,207.315658569336,173.59689331054688,20039140,-0.0025479777673114157,-0.002551229387207289,178.4261787414551,174.7941751098633,175.00012676022408,175.95123127436685,0.016007785523354467,3,1,2
2022-03-03,208.037841796875,212.033935546875,207.9896850585937,211.2636108398437,176.9027557373047,29631546,0.01904332712247303,0.018864272593267468,178.13168487548828,174.98582153320314,175.29283891054416,176.0217145679178,0.016073278674041888,3,1,3
2022-03-04,209.62664794921875,218.9669189453125,208.95260620117188,217.13739013671875,181.82115173339844,69409780,0.027802822944134498,0.027423342161181676,177.99256134033203,175.28371002197267,176.29719472944484,176.45130250610154,0.016805643784444567,3,1,4
2022-03-07,213.7671813964844,218.58175659179688,211.93765258789065,216.6077880859375,181.3777008056641,47001716,-0.0024389402635870416,-0.00244191932320979,177.8371696472168,175.48926605224608,177.07881104886317,176.81622089866173,0.016739914103338558,3,1,0
2022-03-08,215.5967254638672,219.9779815673828,215.4522857666016,218.4854736328125,182.95001220703125,37424203,0.00866871392890678,0.008631356367746302,177.92180786132812,175.71524505615236,177.98207276550443,177.2705758103928,0.016682741396611085,3,1,1
2022-03-09,219.2557983398437,222.818588256836,217.7151336669922,220.74832153320312,184.8448028564453,43923809,0.0103568763213302,0.010303611334675613,178.05984802246093,175.98620635986327,179.03787739487996,177.83162966565595,0.01596026306986128,3,1,2
2022-03-10,222.4334259033203,223.87779235839844,219.40023803710932,223.39633178710932,187.06211853027344,37523806,0.011995553240142343,0.011924176824140119,178.3520622253418,176.26214477539062,180.27237603109435,178.51536958155356,0.015963722054351745,3,1,3
2022-03-11,223.300048828125,228.3072052001953,221.6149444580078,227.58502197265625,190.56954956054688,43305144,0.018750087178691865,0.018576471147107816,178.73697204589843,176.6601989746094,181.85655657408705,179.40827180221973,0.016195152656347783,3,1,4
2022-03-14,227.4887237548828,230.570053100586,226.573959350586,230.13674926757807,192.7062530517578,36465969,0.011212197836108606,0.01114980707119522,179.22084197998046,177.11279815673828,183.52574064757485,180.39330745033368,0.01614500560744037,3,1,0
2022-03-15,230.13674926757807,232.4477386474609,227.15170288085932,229.0293884277344,191.77899169921875,34269168,-0.004811786529262285,-0.004823400444829565,179.96264038085937,177.51456939697266,184.795471578597,181.2366914687696,0.01615231552812634,3,1,1
2022-03-16,231.0996551513672,233.9884033203125,230.2330322265625,233.60324096679688,195.6089324951172,22462538,0.01997059616365715,0.019773799590133184,180.75281677246093,177.97640411376952,186.45908095036933,182.3013019151657,0.015405378731686991,3,1,2
2022-03-17,236.15496826171875,236.2994079589844,233.69952392578125,235.8179473876953,197.46343994140625,35541798,0.009480688957470562,0.009436029273741472,181.6457977294922,178.45721893310548,188.1520592566827,183.42442325044277,0.01514892698685023,3,1,3
2022-03-21,236.7808532714844,238.562255859375,234.7587432861328,235.43276977539065,197.14089965820312,29052540,-0.001633417726840114,-0.0016347532080391927,182.52668228149415,178.92685882568358,189.5349577799935,184.4404585399065,0.015105752662855304,3,1,0
2022-03-22,235.48092651367188,241.4510040283203,234.5180053710937,240.4880828857422,201.37399291992188,38368305,0.021472425402633055,0.021245140689586647,183.6494583129883,179.51029388427733,191.35634780152094,185.69479441990765,0.015491731246146744,3,1,1
2022-03-23,242.12503051757807,244.2915954589844,239.2844390869141,242.65464782714844,203.18817138671875,42051087,0.009009000817291835,0.008968661864183531,185.02017211914062,180.13473663330078,193.17662835308985,186.9906001211529,0.015028883121083744,3,1,2
2022-03-24,242.6064910888672,246.98776245117188,242.12503051757807,245.39895629882807,205.48614501953125,39712133,0.011309583708191795,0.011246108503443916,186.6327766418457,180.72797485351563,195.070400147927,188.36064048399575,0.015089130236438944,3,1,3
2022-03-25,245.832260131836,246.2655792236328,240.00662231445312,243.9545745849609,204.2766571044922,30412482,-0.005885982799103573,-0.005903373470230813,188.14056167602538,181.3182830810547,196.48674737201392,189.5396046781066,0.015113497294158644,3,1,4
2022-03-28,244.5804748535156,248.43212890625,243.1842498779297,247.51736450195312,207.260009765625,25876007,0.01460447171703394,0.014498853510180253,190.09785995483398,181.95566009521485,198.1441723556464,190.85222727718204,0.01520899057361332,3,1,0
2022-03-29,247.51736450195312,247.9506683349609,244.33973693847656,245.15821838378903,205.2845764160156,18820674,-0.00953118429282751,-0.009576896724128465,191.736669921875,182.53463134765624,199.24269605724166,191.9212901763549,0.015406942493120687,3,1,1
2022-03-30,245.63967895507807,246.89146423339844,239.4288787841797,239.9584808349609,200.93052673339844,18281803,-0.02120982374142688,-0.021437983979543298,193.08117904663087,183.04778045654297,199.50236231511192,192.58864103243218,0.014536746473888482,3,1,2
2022-03-31,240.34364318847656,244.91749572753903,240.2473602294922,241.35470581054688,202.0996551513672,26644916,0.005818570413245405,0.005801707911237096,194.50631713867188,183.55281707763672,199.90194582838197,193.29316059679775,0.014368162790851414,3,1,3
2022-04-01,240.7288055419922,245.88040161132807,239.5733184814453,243.90643310546875,204.2363739013672,14856664,0.010572599683060568,0.010517100588121732,195.872998046875,184.16121643066407,200.56878091653354,194.10376898972882,0.014382947163986498,4,2,4
2022-04-04,243.7138519287109,248.3358459472656,241.7880249023437,245.9766998291016,205.96994018554688,16520039,0.00848803888878713,0.008452218043121374,197.08043746948243,184.81058624267578,201.39972849638175,194.9827446338635,0.014371739099434082,4,2,0
2022-04-05,246.554443359375,252.1393585205078,245.63967895507807,249.828353881836,209.19512939453125,28230046,0.01565854321304827,0.015537213154197253,198.47130889892577,185.54965698242188,202.59902094225092,196.03551387539443,0.014423526062771069,4,2,1
2022-04-06,247.9506683349609,253.583724975586,247.75808715820312,249.9727935791016,209.31607055664065,20352716,0.0005781260895483253,0.000577959039041687,199.78961181640625,186.31791778564454,203.6324131906186,197.019258814746,0.013796796096081382,4,2,2
2022-04-07,248.43212890625,252.47637939453125,246.313720703125,247.1322021484375,206.9375,16679649,-0.011363535300061955,-0.01142859359840329,200.89424667358398,187.1212826538086,204.14088808436958,197.75394334698703,0.013650333793726044,4,2,3
2022-04-08,248.43212890625,258.8797607421875,246.5063018798828,257.86871337890625,215.9277801513672,39283623,0.043444422356350154,0.04252718531781388,202.33752975463867,188.06508392333984,205.9542560946769,199.10015348064482,0.015260254614533177,4,2,4
2022-04-11,258.7834777832031,263.0202941894531,256.1354675292969,257.579833984375,215.6858673095703,47924937,-0.0011203414476232965,-0.0011209694992349167,203.59334564208984,188.99932250976562,207.45142705081435,200.32872487538006,0.013182133762833484,4,2,0
2022-04-12,257.0020751953125,258.68719482421875,253.343002319336,254.97994995117188,213.5088348388672,24460888,-0.010093533238218488,-0.010144818335233062,204.63347473144532,189.84277709960938,208.38333594128403,201.30502931711985,0.013162895054093215,4,2,1
2022-04-13,255.4614105224609,260.5648498535156,253.8726043701172,259.5538024902344,217.3387908935547,22239115,0.01793816193872222,0.017779171625855787,205.9114646911621,190.7218862915039,209.76109824163336,202.4927153598187,0.013305497135154868,4,2,2
2022-04-18,258.061279296875,262.3944091796875,257.339111328125,260.0834045410156,217.78224182128903,25339139,0.0020403671425204273,0.0020382884205726783,207.0201301574707,191.49096893310548,210.99512033081115,203.62527287548318,0.01321184249429527,4,2,0
2022-04-19,261.9129333496094,262.3944091796875,249.2024688720703,251.85047912597656,210.8883514404297,24280577,-0.031654970227170454,-0.03216681949794616,207.69137573242188,192.05288330078125,210.97869434767554,204.16327869510883,0.01484813253620465,4,2,1
2022-04-20,253.15042114257807,255.60585021972656,247.9988250732422,249.92465209960932,209.27577209472656,25454589,-0.007646602264604674,-0.007675987421283125,208.29811935424806,192.5463262939453,210.7167063087603,204.54198190989536,0.014457036319830382,4,2,2
2022-04-21,250.069091796875,254.64292907714844,249.9727935791016,250.74313354492188,209.9611358642578,24313956,0.0032749312673472364,0.0032695803593322127,208.72747650146485,193.0558383178711,210.60046470191378,204.9434007213296,0.014395897896468281,4,2,3
2022-04-22,250.3579559326172,253.2467041015625,248.96173095703125,251.41717529296875,210.5255279541016,16274820,0.0026880788557395174,0.0026844724332252576,209.09434432983397,193.64120391845702,210.58893597148113,205.35689162746087,0.014384600446522164,4,2,4
2022-04-25,249.2024688720703,249.39505004882807,243.13609313964844,245.7841186523437,205.80865478515625,25140992,-0.02240523139775097,-0.022660041845236126,209.11046981811523,194.11569702148438,209.85350809666193,205.39035556506792,0.015169642630926726,4,2,0
2022-04-26,247.08404541015625,251.0319976806641,246.7470245361328,249.346908569336,208.79200744628903,21327644,0.014495759006087905,0.014391699896569642,209.33623733520508,194.66718048095703,209.69020030429687,205.6423297784917,0.015223570470585826,4,2,1
2022-04-27,246.69888305664065,248.91358947753903,246.2655792236328,247.9506683349609,207.62283325195312,17219401,-0.005599707616378291,-0.005615444755488145,209.3543785095215,195.1622100830078,209.37214383470553,205.78903373948884,0.015046077563338131,4,2,2
2022-04-28,249.8765106201172,253.92074584960932,248.5765686035156,251.41717529296875,210.5255279541016,28999835,0.013980614061970709,0.013883786704154568,209.61642608642578,195.7121435546875,209.54958754538183,206.1398851627935,0.015106738955988741,4,2,3
2022-04-29,253.2467041015625,253.2467041015625,248.91358947753903,249.92465209960932,209.27577209472656,21206335,-0.005936362547194318,-0.005954052792557572,210.0336883544922,196.35879852294923,209.50746209143483,206.3721730836774,0.015128331286198678,4,2,4
2022-05-02,248.43212890625,254.6910858154297,247.51736450195312,253.39114379882807,212.1784210205078,19696250,0.013869971171184492,0.01377466338737599,210.53762664794922,197.00625885009765,209.91837884975376,206.80226552344263,0.014932426041435999,5,2,0
2022-05-04,254.20962524414065,256.18359375,249.0098876953125,250.1172332763672,209.4369964599609,26951488,-0.012920374029373738,-0.01300456806041163,210.79765777587892,197.60292236328124,209.84432002055487,206.99743077799954,0.01514649835325273,5,2,2
2022-05-05,252.28379821777344,255.36512756347656,250.74313354492188,252.3319396972656,211.29153442382807,18623544,0.008854872802865454,0.008815898323747474,211.06373748779296,198.23828887939453,210.0669683902892,207.3155125295424,0.015178965298753753,5,2,3
2022-05-06,249.39505004882807,257.4353942871094,249.2987518310547,256.7613525390625,215.00048828125,35818441,0.0175537267384418,0.01740143963194326,211.3540054321289,198.95992919921875,210.825971450437,207.88476999263185,0.015025479200706243,5,2,4
2022-05-09,256.2799072265625,256.2799072265625,250.8875732421875,253.1985626220703,212.01719665527344,22228031,-0.01387574349167997,-0.013972911519942316,211.48906173706055,199.68479522705078,211.0092368665657,208.19087567134602,0.015252005108594258,5,2,0
2022-05-10,252.28379821777344,256.9057922363281,249.4913330078125,250.1172332763672,209.4369964599609,18727774,-0.012169768471695153,-0.012244426435748535,211.6140365600586,200.4088540649414,210.76735372708805,208.28318091494714,0.015335103404654748,5,2,1
2022-05-11,249.39505004882807,252.47637939453125,242.41390991210932,246.16928100585932,206.1311798095703,18012072,-0.015784301275646784,-0.01591019993132875,211.12420654296875,201.04905853271484,210.05409620131607,208.12377342565995,0.015587177760254376,5,2,2
2022-05-12,245.5433807373047,246.89146423339844,239.91033935546875,243.52127075195312,203.91384887695312,20816708,-0.010756892453949063,-0.010815166093869243,210.53560562133788,201.76505462646483,209.10944276679868,207.81192716279278,0.015478619309408618,5,2,3
2022-05-13,245.4952392578125,251.1764373779297,245.0619354248047,249.0098876953125,208.50979614257807,12380764,0.022538671556330936,0.022288428812627853,210.28565368652343,202.4850830078125,209.01718943999552,207.86362116129538,0.01592904394398931,5,2,4
2022-05-16,250.309814453125,250.309814453125,243.6175537109375,244.6767578125,204.8814392089844,8502159,-0.017401373943661702,-0.01755455752218951,209.66278610229492,203.10190490722655,208.38092017368612,207.64271879445752,0.015763201248107764,5,2,0
2022-05-17,245.5433807373047,255.65399169921875,245.35079956054688,254.8836669921875,213.42819213867188,18483427,0.04171560373006544,0.040868972997612,209.44508361816406,203.89853088378905,209.15742355291468,208.07127237551043,0.017433675015544013,5,2,1
2022-05-18,256.1354675292969,257.86871337890625,253.39114379882807,256.9057922363281,215.12144470214844,20978307,0.00793359371369462,0.007902288226756538,209.65673828125,204.66290466308592,210.07496526818142,208.59350736266882,0.017395363358290113,5,2,2
2022-05-19,252.86154174804688,268.8940734863281,252.86154174804688,265.4275817871094,222.2572479248047,81302807,0.033171045464743365,0.03263275771285741,210.3058120727539,205.47162658691406,211.9491625999696,209.6056362931974,0.018280043902682015,5,2,3
2022-05-20,266.7275085449219,271.8791198730469,266.7275085449219,269.61627197265625,225.7646484375,33617466,0.015780815003531234,0.015657592618281244,211.09598770141602,206.3593655395508,214.07462195958965,210.8026001557383,0.018283046098782604,5,2,4
2022-05-23,269.61627197265625,270.0495910644531,262.92401123046875,264.3202209472656,221.3299560546875,22535903,-0.019642988455033428,-0.01983847616287675,211.6362091064453,207.1269644165039,215.19082720498932,211.5824042964012,0.018731382248778048,5,2,0
2022-05-24,264.8016967773437,264.8016967773437,259.98712158203125,260.8056030273437,218.3869781494141,16146766,-0.013296789814327026,-0.013385983667662181,212.2651252746582,207.7978079223633,215.6825427349008,212.08644680403177,0.018782306431273127,5,2,1
2022-05-25,262.8277282714844,263.74249267578125,260.46856689453125,262.58697509765625,219.87860107421875,15877459,0.0068301825385583825,0.00680696251318251,212.8194549560547,208.45413757324218,216.32809017171894,212.66364341663822,0.01710916209693398,5,2,2
2022-05-26,258.302001953125,258.302001953125,254.065185546875,256.8095092773437,220.28396606445312,19129574,0.0018435854523994877,0.0018418881345195286,213.4525115966797,209.04842590332032,216.93668646290882,213.22811176092083,0.017106574365578116,5,2,3
2022-05-27,259.0242004394531,260.6611633300781,255.2206878662109,259.216796875,222.348861694336,13986762,0.009373789961992562,0.009330128628901414,214.0436782836914,209.6412780761719,217.7693288062053,213.9037228670997,0.01704648806482787,5,2,4
2022-05-30,260.46856689453125,260.9500427246094,257.6761169433594,259.0723571777344,222.22496032714844,12274291,-0.0005572385945374903,-0.00055739390966418,214.6911376953125,210.25019744873046,218.45481057865808,214.5201108271033,0.016763322705799416,5,2,0
2022-05-31,259.0723571777344,264.3202209472656,256.5206298828125,260.6130065917969,223.54649353027344,24102167,0.0059468261404096445,0.005929213561307144,215.2595413208008,210.8089486694336,219.2381464173681,215.1887317680789,0.016787829136275006,5,2,1
2022-06-01,260.6130065917969,263.93505859375,260.1796875,261.7685241699219,224.53765869140625,15265925,0.0044338211057584065,0.004424020679173296,216.01457443237305,211.3504330444336,220.05345599798937,215.88124487351055,0.015619004284312706,6,2,2
2022-06-02,260.6611633300781,264.2720947265625,257.9168395996094,263.3573303222656,225.9004821777344,14789457,0.006069465114540762,0.0060511201033327106,216.74502182006836,211.92562469482422,220.95299848718093,216.62341059974938,0.015520980507108536,6,2,3
2022-06-03,264.8016967773437,265.4757385253906,261.5277709960937,262.58697509765625,225.2396850585937,12968807,-0.0029251691398374247,-0.00292945580861416,217.25698165893556,212.40293853759766,221.61248872893674,217.26165315225637,0.015553849789885022,6,2,4
2022-06-06,262.2981262207031,265.572021484375,259.6982421875,264.6091003417969,226.97422790527344,11345943,0.007700875830245035,0.0076713754417253345,218.00483322143555,212.87865966796875,222.43737167914236,217.98110313396134,0.015583279474309077,6,2,0
2022-06-07,263.0684509277344,264.8016967773437,262.1536865234375,263.74249267578125,226.2308807373047,11245578,-0.003275028952974268,-0.0032804035982498462,218.84452743530272,213.29355438232423,223.02098845732118,218.59219777124602,0.014900043401906635,6,2,1
2022-06-08,263.7906188964844,264.22393798828125,256.3280334472656,257.9649963378906,221.2750701904297,14915091,-0.02190598617979833,-0.02214948491686941,219.6017219543457,213.63352264404296,222.75238564703017,218.79092906155591,0.015426812898645479,6,2,2
2022-06-09,257.86871337890625,261.62408447265625,255.8947296142578,260.8056030273437,223.7116851806641,10239939,0.011011701354957992,0.01095151401186803,220.59161376953125,213.96255615234375,222.89997019066615,219.1554295148232,0.015440822687438693,6,2,3
2022-06-10,259.0723571777344,260.9500427246094,258.7834777832031,260.1315612792969,223.1334991455078,8693455,-0.0025845142362114215,-0.0025878598589129374,221.32279891967772,214.3195346069336,222.93589772218024,219.45010133931834,0.015315693033847928,6,2,4
2022-06-13,256.5206298828125,259.1204833984375,253.2467041015625,254.8355255126953,218.59071350097656,11519902,-0.02035904811212974,-0.0205691500740883,222.00826263427734,214.67273834228516,222.26740784199507,219.38644298092265,0.015794024531368217,6,2,0
2022-06-14,253.4392852783203,257.5316772460937,253.2948608398437,255.60585021972656,219.25149536132807,7708043,0.0030229182647714126,0.0030183584343722422,222.29942779541017,215.01577514648437,221.80342130650783,219.37644686095268,0.015626058996184706,6,2,1
2022-06-15,256.1354675292969,257.3872375488281,253.2948608398437,253.6318817138672,217.5582427978516,5254329,-0.007722878061497296,-0.007752853917262146,222.4212677001953,215.28221252441406,221.15031692056073,219.24176507850075,0.01549221956271276,6,2,2
2022-06-16,257.0983581542969,257.9649963378906,249.8765106201172,251.0319976806641,215.32815551757807,14843837,-0.010250529934393904,-0.010303428418514657,222.07481307983397,215.4693768310547,220.2545997816403,218.95186807398795,0.01556703311639717,6,2,3
2022-06-17,249.39505004882807,254.35406494140625,248.96173095703125,253.5355834960937,217.4756774902344,17296080,0.009973252069588323,0.009923847403067112,221.6603645324707,215.63498779296876,219.82707327527015,218.84252062333954,0.015344761570583069,6,2,4
2022-06-20,253.5355834960937,256.2799072265625,251.65789794921875,254.3059234619141,218.13644409179688,17738981,0.003038347134668218,0.0030337406863136227,221.50068893432618,215.81139526367187,219.56697647781272,218.79021865804006,0.01510745112025083,6,2,0
2022-06-21,255.17254638671875,260.8056030273437,254.3059234619141,259.8908386230469,222.9270172119141,14417711,0.021961360652332118,0.02172368348589975,221.72769088745116,216.13118560791017,220.08390582152063,219.09664818054927,0.015359974319293883,6,2,1
2022-06-22,257.0983581542969,260.2760009765625,255.0762481689453,255.4614105224609,219.12759399414065,11756920,-0.01704335017483194,-0.017190259680065757,221.69014053344728,216.19518188476562,219.93678092500062,219.0989404630375,0.015412427032779358,6,2,2
2022-06-23,255.65399169921875,257.339111328125,252.66896057128903,255.65399169921875,219.2927703857422,9416459,0.0007537909242318896,0.0007535069665406894,221.6405807495117,216.26731994628906,219.8377023804993,219.1132982350897,0.015222028159075838,6,2,3
2022-06-24,256.23175048828125,258.3983154296875,255.36512756347656,255.9910125732422,219.5818634033203,7283228,0.0013182970741334454,0.0013174288834839744,221.50223083496093,216.3887805175781,219.79834253785637,219.14800676606976,0.014746171145205345,6,2,4
2022-06-27,257.0983581542969,260.6130065917969,256.6169128417969,259.93896484375,222.96832275390625,8487729,0.015422309010857616,0.015304593952458192,221.53939895629884,216.50137115478515,220.28603180186403,219.4309931355391,0.014485424140682287,6,2,0
2022-06-28,258.92791748046875,262.1536865234375,258.59088134765625,261.7685241699219,224.53765869140625,11673046,0.0070383806906602064,0.007013726903515624,221.58895721435547,216.6364794921875,220.940128246409,219.80926465819593,0.012535598359819312,6,2,1
2022-06-29,259.2649230957031,264.8016967773437,259.16864013671875,263.8869323730469,226.3547515869141,16635367,0.008092597500560794,0.008060028029829332,221.67981185913087,216.94580749511718,221.7731472218713,220.2941155418047,0.012538328114114749,6,2,2
2022-06-30,263.7906188964844,264.5128173828125,261.9129333496094,263.3573303222656,225.9004821777344,20003893,-0.002006891421518331,-0.0020089079264965968,221.67981185913087,217.27830169677733,222.40812183046563,220.709401959281,0.011058389248186841,6,2,3
2022-07-01,263.3573303222656,274.43084716796875,261.1426086425781,273.8049621582031,234.8621826171875,36520000,0.03967101067275358,0.038904327216945804,222.16093673706055,217.77632263183594,224.324131182269,221.7577560820889,0.012896600044279753,7,3,4
2022-07-04,275.0567321777344,282.42303466796875,274.2382507324219,281.074951171875,241.09817504882807,41417701,0.026551709441468008,0.026205330724871356,222.86713409423828,218.38777557373047,226.9047533155858,223.19037970925476,0.013054560645136335,7,3,0
2022-07-05,282.1341552734375,282.1341552734375,275.1530456542969,276.2603759765625,236.9683837890625,19283789,-0.017129085522647358,-0.017277485385337823,223.40400924682618,219.0109701538086,228.45300415765914,224.2109726040553,0.01323638096895549,7,3,1
2022-07-06,275.49005126953125,279.24542236328125,274.7197265625,278.5713806152344,238.9506683349609,18997440,0.008365185744200199,0.008330391483569689,224.28778915405275,219.61414337158203,230.06802941570555,225.30280191745572,0.013255411251733603,7,3,2
2022-07-07,280.2083435058594,282.2785949707031,277.8010559082031,281.12310791015625,241.1394805908203,14326277,0.009160100999554999,0.009118401727319349,225.15917892456054,220.28447631835937,231.77132959649242,226.47588922659386,0.013303268070354342,7,3,3
2022-07-08,282.0378723144531,283.5303955078125,279.6305847167969,282.18231201171875,242.0480194091797,11538313,0.0037676900362120236,0.003760610069947433,226.10490493774415,220.91492614746093,233.3523587984443,227.62938035122986,0.013251445763792702,7,3,4
2022-07-11,282.1341552734375,285.93768310546875,281.2193908691406,284.0599975585937,243.6586761474609,12828405,0.0066542859644656005,0.006632243932243054,227.35830307006836,221.60258422851564,234.93794608290838,228.81673559539513,0.013251639693117498,7,3,0
2022-07-12,282.1341552734375,284.3970031738281,280.1120300292969,281.8453063964844,241.75894165039065,14616684,-0.007796703680358785,-0.007827256887648064,228.4836753845215,222.19419464111328,235.9873300163672,229.7754175253948,0.013388769090843987,7,3,1
2022-07-13,282.1341552734375,283.8674011230469,281.8453063964844,283.1452331542969,242.8740081787109,9634877,0.0046123072872017445,0.004601703191675578,229.74946365356445,222.8629348754883,237.04681896442008,230.7456834997145,0.013389605622069702,7,3,2
2022-07-14,283.3859558105469,285.35992431640625,278.42694091796875,280.0639038085937,240.2309417724609,13930984,-0.0108824588768065,-0.010942105965131354,230.9946029663086,223.44172302246093,237.53668401181096,231.44829522362164,0.013598841543937359,7,3,3
2022-07-15,281.1712646484375,283.0970764160156,278.76397705078125,282.66375732421875,242.4609832763672,11450042,0.009282907053740352,0.009240085672664258,232.24386825561524,223.99093292236327,238.29426851405037,232.2640498941954,0.013624642314899377,7,3,4
2022-07-18,284.0599975585937,285.3117980957031,282.8563537597656,284.348876953125,243.9064178466797,11751684,0.005961514099218634,0.005943814583148428,233.53236694335936,224.6287173461914,239.15767610368567,233.12644752030536,0.01360564647902797,7,3,0
2022-07-19,284.0599975585937,284.63775634765625,281.8453063964844,283.6748352050781,243.32827758789065,9542292,-0.002370336393331174,-0.00237315008778757,234.55242996215821,225.30654296875,239.79930710125566,233.88213863642278,0.013593424758834656,7,3,1
2022-07-20,283.9637145996094,288.39312744140625,282.7119140625,287.1413269042969,246.3016967773437,16397373,0.012219784806470013,0.012145725947921819,235.91113510131837,226.10995330810547,240.79967474373075,234.80210590612063,0.012888480356868348,7,3,2
2022-07-21,287.9116516113281,290.99298095703125,286.94873046875,288.4412536621094,247.4167633056641,16660697,0.004527238516462306,0.004517021397453817,237.31733474731445,226.98001159667967,241.81768836864356,235.73652497275347,0.012815062731480543,7,3,3
2022-07-22,288.87457275390625,291.2818603515625,287.0450439453125,289.4041748046875,248.2427215576172,10351425,0.0033383277709955195,0.003332767925131273,238.7503776550293,227.77467010498046,242.80615501310103,236.66290990496557,0.012764546749893305,7,3,4
2022-07-25,287.9116516113281,291.7151794433594,287.7190856933594,289.93377685546875,248.6970367431641,11050533,0.001830124898310359,0.0018284522601855033,240.03681335449218,228.65098205566406,243.7124445100338,237.5543267077951,0.011942428976621261,7,3,0
2022-07-26,289.8374938964844,292.4855041503906,289.3078918457031,291.23370361328125,249.8120574951172,10114261,0.004483450090740693,0.004473429368823142,241.30053329467773,229.37865936279297,244.65084650773895,238.46230676611526,0.011939688076034696,7,3,1
2022-07-27,291.6188659667969,293.68914794921875,289.45233154296875,292.87066650390625,251.2162475585937,9706094,0.005620985942617951,0.005605247151937989,242.54360809326172,230.10055541992188,245.66090820787045,239.40704312111367,0.011717933091530231,7,3,2
2022-07-28,293.5928649902344,293.8817443847656,291.1855773925781,292.1966247558594,250.63804626464844,11256515,-0.0023016078759412473,-0.0023042606465553737,243.7804862976074,230.66817138671874,246.42662175506706,240.23896927989404,0.011451019097764588,7,3,3
2022-07-29,293.68914794921875,294.5557861328125,290.17449951171875,291.8114624023437,250.3076171875,17584873,-0.0013183516312584853,-0.0013192214213137764,244.55275802612306,231.15903076171875,247.02369797544134,240.9847950508278,0.011472132560298793,7,3,4
2022-08-01,292.7262268066406,297.3482360839844,291.859619140625,296.096435546875,253.9831695556641,16501510,0.014684141095917314,0.014577373025266745,245.19700775146484,231.8120950317383,248.09438591086024,241.9476376067416,0.011608069152870762,8,3,0
2022-08-02,298.50372314453125,304.9071044921875,296.7704772949219,298.45556640625,256.0067138671875,40483892,0.007967237809747507,0.007935666948100271,246.1489242553711,232.56448974609376,249.31166713491058,242.98905066307094,0.01118254298337276,8,3,1
2022-08-03,299.370361328125,299.370361328125,292.38922119140625,296.7223205566406,254.52001953125,18376724,-0.0058072474486304815,-0.0058241750771940515,246.92739181518556,233.25731811523437,250.1129521189628,243.84319650515826,0.010602932202836118,8,3,2
2022-08-04,296.577880859375,298.8407592773437,295.7594299316406,298.02227783203125,255.6351318359375,16514348,0.004381236127284582,0.004371666453435595,247.6521743774414,233.96434143066406,250.9625182292666,244.7166731963271,0.010572807078694298,8,3,3
2022-08-05,298.02227783203125,300.2369689941406,297.6371154785156,299.3222045898437,256.7501525878906,10477269,0.004361766490956098,0.004352281558201395,248.38728103637695,234.65236724853514,251.85292351520874,245.60804204014664,0.010549070537918166,8,3,4
2022-08-08,299.4184875488281,302.3072509765625,298.5518798828125,301.5368957519531,258.6498413085937,8627072,0.007398977961864173,0.00737173979828913,249.1368392944336,235.38086486816405,252.8986031757295,246.57410124521678,0.010383461304169663,8,3,0
2022-08-10,301.5368957519531,302.4516906738281,299.2259216308594,299.6592102050781,257.0392150878906,9267241,-0.006227052808361999,-0.006246521766602304,249.9008529663086,236.0507192993164,253.53562039298507,247.3492948631926,0.010574880179300973,8,3,2
2022-08-11,301.3924560546875,301.8257751464844,293.97802734375,294.8927917480469,252.95069885253903,11305242,-0.015906196390903182,-0.016034057602358355,250.4046875,236.61898010253907,253.44563246368568,247.76421367721827,0.01118908187140022,8,3,3
2022-08-12,294.8927917480469,297.92596435546875,293.20770263671875,297.10748291015625,254.85040283203125,6669853,0.007510174860594798,0.0074821139049209345,251.13566055297852,237.197978515625,253.66175098189268,248.2891165775748,0.01115451369447557,8,3,4
2022-08-16,297.10748291015625,299.9480895996094,297.10748291015625,299.0333251953125,256.5023803710937,8941455,0.006482146077482431,0.006461227318899954,251.83773040771484,237.823232421875,254.0987708879236,248.89750648820583,0.008927046827353326,8,3,1
2022-08-17,300.14068603515625,301.6332092285156,299.4666442871094,300.95916748046875,258.1542663574219,8283028,0.006440041546352582,0.006419393082688675,252.55012283325195,238.44683319091797,254.7226932678464,249.58319240444405,0.007776991671404331,8,3,2
2022-08-18,301.3924560546875,304.2812194824219,301.0072937011719,303.9441833496094,260.7147521972656,10264507,0.009918433175528873,0.009869568359816082,253.4194465637207,239.13651062011718,255.64454848775705,250.4077523890975,0.006971795145654755,8,3,3
2022-08-19,304.4256591796875,304.4256591796875,299.6592102050781,300.4295654296875,257.6999816894531,10823811,-0.011563482627678145,-0.011630859604879485,253.98936080932617,239.86500885009767,255.96076898032567,250.9479175224572,0.007400117772876057,8,3,4
2022-08-22,299.6592102050781,305.244140625,299.4666442871094,302.74053955078125,259.6823425292969,11793184,0.00769251447690289,0.007663077951634906,254.6026397705078,240.5844219970703,256.53331875709046,251.59491196740828,0.007359637994142645,8,3,0
2022-08-23,301.3443298339844,304.2812194824219,300.5258483886719,304.1849365234375,260.9212646484375,9698555,0.004770913983113134,0.004759569241876311,255.23656692504883,241.3401773071289,257.2083873557592,252.28575290674377,0.007367877357884729,8,3,1
2022-08-24,304.0404968261719,307.603271484375,301.44061279296875,302.4516906738281,259.4345397949219,11783894,-0.005697982705697879,-0.00571427813937002,255.77344207763673,242.1570538330078,257.5508723463996,252.81529267623844,0.007473955896204112,8,3,2
2022-08-25,303.7516174316406,304.6663818359375,300.0444030761719,300.7665710449219,257.9891052246094,8057930,-0.005571480850063759,-0.005587059440319001,256.18229446411135,242.93180603027344,257.6182927892011,253.19853805019184,0.0073826249838497985,8,3,3
2022-08-26,303.0775756835937,303.7034606933594,300.4295654296875,301.2961730957031,258.4433288574219,7224507,0.0017606310639244338,0.0017590829698681122,256.54364852905275,243.74950775146485,257.74522141508123,253.5870410729496,0.007368767629333861,8,3,4
2022-08-29,298.50372314453125,303.2701416015625,297.3963623046875,301.9220886230469,258.9802551269531,11798961,0.002077539675351625,0.0020753845741562594,256.960758972168,244.62254974365234,257.935226601523,253.9865384102832,0.006949405073766102,8,3,0
2022-08-30,302.5960998535156,309.48095703125,302.5960998535156,308.6143493652344,264.7206726074219,18516092,0.022165463840688515,0.02192338067355865,257.68141174316406,245.5674496459961,258.9791413716613,254.78165946192308,0.00773463006943696,8,3,1
2022-09-01,307.65142822265625,309.96240234375,304.2812194824219,305.8218688964844,262.3254089355469,13765474,-0.009048268305917873,-0.009089452504268304,258.0985237121582,246.4512289428711,259.4939517661052,255.34045571922854,0.008014252663060854,9,3,3
2022-09-02,306.8810729980469,312.22528076171875,306.25518798828125,311.1660461425781,266.90948486328125,26750910,0.017474769014314884,0.017323840989633014,258.6436622619629,247.33087829589843,260.6348030118246,256.1974208410102,0.008410948034856867,9,3,4
2022-09-05,312.94744873046875,317.3768615722656,311.7438049316406,316.6546630859375,271.6174621582031,18144801,0.017638853476239058,0.01748509435697957,259.49853439331054,248.3806756591797,262.3244428804982,257.33964612376525,0.008667351145427587,9,3,0
2022-09-06,317.76202392578125,317.76202392578125,314.2955322265625,315.0177307128906,270.2133178710937,12431779,-0.0051695655940250385,-0.005182974028724728,260.22744369506836,249.3990866088867,263.5381159559745,258.2932514383822,0.008799908518825412,9,3,1
2022-09-07,313.9103698730469,316.12506103515625,313.18817138671875,314.00665283203125,269.3460388183594,8397233,-0.0032096088363344766,-0.003214770678731505,260.8572380065918,250.3943701171875,264.4316425501876,259.1119764294916,0.008871615116353712,9,3,2
2022-09-08,316.7991027832031,318.3397827148437,315.354736328125,317.6657409667969,272.4847106933594,11331350,0.011652934970826312,0.011585562411028644,261.5489814758301,251.38469787597657,265.67057611067554,260.1025493379263,0.009016152576008114,9,3,3
2022-09-09,318.3397827148437,320.93963623046875,317.76202392578125,318.2434997558594,272.98028564453125,9770432,0.001818725718264469,0.0018170738392186705,262.3460350036621,252.35355041503905,266.7951468081918,261.05645573100816,0.009015064195581762,9,3,4
2022-09-12,319.6878662109375,320.0730285644531,317.76202392578125,318.628662109375,273.3106994628906,9048240,0.001210394434085993,0.001209662497304895,263.36403503417966,253.2926693725586,267.79753952429934,261.9641774889254,0.009006805435819385,9,3,0
2022-09-13,319.39898681640625,322.5765991210937,318.3397827148437,321.9988708496094,276.2015380859375,10925371,0.01057711472228462,0.010521568381073316,264.431591796875,254.29869049072266,269.09046237993596,263.0187967924078,0.009059421502312233,9,3,1
2022-09-14,318.7249450683594,326.4282531738281,318.6767883300781,322.91363525390625,276.9862365722656,12739464,0.002841035903587086,0.0028370077886269622,265.4557846069336,255.14117156982422,270.3051968710636,264.0534219612861,0.009018321634217735,9,3,2
2022-09-15,323.9246826171875,324.55059814453125,320.5544738769531,321.7099914550781,275.9537353515625,8742900,-0.0037276264462827724,-0.003734591359528143,266.34575805664065,255.8382827758789,271.1742027911403,264.93492665686216,0.008850309171507378,9,3,3
2022-09-16,320.0248718261719,322.1914367675781,317.47314453125,319.0138244628906,273.6410522460937,12973988,-0.00838069143192599,-0.008416006876681547,266.99207305908203,256.57173614501954,271.5537180919024,265.5798248486571,0.009023229984413104,9,3,4
2022-09-19,316.8954162597656,324.4061584472656,316.8954162597656,323.15435791015625,277.19268798828125,14918717,0.012979177331161162,0.012895669607265564,267.9667083740234,257.3365765380859,272.4212519221145,266.4400369330737,0.00909550271709608,9,3,0
2022-09-20,326.1875305175781,327.0060119628906,322.5765991210937,323.5395202636719,277.5230712890625,9892945,0.0011918903892413901,0.0011911806517882614,268.8587448120117,258.06424835205075,273.20614720933725,267.26100244092476,0.009096090871846162,9,3,1
2022-09-21,323.5395202636719,332.3983459472656,323.0580749511719,328.3059387207031,281.6115417480469,21800547,0.014732002063806426,0.014624540254185569,269.8932586669922,258.85551879882814,274.4992848306772,268.32400535256346,0.009351651706315224,9,3,2
2022-09-22,328.3540954589844,335.8166809082031,328.2578125,332.25390625,284.998046875,25111230,0.012025448623064428,0.0119537174098324,271.1714340209961,259.6823062133789,276.11447899134225,269.55911953941063,0.009462012434577945,9,3,3
2022-09-23,334.613037109375,336.5870361328125,330.5688171386719,333.5538330078125,286.113037109375,23718397,0.003912273247486553,0.0039046402083844356,272.5776306152344,260.5693881225586,277.65271870180885,270.7853356557043,0.009290169402036473,9,3,4
2022-09-26,332.0613098144531,333.1205139160156,319.4471435546875,320.265625,274.7147827148437,16829922,-0.039838290871638926,-0.04065356169715006,273.39120330810545,261.2062036132813,277.20072854996806,271.0764058082331,0.011731427735634245,9,3,0
2022-09-27,322.5765991210937,326.9578857421875,321.6136779785156,322.4321594238281,276.5732116699219,10375837,0.006764939755743882,0.006742160227842254,274.2708511352539,261.9330490112305,277.10418749149943,271.48357661280266,0.01172194384104074,9,3,1
2022-09-28,319.63970947265625,320.93963623046875,312.2734069824219,312.8993225097656,268.396240234375,16151900,-0.029565305280924048,-0.030011168983304047,274.4546295166016,262.4517541503906,275.7645032980957,271.2548850292154,0.013097991713013919,9,3,2
2022-09-29,316.7991027832031,322.4803161621094,315.595458984375,320.69891357421875,275.0864562988281,18985406,0.02492663853491739,0.024621037867905957,275.0926818847656,263.0753549194336,275.66018837513144,271.5387051232608,0.01375228538738612,9,3,3
2022-09-30,320.69891357421875,323.2987976074219,317.9064636230469,319.88043212890625,274.3844299316406,12906555,-0.0025520208324065763,-0.002555282788472844,275.46642913818357,263.6964779663086,275.4639178453636,271.74949955351116,0.01369968258304775,9,3,4
2022-10-03,320.5544738769531,320.6507873535156,311.2623596191406,312.36968994140625,267.94189453125,9462192,-0.023479959857764854,-0.023760006456901777,275.28265075683595,264.12928192138673,274.30668348934614,271.4674547370474,0.014261631477901777,10,4,0
2022-10-04,316.51025390625,321.6136779785156,315.8362121582031,320.50634765625,274.9212646484375,9142294,0.02604807333096426,0.025714600749317668,275.51804809570314,264.6793719482422,274.4012344368987,271.72329250826147,0.014919513300131498,10,4,1
2022-10-06,322.5765991210937,326.7171325683594,320.21746826171875,324.1654052734375,278.0599060058594,23091432,0.011416509964900179,0.011351833403263461,275.9537414550781,265.27571563720704,274.9641069859696,272.1926712858613,0.015010961138652043,10,4,3
2022-10-07,324.3098449707031,324.3580017089844,319.0138244628906,321.7099914550781,275.9537353515625,10910698,-0.007574521204982698,-0.007603353577275605,276.12719268798827,265.820849609375,275.1163575037531,272.4712686240614,0.015049008709127842,10,4,4
2022-10-10,317.76202392578125,319.15826416015625,313.9585266113281,315.6917724609375,270.79150390625,9750594,-0.018706872870323243,-0.01888405963638801,276.0177536010742,266.24043853759764,274.4509954118295,272.3468416079272,0.015467281019136884,10,4,0
2022-10-11,316.7991027832031,318.1953430175781,313.0437316894531,314.1992492675781,269.51123046875,11018577,-0.004727893671077843,-0.00473910551325056,275.82778015136716,266.6063381958008,273.69103157443266,272.1367963383585,0.015512168139986451,10,4,1
2022-10-12,315.7880554199219,319.15826416015625,312.70672607421875,317.8583068847656,272.6499328613281,10735673,0.011645905764739783,0.011578614148176873,275.6501998901367,267.04657592773435,273.5308625416473,272.1748064511711,0.015622094975564731,10,4,2
2022-10-13,317.7138977050781,319.0138244628906,315.8362121582031,316.46209716796875,271.45220947265625,7546587,-0.004392898161031389,-0.0044025752889821305,275.3734985351563,267.4694677734375,273.21106976180255,272.1212807490589,0.015176408745475444,10,4,3
2022-10-14,319.97674560546875,321.51739501953125,318.5805053710937,319.7841491699219,274.3017883300781,6672357,0.010497534217745574,0.010442817697992995,275.29090118408203,267.87584014892576,273.3788726184603,272.2827998291344,0.015151937915839844,10,4,4
2022-10-17,318.8212280273437,322.3358764648437,317.3768615722656,319.9285888671875,274.4257202148437,7195922,0.0004518085190770016,0.00045170648434033164,275.3301345825195,268.2442202758789,273.539926094827,272.4415346725202,0.014852770562525342,10,4,0
2022-10-18,321.5655517578125,328.3540954589844,321.1803894042969,327.6800537109375,281.0746765136719,21691854,0.02422861929130704,0.02393976272494896,275.52423400878905,268.77531341552736,274.699118466957,273.0810266607537,0.01515251983210865,10,4,1
2022-10-19,330.376220703125,334.5649108886719,327.1986083984375,333.5057067871094,286.07177734375,16923690,0.017778552276782822,0.017622362320168124,275.95166931152346,269.3840463256836,276.44875829415594,274.0433044891238,0.015394410863708576,10,4,2
2022-10-20,334.131591796875,337.93511962890625,332.01318359375,336.7314758300781,288.8387451171875,19186222,0.009672285043738071,0.009625807947581009,276.31302947998046,270.0258181762695,278.35491011308386,275.13926305416555,0.015423195803212768,10,4,3
2022-10-21,340.1016540527344,340.1016540527344,331.72430419921875,332.78350830078125,285.4523010253906,28426343,-0.011724341519427806,-0.011793613590077492,276.3357421875,270.56186737060546,279.4468164072849,275.9031917927748,0.015532235452372948,10,4,4
2022-10-24,336.00927734375,336.7314758300781,334.131591796875,334.8056335449219,287.1867980957031,3292671,0.006076311398023115,0.0060579250610671796,276.3894302368164,271.1648190307617,280.63758282088776,276.7390144818806,0.015553094434636044,10,4,0
2022-10-25,336.49072265625,336.53887939453125,330.90582275390625,333.4575500488281,286.0304870605469,17906260,-0.004026337710589689,-0.0040344652317017195,276.95521545410156,271.8264147949219,281.46726039621996,277.4272717099299,0.015589402870883893,10,4,1
2022-10-27,333.7945556640625,335.4315185546875,331.0984191894531,332.9761047363281,285.6175231933594,19273344,-0.0014437757017841113,-0.0014448189501880132,277.4074310302734,272.44175720214844,282.10576236501066,278.0339570049988,0.015505917899038072,10,4,3
2022-10-28,334.66119384765625,335.6722412109375,332.30206298828125,332.9761047363281,285.6175231933594,13572499,0.0,0.0,278.2684951782227,273.02406005859376,282.6460332616797,278.5957026485811,0.015504446238004871,10,4,4
2022-10-31,335.0945129394531,337.5018005371094,331.96502685546875,335.7685546875,288.0127868652344,14358449,0.008386263017390094,0.008351293685676555,278.914811706543,273.62123046875,283.4716876622266,279.29326444240724,0.015531019832440988,10,4,0
2022-11-01,336.29815673828125,337.5018005371094,334.3241882324219,336.53887939453125,288.6735534667969,20422565,0.0022942266166525727,0.0022915988970570057,279.62926788330077,274.18040649414064,284.27197470908357,279.98810066643614,0.015417666388880598,11,4,1
2022-11-02,335.5759582519531,343.0385437011719,335.5759582519531,341.4978942871094,292.92724609375,17427813,0.014735304207361022,0.014627794451525329,280.87853546142577,274.88495178222655,285.6035549221092,280.9465558832742,0.015464445510937572,11,4,2
2022-11-03,340.8720092773437,345.2051086425781,339.9090881347656,340.5831298828125,292.142578125,11149636,-0.002678712817649198,-0.002682306988765236,281.7396011352539,275.53415649414063,286.6095584917847,281.77589086414275,0.015487190659994262,11,4,3
2022-11-04,340.8720092773437,342.7978210449219,339.4276123046875,340.48681640625,292.0599975585937,8709851,-0.0002826721354221018,-0.00028271209472060475,282.4396057128906,276.15693115234376,287.4480875789861,282.53767654521323,0.015297292924913084,11,4,4
2022-11-07,341.8348999023437,343.1348571777344,337.02032470703125,340.3905334472656,291.9773864746094,10437370,-0.0002828565523347315,-0.0002828965637945111,283.240788269043,276.8077880859375,288.1449027936973,283.2369143177611,0.015165000338911673,11,4,0
2022-11-09,340.3905334472656,348.04571533203125,340.1016540527344,347.3235168457031,297.9243469238281,21404869,0.02036788026985059,0.020163229202722507,284.59743041992186,277.6064929199219,289.6494326598713,284.3248722885808,0.015569228216991297,11,4,2
2022-11-10,345.68658447265625,346.5531921386719,340.9682922363281,342.7978210449219,294.04229736328125,20071989,-0.013030319947430868,-0.01311595931881166,285.82398376464846,278.31847229003904,290.32525799885747,285.04468155337344,0.01378368219976768,11,4,3
2022-11-11,346.64947509765625,347.56427001953125,341.4978942871094,343.1348571777344,294.3314208984375,11372654,0.0009832719229474485,0.0009827888277602413,286.9080581665039,279.02549560546873,290.941590752639,285.7325881715263,0.013760379410931528,11,4,4
2022-11-14,343.1348571777344,343.71258544921875,333.7464294433594,334.3241882324219,286.7738342285156,18319254,-0.025677131740989734,-0.026012543350350303,287.67413940429685,279.4665588378906,290.3003974412354,285.80971750908105,0.013466353718714387,11,4,0
2022-11-15,336.00927734375,336.00927734375,326.5726928710937,332.4465026855469,285.1632080078125,16046491,-0.005616363937233193,-0.005632195012383375,288.2172103881836,279.9233148193359,289.5100606053242,285.7618279163945,0.012836372311531953,11,4,1
2022-11-16,332.8797912597656,333.9871520996094,328.97998046875,331.3391418457031,284.2133483886719,7897812,-0.0033309332777410328,-0.003336493185879978,288.706591796875,280.26939208984373,288.6951818027623,285.6471257291558,0.012845174236950588,11,4,2
2022-11-17,331.3391418457031,334.5649108886719,329.894775390625,330.9539794921875,283.88299560546875,10379179,-0.0011623408438626859,-0.0011630168858929577,288.84700775146484,280.51470275878904,287.95484546471715,285.51644942369745,0.011980506205096145,11,4,3
2022-11-18,330.9539794921875,331.96502685546875,327.1986083984375,328.4022521972656,281.69415283203125,8140173,-0.007710369438539644,-0.007740248019332978,288.6281265258789,280.7443194580078,286.9916619827655,285.2333163428333,0.011203859068160708,11,4,4
2022-11-21,326.5245666503906,327.39117431640625,321.9988708496094,324.69500732421875,278.5141906738281,9553090,-0.01128870488163547,-0.01135290593234592,288.1118988037109,280.9276824951172,285.68743562754435,284.73560333031435,0.011233859516845615,11,4,0
2022-11-22,324.50244140625,328.3540954589844,323.2506408691406,327.63189697265625,281.0334167480469,6746019,0.009045234169662297,0.009004571060027904,287.8909545898438,281.0986566162109,284.9714327230063,284.4613672871834,0.011251343876500243,11,4,1
2022-11-23,329.3170166015625,329.3170166015625,324.98388671875,327.1986083984375,280.6617126464844,8067471,-0.0013226331084169596,-0.0013235085596056601,287.5647003173828,281.25228515625,284.3083988650798,284.1799113878724,0.010650636196962967,11,4,2
2022-11-24,327.1986083984375,329.7984619140625,325.03204345703125,328.1133728027344,281.4463806152344,8454385,0.0027957784528249707,0.0027918775332927536,287.3354949951172,281.41499877929687,283.86808836510363,283.9774276269363,0.010593476284443886,11,4,3
2022-11-25,328.3540954589844,329.2207336425781,325.27276611328125,327.6800537109375,281.0746765136719,7200274,-0.0013206924201688564,-0.0013215653030276956,287.1083526611328,281.51246154785156,283.4383326956526,283.76240902595373,0.010428464138866203,11,4,4
2022-11-28,327.39117431640625,329.0762939453125,326.1875305175781,327.4393310546875,280.86822509765625,10284123,-0.0007345073507736277,-0.000734777233459768,286.87088775634766,281.59010131835936,283.0429315267301,283.548025031265,0.010383705661756318,11,4,0
2022-11-29,327.39117431640625,332.20574951171875,327.39117431640625,329.6058959960937,282.7266540527344,10582296,0.006616729088639195,0.006594934622617126,286.60658111572263,281.72555969238283,282.9942734538077,283.487182736559,0.01028747321859959,11,4,1
2022-11-30,328.5948181152344,331.38726806640625,326.4282531738281,327.39117431640625,280.826904296875,23425220,-0.006719386830450813,-0.006742063549657397,286.21424865722656,281.86927673339846,282.66083204504883,283.2901250743602,0.01038494534955766,11,4,2
2022-12-01,329.02813720703125,329.02813720703125,324.3098449707031,326.9578857421875,280.45526123046875,17270904,-0.0013233883959115067,-0.0013242648476774579,285.5906494140625,281.93452819824216,282.32151345819034,283.08013515999784,0.0094000753807508,12,4,3
2022-12-02,326.7652893066406,328.1615295410156,324.26171875,324.6468811035156,278.4729309082031,8711914,-0.0070682586362200706,-0.007093357114578354,284.9071670532227,281.953525390625,281.72942383511537,282.73886077097603,0.008855654149794305,12,4,4
2022-12-05,325.1283264160156,326.2838439941406,321.75811767578125,324.26171875,278.1425476074219,10090597,-0.001186410828886486,-0.0011871151713620759,284.21129455566404,281.8841455078125,281.17759672316254,282.3983931292313,0.008629388915863666,12,4,0
2022-12-06,321.7099914550781,325.6579284667969,321.7099914550781,324.79132080078125,278.5968322753906,6571118,0.0016332800280880466,0.0016319476768008533,283.5422668457031,281.7561212158203,280.7805560388899,282.1167960289468,0.008410589934369102,12,4,1
2022-12-07,325.9468078613281,328.8355407714844,324.1654052734375,327.48748779296875,280.90948486328125,10191144,0.008301072804749676,0.008266808390234005,282.69152374267577,281.65205017089846,280.80039124264243,282.0273655722308,0.00848258968248957,12,4,2
2022-12-08,327.5837707519531,329.4614562988281,324.98388671875,325.8505249023437,279.5054016113281,6439244,-0.004998347608791143,-0.005010881130240966,281.9646789550781,281.74786254882815,280.6011620685941,281.8405534269788,0.00849757014004462,12,4,3
2022-12-09,327.15045166015625,329.7984619140625,325.4653625488281,328.7392578125,281.9832458496094,8445424,0.008865103228762772,0.008826038904223388,281.3472702026367,281.8560632324219,280.8137903425964,281.8511232360625,0.00867447299507219,12,4,4
2022-12-12,328.3540954589844,331.24285888671875,327.48748779296875,330.4725036621094,283.469970703125,11646572,0.0052723871910764775,0.0052585368194152235,281.1820770263672,282.15753784179685,281.2224334749854,281.9710378632523,0.008735846429176347,12,4,0
2022-12-13,331.72430419921875,333.1686706542969,329.7021789550781,332.78350830078125,285.4523010253906,11105261,0.006993087547681354,0.006968749311357041,281.19653167724607,282.36485473632814,281.8731823288939,282.2289092085959,0.008692141984066305,12,4,1
2022-12-14,333.1686706542969,334.4685974121094,331.0021057128906,332.5909118652344,285.2871398925781,7664099,-0.0005785945049986418,-0.0005787619553929498,281.2502212524414,282.58290893554687,282.3984065694607,282.4554448148168,0.008678834909844862,12,4,2
2022-12-15,331.96502685546875,333.26495361328125,325.4653625488281,326.2838439941406,279.8770446777344,8469001,-0.018963684156533933,-0.01914580089354179,281.0499237060547,282.82161193847656,282.01050473996435,282.26445221206995,0.008837488108439581,12,4,3
2022-12-16,324.98388671875,326.3319702148437,319.0138244628906,322.67291259765625,276.7796936035156,12907968,-0.011066827855729322,-0.011128520780707219,280.80420074462893,282.8587805175781,281.20576456512606,281.8581737966215,0.009007771172246793,12,4,4
2022-12-19,324.3098449707031,329.6540222167969,322.91363525390625,327.8726501464844,281.2398986816406,8113695,0.01611463984245254,0.01598617728156072,280.9404861450195,282.92238037109377,281.21101596766675,281.8123756399562,0.009579802540148162,12,4,0
2022-12-20,327.4393310546875,328.3059387207031,324.26171875,327.5356140136719,280.9508361816406,5693354,-0.0010278146925633003,-0.0010283432562925073,280.93635711669924,283.02232238769534,281.1709883082781,281.7485579023032,0.009578273455507212,12,4,1
2022-12-21,328.3540954589844,328.5948181152344,322.0951538085937,322.7210388183594,276.82098388671875,7316532,-0.014699555093161676,-0.014808664109267016,280.74432067871095,283.1429119873047,280.5017568588074,281.38355241966735,0.008971158805749006,12,4,2
2022-12-22,323.2025146484375,324.8876037597656,317.6657409667969,320.1211853027344,274.5909423828125,6838031,-0.008055897615112939,-0.008088521687226714,280.4015487670898,283.24450622558595,279.5924007855774,280.880396120641,0.008812604365376344,12,4,3
2022-12-23,318.628662109375,319.5915832519531,313.28448486328125,314.5844116210937,269.84161376953125,10461859,-0.017296013379276443,-0.01744733681856191,279.8398956298828,283.18833984375,278.0922797061857,280.06270853907733,0.009205163650598485,12,4,4
2022-12-26,314.3918151855469,322.67291259765625,313.4289245605469,322.1914367675781,276.36676025390625,9934633,0.02418139438621969,0.02389365388464805,279.6148223876953,283.286630859375,277.8268151750658,279.78893459202766,0.009439657838710917,12,4,0
2022-12-27,323.15435791015625,323.9246826171875,317.9064636230469,320.79522705078125,275.1690979003906,6986433,-0.0043335976888656536,-0.004343014940230767,279.2369445800781,283.30397705078127,277.41793559434655,279.4467244667212,0.009421797213114282,12,4,1
2022-12-28,320.50634765625,322.5765991210937,319.2063903808594,321.9988708496094,276.2015380859375,8035558,0.003752020824375535,0.0037449995514035428,279.00567626953125,283.3394934082031,277.23079751612977,279.2063402903669,0.009453838745464,12,4,2
2022-12-29,321.9507141113281,323.2987976074219,319.2545471191406,322.91363525390625,276.9862365722656,8417520,0.002841035903587086,0.0028370077886269622,278.8322250366211,283.257724609375,277.1931727555353,279.0418881631001,0.00947837038042521,12,4,3
2022-12-30,322.9617614746094,324.26171875,318.2434997558594,319.2545471191406,273.8475036621094,7228324,-0.011331728785510808,-0.011396422012530685,278.60095367431643,283.0132391357422,276.67845443346977,278.6571189408045,0.009592104747306828,12,4,4
2023-01-02,318.628662109375,321.6136779785156,317.4250183105469,320.50634765625,274.9212646484375,6181118,0.0039210179825228675,0.003913350827014544,278.4398895263672,282.73488952636717,276.4081175434648,278.38038899322174,0.009424389689116875,1,1,0
2023-01-03,319.2063903808594,320.98779296875,318.00274658203125,318.8212280273437,273.4758605957031,6228015,-0.005257520019714468,-0.005271389411856196,278.1838409423828,282.49536071777345,275.957001089963,278.01709059340556,0.009291467808271382,1,1,1
2023-01-04,319.5434265136719,320.1693115234375,313.9103698730469,314.873291015625,270.08941650390625,6947412,-0.012382972611989618,-0.012460280481114689,277.64283752441406,282.1534130859375,275.0542957690312,277.42985547566485,0.009526644165705776,1,1,2
2023-01-05,316.46209716796875,321.51739501953125,316.0287780761719,321.0840759277344,275.4168701171875,8486143,0.019724777380176306,0.019532764788702146,277.438410949707,281.94114074707034,275.11007643797836,277.28074544911095,0.010247745281494386,1,1,3
2023-01-06,322.2877197265625,325.03204345703125,320.7470703125,322.624755859375,276.7384033203125,8603181,0.004798301580301478,0.0047868264241399845,277.17616882324216,281.76355834960935,275.36058826602977,277.2405719580889,0.010295152453932921,1,1,4
2023-01-09,324.45428466796875,328.6429748535156,323.6839599609375,325.51348876953125,279.21630859375,11027747,0.008953962455906073,0.008914113428557007,276.96348571777344,281.6355340576172,275.95377600875594,277.38692281998965,0.010437446887837156,1,1,0
2023-01-10,325.3690490722656,325.8505249023437,320.21746826171875,321.03594970703125,275.37554931640625,7217255,-0.01375549765229478,-0.013850981136494234,276.4596481323242,281.38278930664063,275.86481805608673,277.2379321900946,0.010643110400470055,1,1,1
2023-01-11,322.67291259765625,322.67291259765625,319.0138244628906,319.4952697753906,274.05401611328125,4760847,-0.004799021577644003,-0.004810573856270453,275.8979919433594,281.0903985595703,275.586233141809,277.0020865547751,0.010612154793223515,1,1,2
2023-01-12,321.03594970703125,321.228515625,315.9324951171875,317.6175842285156,272.443359375,6894087,-0.005877150647613516,-0.005894489064515686,275.5263076782227,280.6807208251953,275.10271410076143,276.6644030599769,0.010652993479506502,1,1,3
2023-01-13,317.6175842285156,319.9285888671875,314.2955322265625,316.5583801269531,271.5348205566406,14967746,-0.0033347805593192392,-0.0033403533327754763,275.2640640258789,280.2685656738281,274.55380740166595,276.28443398565565,0.010600259086597667,1,1,4
2023-01-16,318.0990600585937,319.88043212890625,315.40289306640625,317.9546203613281,272.7325134277344,8571826,0.004410826090880393,0.004401126907958974,274.8386947631836,279.88201599121095,274.2736083287534,276.02132875914293,0.010642152093982183,1,1,0
2023-01-17,317.9546203613281,321.1322326660156,316.8954162597656,319.9285888671875,274.4257202148437,14240647,0.0062083055878776605,0.006189113451546016,274.51243896484374,279.53098266601563,274.2970101573827,275.9031355336393,0.010707833475110812,1,1,1
2023-01-18,321.6136779785156,324.0691223144531,320.0730285644531,322.2395935058594,276.40802001953125,13039078,0.007223447580407605,0.007197483441688225,274.4917907714844,279.1006561279297,274.62178090540556,275.9405343844461,0.010679243027977264,1,1,2
2023-01-19,321.6136779785156,323.2025146484375,319.350830078125,319.8323059082031,274.3431701660156,8667564,-0.007470296460174053,-0.007498338868800593,274.47940216064455,278.70667358398435,274.57891771473015,275.82221110900684,0.010724720956223252,1,1,3
2023-01-20,319.6878662109375,322.7691955566406,317.03985595703125,322.1914367675781,276.36676025390625,13608325,0.007376127084432582,0.007349056494951366,274.80565948486327,278.3473803710938,274.8539704130649,275.8625480827031,0.010682935554003353,1,1,4
2023-01-23,323.5395202636719,325.6098022460937,320.69891357421875,325.224609375,278.968505859375,7399204,0.00941410465961412,0.009370068136894623,274.93574676513674,278.19127380371094,275.4869758663434,276.0926190291232,0.010787893476950085,1,1,0
2023-01-24,325.27276611328125,328.1133728027344,325.0802001953125,326.380126953125,279.95965576171875,12776694,0.0035529096708979413,0.003546612997267491,275.17527465820314,278.0872027587891,276.17508046563194,276.3790661945007,0.010723841278864357,1,1,1
2023-01-25,326.3319702148437,328.3540954589844,322.8173217773437,326.66900634765625,280.2074279785156,12978859,0.0008850282949617316,0.0008846368883405558,275.37556915283204,278.00708435058596,276.7954416214602,276.6626485488722,0.010727232861079097,1,1,2
2023-01-27,329.1244201660156,335.9129943847656,328.8355407714844,333.1686706542969,285.7826538085937,21850457,0.019896781003626796,0.01970142708112715,275.8153900146484,278.0450775146484,278.17808965025,277.3382044940368,0.010772360798830932,1,1,4
2023-01-30,334.0353088378906,338.7054443359375,329.1725769042969,332.01318359375,284.7915344238281,14634225,-0.003468087973699685,-0.0034741157313608064,276.36259155273433,278.1070251464843,279.19554269233896,277.89030300735465,0.010572354436410155,1,1,0
2023-01-31,333.1686706542969,341.8348999023437,328.4022521972656,339.2831726074219,291.02752685546875,17794183,0.021896691712613103,0.02166040224220891,277.1679046630859,278.35729187011714,281.0158479482051,278.86343069980757,0.010904771416733062,1,1,1
2023-02-01,339.9090881347656,352.1380920410156,316.8954162597656,347.99755859375,298.5024719238281,67003785,0.025684666839338677,0.02536035724741235,278.41923522949213,278.70667297363275,283.7060977906086,280.31817449417946,0.01177278044725407,2,1,2
2023-02-02,348.1901550292969,370.4335021972656,347.03466796875,364.5597229003906,312.70904541015625,57892084,0.04759281688613082,0.046494976894551086,280.55021667480463,279.3476196289062,288.1680897320775,282.7174982657333,0.013993587278111569,2,1,3
2023-02-03,367.7373352050781,368.0743408203125,358.2044677734375,366.53369140625,314.4022216796875,23153980,0.005414542029989811,0.005399936096532177,282.4994842529296,280.00673645019526,292.2041100317098,285.06451481491507,0.013802742320912388,2,1,4
2023-02-06,368.3150939941406,373.8037109375,365.5226135253906,369.18170166015625,316.6736755371094,26783409,0.007224674957087451,0.007198702015317513,284.4962478637695,280.718716430664,295.96865857100204,287.4059341276702,0.013172170969082065,2,1,0
2023-02-07,369.66314697265625,369.66314697265625,354.7861328125,359.4081115722656,308.2901611328125,21438758,-0.02647367006454715,-0.02683040786336937,285.9499404907226,281.26715515136715,297.8642743497421,288.9529139058289,0.013911690946549626,2,1,1
2023-02-08,360.85247802734375,363.3079223632813,357.7711486816406,361.6228332519531,310.1898193359375,10821785,0.006161916410646118,0.006143009432779838,287.69065399169915,281.8164184570312,299.760512039926,290.5260180117629,0.013833328905704545,2,1,2
2023-02-09,360.1303100585937,365.9078063964844,358.3489074707031,360.37103271484375,309.1160583496094,12318006,-0.0034616254931475465,-0.0034676307813860593,289.44375610351557,282.3822015380859,301.19982685680037,291.9030580367886,0.013901980702901802,2,1,3
2023-02-10,358.3970642089844,362.9708862304688,356.5675048828125,357.5785827636719,306.7208251953125,10674456,-0.007748653263389693,-0.0077788300645441795,291.1576293945312,282.9075128173828,302.04921121657145,293.00067041890145,0.014062065353908953,2,1,4
2023-02-13,359.1673889160156,361.2376403808594,356.27862548828125,360.3228759765625,309.07476806640625,10282470,0.007674545311994407,0.0076452458005915715,293.0346267700195,283.51954956054686,303.130066116546,294.19134431871663,0.013796475841393062,2,1,0
2023-02-14,361.0932312011719,373.2741088867188,359.8895568847656,372.11859130859375,319.1928100585937,30246745,0.03273655127361774,0.032212124962178804,295.3576416015625,284.3405548095703,305.6012574922457,296.0433047438927,0.014751256362273826,2,1,1
2023-02-15,367.5928955078125,368.652099609375,364.5115661621094,368.0262145996094,320.8559875488281,12679568,0.005210573164004195,0.005197045099952112,297.67915496826174,285.185737915039,307.94813903941224,297.88128124796197,0.014621202198147899,2,1,2
2023-02-16,367.8336181640625,370.9631042480469,366.8706970214844,368.36322021484375,321.1497802734375,10151755,0.0009156529284486403,0.0009152339740310067,299.916242980957,285.99054382324215,309.97916076772384,299.60487376836755,0.014259251599933308,2,1,3
2023-02-17,366.9188537597656,370.2890625,365.18560791015625,369.18170166015625,321.86334228515625,7967611,0.0022218978668184786,0.002219433102048375,302.29225158691406,286.8377026367187,311.80749638579033,301.2536492140556,0.014029709988393795,2,1,4
2023-02-20,370.4335021972656,373.1296691894531,367.1595764160156,369.8075866699219,322.4089660644531,8105569,0.0016952032357058222,0.0016937680004819825,304.59436187744143,287.6462170410156,313.43849172096924,302.82070972149245,0.014044983828120512,2,1,0
2023-02-21,370.7223815917969,371.5889892578125,367.5447387695313,368.0743408203125,320.8979187011719,8577674,-0.004686741134175443,-0.004697758342083915,306.6908325195312,288.39477600097655,314.58609587176966,304.1597622385057,0.01413970262469292,2,1,1
2023-02-22,367.8336181640625,370.6260681152344,365.9078063964844,369.6150207519531,322.2410888671875,9306194,0.004185661818724373,0.004176926303751478,308.8049041748047,289.13055175781244,315.76378710183394,305.4991197665562,0.01370294866580631,2,1,2
2023-02-23,370.1927795410156,379.38861083984375,368.892822265625,373.2259521484375,325.38922119140625,19555814,0.009769493813733598,0.009722080859321604,311.0639938354492,289.932593383789,317.2446231156143,306.97246061284136,0.013588836835325786,2,1,3
2023-02-24,374.5740356445313,374.5740356445313,366.8706970214844,370.8186645507813,323.2904968261719,13407431,-0.006449889020754718,-0.006470779430609597,312.93938598632815,290.80086242675776,318.1747575326231,308.18120403605104,0.013606239510002045,2,1,4
2023-02-27,370.8186645507813,372.4556274414063,364.0782470703125,368.0262145996094,320.8559875488281,8455904,-0.007530407794983041,-0.007558904466940825,314.74260864257815,291.682388305664,318.5872544581931,309.1200768888493,0.013724511156089974,2,1,0
2023-02-28,368.3150939941406,370.0001831054688,361.0932312011719,362.7301635742188,316.2386474609375,16997837,-0.01439069323020803,-0.014495243502139514,316.00316467285154,292.38236328125,318.2259303047692,309.6473784127077,0.01420480774112075,2,1,1
2023-03-01,360.37103271484375,366.29296875,359.7451477050781,364.656005859375,317.9176940917969,8065784,0.005309428952913642,0.005295383628178664,316.97392578125,293.1217004394531,318.1785093489273,310.25999438893655,0.014203210824865378,3,1,2
2023-03-02,365.4263305664063,365.66705322265625,360.8043518066406,361.6228332519531,315.27325439453125,5212922,-0.008318000999661401,-0.008352788613227339,317.1021362304688,293.89074584960935,317.731547048251,310.6313469819435,0.014401813447280283,3,1,3
2023-03-03,363.01904296875,371.1075439453125,362.1524353027344,370.6742248535156,323.16455078125,8495772,0.02503002166128443,0.024721901587087994,317.5402526855469,294.8622180175781,318.56739377640474,311.5597324485588,0.01469028162733671,3,1,4
2023-03-06,371.5889892578125,377.9442443847656,370.9631042480469,373.7555541992188,325.8509216308594,11126980,0.008312702748847434,0.008278342521597055,317.9991149902344,295.9824041748046,319.6879365232439,312.6183390546551,0.0146952304099305,3,1,0
2023-03-08,373.6111145019531,378.5701293945313,370.8186645507813,377.8479309082031,329.4188232421875,9261146,0.010949490624335256,0.010889978972630736,319.0555480957031,297.0434454345703,321.184996018466,313.86281936484266,0.014711605510247399,3,1,2
2023-03-09,377.55908203125,379.0034484863281,371.3482666015625,373.1296691894531,325.3052673339844,10005328,-0.01248731286122906,-0.012565934553927322,319.81132049560546,298.04616882324217,321.81888391316113,314.7104081032976,0.015077741801734351,3,1,3
2023-03-10,372.6000671386719,375.7295227050781,369.2779846191406,373.6111145019531,325.7250061035156,8684320,0.0012902919555259906,0.0012894602442174766,320.64176788330076,299.0366381835937,322.4198257886003,315.5263042514619,0.015073993018795034,3,1,4
2023-03-13,374.7666015625,376.403564453125,368.3150939941406,369.4224243164063,322.0732116699219,9130473,-0.01121128057461207,-0.011274600691897337,321.4093872070313,299.9383776855468,322.3665005395728,316.011260356533,0.015093720347810861,3,1,0
2023-03-14,371.39642333984375,372.11859130859375,363.2116394042969,365.6189270019531,318.7572021484375,10623744,-0.010295825300996486,-0.010349193942481625,321.8935089111328,300.8365716552734,321.8112238640136,316.2146634522296,0.015262331691076094,3,1,1
2023-03-15,366.8706970214844,370.04833984375,363.9819641113281,365.3300476074219,318.5053100585937,8748113,-0.0007902318383585794,-0.0007905442361263745,321.8591339111328,301.70825256347655,321.30262174010284,316.38434097862694,0.014896203524091526,3,1,2
2023-03-16,366.4855346679688,368.170654296875,362.8746032714844,367.3040161132813,320.226318359375,16315136,0.005403389665512126,0.005388843730284583,321.82765045166013,302.64326171874995,321.13703660460624,316.6689318957194,0.014284379427046585,3,1,3
2023-03-17,370.7223815917969,370.7223815917969,355.9416198730469,361.6228332519531,315.27325439453125,50787703,-0.015467385660928534,-0.015588253631385045,321.53382415771483,303.54693847656245,320.2349162645947,316.56554837711286,0.01184211538695498,3,1,4
2023-03-20,359.4562683105469,365.2818908691406,358.2044677734375,364.7522888183594,318.00164794921875,10512002,0.008654059666200586,0.008616827941360341,321.34073944091796,304.3986340332031,319.8913365237676,316.6719261231948,0.011904590870816913,3,1,0
2023-03-21,364.7522888183594,364.7522888183594,360.1784362792969,362.9708862304688,316.44854736328125,12057999,-0.00488393879702631,-0.0048959042008770775,321.0427185058594,305.19283691406247,319.36167665292356,316.65537954838635,0.011872125017223659,3,1,1
2023-03-22,362.9708862304688,364.8004455566406,360.3228759765625,363.7412414550781,317.12017822265625,4958761,0.0021224014613787645,0.0021201523491809282,320.8538314819336,305.9509143066406,319.01683074057473,316.6898090798137,0.010766067931798413,3,1,2
2023-03-23,363.01904296875,368.5558166503906,360.5154724121094,366.53369140625,319.5546875,10127917,0.007676929582306258,0.007647611909274403,320.7195114135742,306.83449707031247,319.0995779343325,316.9020222961238,0.010794643931375986,3,1,3
2023-03-24,367.3521728515625,368.7965393066406,363.9819641113281,364.656005859375,317.9176940917969,10317108,-0.005122733204166008,-0.005135899385711192,320.34593505859374,307.7117706298828,318.9177496508655,316.9772572439514,0.010822796235213102,3,1,4
2023-03-27,363.9338073730469,370.1446228027344,362.3931579589844,366.1003723144531,319.177001953125,11232922,0.003961112843767989,0.003953288292102647,320.14026031494143,308.64644348144526,318.9576346204439,317.14020129648276,0.010707214383040717,3,1,0
2023-03-28,366.1003723144531,368.170654296875,364.12640380859375,365.66705322265625,318.79913330078125,9523719,-0.0011838843338695115,-0.0011845856785227793,320.03741760253905,309.5917297363281,318.93324980203425,317.263085148653,0.010649713304840776,3,1,1
2023-03-29,366.1003723144531,369.7594604492188,363.1634826660156,368.5558166503906,321.317626953125,10551626,0.007899938830660425,0.007868897688803889,320.29136657714844,310.5634320068359,319.3000770560482,317.5634215786138,0.00893127577851699,3,1,2
2023-03-31,367.8336181640625,370.2409057617188,365.9078063964844,369.2779846191406,321.947265625,9877493,0.001959552228259387,0.001957634810236982,320.4928451538086,311.51386291503906,319.70733683588696,317.888150767235,0.008888754497734262,3,1,4
2023-04-03,369.7594604492188,369.7594604492188,364.4634094238281,364.84857177734375,318.0855712890625,7331070,-0.011994803957849243,-0.012067322096124078,320.63346099853516,312.3474139404297,319.4578344440678,317.9027745095926,0.00915889668638798,4,2,0
2023-04-05,364.84857177734375,372.69635009765625,364.84857177734375,372.0704650878906,324.3818054199219,12055499,0.019794151948934635,0.019600795114665243,320.69432373046874,313.34818664550784,320.2153684403531,318.3827027251725,0.009859464593317383,4,2,2
2023-04-06,372.3111877441406,375.8258056640625,369.9520263671875,372.9852294921875,325.1793518066406,13394394,0.0024586656014393693,0.0024556480282929677,320.66074523925784,314.3244384765625,320.9790581890127,318.8861582126887,0.00986415632592262,4,2,3
2023-04-10,372.9852294921875,375.5369567871094,370.4816284179688,374.1407165527344,326.1867370605469,7044256,0.003097937333072842,0.003093148612767593,320.49914093017577,315.26880310058596,321.7802395538641,319.42694183104857,0.00982990908399423,4,2,0
2023-04-11,374.1407165527344,383.3365478515625,373.6111145019531,381.3144226074219,332.4410095214844,18939829,0.019173901787970626,0.018992398941945255,320.8559280395508,316.31843017578126,323.420358010421,320.39094684515493,0.010384142150231427,4,2,1
2023-04-12,382.9995422363281,383.0476989746094,377.55908203125,378.9552917480469,330.3841857910156,10122932,-0.006187033703902389,-0.006206252710363327,321.0888870239258,317.32196533203125,324.4917161305125,321.1311867670706,0.01033283328394756,4,2,2
2023-04-13,380.8329772949219,381.8921813964844,379.0997314453125,380.9292602539063,332.10516357421875,6292395,0.005209019853909425,0.005195499840345445,321.5904846191406,318.24841552734375,325.66301573723655,321.9440739379705,0.01027923050959232,4,2,3
2023-04-17,378.3294067382813,387.0919189453125,378.3294067382813,385.310546875,335.9249572753906,11466474,0.011501759442888781,0.011436117063486694,322.4488723754883,319.271083984375,327.24177597387563,322.9796949259275,0.01032512807355082,4,2,0
2023-04-18,385.1661071777344,387.0919189453125,382.27734375,383.7217102050781,334.53973388671875,9860308,-0.004123609629683611,-0.004132135153231567,323.2505935668945,320.141328125,328.36453872969764,323.8359941082083,0.009940417576208468,4,2,1
2023-04-19,381.3625793457031,386.4660339355469,381.3144226074219,383.9624633789063,334.7496032714844,10119480,0.0006273376926779761,0.0006271409986457366,323.9767578125,320.86627075195315,329.346856351511,324.64440960178433,0.009922180758643573,4,2,2
2023-04-20,385.1661071777344,387.71783447265625,382.9513854980469,385.4549865722656,336.0508728027344,6924577,0.0038872922283783584,0.0038797562313789293,325.01563873291013,321.3331072998047,330.3782434978531,325.48933280185474,0.009742946655441908,4,2,3
2023-04-21,385.4549865722656,393.8323364257813,384.2513427734375,393.1101379394531,342.7248229980469,14801099,0.019859940072913362,0.01966530421379031,326.2517974853516,321.89955932617187,332.2777172671137,326.76603577935043,0.009363066626180012,4,2,4
2023-04-24,394.7952575683594,394.7952575683594,389.2103271484375,393.54345703125,343.1026306152344,6212135,0.0011023643221479418,0.0011017571647633625,327.5845016479492,322.4281384277344,333.9430885514399,327.97615391534185,0.009287756484571667,4,2,0
2023-04-25,393.54345703125,398.2135925292969,392.2916564941406,396.2877807617188,345.4952087402344,9180650,0.0069733598973280575,0.006949158468243488,329.0032531738281,323.1722393798828,335.72033781125447,329.2738616801487,0.009179882792065892,4,2,1
2023-04-26,396.7210693359375,397.6839904785156,393.8804931640625,396.9618225097656,346.0828552246094,7914219,0.0017008817184982483,0.0016994368573147254,330.3296615600586,323.8901000976563,337.3145712594629,330.51897231307174,0.008784446399270809,4,2,2
2023-04-27,396.9136657714844,401.92083740234375,395.7581787109375,400.57275390625,349.2309265136719,13100076,0.009096293680943557,0.009055171585895418,331.8953231811523,324.6923974609375,339.14785668318734,331.9050429945977,0.008874685316497747,4,2,3
2023-04-28,402.4985656738281,412.3684387207031,398.3580322265625,409.7685852050781,357.2481689453125,13208557,0.022956851249331667,0.02269730743804097,333.7988815307617,325.7029443359375,341.93252010812967,333.7823115835395,0.009256776834018708,4,2,4
2023-05-02,410.201904296875,411.164794921875,405.5798950195313,408.7093811035156,356.32470703125,10648421,-0.00258493113285585,-0.002588277835911997,335.67516021728517,326.6479431152344,344.14670271168666,335.4521186537403,0.008962824496535233,5,2,1
2023-05-03,408.2760620117188,412.6091918945313,406.39837646484375,411.3092346191406,358.59130859375,7607609,0.006361056412238053,0.006340910281546348,337.5388442993164,327.4359130859375,346.36894977046563,337.16613272337065,0.00893270021491658,5,2,2
2023-05-04,409.5278625488281,411.164794921875,408.2760620117188,408.8538208007813,356.4506225585937,8292456,-0.005969709761096009,-0.005987599712489606,339.2640121459961,328.14780578613284,347.9199763532546,338.59461345190573,0.009110550389505735,5,2,3
2023-05-05,410.15374755859375,415.8830871582031,408.6130981445313,412.8499145507813,359.9345397949219,12890455,0.009773912614658098,0.00972645689888623,341.35646057128906,328.9235009765625,349.76837072889566,340.1753487365736,0.008427048747614841,5,2,4
2023-05-08,415.0164794921875,417.3756103515625,413.42767333984375,415.4497680664063,362.201171875,7522610,0.006297345293312384,0.00627759986692958,343.24742889404297,329.7302575683594,351.6811093667579,341.8068911912718,0.008397535823780205,5,2,0
2023-05-09,416.7497253417969,417.0867309570313,405.8687744140625,408.0834655761719,355.7789611816406,10377820,-0.017731059952439288,-0.01789013842093198,344.777409362793,330.3976574707031,352.31154810750905,342.8418593387065,0.00917765623932628,5,2,1
2023-05-10,408.2279052734375,410.5389099121094,406.5428161621094,409.5759887695313,357.0802307128906,10130159,0.003657522431703475,0.003650849961391547,346.3220840454102,331.1213037109375,353.04519158526006,343.896553514572,0.009171374274056827,5,2,2
2023-05-11,411.4055480957031,411.5499877929688,403.3652038574219,404.8095703125,352.9247436523437,16597954,-0.01163740443499417,-0.011705649002412794,347.3462707519531,331.73497680664065,353.0266611340421,344.5653083395921,0.009573759877924078,5,2,3
2023-05-12,404.8095703125,407.0242614746094,400.6208801269531,404.8577270507813,352.9667663574219,11564770,0.00011906987490672982,0.00011906278665183417,348.47539978027345,332.2865277099609,353.01744655302366,345.18763856313507,0.009460763253055483,5,2,4
2023-05-15,404.4244079589844,412.8017578125,403.5096435546875,411.9351501464844,359.13702392578125,9503538,0.0174811289800334,0.01733009170565571,349.8269927978516,333.00345825195313,353.9589199949864,346.2209263677755,0.009797763565279873,5,2,0
2023-05-16,414.0535583496094,414.0535583496094,407.7946166992188,408.2279052734375,355.90496826171875,8302077,-0.00899950561691587,-0.009040245779332904,350.825993347168,333.7044378662109,354.2583120360222,346.9382628043639,0.010040859341907574,5,2,1
2023-05-17,408.4205017089844,413.04248046875,406.927978515625,411.7425537109375,358.9691162109375,9844782,0.008609455395310661,0.008572605388814117,352.0474624633789,334.5590472412109,354.9830511398553,347.8294371307768,0.010051860888337729,5,2,2
2023-05-18,414.0535583496094,416.4126892089844,402.5948791503906,404.1355285644531,352.3370666503906,24919291,-0.018475265032688037,-0.018648064393851655,352.92683563232424,335.2474346923828,354.5759766030146,348.1633356137111,0.01083887442294611,5,2,3
2023-05-19,405.3391723632813,407.4094543457031,396.0951843261719,404.2799682617188,352.4630126953125,26759905,0.0003574589699550934,0.00035739509671841365,353.7474426269531,335.9912298583984,354.2509052325989,348.4818302123483,0.010475474053810439,5,2,4
2023-05-22,406.3020935058594,409.9611511230469,403.5577697753906,408.9982604980469,356.5765686035156,16015615,0.011670886759851617,0.011603307261193479,354.4400299072266,336.65947021484374,354.6086995973553,349.0814404635459,0.010138802617044435,5,2,0
2023-05-23,410.201904296875,415.20904541015625,408.4686584472656,413.2350769042969,360.2703552246094,9068926,0.010359027895635364,0.01030574085154701,355.2984161376953,337.34785888671877,355.4797235400098,349.91024896436545,0.010220915479813361,5,2,1
2023-05-24,412.4165954589844,418.6274108886719,411.164794921875,417.42376708984375,363.922119140625,11921823,0.01013617652148735,0.010085150003754356,356.21976165771486,338.0379248046875,356.7785536324121,350.948165273718,0.010292554897598019,5,2,2
2023-05-25,420.7458190917969,426.0418395996094,418.675537109375,424.7900695800781,370.3442993164063,18905572,0.01764712788259981,0.017493225309029147,357.4328338623047,338.93870544433594,358.8655914299497,352.38491594354673,0.010216936002818368,5,2,3
2023-05-26,426.9566040039063,428.2565612792969,423.2012634277344,427.1492004394531,372.4010620117188,13496209,0.0055536502090323125,0.005538285554073326,358.59134063720705,339.8722265625,360.9479715194526,353.867593430078,0.010050409455293374,5,2,4
2023-05-29,428.4972839355469,435.0451049804688,427.6306457519531,432.4452209472656,377.018310546875,20589822,0.012398591212962051,0.01232235815582311,359.57984771728513,340.97112854003905,363.4203313698253,355.58246136465556,0.010164141500881003,5,2,0
2023-05-30,424.6456298828125,434.7080993652344,424.6456298828125,433.215576171875,386.1734008789063,19627897,0.02428287983878441,0.02399273830991697,361.072282409668,342.31945251464845,366.9208036019916,357.8484568842297,0.010729146855134306,5,2,1
2023-05-31,432.6378173828125,435.2377014160156,426.0418395996094,428.9787292480469,382.3966674804688,14821960,-0.009779890043803863,-0.009828027276797296,362.2625503540039,343.59727966308594,369.30170573714196,359.6668428543215,0.010937462054987824,5,2,2
2023-06-01,430.4231262207031,430.4231262207031,422.71978759765625,423.3938293457031,377.418212890625,9142172,-0.013019084665789049,-0.013104575769833081,363.3109298706055,344.7411175537109,370.55039914537014,360.98175915330694,0.01137994808468562,6,2,3
2023-06-02,423.6827087402344,428.4010009765625,423.4901123046875,426.9566040039063,380.5941162109375,9558309,0.008414812035668406,0.008379604874750536,364.3439086914062,346.04753479003904,372.09558638622667,362.4345263427611,0.011407436265059336,6,2,4
2023-06-05,428.4972839355469,430.2786865234375,423.7789916992188,424.30859375,378.2336120605469,7427630,-0.006202156181212115,-0.0062214694492068266,365.1455307006836,347.25217407226563,373.0398980284298,363.604828988523,0.011165145069364453,6,2,0
2023-06-06,424.4530334472656,427.1492004394531,424.06787109375,426.3788757324219,380.0791320800781,6703067,0.004879312574779471,0.004867447309749969,366.3605392456055,348.52478576660155,374.1228571132988,364.82514773604566,0.011160200351646546,6,2,1
2023-06-07,427.5343627929688,429.1231689453125,426.3307189941406,427.4862365722656,381.0662231445313,7833952,0.002597067245052598,0.0025937006934291696,367.5598388671875,349.80370666503904,375.1910672719499,366.02819035889644,0.01114151699511387,6,2,2
2023-06-08,429.17132568359375,429.219482421875,425.5122375488281,426.4751586914063,380.1649475097656,7294955,-0.0023651417523401497,-0.0023679431180508373,368.9218490600586,351.0159118652344,375.95627961622927,367.0753575552571,0.011186679450128358,6,2,3
2023-06-09,419.0125732421875,428.2084045410156,419.0125732421875,422.190185546875,376.3452758789063,7329661,-0.01004740614798838,-0.010098221997992618,370.09077453613287,352.18446350097656,376.01612519510263,367.7620181718237,0.011382802224289688,6,2,4
2023-06-12,423.6827087402344,424.5974731445313,417.7607727050781,420.7458190917969,375.0577697753906,9054977,-0.0034210768303358785,-0.0034269420945089424,370.8868118286133,353.30207885742186,375.86868589976234,368.3024442165323,0.010754186984907231,6,2,0
2023-06-13,424.6456298828125,429.8453674316406,422.0457458496094,428.8824462890625,382.3108215332031,16732376,0.019338492206563584,0.0191538798526677,372.20710449218757,354.5723126220703,376.8597836895225,369.34010179554497,0.011190494613488975,6,2,1
2023-06-14,429.700927734375,431.1452941894531,427.2936401367188,428.0158386230469,381.538330078125,9039402,-0.0020205848528696,-0.0020226289884738677,373.3355651855469,355.7767266845703,377.5795600569998,370.24367426092124,0.011193067921159488,6,2,2
2023-06-15,428.4972839355469,432.1082153320313,428.2565612792969,431.4823303222656,384.62835693359375,7787525,0.00809886350038802,0.008066243709191585,374.9501296997071,357.0303485107422,378.66399034570657,371.30920631074883,0.01113657777825041,6,2,3
2023-06-16,432.3489379882813,438.7041931152344,431.2897338867188,436.2969055175781,388.920166015625,12181426,0.011158327264914059,0.011096532391270186,376.7729873657227,358.4470404052734,380.24186352569404,372.6137218444434,0.01117015112875649,6,2,4
2023-06-19,437.8857116699219,438.9930725097656,435.4784240722656,436.7783508300781,389.3492736816406,4350517,0.0011033309751244946,0.0011027227528433718,378.41162261962893,359.7463897705078,381.64300354968583,373.8533923509024,0.011151831230041034,6,2,0
2023-06-20,437.933837890625,437.933837890625,433.456298828125,436.0561828613281,388.70556640625,4644353,-0.0016532900377694837,-0.0016546582299642764,379.83338317871096,361.0169140625,382.72955168146495,374.9535533920393,0.010515620258857416,6,2,1
2023-06-21,435.2377014160156,437.3561096191406,428.5454406738281,430.4712524414063,383.7271118164063,6292873,-0.012807777968995016,-0.012890504679915404,380.8236328125,362.1677215576172,382.88302247145594,375.60344660865906,0.010903103804413065,6,2,2
2023-06-22,431.3860168457031,432.974853515625,429.3157653808594,431.0490112304688,384.24212646484375,6892713,0.001342137765558471,0.0013412379037366366,381.51852416992193,363.20374389648435,383.09211539351566,376.2433488202283,0.010577088980757432,6,2,3
2023-06-23,430.9045715332031,431.0490112304688,426.2825927734375,428.2565612792969,381.7529296875,6325479,-0.006478198526135626,-0.00649927312045082,381.986117553711,364.2311187744141,382.8860868233594,376.6514659215077,0.010704540965243125,6,2,4
2023-06-26,430.3268127441406,434.6599426269531,427.5343627929688,429.17132568359375,382.5683288574219,5688287,0.002135934282388785,0.0021336564177621914,382.26361846923834,365.2403820800781,382.8372009824459,377.08975206490874,0.010332666568834411,6,2,0
2023-06-27,429.5564880371094,430.6156921386719,426.71588134765625,428.5935668945313,382.0533142089844,5052984,-0.0013462030429326477,-0.0013471099882954977,382.05761413574226,366.16294921875,382.716603017298,377.45742333484026,0.010140317603068003,6,2,1
2023-06-28,428.4972839355469,433.8896179199219,428.0158386230469,432.68597412109375,385.7013549804688,12548096,0.009548512303937162,0.009503213390196785,382.2228485107422,367.186181640625,383.17579562701656,378.0680849382201,0.010161523821075352,6,2,2
2023-06-30,433.3118591308594,435.1895446777344,430.0379333496094,434.8525390625,387.6325988769531,9456776,0.005007096479041628,0.0049946026592848575,382.7335678100586,368.24384155273435,383.8614576654683,378.77656745220037,0.009367732753277966,6,2,4
2023-07-03,434.8525390625,448.67034912109375,433.3600158691406,446.0704956054688,397.6324462890625,11111199,0.02579723026670333,0.025470095897932647,383.5854843139649,369.47547302246096,385.98007129986746,380.1732992178939,0.010212150665678816,7,3,0
2023-07-04,447.7555847167969,450.6443481445313,442.7484436035156,449.0555114746094,400.2933349609375,8022597,0.0066918298461504655,0.00666953894217144,384.6884704589844,370.62684326171876,388.18211186310896,381.6636722358971,0.0101245734811879,7,3,1
2023-07-05,449.0555114746094,462.8252258300781,447.08154296875,457.4810180664063,407.8038940429688,16878943,0.01876263836060188,0.01858879124872274,386.07470855712893,371.9208685302734,391.20084758308735,383.59998496234687,0.010421019471275703,7,3,2
2023-07-06,459.6475830078125,459.69573974609375,453.0516357421875,456.3255310058594,406.7738952636719,9835812,-0.0025257208043932833,-0.0025289158181264456,387.36009216308594,373.14644226074216,393.596701072408,385.31657091059316,0.010428370513062488,7,3,3
2023-07-07,455.45892333984375,457.8662109375,450.2591552734375,451.0295104980469,402.0529479980469,7605499,-0.011605826530645125,-0.01167369979667702,388.4544921875,374.2658441162109,394.8976621378909,386.55630254670086,0.010453635445699562,7,3,4
2023-07-10,452.5701599121094,453.4367980957031,446.5037841796875,448.5740661621094,399.86419677734375,6772454,-0.005443937748999539,-0.005458809978325481,389.63043823242185,375.27850952148435,395.6617443901144,387.5420724897115,0.010545968610816667,7,3,0
2023-07-11,448.718505859375,456.951416015625,448.718505859375,455.6033630371094,406.1301574707031,8783282,0.015670221899982906,0.015548711723149103,391.1840576171875,376.2561492919922,397.27226947943575,388.9189676734886,0.010668828207668438,7,3,1
2023-07-12,460.0327453613281,460.0327453613281,453.0034790039063,454.7848815917969,405.4005432128906,12816220,-0.0017965035208328262,-0.0017981191685842236,392.3385437011719,377.237666015625,398.5227731307365,390.13982512085175,0.009868308635250836,7,3,2
2023-07-13,456.3255310058594,459.0698547363281,453.5330810546875,454.4960021972656,405.1430358886719,8214385,-0.000635192351194025,-0.0006353941713231262,393.5187789916992,378.16870056152345,399.54127509349576,391.2511740666162,0.009641128133217266,7,3,3
2023-07-14,455.45892333984375,457.3847351074219,453.8700866699219,455.3626098632813,405.9155883789063,5277090,0.0019068635563237457,0.0019050477999125897,394.58314056396483,379.1579998779297,400.5219386758666,392.3374269786377,0.009216583764600956,7,3,4
2023-07-17,456.9032897949219,458.1550598144531,453.1479187011719,454.8330078125,405.4434814453125,6325310,-0.0011630667732649425,-0.0011637436603186072,395.40930633544923,380.0681787109375,401.2790991019352,393.30824582802103,0.009169326548126274,7,3,0
2023-07-18,455.0256042480469,456.6144104003906,453.5330810546875,454.9774475097656,405.5722351074219,5558415,0.0003175625407774163,0.0003175121284661892,396.22045440673827,380.93559997558594,401.9395815643178,394.216689478347,0.009040886344408656,7,3,1
2023-07-19,455.2181701660156,462.6326293945313,450.7406311035156,461.0919799804688,411.0227661132813,14401395,0.013439112774610296,0.013349608908536892,397.33631439208983,382.04047607421876,403.33699457185065,395.4615840438977,0.009255396419378503,7,3,2
2023-07-20,462.10302734375,475.3912658691406,458.6365356445313,473.8987426757813,422.4388732910156,21030102,0.02777487798470979,0.02739615276385186,399.2719024658203,383.34764892578124,406.2757451440299,397.4599017659064,0.010329331750815293,7,3,3
2023-07-21,473.5617065429688,479.242919921875,468.9397277832031,472.26177978515625,420.9796752929688,14510084,-0.003454222824426423,-0.0034602024259752662,401.10877990722656,384.70874755859376,408.53788824386663,399.2021072123555,0.010352517236990997,7,3,4
2023-07-24,475.1505126953125,481.1687622070313,450.7887573242188,453.8700866699219,404.5851135253906,40477929,-0.0389438320416986,-0.039722424312646235,402.2503890991211,385.7411145019531,407.9297690564088,399.6008484207284,0.01272475340776586,7,3,0
2023-07-25,450.5480346679688,451.1257934570313,438.5115966796875,445.1557312011719,396.8170471191406,45211370,-0.019200079653357016,-0.019386795012833094,402.962825012207,386.4947149658203,406.22011952759834,399.3946409169071,0.013291147288645992,7,3,1
2023-07-26,447.6593017578125,455.45892333984375,444.91497802734375,454.7367248535156,405.3576354980469,18842179,0.021522735580314034,0.02129439208151549,404.12804107666017,387.48376831054685,406.08742967689807,399.8363442192138,0.013395162613155766,7,3,2
2023-07-27,456.8070068359375,457.5291748046875,444.0002136230469,447.8037414550781,399.177490234375,14528232,-0.01524615480865077,-0.015363572400132185,404.80184783935545,388.2879357910156,405.02436207035606,399.78754022033684,0.013746442599147896,7,3,3
2023-07-28,450.35546875,452.0405578613281,446.2149353027344,451.07763671875,402.0958557128906,10362522,0.007310947009567359,0.007284351582981575,405.52501068115237,389.2831115722656,404.573822630746,399.9585265531186,0.013734343614356647,7,3,4
2023-07-31,451.6072387695313,452.2812805175781,446.3112182617188,448.42962646484375,399.73541259765625,8510403,-0.005870349275422071,-0.005887647506724401,405.63015899658205,390.2285595703125,403.8294518564245,399.9419995934547,0.013676297132566722,7,3,0
2023-08-01,448.718505859375,451.4627990722656,446.60009765625,447.5630187988281,398.962890625,6686176,-0.0019325832746117655,-0.0019344531231488072,405.56363677978516,391.0762860107422,403.08075012851305,399.8694730031988,0.013686775212570576,8,3,1
2023-08-02,447.3704223632813,447.5630187988281,441.0151672363281,443.0372924804688,394.9286193847656,10715605,-0.010111895955822958,-0.010163368459448749,404.919873046875,391.76945129394534,401.82657616793654,399.5034838462778,0.013827676692252445,8,3,2
2023-08-03,443.0372924804688,446.5519409179688,437.452392578125,439.1375122070313,391.4523315429688,11026824,-0.008802319384227708,-0.008841288645958763,404.15379486083987,392.3200555419922,400.2305385333261,398.9071021941808,0.013712386879863868,8,3,3
2023-08-04,439.3782348632813,444.2890930175781,437.40423583984375,438.0782775878906,390.5080871582031,7097614,-0.0024121567523784915,-0.0024150706893357964,403.57655181884763,392.7233312988281,398.73477678330715,398.2849529322566,0.013723977005986614,8,3,4
2023-08-07,437.25982666015625,439.6189575195313,434.22662353515625,438.0301513671875,390.4652099609375,9513953,-0.00010979848734415931,-0.00010980451563934,403.10660247802736,393.0846142578125,397.4625357337118,397.7057127121589,0.013659328477580513,8,3,0
2023-08-08,440.0522766113281,440.0522766113281,434.3229064941406,435.57470703125,388.2763671875,6638681,-0.005605730594171132,-0.005621501668463048,402.2139129638672,393.309775390625,396.0492790342946,397.00724267329525,0.01370710215886161,8,3,1
2023-08-09,435.57470703125,442.8447265625,430.3268127441406,441.6410827636719,393.68402099609375,10134166,0.01392733183264383,0.013831237741617085,401.62808685302736,393.4599877929688,395.6853931822637,396.76107810461366,0.013914979693774785,8,3,2
2023-08-10,441.8818054199219,442.2669677734375,432.3489379882813,434.9969482421875,387.7613830566406,13702317,-0.015044141046079873,-0.015158452058942763,400.7590042114258,393.56728210449216,394.46631470139863,396.094434026986,0.014122579193852397,8,3,3
2023-08-11,437.0672302246094,437.0672302246094,428.2565612792969,432.1082153320313,385.1863098144531,12028396,-0.006640870789888176,-0.006663019484517063,399.7225402832031,393.72264404296874,393.03862164186853,395.28642482605767,0.014148065072713618,8,3,4
2023-08-14,432.1082153320313,434.5155029296875,428.5454406738281,432.5415344238281,385.5725708007813,7854074,0.0010027900174185422,0.0010022875593875683,398.72899475097654,393.8222131347656,391.8899984355474,394.56688008344463,0.013279778284715351,8,3,0
2023-08-16,434.2747802734375,440.43743896484375,431.57861328125,433.5525817871094,386.4738464355469,15494896,0.002337499352959016,0.002334771651186929,397.7740753173828,393.9870178222656,391.0567442817011,393.96739610952625,0.013217129591463372,8,3,2
2023-08-17,433.3118591308594,433.3118591308594,423.6827087402344,424.6456298828125,378.5340881347656,16896158,-0.020544102463878833,-0.020758068097568232,396.149641418457,393.95611694335935,389.1301817975572,392.82418811139587,0.013129662458498734,8,3,3
2023-08-18,424.6456298828125,426.9084777832031,422.23834228515625,425.2715148925781,379.092041015625,20068497,0.001473983184998584,0.0014728979380766764,393.9822998046875,393.91663330078126,387.5858524464907,391.80699203022766,0.013148592885624328,8,3,4
2023-08-21,425.6085510253906,431.8674926757813,424.9826354980469,431.1934509277344,384.3708801269531,9940689,0.013924953679284924,0.013828892251883046,392.15186004638673,394.000751953125,387.091241320408,391.2561689262814,0.013347729282162593,8,3,0
2023-08-22,432.3489379882813,438.2708740234375,430.4231262207031,437.40423583984375,389.9072570800781,10234488,0.014403736701636749,0.014300988351016067,391.41796722412107,394.2719915771484,387.5244745142034,391.15624953026634,0.013629871645509871,8,3,1
2023-08-23,438.7041931152344,438.7523193359375,431.9637756347656,433.74517822265625,386.6454772949219,8770272,-0.008365527252770177,-0.008400714654073453,390.90938873291014,394.50374572753907,387.3892441727754,390.82211825357416,0.013334610583302734,8,3,2
2023-08-24,433.8896179199219,436.68206787109375,432.6378173828125,434.1784973144531,387.0317687988281,6322751,0.0009990845014116179,0.0009985857486609232,389.9930953979492,394.59816467285157,387.33424796139894,390.54135162729665,0.013342603057878797,8,3,3
2023-08-25,434.1784973144531,434.2747802734375,425.65667724609375,426.9084777832031,380.5511779785156,9628041,-0.016744338172613893,-0.016886109408245108,389.06177978515626,394.5784216308594,386.29069873326307,389.80133876442403,0.013629419269125927,8,3,4
2023-08-28,428.4972839355469,430.2786865234375,424.6456298828125,425.0307922363281,378.87738037109375,7176903,-0.004398350877043877,-0.004408052078906711,387.9008560180664,394.46340209960937,385.15018821600626,388.9921566612144,0.013615783835263283,8,3,0
2023-08-29,426.5233154296875,427.5343627929688,422.9123840332031,423.7789916992188,377.7615356445313,9845106,-0.0029451341895088134,-0.002949479631242537,386.80216217041016,394.2402294921875,384.01347243577936,388.16025880812674,0.01361496798811234,8,3,1
2023-08-30,424.6456298828125,427.5343627929688,424.1641540527344,426.3788757324219,380.0791320800781,7648569,0.0061350778649089666,0.006116334895358084,385.85797424316405,394.05482666015627,383.40818930413303,387.56165682827134,0.013694211911543429,8,3,2
2023-08-31,426.5714416503906,428.4010009765625,419.9273376464844,423.3938293457031,377.418212890625,20666732,-0.0070009610232758535,-0.0070255827352936565,384.98245391845705,393.82907958984373,382.48665447128565,386.81029061066795,0.013401287233773202,8,3,3
2023-09-01,423.6827087402344,428.4972839355469,422.0457458496094,424.6937561035156,378.5769653320313,11879159,0.003070208065825586,0.0030655046016585356,384.3386856079102,393.72607666015625,381.8851638344773,386.20041466410225,0.012162555683286983,9,3,4
2023-09-04,426.9084777832031,426.9084777832031,420.4569396972656,421.2754211425781,375.5298461914063,14128562,-0.008048876238290203,-0.008081443312592583,383.5897735595703,393.5518310546875,380.9074226586202,385.4100021846433,0.0121898742583409,9,3,0
2023-09-05,422.6235046386719,428.0158386230469,422.23834228515625,426.6677551269531,380.3366394042969,8701612,0.012800029775637434,0.012718801807100317,383.0833450317383,393.52350524902346,380.8196098502628,385.03419753424726,0.010591207163484396,9,3,1
2023-09-06,427.4862365722656,431.8674926757813,425.6085510253906,430.8564147949219,384.0704650878906,13358433,0.009817160107008949,0.009769284868311922,382.8730499267578,393.5535479736328,381.3197414252825,384.9628099456283,0.01028724472514381,9,3,2
2023-09-07,432.1563720703125,432.3489379882813,428.1121215820313,429.3639221191406,382.7400207519531,8401953,-0.003464063126106365,-0.0034700768848202365,382.32584991455076,393.56728210449216,381.538245937078,384.798158894245,0.009368238245717359,9,3,3
2023-09-08,431.2897338867188,431.2897338867188,425.464111328125,426.23443603515625,379.9503479003906,10322317,-0.007288688666739707,-0.0073153809381711525,381.93529815673827,393.45226196289065,381.29395393143375,384.4390617835891,0.009084800706038133,9,3,4
2023-09-11,429.460205078125,431.4823303222656,426.23443603515625,430.6156921386719,383.8558654785156,9679540,0.010279020929200078,0.010226551046600372,381.86877593994143,393.37672729492186,381.68809416944634,384.3958620572874,0.009200659968194507,9,3,0
2023-09-12,432.2526550292969,437.452392578125,429.0750427246094,434.4192199707031,387.2463684082031,14961276,0.008832750088267893,0.008793969543149862,381.9524658203125,393.1690057373047,382.54321328310124,384.60701067587377,0.009350507583018136,9,3,1
2023-09-13,435.4302673339844,440.0522766113281,434.3710632324219,436.68206787109375,389.2634887695313,12268130,0.005208881285626132,0.005195361990117178,382.0919479370117,392.9484088134766,383.5771018194751,384.95193497910765,0.009417015609162764,9,3,2
2023-09-14,438.9930725097656,438.9930725097656,430.5675659179688,433.2637023925781,386.2163391113281,14986708,-0.007827987330215058,-0.007858786860549003,382.47606048583987,392.51665771484375,383.983138325914,385.0455945444573,0.009347926653610047,9,3,3
2023-09-15,431.4341735839844,435.333984375,430.4231262207031,431.7230529785156,384.8429870605469,15657801,-0.003555913905510244,-0.0035622511950595395,382.76360778808595,392.0780395507812,384.1154227466268,385.0305865826861,0.009239588927142823,9,3,4
2023-09-18,431.7230529785156,437.16351318359375,429.65277099609375,435.2858276367188,388.0188598632813,8513132,0.008252385802822948,0.008218521049545496,382.94600677490234,391.79735778808595,384.7159515338044,385.2519401590265,0.009368775044672773,9,3,0
2023-09-20,434.9488220214844,438.22271728515625,432.8785400390625,436.1524658203125,388.7914123535156,10343224,0.0019910178863637995,0.001989038437228838,382.89021453857424,391.5759020996094,385.3429455060676,385.5141232845442,0.009377093206069092,9,3,2
2023-09-21,436.0080261230469,436.7301940917969,428.0158386230469,430.9045715332031,384.1133728027344,11132308,-0.012032260492748859,-0.012105234087963873,382.7636093139648,391.13556640625,385.1537804747856,385.41036398959534,0.009578437501322156,9,3,3
2023-09-22,430.9045715332031,431.7712097167969,425.8492736816406,426.6677551269531,380.3366394042969,7795399,-0.009832340308487786,-0.009880996968390086,382.4288528442383,390.6342883300781,384.4126818485566,385.0345325388325,0.009339521643676026,9,3,4
2023-09-25,426.6677551269531,428.3046875,422.0939025878906,426.186279296875,379.9074096679688,6005673,-0.0011285521610548965,-0.001129189455570196,382.39666442871095,390.12957580566405,383.7195630515431,384.6547456595093,0.008961354554458057,9,3,0
2023-09-26,427.1492004394531,428.0158386230469,423.3938293457031,426.0418395996094,379.7786865234375,5533023,-0.00033882767552184667,-0.0003388850905882717,382.4417297363281,389.60683776855467,383.1132743549115,384.2935560938744,0.00888948301391864,9,3,1
2023-09-27,426.0418395996094,433.1192626953125,422.5272216796875,432.4933776855469,385.5296630859375,10894817,0.015142968172188631,0.015029457916626162,382.83013610839845,389.2085614013672,383.485026467377,384.38511957476794,0.009332084636995043,9,3,2
2023-09-28,433.2637023925781,433.2637023925781,423.2975463867188,424.4049072265625,378.3195190429688,10610213,-0.018701917733789264,-0.01887901005040162,382.74215545654295,388.66350708007815,382.69033301746805,383.93581583167173,0.009925074291073463,9,3,3
2023-09-29,425.6085510253906,429.0750427246094,422.9123840332031,427.9195251464844,381.4524536132813,8474326,0.008281186702282284,0.008247085810235807,382.94386749267585,388.07210083007817,382.49989003220855,383.75186307475394,0.009310252023672217,9,3,4
2023-10-03,424.6456298828125,426.4751586914063,422.9605102539063,423.4419860839844,377.4611511230469,7770032,-0.01046343378428194,-0.010518560387120032,382.8880767822266,387.1725463867188,381.7246994307991,383.28588441166454,0.009511186546182444,10,4,1
2023-10-04,423.4419860839844,425.3196716308594,417.2311706542969,419.9273376464844,374.328125,13912656,-0.008300261136080622,-0.008334900111742642,382.8279907226563,386.2395153808595,380.5867649029839,382.62234667746714,0.009242889052703122,10,4,2
2023-10-05,423.6827087402344,424.1641540527344,418.9162902832031,419.8791809082031,374.2852478027344,10416552,-0.00011454441812408511,-0.00011455097883694694,382.5254211425782,385.63351806640634,379.6173007337147,382.0047837978573,0.008785969509268018,10,4,3
2023-10-06,421.6124267578125,427.1492004394531,420.4569396972656,425.7529602050781,379.5211486816406,8742804,0.013989065584721683,0.013892121663829601,382.2979553222657,385.2876000976563,379.6025081103187,381.8208108262857,0.00911021957327986,10,4,4
2023-10-09,424.5974731445313,426.7640380859375,421.0346984863281,424.1160278320313,378.06201171875,5827256,-0.0038446789275361493,-0.003852088703801912,382.0640548706055,384.7416876220704,379.36550866546196,381.54238126276454,0.009124188148165697,10,4,0
2023-10-10,424.1160278320313,428.3528442382813,424.1160278320313,427.9195251464844,381.4524536132813,5207891,0.008967951789489836,0.008927978517671934,382.13916015625006,384.3871868896485,379.6865771189726,381.5357199553954,0.008769845181032245,10,4,1
2023-10-11,430.6156921386719,432.7822570800781,428.3046875,431.6267700195313,384.7571716308594,7946195,0.008663512283836106,0.008626199413425049,382.1842254638672,384.04041320800786,380.46666858233976,381.7743460054297,0.008861750591875469,10,4,2
2023-10-12,432.974853515625,435.7191467285156,429.6046447753906,433.9859008789063,386.860107421875,12227957,0.0054656181770491585,0.00545073588866407,382.1649124145508,383.78290710449227,381.45027455765285,382.15106907331455,0.008880341349684026,10,4,3
2023-10-13,433.16741943359375,435.0451049804688,430.4231262207031,431.7230529785156,384.8429870605469,7926432,-0.005214082100040485,-0.0052277228628115424,381.9438873291016,383.5005090332032,381.9722303273289,382.35047040570214,0.008888364228726794,10,4,4
2023-10-16,431.3860168457031,434.2747802734375,429.65277099609375,432.3008117675781,385.3580322265625,4377288,0.001338325455660705,0.0013374306963785155,381.9009719848633,383.3090972900391,382.493122927211,382.57325276280295,0.008776896978224803,10,4,0
2023-10-17,433.1192626953125,437.6449890136719,432.3489379882813,436.6339111328125,389.2205505371094,7203352,0.010023193984642242,0.009973294930721579,382.11985015869146,383.26446166992196,383.5281117902723,383.0656451905293,0.008931229352908143,10,4,1
2023-10-18,437.40423583984375,441.207763671875,434.2747802734375,434.9006652832031,387.6755065917969,7160492,-0.00396958470764297,-0.00397748442167148,382.1026824951172,383.20781005859385,384.1661725289684,383.40711640543805,0.008819646682171925,10,4,2
2023-10-19,433.0711364746094,438.0301513671875,430.2786865234375,433.697021484375,386.60260009765625,9830006,-0.0027675374788903584,-0.0027713741912039637,381.99324188232424,383.1305578613282,384.54100753953577,383.6438189011579,0.008561668234149576,10,4,3
2023-10-20,428.4972839355469,432.3489379882813,421.1309814453125,422.0457458496094,376.2164916992188,13521824,-0.026865076426836998,-0.02723253881127712,381.59839782714846,382.8893603515626,383.2603127948716,383.09364651582905,0.009735887028994951,10,4,4
2023-10-23,421.7568664550781,423.6345520019531,417.0386047363281,419.7347412109375,374.1564331054688,7555671,-0.005475726447943696,-0.005490773191047132,381.2893875122071,382.4988085937501,381.8597159195789,382.4316307076542,0.009762880984997594,10,4,0
2023-10-25,420.6976623535156,421.7568664550781,411.21295166015625,416.6534118652344,371.4097290039063,11308597,-0.007341058066983042,-0.007368136236755207,380.86450347900393,382.1717755126954,380.25202562486004,381.6151935444136,0.009764102540612992,10,4,2
2023-10-26,413.6202392578125,420.4087829589844,413.6202392578125,418.24224853515625,372.8260498046875,19525305,0.003813364837210065,0.003806112393148826,380.51687164306645,381.92457031250007,379.10956780637196,380.96414585998946,0.009582825286664137,10,4,3
2023-10-27,418.24224853515625,420.6013793945313,416.1719665527344,417.66448974609375,372.31103515625,13638258,-0.0013813805357949516,-0.0013823355214543371,379.85594024658207,381.65933959960944,378.0636397063532,380.3231746967495,0.009403899012943516,10,4,4
2023-10-30,418.434814453125,420.9383850097656,412.4647521972656,414.4868774414063,369.47845458984375,7911426,-0.007608102631761815,-0.007637191881177635,379.4138870239258,381.3194317626954,376.74284199612094,379.51986209623794,0.009390670936922257,10,4,0
2023-10-31,414.0535583496094,417.2793273925781,412.0314331054688,412.5128784179688,367.7187805175781,8952141,-0.004762589131804829,-0.0047739663972913,378.7272033691406,381.10312561035164,375.35452484557595,378.6457079052261,0.00933816147878548,10,4,1
2023-11-01,414.0535583496094,415.1127624511719,409.7204284667969,412.2240295410156,367.4613037109375,8297973,-0.0007002003168785631,-0.0007004455716120856,378.22721099853516,380.8705108642579,374.1401831325546,377.817233520464,0.009332007975386516,11,4,2
2023-11-02,414.1017150878906,416.6534118652344,412.7536315917969,415.1609191894531,370.0792846679688,8465990,0.007124507888566001,0.007099248485157953,378.01476898193357,380.5846789550782,373.5154295226184,377.2440521239829,0.0092935684395532,11,4,3
2023-11-03,416.7497253417969,418.2903747558594,415.1127624511719,417.1830139160156,371.8818054199219,14334179,0.004870634014465969,0.004858810851937608,377.894596862793,380.22416992187505,373.26410273758813,376.84684866442285,0.00934596226960077,11,4,4
2023-11-06,417.42376708984375,420.6013793945313,416.5090026855469,419.20513916015625,373.684326171875,7589690,0.004847025925126314,0.004835316915638665,377.6027557373047,379.96494689941414,373.3287524967092,376.61258773904893,0.009193052205589223,11,4,0
2023-11-07,418.7718505859375,418.7718505859375,416.1238098144531,416.6534118652344,371.4097290039063,5321353,-0.006086948284051097,-0.006105549274347561,377.2701416015625,379.6525061035157,373.03351811320107,376.22719079570504,0.009092105409190726,11,4,1
2023-11-08,417.0867309570313,421.2754211425781,416.2682495117188,420.7458190917969,375.0577697753906,7248663,0.009822146504530505,0.009774222777279372,376.95040740966795,379.5426379394532,373.3449414458456,376.1405670164225,0.009294013426274332,11,4,2
2023-11-09,421.5643005371094,421.7568664550781,417.8089294433594,418.2903747558594,372.8689270019531,8085620,-0.005836015008430118,-0.005853111091801966,376.35599517822266,379.4224688720704,373.27170845447756,375.898223311647,0.009347086314053028,11,4,3
2023-11-10,418.2903747558594,421.7568664550781,416.4608459472656,420.3606567382813,374.7143859863281,4236307,0.004949350430494048,0.004937142659440326,375.7487091064453,379.3615258789063,373.49365884399305,375.8105316579196,0.008932285443271456,11,4,4
2023-11-13,422.14202880859375,422.14202880859375,418.8681335449219,419.8310546875,374.2423095703125,3888975,-0.0012598299762978105,-0.0012606242292349202,375.2186752319336,379.244789428711,373.6088358788114,375.69436705883766,0.008277907214676718,11,4,0
2023-11-15,421.8531799316406,426.0899963378906,421.2754211425781,425.5603942871094,379.3495178222656,7722827,0.01364679546205494,0.013554516542029318,374.9182495117187,379.28341552734383,374.49201771626593,375.9651189672397,0.008524617723280427,11,4,2
2023-11-16,425.5603942871094,428.0158386230469,421.3717041015625,422.3827819824219,376.5169677734375,11276031,-0.007466860812395337,-0.007494877368534941,374.28307037353517,379.24221557617193,374.80354849429233,376.0059966565877,0.008416462217740278,11,4,3
2023-11-17,422.9605102539063,425.1270751953125,422.0457458496094,422.9605102539063,377.0319519042969,6911592,0.0013677580957500712,0.0013668235666885633,373.75089263916016,379.27225769042974,375.14637978813914,376.0819933416032,0.008273510662078345,11,4,4
2023-11-20,423.5382690429688,423.9715881347656,418.3866882324219,420.6013793945313,374.9289855957031,4502356,-0.005577687243673024,-0.005593300625942094,373.1672119140625,379.1641046142579,375.11293452776437,375.99658536042546,0.0083421772186504,11,4,0
2023-11-21,420.9383850097656,423.0086669921875,419.3495788574219,420.07177734375,374.4568786621094,6228803,-0.0012591902779766073,-0.001259983724191128,373.07923126220703,378.9718328857423,375.0120028561251,375.882533012402,0.007920040277436573,11,4,1
2023-11-22,420.7939758300781,424.06787109375,418.675537109375,423.3938293457031,377.418212890625,5074887,0.007908345118658566,0.007877238053376378,373.24232025146483,378.8653967285157,375.3821890152789,375.9962870774556,0.008034509671058078,11,4,2
2023-11-23,424.5974731445313,425.8492736816406,421.9976196289063,424.0197143554688,377.9761352539063,6611803,0.0014782603070695455,0.0014771687559005811,373.57064056396484,378.825912475586,375.7812576673755,376.1429424979334,0.00785988752174981,11,4,3
2023-11-24,424.6456298828125,425.8492736816406,420.6495361328125,421.5643005371094,375.7873229980469,7084608,-0.005790874215878983,-0.005807706341240558,373.7187042236328,378.66454162597665,375.7821907951711,376.11660031275665,0.007735091912499945,11,4,4
2023-11-28,421.7568664550781,422.71978759765625,418.7718505859375,419.1088562011719,373.5985412597656,9082513,-0.005824522553925071,-0.005841551240255202,373.78307952880857,378.3915850830079,375.44624471280105,375.9300774199425,0.007696460454637182,11,4,1
2023-11-29,419.8310546875,422.23834228515625,418.0496520996094,420.9865417480469,375.2723693847656,14316126,0.0044802854940382275,0.004470278892140649,374.07277526855466,378.11176269531256,375.41949466233405,375.8813583062257,0.0077226838688018145,11,4,2
2023-11-30,420.5050964355469,422.190185546875,418.3866882324219,419.6384582519531,374.0706176757813,15710110,-0.0032023453017724357,-0.003207483782547361,374.39036712646487,377.8688482666016,375.2119751259413,375.7472293706373,0.007723621023155858,11,4,3
2023-12-01,421.66058349609375,434.22662353515625,421.17913818359375,433.1192626953125,386.0875549316406,20081576,0.03212478256251283,0.031619573085711054,375.3216796875,377.8937396240235,376.88514124989507,376.5131794121931,0.009627062376082443,12,4,4
2023-12-04,438.1264343261719,439.4745178222656,434.2747802734375,437.211669921875,389.7355651855469,13293194,0.0094486605623747,0.009404301174780342,376.3044937133789,377.92807373046884,378.8621295476877,377.49261539540447,0.009757894784116365,12,4,0
2023-12-05,438.1264343261719,440.8226013183594,433.40814208984375,434.9969482421875,387.7613830566406,12603697,-0.005065440019481837,-0.0050783128502116795,377.09847259521484,377.9074731445313,380.231245472142,378.2532648517923,0.00979113767218195,12,4,1
2023-12-06,437.0672302246094,447.2741394042969,435.333984375,446.0704956054688,397.6324462890625,21203900,0.02545654019131649,0.025137918491678846,378.2958786010742,378.1778546142579,382.9083532901298,379.6887597730716,0.009468468796139625,12,4,2
2023-12-07,447.5148620605469,447.5630187988281,440.43743896484375,441.1114807128906,393.2119445800781,11746535,-0.01111705483352543,-0.011179311122000624,379.3859893798828,378.4353607177735,384.4935211808911,380.6904771661832,0.009673593189865683,12,4,3
2023-12-08,442.8928527832031,444.481689453125,431.8674926757813,432.4933776855469,385.5296630859375,19386851,-0.01953725363644465,-0.019730628597321782,379.90958404541016,378.54780578613287,384.6529276278213,381.0489353824613,0.010302566088525434,12,4,4
2023-12-11,434.7562255859375,436.7783508300781,432.6378173828125,435.6709899902344,388.3621826171875,6854157,0.00734708584698085,0.007320227485321315,380.6842468261719,378.7194757080079,385.22358224156994,381.59065739984845,0.01035242708362661,12,4,0
2023-12-12,437.3561096191406,442.9410095214844,435.57470703125,436.2969055175781,388.920166015625,10549319,0.0014367603835090392,0.0014357292308705713,381.39453582763673,378.78728576660166,385.7922874375784,382.1335839639801,0.01033897182760661,12,4,1
2023-12-13,439.3782348632813,441.8336486816406,436.2969055175781,438.7523193359375,391.1089782714844,11718443,0.0056279217359263,0.005612144153380125,382.2378692626953,379.0430749511719,386.61023987356396,382.79842798675816,0.010218288909850182,12,4,2
2023-12-14,442.9410095214844,443.9039306640625,432.7822570800781,443.0372924804688,394.9286193847656,14924265,0.00976618110420846,0.009718800194794323,383.01682434082034,379.3125982666016,387.88999056759496,383.6969606829068,0.010233540970443593,12,4,3
2023-12-15,444.7705383300781,445.7816162109375,438.1264343261719,441.207763671875,393.2977294921875,16397959,-0.004129581429471396,-0.004138131698335589,383.8558624267578,379.6293298339844,388.7219504021477,384.40812874285353,0.010288747478740107,12,4,4
2023-12-18,438.1264343261719,439.08935546875,433.64886474609375,434.9006652832031,387.6755065917969,12490839,-0.014295081000467169,-0.014398239961490361,384.38804016113284,379.89627746582033,388.56095904670906,384.65015673166414,0.0106795059008743,12,4,0
2023-12-19,436.5376281738281,441.0151672363281,435.2858276367188,439.1856384277344,391.4952392578125,10664235,0.009852912038721184,0.009804688603019925,385.21635284423826,380.2404772949219,389.0123867714942,385.1571998817492,0.010770404030564711,12,4,1
2023-12-20,441.9780883789063,442.21881103515625,432.6378173828125,434.2747802734375,387.11761474609375,10766954,-0.011181807778857689,-0.011244794166057453,385.8493896484375,380.39240661621096,388.7208833829711,385.30241579762657,0.01100748423233025,12,4,2
2023-12-21,432.3489379882813,436.92279052734375,427.9676818847656,434.7080993652344,387.50390625,11584223,0.0009978659952212254,0.0009973684579052202,386.3536743164062,380.58124450683596,388.5336561317448,385.46548916446903,0.010920611628970185,12,4,3
2023-12-22,436.2005920410156,438.9930725097656,433.8414611816406,438.3190307617188,390.72271728515625,11450973,0.008306525387848929,0.008272216069054766,386.9910034179687,380.76664978027344,388.87043477073115,385.85491346970514,0.010884096325365956,12,4,4
2023-12-26,439.1375122070313,441.8818054199219,437.8375549316406,439.5226745605469,391.7956237792969,6097422,0.0027459537075178453,0.002742190464189778,387.7914184570312,380.9074188232422,389.32046384897205,386.29496608523044,0.010799211969546474,12,4,1
2023-12-27,440.0522766113281,441.4966430664063,436.92279052734375,440.1485595703125,392.35357666015625,7833901,0.0014240916615588795,0.001423078604705111,388.72917022705076,381.0172882080078,389.78709658915426,386.7437520537435,0.010781889501831326,12,4,2
2023-12-28,440.2448425292969,447.4667053222656,439.1856384277344,446.8889770507813,398.362060546875,21493169,0.015313952119068164,0.015197877099101769,389.88365478515624,381.28766967773436,391.10632181341896,387.60436749767916,0.011052046031985055,12,4,3
2023-12-29,446.8889770507813,450.5480346679688,444.2409362792969,444.963134765625,396.6453247070313,13384631,-0.004309486293667009,-0.004318798894371902,391.01239013671875,381.51341552734374,391.95847610474397,388.27406803170527,0.010892618800551573,12,4,4
2024-01-01,446.3112182617188,452.5220336914063,445.4927368164063,450.6924743652344,401.7525329589844,9706230,0.01287600769207442,0.012793816681213746,391.79563903808594,381.76405517578127,393.46525408231946,389.2724728411334,0.010945382397786122,1,1,0
2024-01-02,452.5701599121094,453.8700866699219,446.4075012207031,452.9071960449219,403.7267761230469,10924918,0.004914077702315556,0.004902043032581716,392.4951995849609,382.08508056640625,395.0439497808929,390.343161973127,0.010954980851234053,1,1,1
2024-01-03,452.8108825683594,462.8733520507813,451.94427490234375,459.5513000488281,409.6494140625,24961710,0.014669916115863657,0.014563353805699477,393.58960113525393,382.54601684570315,397.2909442857555,391.77325472048796,0.011073401902661663,1,1,2
2024-01-04,462.1993103027344,463.5955505371094,456.6144104003906,458.7328186035156,408.9198303222656,12240910,-0.0017809954443704923,-0.0017825833023488874,394.1539703369141,383.20008361816406,399.08000367598777,393.04337143173075,0.01108075517812361,1,1,3
2024-01-05,461.62158203125,461.62158203125,454.4960021972656,456.3736877441406,406.81683349609375,9564086,-0.005142809593055242,-0.005156079353763954,394.83421478271487,383.85329162597657,400.27028518677326,394.0636278809428,0.011137380249350928,1,1,4
2024-01-08,457.3847351074219,457.8662109375,447.322265625,448.237060546875,399.5637512207031,8311403,-0.017828864683546275,-0.017989713594961838,395.5359191894531,384.4163720703125,400.1615876535317,394.47104442462876,0.011743556690521361,1,1,0
2024-01-09,450.1628723144531,452.5220336914063,446.4556579589844,447.322265625,398.748291015625,5916180,-0.002040876337222386,-0.0020429617632151016,396.055224609375,384.93481689453125,399.944157401546,394.7878775054433,0.011678434218967358,1,1,1
2024-01-10,447.322265625,449.4407043457031,442.9891662597656,446.1186218261719,397.6753845214844,6123200,-0.0026906861253446213,-0.002694312527724903,396.492985534668,385.4421038818359,399.5951154199981,395.00176691403897,0.011619487776871088,1,1,2
2024-01-11,446.8889770507813,449.24810791015625,444.0002136230469,445.4927368164063,397.1174621582031,6786448,-0.0014029592602332608,-0.0014039443290249176,396.7934097290039,385.9948840332031,399.21393799510656,395.15848508027335,0.011628426935117024,1,1,3
2024-01-12,446.0704956054688,450.35546875,443.2780456542969,449.3925476074219,400.5937194824219,9714589,0.008753725674329305,0.008715633952652676,397.07666473388673,386.6523828125,399.4262120700781,395.56109503598805,0.01165051608733831,1,1,4
2024-01-15,452.5701599121094,453.0516357421875,448.8147888183594,450.2591552734375,401.36627197265625,7167978,0.0019285187277338078,0.001926661522878417,397.48009185791017,387.3304821777344,399.7246828243209,395.99110814240794,0.010204170949789603,1,1,0
2024-01-16,450.4517517089844,457.3847351074219,447.0334167480469,454.7848815917969,405.4005432128906,12531058,0.010051345920040866,0.010001167105578824,398.36634368896483,388.03690734863284,400.5978921148701,396.6881033328141,0.01022125460384051,1,1,1
2024-01-17,453.9182434082031,459.3105773925781,447.94818115234375,449.2962646484375,400.5079345703125,11536527,-0.012068579395091872,-0.012141995986627812,398.81697845458984,388.60942993164065,400.58405249263046,396.971053794851,0.01045057560142538,1,1,2
2024-01-18,447.9963073730469,450.4999084472656,437.693115234375,448.237060546875,399.5637512207031,9495938,-0.002357464779374041,-0.0023602479745171334,399.4392852783203,389.1270184326172,400.4270830661801,397.1631054560253,0.009399002724435604,1,1,3
2024-01-19,451.1739501953125,455.45892333984375,449.1036682128906,454.0145263671875,404.7138366699219,12673308,0.012889270944836051,0.01280691124147864,400.2997817993164,389.7931005859375,401.0865836206019,397.72241887927686,0.009423779639515963,1,1,4
2024-01-23,456.18109130859375,456.18109130859375,439.4745178222656,442.2669677734375,394.241943359375,8728196,-0.025874809215103767,-0.026215450965849436,400.47574310302736,390.17678405761717,400.03356204195165,397.4646058778026,0.009956138534461749,1,1,1
2024-01-24,443.0372924804688,450.0665893554688,441.1114807128906,446.4075012207031,397.9328918457031,22459072,0.009362140554800336,0.009318587340101572,400.78260650634763,390.67806335449217,399.7103820117596,397.4992937272767,0.010008537444767894,1,1,2
2024-01-25,446.359375,447.7074279785156,435.333984375,438.7523193359375,391.1089782714844,20435547,-0.017148402944445973,-0.017297139656666457,400.7203765869141,391.00595520019533,398.38708912864035,397.02593702684766,0.010533078370640804,1,1,3
2024-01-29,438.9930725097656,440.2929992675781,430.9045715332031,433.1192626953125,386.0875549316406,18557346,-0.012838936508274612,-0.012922067966497048,400.10665130615234,391.24286010742185,396.4948530983327,396.21568650127676,0.010744882211223859,1,1,0
2024-01-30,430.4231262207031,436.8746337890625,421.17913818359375,421.8050231933594,376.0019226074219,45190319,-0.026122655846818166,-0.026469913296987665,399.07448120117186,391.175908203125,393.3420945612695,394.7183706572875,0.011544984863469563,1,1,1
2024-01-31,423.6827087402344,426.0899963378906,422.430908203125,425.17523193359375,379.0061645507813,20648695,0.007989964313283915,0.007958213561206379,397.9371627807617,391.2256921386719,391.1365668673483,393.554503538287,0.011663797973245498,1,1,2
2024-02-01,425.6085510253906,431.1452941894531,423.0086669921875,426.4751586914063,380.1649475097656,19903526,0.0030574250958630422,0.0030527606767442764,396.75907135009766,391.28835205078127,389.44862542772023,392.5626845732113,0.011417985573310986,2,1,3
2024-02-02,428.4972839355469,430.6156921386719,423.2012634277344,423.7789916992188,377.7615356445313,17816750,-0.006322023850377723,-0.006342092470736569,395.16467742919923,391.3450030517578,387.65061161492196,391.46630317108685,0.011289100648289956,2,1,4
2024-02-05,425.6085510253906,427.1973571777344,420.3606567382813,421.8050231933594,376.0019226074219,12505666,-0.004657999481358588,-0.004668881767214051,393.518782043457,391.37590393066404,385.8585056137681,390.3207934997042,0.011150736929100841,2,1,0
2024-02-06,423.6827087402344,424.54931640625,413.5720825195313,415.4016418457031,370.2939147949219,19487043,-0.015180794217532934,-0.015297202085906457,391.69263610839846,391.23341796875,383.46395318009945,388.8373210030537,0.011442679386257258,2,1,1
2024-02-07,418.8681335449219,418.8681335449219,414.8238830566406,415.7868041992188,370.6372375488281,13376903,0.0009271628298195278,0.0009267332798510338,390.2463104248047,391.0866400146484,381.49061231375003,387.4891666731111,0.011304203600607373,2,1,2
2024-02-08,413.0906372070313,413.1869201660156,393.4471740722656,399.176513671875,361.2610473632813,50039587,-0.02529748561573386,-0.02562296799290418,388.3719482421875,390.7961145019531,378.37837155213947,385.5463430205311,0.012058590691044077,2,1,3
2024-02-09,394.89154052734375,408.4686584472656,393.4471740722656,400.0912780761719,362.0888366699219,33527317,0.0022913882154811382,0.0022887669889055805,386.5926208496094,390.56592041015625,375.8722892625675,383.808749957523,0.01206968056510125,2,1,4
2024-02-12,402.0652465820313,402.4985656738281,390.9917297363281,391.7620544433594,354.5508117675781,11326971,-0.020818164325831945,-0.021037917565486456,384.46428833007815,390.1514892578125,372.59206195564605,381.6414952767863,0.012022986672905479,2,1,0
2024-02-13,391.8102111816406,395.5655822753906,388.3437194824219,391.665771484375,354.46368408203125,16207766,-0.00024574104093155746,-0.00024577124020872573,382.1577865600586,389.7593505859375,369.8030807443207,379.62832407717485,0.01203999605141934,2,1,1
2024-02-14,390.943603515625,396.9618225097656,389.4029235839844,396.2877807617188,358.6466369628906,12618012,0.011800793899922724,0.011731707516547906,380.0218048095703,389.2105322265625,368.08670477794686,378.07412503167234,0.011990541578226899,2,1,2
2024-02-15,397.6839904785156,399.176513671875,388.19927978515625,388.9214782714844,351.98004150390625,21169031,-0.018588200116523512,-0.018763131877649514,377.3507797241211,388.4554217529297,365.6087565819406,376.1412299555415,0.01217427288988632,2,1,3
2024-02-16,389.9806823730469,394.3619384765625,384.5883483886719,389.5955200195313,352.59002685546875,38963810,0.0017330111927829073,0.0017315112615674403,374.9548843383789,387.75199462890623,363.6058750855603,374.3966963925731,0.01169177544426597,2,1,4
2024-02-19,389.9806823730469,397.4432678222656,389.5955200195313,394.0730590820313,356.6423034667969,17602580,0.011492884944783732,0.011427343438574017,372.8088119506836,386.93219177246095,362.5345563749813,373.08155617584896,0.012060062329055087,2,1,0
2024-02-20,395.22857666015625,395.22857666015625,389.306640625,391.0398864746094,353.897216796875,14626643,-0.007697030451064957,-0.007726805474526406,370.2679809570312,386.14589721679687,361.20573490142647,371.66049399962867,0.012073923230083845,2,1,1
2024-02-21,391.906494140625,394.89154052734375,386.4178771972656,388.3918762207031,351.5007629394531,20162369,-0.006771609788605248,-0.006794641170073498,368.1309219360352,385.4653192138672,359.7126622918921,370.1671805877638,0.011821136469752924,2,1,2
2024-02-22,391.8102111816406,399.7542724609375,388.4881591796875,399.0802307128906,361.17388916015625,19321180,0.027519502773794446,0.027147648009865903,366.2929718017578,384.9215533447266,359.93746642547126,369.5010108523855,0.013162740859103733,2,1,3
2024-02-23,400.4764404296875,400.4764404296875,395.2767028808594,396.1433410644531,358.5158996582031,11576964,-0.007359306920369568,-0.007386520215742766,364.66331787109374,384.31346801757815,359.71876384589154,368.6872989120757,0.013183975929841002,2,1,4
2024-02-26,395.8544616699219,397.7321472167969,392.19537353515625,394.0249328613281,356.5987854003906,8289561,-0.005347361887269697,-0.00536171020011914,363.1888793945312,383.6232641601562,359.2387671619683,367.79185346676564,0.01318340079651494,2,1,0
2024-02-27,394.7952575683594,397.4432678222656,393.3990173339844,395.902587890625,358.29803466796875,8083518,0.004765157193876046,0.004753839770960437,362.3036849975586,382.8906524658203,359.09403908596835,367.0886076298177,0.013075266362706273,2,1,1
2024-02-28,395.902587890625,397.05810546875,391.71392822265625,393.1582946777344,355.8144226074219,8949664,-0.006931693228092728,-0.006955829012833554,361.14409790039065,382.140986328125,358.5894827046535,366.25348281334396,0.01304542393108826,2,1,2
2024-02-29,393.8323364257813,395.8063049316406,389.4992065429688,391.2324523925781,354.0715026855469,15468800,-0.00489839593657504,-0.004910432400280883,359.8394256591797,381.46890625,357.8944088555602,365.3511139149887,0.012775880685356334,2,1,3
2024-03-01,393.7360534667969,397.8284301757813,392.3879699707031,394.3137817382813,356.86016845703125,12873024,0.007875996092125526,0.007845142331751329,358.7943572998047,380.77620483398437,357.7352949480942,364.72215499217697,0.012882803495109521,3,1,4
2024-03-04,396.9618225097656,397.6358642578125,393.302734375,393.9286193847656,356.5115661621094,7103794,-0.0009768596378495475,-0.000977337076177723,357.81983947753906,380.16408386230466,357.5470289810196,364.11396322698675,0.012890444321498985,3,1,0
2024-03-05,394.4582214355469,396.1433410644531,388.9696044921875,391.0880126953125,353.9407958984375,10108373,-0.007210902836467636,-0.007237027058233392,357.00218353271487,379.4928216552734,356.99222389139163,363.36039527672386,0.012514679469706467,3,1,1
2024-03-06,391.425048828125,394.7471008300781,385.8401489257813,392.7249755859375,355.4222412109375,11534613,0.004185573772979456,0.004176838624996319,356.24143371582034,378.78681213378906,356.7506880943987,362.7723838644434,0.011923992612902133,3,1,2
2024-03-07,392.7249755859375,399.5616760253906,388.68072509765625,398.2135925292969,360.3895263671875,23907135,0.013975729654188918,0.013878969630259525,356.19785766601564,378.1586901855469,357.31050936713547,362.5958759016837,0.012122108554647314,3,1,3
2024-03-11,401.3430786132813,402.7874450683594,392.8694152832031,394.2174987792969,356.7730407714844,18298683,-0.010034935343871343,-0.010085624702278211,355.93206787109375,377.44707946777345,357.2278218908815,362.1645547809282,0.01190808265004385,3,1,0
2024-03-12,391.425048828125,391.425048828125,384.5401916503906,389.4510803222656,352.4593200683594,36226074,-0.012090937963801895,-0.01216462794392134,355.82749328613284,376.5290246582031,356.4942062258781,361.4456485059231,0.01188751400638895,3,1,1
2024-03-13,418.8681335449219,421.7568664550781,405.5317687988281,406.7835388183594,368.1454772949219,105525827,0.04450487285602267,0.04354296725589669,356.51158294677737,375.95902770996094,358.2867094672694,361.941932119923,0.013956650558724372,3,1,2
2024-03-14,406.3020935058594,409.7204284667969,402.4985656738281,404.0873718261719,365.7054138183594,31949569,-0.0066279871057814965,-0.006650049753652308,356.8645217895508,375.23808532714844,359.4280485982063,362.22070854202946,0.013901102647824489,3,1,3
2024-03-15,401.7282409667969,412.6573181152344,399.8505554199219,403.5577697753906,365.2261047363281,76074975,-0.001310642566175746,-0.001311502209349267,357.5268249511719,374.46807189941404,360.3200572348404,362.44333048234785,0.013878939842060917,3,1,4
2024-03-18,403.4614868164063,405.0984497070313,401.4393615722656,401.9689636230469,363.7881774902344,16547358,-0.003937087813402185,-0.003944858546371959,358.0867324829102,373.55084716796875,360.85361419720874,362.5429487792283,0.013855656314658465,3,1,0
2024-03-19,402.4985656738281,403.9910888671875,393.54345703125,394.3619384765625,356.9037475585937,21803126,-0.018924281649657204,-0.019105637532637464,358.0998046875,372.5105255126953,360.2459424066526,362.1252301702924,0.014219754338998906,3,1,1
2024-03-20,394.7952575683594,401.1986389160156,394.3619384765625,400.2838745117188,362.26318359375,20364534,0.015016474530787693,0.01490484342684381,358.5181030273437,371.61945251464846,360.55628720466757,362.1354489424004,0.014296713612686812,3,1,2
2024-03-21,403.4614868164063,406.3502197265625,400.7653198242188,405.6280517578125,367.0997314453125,19968509,0.01335092294939444,0.013262584773113796,359.29805145263674,370.9701721191406,361.5629709339976,362.5031735722457,0.014521621648052272,3,1,3
2024-03-22,405.6280517578125,413.7165222167969,405.6280517578125,412.7054748535156,373.5048828125,40358503,0.01744798706871764,0.01729751866804245,359.9146011352539,370.4653039550781,363.40018814607487,363.3181149974497,0.014065970812472944,3,1,4
2024-03-26,409.7685852050781,413.2832336425781,409.7685852050781,411.7907104492188,372.6770629882813,10669833,-0.0022163560968337936,-0.0022188158491378562,360.62265930175784,369.96533752441405,364.8273996602605,364.01137040417797,0.01407805138368974,3,1,1
2024-03-27,411.164794921875,412.9943542480469,410.63519287109375,412.1277160644531,372.9820251464844,12698464,0.0008183013887619328,0.0008179667627180359,361.4418212890625,369.48262878417967,366.08195742737183,364.67586334805253,0.013459422075752568,3,1,2
2024-03-28,412.1277160644531,417.1830139160156,411.164794921875,412.4647521972656,373.2870788574219,29009002,0.0008178777806187032,0.0008175435008409396,362.19127349853517,368.9364959716797,367.19043764737955,365.3137311635614,0.013455309683630406,3,1,3
2024-04-01,413.1869201660156,415.3534851074219,409.9611511230469,410.8759460449219,371.8491516113281,9743648,-0.0038520680932622176,-0.003859506415653813,362.99300994873045,368.3461535644531,367.9071628726024,365.79783638191446,0.01335777757215051,4,2,0
2024-04-02,412.8017578125,412.8017578125,408.8538208007813,410.0574645996094,371.1084289550781,9194659,-0.0019919977040158132,-0.001993984370170249,363.84485626220703,367.6603112792969,368.39966534682947,366.19121360955626,0.012839717856447294,4,2,1
2024-04-03,410.201904296875,412.8980712890625,405.3873291015625,409.4315490722656,370.5419616699219,13152268,-0.0015264198842134258,-0.001527586049901624,364.52894592285156,367.06099182128906,368.729249396536,366.51349124365737,0.01285447274558202,4,2,2
2024-04-04,409.7685852050781,411.5018310546875,404.328125,407.0724182128906,368.4068908691406,19065447,-0.005762021637601089,-0.005778686129217062,365.12371215820315,366.4378546142578,368.67965577693667,366.65374306776727,0.012788692420502313,4,2,3
2024-04-05,406.8316955566406,415.6905212402344,404.3762512207031,411.6944274902344,372.58990478515625,16768902,0.01135433136483166,0.011290354763352646,366.05616760253906,365.7953759765625,369.28123254743196,367.09345875053685,0.01280669887963822,4,2,4
2024-04-08,412.4165954589844,415.4016418457031,411.8869934082031,413.1869201660156,373.9406433105469,8844633,0.0036252687151292484,0.003618713267230407,366.98208770751955,365.38934997558596,369.99806497252655,367.60065760683386,0.012707160944899817,4,2,0
2024-04-09,414.4868774414063,415.4979248046875,409.7685852050781,410.5389099121094,371.5441284179688,6967273,-0.006408810958234978,-0.006429435553830269,367.5398178100586,364.86157470703125,370.23592088720994,367.8927665558068,0.011851685598160333,4,2,1
2024-04-10,412.4165954589844,421.5643005371094,409.9611511230469,420.7458190917969,380.7815856933594,14547618,0.024862342233003654,0.024558303310799758,368.74024505615233,364.65502685546875,371.85833085738676,368.8474938993292,0.012508792555357452,4,2,2
2024-04-12,418.8681335449219,419.59033203125,412.4165954589844,414.14984130859375,374.8121032714844,18785009,-0.01567691990936293,-0.015801102394063064,369.8578842163086,364.4295178222656,372.3127573826325,369.2893168157851,0.012857732693321446,4,2,4
2024-04-15,412.1277160644531,413.2350769042969,407.21685791015625,410.1055908203125,371.1519775390625,9083087,-0.009765228231626177,-0.009813220767127977,370.0082092285156,364.33251892089845,372.13417586823715,369.42729168417605,0.013012620116475146,4,2,0
2024-04-16,407.5538635253906,411.164794921875,407.5057373046875,410.1055908203125,371.1519775390625,10357752,0.0,0.0,370.2805374145508,364.17543518066407,371.9830684329795,369.55504619194545,0.012923451262570818,4,2,1
2024-04-18,410.201904296875,411.0685119628906,402.16156005859375,403.3170471191406,365.00823974609375,22133191,-0.016553159257577055,-0.01669169371457593,370.26964416503904,363.87230102539064,370.91001786576635,369.2182457144749,0.01329195920608569,4,2,3
2024-04-19,402.4985656738281,410.442626953125,400.57275390625,408.9982604980469,370.14984130859375,17221280,0.014086261630906094,0.013987972192608793,370.58772735595704,363.7200671386719,370.7930676262014,369.2872527955207,0.013448580624656238,4,2,4
2024-04-22,411.164794921875,411.7425537109375,407.6501770019531,409.5278625488281,370.629150390625,7386048,0.001294905545107694,0.001294067877977548,371.2739974975586,363.61261169433595,370.7678495899588,369.3866526173803,0.013441677401993866,4,2,0
2024-04-23,409.5278625488281,414.5350036621094,409.3352661132813,413.2832336425781,374.02777099609375,12484384,0.009169868592059593,0.009128080612984063,371.86222686767576,363.6872888183594,371.2693759601334,369.7304391639517,0.013413272342572412,4,2,1
2024-04-24,413.3313598632813,414.8238830566406,412.4165954589844,412.9943542480469,373.766357421875,6070285,-0.0006989148787603927,-0.0006991592336264038,372.19555816650393,363.7498712158203,371.6535269542475,370.02939607194605,0.013414565542184618,4,2,2
2024-04-25,415.0164794921875,422.0457458496094,413.0906372070313,421.3235778808594,381.304443359375,30337038,0.02016790914381761,0.019967230555984136,372.58553619384764,364.1507391357422,373.13828332426715,370.8645847599038,0.01365442282621841,4,2,3
2024-04-26,422.9605102539063,426.8603210449219,420.2162170410156,423.6827087402344,383.43951416015625,15342965,0.005599386102010273,0.005583767814408657,373.12365875244143,364.5777526855469,374.72308806825004,371.7960610117743,0.013477592679623191,4,2,4
2024-04-29,425.6085510253906,426.0418395996094,418.4829711914063,421.949462890625,381.8708801269531,12075706,-0.004090955614313496,-0.004099346465451007,373.56810150146487,365.12415405273435,375.8227483849736,372.5423439091949,0.01325642606585364,4,2,0
2024-04-30,423.6345520019531,424.1641540527344,418.9644165039063,419.4940185546875,379.6486511230469,12528665,-0.0058193204026645295,-0.005836318625120207,373.8861801147461,365.6278533935547,376.41134880621564,373.0687370361469,0.010736205702523424,4,2,1
2024-05-02,419.8310546875,426.186279296875,418.72369384765625,422.71978759765625,382.5679931640625,24123523,0.007689588866916397,0.007660174670930328,374.4221221923828,366.1062805175781,377.35852486126896,373.7723856382147,0.010699839457981765,5,2,3
2024-05-03,423.7308654785156,423.7308654785156,415.3534851074219,420.2643432617188,380.3457946777344,23786388,-0.005808636702587799,-0.005825572446994227,374.8839904785156,366.6735955810547,377.8181048330329,374.2593048263273,0.010772702354999303,5,2,4
2024-05-06,421.7568664550781,424.1160278320313,417.2793273925781,418.6274108886719,378.8643493652344,10753860,-0.003894995904332843,-0.003902601155585186,375.30010986328125,367.19908203125,377.9790655302947,374.60041923661674,0.010771984777817711,5,2,0
2024-05-07,420.6976623535156,429.460205078125,419.0606994628906,424.0197143554688,383.7444763183594,26969062,0.012880934723209947,0.012798681066503387,376.0669891357422,367.7411254882812,378.8660518053816,375.27775679822736,0.010254335090931077,5,2,1
2024-05-08,424.8863525390625,428.2084045410156,421.949462890625,424.6456298828125,384.3109436035156,10916481,0.0014761574957140589,0.0014750690462548726,376.65304107666014,368.3494000244141,379.703727466633,375.94688174676725,0.009977332172506197,5,2,2
2024-05-09,423.7308654785156,425.1270751953125,407.6501770019531,409.3352661132813,370.454833984375,24314298,-0.03605442376742629,-0.03672044215557837,376.47875061035154,368.7284814453125,378.2808207770548,375.54006339399746,0.011928953888114371,5,2,3
2024-05-10,410.683349609375,420.1680603027344,410.683349609375,417.2793273925781,377.6443176269531,14524604,0.01940717999344921,0.019221262251412408,376.7837600708008,369.0578900146484,378.1828972155007,375.69593407792007,0.012030589829334203,5,2,4
2024-05-13,417.1830139160156,419.3014526367188,413.5720825195313,415.8349609375,376.3371276855469,7584217,-0.003461431512118085,-0.003467436126553346,376.56153717041013,369.4143145751953,377.8989326724309,375.74342990070727,0.012042203259061962,5,2,0
2024-05-14,414.5350036621094,417.2311706542969,412.6573181152344,413.7646789550781,374.4635314941406,11423749,-0.004978504786197324,-0.004990938826938255,376.54410858154296,369.7716094970703,377.3704094142324,375.648622611332,0.01208163884884364,5,2,1
2024-05-15,414.7757263183594,417.1830139160156,410.924072265625,411.9351501464844,372.8077697753906,7856433,-0.004421690176726667,-0.004431494761301134,376.62689819335935,370.0618041992187,376.6684648544106,375.4381890679289,0.012110280436622167,5,2,2
2024-05-16,414.0535583496094,416.55712890625,407.21685791015625,415.4497680664063,375.9885864257813,23911954,0.00853205568195925,0.00849586341214629,376.8687286376953,370.4652874755859,376.56386817308305,375.4789592425846,0.012184292550154229,5,2,3
2024-05-17,416.3645629882813,421.2754211425781,412.9943542480469,420.1199340820313,380.2151489257813,11894830,0.011241198942176789,0.011178486205276991,377.6290740966797,370.9881604003906,377.1256036734982,375.8297881080066,0.012331817131601168,5,2,4
2024-05-21,419.8310546875,420.8902587890625,417.1348876953125,418.675537109375,378.9078979492188,11175153,-0.003438187511086488,-0.0034441116605560445,378.066976928711,371.4291149902344,377.3998027928398,376.05779624439265,0.012349619795279529,5,2,1
2024-05-22,421.1309814453125,425.5603942871094,419.2532958984375,423.58642578125,383.3523559570313,11036895,0.011729652593327922,0.011661393470374398,378.7031372070313,371.9659307861328,378.3155802027154,376.5981340008844,0.01244080116382305,5,2,2
2024-05-23,425.0307922363281,428.4010009765625,420.3606567382813,424.9826354980469,384.6159362792969,27244733,0.0032961329247893634,0.003290712586165606,379.23254547119143,372.57943359375,379.2848657529587,377.1920452807668,0.012304749901140314,5,2,3
2024-05-24,424.6456298828125,426.0418395996094,419.1570129394531,420.0236206054688,380.1279602050781,13252938,-0.011668721056216746,-0.011737334860935504,379.55062561035163,373.0735479736328,379.4145725917463,377.40952046034545,0.01251298999442773,5,2,4
2024-05-27,422.5272216796875,422.6235046386719,414.72760009765625,415.4979248046875,376.03216552734375,12282545,-0.010774778775875071,-0.010833247072640951,379.28701171875,373.38640075683594,378.8942022741459,377.307494169012,0.01262250496374971,5,2,0
2024-05-28,416.07568359375,416.4608459472656,412.3684387207031,413.0906372070313,373.853515625,9668761,-0.005793786016386249,-0.0058106351061208445,378.80771179199223,373.72801025390623,378.11871202043113,377.0516439064926,0.011794049838933226,5,2,1
2024-05-29,409.7204284667969,416.3645629882813,409.7204284667969,414.9683227539063,375.5528564453125,10832067,0.00454547235558711,0.0045351728949348516,378.4918106079102,374.1898809814453,377.7239650088744,376.9406226130718,0.011472855595537148,5,2,2
2024-05-30,412.6091918945313,414.9683227539063,406.687255859375,408.1316223144531,369.3655090332031,21314885,-0.016475303824537324,-0.01661253096959551,377.977653503418,374.21428161621094,376.438048704925,376.37950308863714,0.011734833335158098,5,2,3
2024-05-31,410.924072265625,413.6202392578125,408.5167846679688,410.63519287109375,371.6312561035156,29300711,0.006134159835992747,0.006115422463861325,377.4308166503907,374.3327984619141,375.698542150862,376.0277810897392,0.011789838364495864,5,2,4
2024-06-03,417.90521240234375,418.7718505859375,412.7536315917969,414.39056396484375,375.0299682617188,16116836,0.009145388344990346,0.009103822512584427,377.16502532958987,374.52887573242185,375.5956846294554,375.95386902840437,0.01146650438439399,6,2,0
2024-06-04,410.201904296875,410.4907836914063,387.910400390625,399.8023986816406,368.496826171875,47791986,-0.01742032008835248,-0.01757383938036373,376.64664916992194,374.6230487060547,374.5035525590584,375.4014954834763,0.011664630474549739,6,2,1
2024-06-05,406.3502197265625,419.8310546875,402.5467224121094,414.3424377441406,381.8983459472656,28197030,0.03636807381657037,0.035722364345743614,376.5543426513672,375.1229406738281,375.64121308032105,375.88274366597926,0.01343133545753148,6,2,2
2024-06-06,419.8310546875,421.4679870605469,415.1127624511719,419.2532958984375,386.4246826171875,32318523,0.011852202864861106,0.011782515599783154,376.6600296020508,375.6061706542969,377.3002083936851,376.6636280327354,0.013495777353644805,6,2,3
2024-06-07,415.4016418457031,425.2715148925781,415.1127624511719,422.8642272949219,389.7528381347656,29543660,0.008612688752274167,0.008575811140816085,377.62492980957035,376.0592327880859,379.2159975846206,377.6331991514043,0.01355811502410235,6,2,4
2024-06-10,423.6827087402344,424.6456298828125,419.6866149902344,420.6976623535156,387.7559509277344,11872688,-0.005123470598925484,-0.005136640577672615,378.1305114746094,376.3442541503906,380.5298365604842,378.3830326163176,0.01313615271696959,6,2,0
2024-06-11,420.7939758300781,421.5643005371094,416.2201232910156,416.9422912597656,384.2945861816406,13158571,-0.008926657960534712,-0.00896673927813672,378.5283843994141,376.5766046142578,381.1090288098929,378.82092547300823,0.013214636187242883,6,2,1
2024-06-12,414.5831604003906,418.2903747558594,414.2461242675781,416.2682495117188,383.67333984375,10751658,-0.0016165888363490755,-0.001617896926034182,378.98887481689457,376.7904309082031,381.50353819971707,379.18036357454463,0.013194904823700265,6,2,2
2024-06-13,420.6976623535156,420.6976623535156,413.8128356933594,414.3424377441406,381.8983459472656,9641349,-0.00462631544116987,-0.004637049958755517,379.4434036254883,376.96265625,381.56427785318607,379.3816956021536,0.01317779662975153,6,2,3
2024-06-14,415.0164794921875,415.8830871582031,413.1387939453125,415.1609191894531,382.6526794433594,9572809,0.0019752206420866614,0.0019732724587669796,379.77660827636726,377.1787268066406,381.7317242516743,379.6239907015022,0.013108129893211369,6,2,4
2024-06-18,416.9422912597656,418.0978088378906,412.3203125,412.8499145507813,380.5226745605469,14641141,-0.005566418314151056,-0.005581968553514343,379.79198455810547,377.36701171875,381.54571660688543,379.6905598762462,0.013104445155252735,6,2,1
2024-06-19,414.0535583496094,414.7757263183594,407.3612976074219,407.9390563964844,375.9963073730469,11329972,-0.011895131328842234,-0.01196644448725871,379.6464050292969,377.4760986328125,380.69196134014106,379.4169115426759,0.013268882107390752,6,2,2
2024-06-20,408.32421875,410.683349609375,405.8687744140625,407.6020202636719,375.6856994628906,15147549,-0.0008260929803443062,-0.0008264343831836685,379.26307220458983,377.6216748046875,379.92176720517944,379.1405254626918,0.013038040645731858,6,2,3
2024-06-21,409.2389831542969,409.5278625488281,403.0281677246094,404.0392456054688,372.4019165039063,26176371,-0.008740771777257073,-0.008779196393949645,378.6523712158203,377.6179150390625,378.76486709729124,378.6413692435225,0.013114475359783412,6,2,4
2024-06-24,404.4244079589844,408.2279052734375,404.4244079589844,407.6020202636719,375.6856994628906,9723008,0.008817846561619103,0.008779196393949692,378.4302581787109,377.6528161621094,378.29114899969113,378.4224307412535,0.011424521218976453,6,2,0
2024-06-25,407.3131408691406,408.2760620117188,404.1836853027344,407.6020202636719,375.6856994628906,10655609,0.0,0.0,378.4129348754883,377.7356475830078,377.89031060941414,378.21970990581923,0.010853973109428292,6,2,1
2024-06-26,407.3131408691406,410.5870666503906,406.39837646484375,408.2279052734375,376.2626037597656,11511714,0.0015356035582396732,0.0015344257247316762,378.53338928222655,377.64526794433596,377.6398941710067,378.0747390801856,0.010839208511743918,6,2,2
2024-06-27,408.2279052734375,411.4055480957031,405.4836120605469,409.8167419433594,377.72705078125,38438054,0.0038920876187296116,0.0038845330414203068,378.64209899902346,377.70356689453126,377.65330288027485,378.0489843913756,0.010818282452919985,6,2,3
2024-06-28,409.7204284667969,412.1277160644531,407.7946166992188,409.1427001953125,377.1057739257813,18554411,-0.001644777238441697,-0.0016461313695567987,379.0291122436523,377.8226428222656,377.56906765650666,377.9791169494797,0.010787924523094466,6,2,4
2024-07-01,410.4907836914063,414.2942810058594,408.9019470214844,413.1387939453125,380.7889404296875,13391362,0.009766932140983453,0.00971954396747135,379.48699645996095,378.0153820800781,378.0644326985345,378.1872520220877,0.010822174742747215,7,3,0
2024-07-02,414.0535583496094,414.679443359375,406.87982177734375,409.7204284667969,377.6382141113281,11177863,-0.00827420647985222,-0.00830862773014374,379.6174087524414,378.26798156738283,377.99886060819506,378.14658254721667,0.010739180807085465,7,3,1
2024-07-03,410.2981872558594,413.7165222167969,409.7204284667969,412.4165954589844,380.1232604980469,7435499,0.00658049501840452,0.006558938079601168,380.19873046875,378.4674499511719,378.32569136047994,378.29300313616704,0.010789744846818541,7,3,2
2024-07-04,414.0535583496094,415.4979248046875,411.21295166015625,413.1387939453125,380.7889404296875,9478861,0.00175122125062388,0.0017496896505425964,380.1432601928711,378.67064575195315,378.70465275574264,378.4778873801315,0.010572488164975182,7,3,3
2024-07-05,413.0906372070313,417.90521240234375,411.7425537109375,417.5682067871094,384.87152099609375,13427543,0.010721373792525135,0.01066430738899831,380.0656021118164,378.8875207519531,379.65340171579663,378.95148987020275,0.010741986140920338,7,3,4
2024-07-08,419.0125732421875,428.06396484375,417.5682067871094,427.1492004394531,393.7023010253906,21311436,0.02294474791598433,0.02268547565360675,380.26307525634763,379.28623962402344,381.8147708403496,380.04414254836485,0.011282145872244161,7,3,0
2024-07-09,431.0008544921875,438.1264343261719,427.5343627929688,435.8154296875,401.6899719238281,27489709,0.02028860608036509,0.020085534411800433,380.9597763061523,379.6939501953125,384.87249408396167,381.6475373169177,0.011564196219186572,7,3,1
2024-07-10,436.8746337890625,438.4634704589844,429.941650390625,434.7080993652344,400.6693420410156,12065662,-0.0025408398370623253,-0.0025440732488166574,381.7785140991211,380.0385467529297,387.3027783850469,383.0565598890731,0.011501088998919069,7,3,2
2024-07-11,433.3118591308594,442.4595642089844,432.06005859375,441.6410827636719,407.0594177246094,19556596,0.015948501702282902,0.015822660570742848,382.94781799316405,380.5423175048828,390.3422613603642,384.8345493583721,0.01176078686022844,7,3,3
2024-07-12,441.6410827636719,446.0704956054688,438.9449157714844,442.0262451171875,407.4144287109375,19693114,0.0008721355430432176,0.0008717554538173264,384.22362213134767,381.09763305664063,392.96874864506776,386.5071330141177,0.011195545672291791,7,3,4
2024-07-15,442.0262451171875,449.1518249511719,440.2448425292969,446.2149353027344,411.2751159667969,16876907,0.009476069043687474,0.009431452738097717,385.65474395751954,381.6717755126953,395.78511284841073,388.3417984180199,0.011240907543639917,7,3,0
2024-07-16,446.2630615234375,449.4407043457031,444.2890930175781,448.2851867675781,413.1832580566406,13497253,0.0046395758356501116,0.004628846178255896,387.2877731323242,382.3285247802734,398.4617505727538,390.18190653939917,0.011192111121310123,7,3,1
2024-07-18,445.8297729492188,453.4367980957031,445.4927368164063,452.8108825683594,417.3545837402344,21907158,0.010095582534522585,0.01004496254824262,389.3556869506836,383.09832946777345,401.36834029082775,392.1946974431647,0.010544712986628218,7,3,3
2024-07-19,453.5330810546875,461.62158203125,451.9924011230469,456.951416015625,421.1708984375,25939326,0.00914405842404964,0.009102504643194745,391.62994689941405,383.84685791015625,404.4148876980081,394.34108270200437,0.008690345848867829,7,3,4
2024-07-22,456.9995727539063,461.6697082519531,448.5740661621094,449.24810791015625,414.0707702636719,18762384,-0.016858069254473307,-0.017001783961972994,393.71338958740233,384.4420544433594,405.9004080927256,395.8025410399057,0.00927757524923598,7,3,0
2024-07-23,449.24810791015625,478.95404052734375,449.1036682128906,473.9468688964844,436.8356018066406,56125835,0.054978117698268214,0.05352002519469237,396.77088470458983,385.76966979980466,410.6596686640971,398.8420270226268,0.013332879367261397,7,3,1
2024-07-24,477.60595703125,491.7126770019531,472.4543762207031,475.728271484375,438.47747802734375,43693692,0.0037585677859421907,0.00375152201918411,399.9104736328125,386.9863330078125,414.93933164305815,401.7779863563095,0.013223929233995008,7,3,2
2024-07-25,471.8284606933594,477.60595703125,466.6768798828125,471.78033447265625,434.8386840820313,18567567,-0.0082987020489238,-0.008333327976679806,402.83927764892576,388.1563641357422,418.00077047982325,404.22692692858516,0.013202933144657593,7,3,3
2024-07-26,475.728271484375,487.6202697753906,469.3248901367188,483.5760498046875,445.7107849121094,21534703,0.02500260723819836,0.024695156234159226,406.23846435546875,389.58130920410156,422.2638496232519,407.29980529773513,0.01368358182297402,7,3,4
2024-07-29,486.753662109375,487.4277038574219,475.728271484375,477.6541137695313,440.2525329589844,12978187,-0.012246174285868605,-0.012321776537791975,409.3958023071289,390.9302044677734,425.0313393672107,409.7407480874573,0.013938638227522471,7,3,0
2024-07-30,477.8948364257813,479.3392028808594,470.5285339355469,471.732177734375,434.7943115234375,13891052,-0.012397933065510292,-0.012475428627023123,412.09607086181643,392.10631896972654,426.5333350835533,411.59656760123363,0.014283376667789756,7,3,1
2024-07-31,474.1876220703125,479.483642578125,472.3099365234375,476.9800720214844,439.6312561035156,11982586,0.011124673096872817,0.011063249049583264,415.19572296142576,393.2946411132813,428.5483998558552,413.67321119399526,0.014208098854543397,7,3,2
2024-08-01,477.5578002929688,478.3281555175781,472.74322509765625,475.3912658691406,438.1668701171875,12114803,-0.003330941478790872,-0.0033365014143382963,418.0979034423828,394.4798205566406,430.0281645114448,415.48755629941695,0.013942130981289227,8,3,3
2024-08-02,466.8213195800781,480.9280090332031,466.8213195800781,470.96185302734375,434.0842895507813,22141163,-0.009317410431588069,-0.009361089026140459,420.7626708984375,395.4944592285156,430.6521837482658,416.86509209581436,0.014153405254251888,8,3,4
2024-08-05,462.2474670410156,473.6580200195313,461.7659912109375,467.976806640625,431.3330078125,25022076,-0.006338127880943345,-0.00635829909043476,423.0857452392578,396.4288006591797,430.75692591199413,417.9367895563096,0.014080029402183994,8,3,0
2024-08-06,468.217529296875,473.4654235839844,466.09912109375,468.26568603515625,431.5992736816406,14251363,0.0006173092815016101,0.000617118824503647,424.9805938720703,397.4582269287109,430.8865178765551,418.9488254174452,0.014083017528918081,8,3,1
2024-08-07,471.8284606933594,477.2207946777344,469.9989318847656,474.3801879882813,437.2349853515625,11320399,0.013057741320665173,0.012973223958640036,426.75784454345705,398.6822833251953,431.8632051804024,420.3033557829354,0.014133492563628084,8,3,2
2024-08-08,475.6801452636719,479.5317993164063,474.2357482910156,476.4023132324219,439.0987548828125,21349889,0.004262626719477636,0.004253567461236247,428.6793151855469,399.98718811035155,432.9763666730809,421.6956075681115,0.014118106292705495,8,3,3
2024-08-09,479.5317993164063,479.5317993164063,474.8135070800781,477.5096740722656,440.119384765625,9556181,0.002324374349649272,0.0023216771702850797,430.33231353759766,401.2785186767578,434.0752925334723,423.06033180496433,0.014126227316029305,8,3,4
2024-08-12,473.7543029785156,481.4576110839844,473.7543029785156,476.25787353515625,438.9656372070313,9425644,-0.002621442268915475,-0.0026248842653459684,431.90987396240234,402.6705212402344,434.8276532524814,424.2385025754878,0.014143669079651307,8,3,0
2024-08-13,477.5578002929688,479.3873596191406,470.1433715820313,471.8284606933594,434.883056640625,8056478,-0.009300455936328333,-0.009343975219598689,433.09027099609375,403.93555725097656,434.83617685065735,425.02698806179427,0.014356833463686186,8,3,1
2024-08-14,473.7061462402344,480.4947204589844,471.732177734375,473.9468688964844,436.8356018066406,9609981,0.004489816598279628,0.004479767439761686,434.27288818359375,405.171669921875,435.1437806900394,425.90170019104215,0.014151794035365846,8,3,2
2024-08-16,476.1615905761719,485.5018615722656,474.3801879882813,484.0093383789063,446.1101379394531,13643352,0.021231181923944353,0.02100894050964373,435.7106658935547,406.72393615722655,436.8309125745646,427.39862150573924,0.014459060052893675,8,3,4
2024-08-19,486.0314636230469,490.4127197265625,481.0724487304688,482.8538513183594,445.0451049804688,10591508,-0.0023873767224918963,-0.002390231050107938,436.9043762207031,407.98687133789065,438.09463448316524,428.7057684297933,0.014515193984481397,8,3,0
2024-08-20,482.4205322265625,484.7315368652344,479.242919921875,480.3021240234375,442.6932067871094,6888634,-0.005284628832088023,-0.005298641873987613,438.335498046875,409.11224182128905,438.8021071453105,429.74187497477965,0.0146033784253398,8,3,1
2024-08-21,481.4576110839844,490.1238708496094,480.5428466796875,486.6573791503906,448.5508117675781,8801221,0.013231748060877013,0.01314497310065694,438.9212585449219,410.2882012939453,440.3019078564286,431.13512955202395,0.014291048320638582,8,3,2
2024-08-22,489.0165100097656,489.6423950195313,482.8538513183594,485.8388977050781,447.7964172363281,8686423,-0.0016818485474972,-0.0016832644425356026,439.38720550537107,411.4890106201172,441.45490929949005,432.3692990101206,0.014011834166013024,8,3,3
2024-08-23,486.3203430175781,488.1498718261719,481.4094848632813,487.0425415039063,448.9058532714844,8195369,0.0024775455819932013,0.002474481525786881,440.09056396484374,412.78123596191404,442.60120837210457,433.5942289554068,0.013964366640260477,8,3,4
2024-08-26,487.235107421875,489.1609497070313,483.3834533691406,486.94622802734375,448.8171081542969,8126402,-0.0001976920473207855,-0.00019771159096936415,440.2458801269531,414.084111328125,443.557500646288,434.72184963680604,0.01379365305564765,8,3,0
2024-08-27,488.7276306152344,488.7757873535156,481.4576110839844,482.0353698730469,444.2907409667969,8260450,-0.01008510394381823,-0.010136303128196088,440.4477905273437,415.33195922851564,443.67030684944325,435.4306564019906,0.014004996635176188,8,3,1
2024-08-28,481.8427734375,483.6723327636719,478.0874328613281,478.8577575683594,441.3619079589844,8081932,-0.0065921540508344645,-0.006613978263606322,440.7761703491211,416.50614379882813,443.31516855860343,435.8700083691753,0.014055378698527835,8,3,2
2024-08-29,479.5317993164063,488.8720703125,478.9058837890625,486.3684997558594,448.2845764160156,19389694,0.015684789131541033,0.015563054101984183,441.2088363647461,417.8613818359375,444.07969284435916,436.7896060022746,0.014257916312551024,8,3,3
2024-08-30,483.3352966308594,490.268310546875,481.6502075195313,483.28717041015625,445.4444885253906,15523349,-0.006335457519710319,-0.006355611699764148,441.5727172851563,419.2503454589844,444.2896614106717,437.4307084113943,0.014284285262879108,8,3,4
2024-09-02,485.3092956542969,493.8792419433594,484.63525390625,491.1349182128906,452.677734375,16497266,0.016238265453804246,0.016107834904291518,442.5023895263672,420.7901861572266,445.5801341744145,438.5601177420317,0.014459646609658344,9,3,0
2024-09-03,491.1349182128906,496.8161315917969,489.0646667480469,490.509033203125,452.100830078125,12481552,-0.0012744260498509519,-0.001275238821347387,443.54078063964846,422.38416442871096,446.58331815960076,439.5631334706312,0.014013002109870878,9,3,1
2024-09-04,481.4576110839844,491.1349182128906,481.4094848632813,487.5721435546875,449.3939514160156,8739052,-0.005987333979549647,-0.006005329931445499,444.4305145263672,423.85832946777344,447.0157232759723,440.29134220732635,0.010090839072736734,9,3,2
2024-09-05,489.4979553222656,492.9163208007813,488.2461853027344,492.2422790527344,453.6983947753906,11318636,0.009578329538730834,0.009532748171447702,445.2536849975586,425.41858337402346,448.0438265835751,441.2844572123681,0.010201154916227322,9,3,3
2024-09-06,493.0126037597656,493.0126037597656,478.71331787109375,483.0945739746094,445.2669982910156,14245025,-0.01858370358252881,-0.018758550188602795,445.5620971679688,426.7986712646484,447.6166222308736,441.5794602552309,0.010691992809664513,9,3,4
2024-09-09,483.3834533691406,493.6384887695313,481.7946472167969,492.7718811035156,454.1865539550781,14265060,0.020031926233690767,0.01983392703544636,446.2654556274414,428.327861328125,448.6273809576743,442.5133190478122,0.010337361222369543,9,3,0
2024-09-10,492.9163208007813,495.9013366699219,489.8831176757813,494.5532836914063,455.8284606933594,11332248,0.0036150491994610956,0.0036085306143840766,447.1085968017578,429.9023150634766,449.73523937854895,443.49962583637125,0.010055235769356833,9,3,1
2024-09-11,493.97552490234375,500.2344665527344,492.9644470214844,495.27545166015625,456.49407958984375,15497555,0.0014602398794316684,0.0014591747659336548,448.18914794921875,431.4164178466797,450.77506094951735,444.4621779662581,0.00972138980811975,9,3,2
2024-09-12,495.9976501464844,501.1973876953125,489.6905517578125,500.2344665527344,461.0648193359375,19085324,0.01001270323199055,0.009962908231488914,449.4006088256836,433.0849499511719,452.3581007012743,445.69200325290103,0.00968615501301033,9,3,3
2024-09-13,500.2344665527344,500.7159118652344,493.0126037597656,494.79400634765625,456.0503540039063,9165077,-0.010875835938325196,-0.010935410182240951,449.8976196289062,434.6034918212891,452.92613967091,446.4592884937162,0.009914743296564821,9,3,4
2024-09-16,496.7679748535156,497.8271789550781,490.79791259765625,492.14599609375,453.6096801757813,7821668,-0.005351763915315555,-0.005366135903744933,450.3258483886719,436.0599066162109,453.0312997485825,446.98894713683217,0.00979286573155398,9,3,0
2024-09-17,492.0978393554688,494.505126953125,487.475830078125,488.9202270507813,450.636474609375,10889862,-0.006554546113861859,-0.006576121480742469,450.72301177978517,437.37520568847657,452.66286511178134,447.2591343570205,0.009798927223662521,9,3,1
2024-09-18,489.0165100097656,493.3977661132813,486.3684997558594,488.5350341796875,450.2814636230469,5638729,-0.0007877990494130627,-0.0007881095261570894,450.8095443725586,438.5067889404297,452.29649565197604,447.48301059894834,0.009806679745284829,9,3,2
2024-09-19,491.0867614746094,495.7087707519531,488.6794738769531,489.4016723632813,451.0802001953125,14461616,0.0017738606555972591,0.001772289222845233,450.97373352050784,439.49459350585937,452.1093732740278,447.74946908756795,0.009559795178708863,9,3,3
2024-09-20,493.0126037597656,498.1642150878906,489.1609497070313,495.3236083984375,456.5384521484375,24725118,0.012100402435668123,0.01202777783705213,451.3553634643555,440.61197570800783,452.790770023937,448.40050486985456,0.009754778416908404,9,3,4
2024-09-23,496.3346557617188,500.1863098144531,494.5532836914063,497.7790222167969,458.8016357421875,8105508,0.004957268293830808,0.004945021496459954,451.85458984375,441.6468200683594,453.7155185959755,449.1709590085459,0.00977571556347531,9,3,0
2024-09-24,497.8271789550781,498.5975036621094,495.0828857421875,496.14208984375,457.2928771972656,7015487,-0.0032884768217559257,-0.0032938957449230094,452.50469665527345,442.64438903808593,454.26588145771245,449.7725825780807,0.009786007715520125,9,3,1
2024-09-25,496.3828125,500.0419006347656,493.3014831542969,498.3567810058594,459.3341064453125,8802667,0.004463724124804891,0.0044537912556964114,453.40330657958987,443.60556884765623,455.04560837888164,450.48084360528304,0.009587159898829732,9,3,2
2024-09-26,498.45306396484375,504.3268737792969,497.8271789550781,503.3639526367188,463.9492492675781,16086557,0.01004746383407329,0.009997323644111655,454.186540222168,444.620888671875,456.41539928483496,451.4785032839716,0.009692658433650561,9,3,3
2024-09-27,500.9566650390625,508.9006958007813,500.9566650390625,503.3157958984375,463.9048461914063,17916386,-9.570675293024689e-05,-9.571133311376377e-05,455.10955810546875,445.55189392089846,457.56762188584594,452.39897312896676,0.008994634744379844,9,3,4
2024-09-30,501.2936706542969,504.9046020507813,494.986572265625,498.9345397949219,459.86663818359375,10936940,-0.008704819621880855,-0.008742927875694419,455.46900329589846,446.3258087158203,457.92131670088406,452.9521335033836,0.009157474807112875,9,3,0
2024-10-01,498.9345397949219,500.4751892089844,494.9384460449219,497.0568542480469,458.1360168457031,5285319,-0.0037633113476688296,-0.003770410420095289,455.77076263427733,447.2071136474609,457.95434749239473,453.3361248620739,0.00912486476758901,10,4,1
2024-10-03,489.6905517578125,496.5753784179688,489.2572326660156,493.73480224609375,455.0740661621094,16481353,-0.0066834969768923,-0.006705931559663169,456.05476837158204,447.57188293457034,457.51122728773544,453.46486125466913,0.008940707786091554,10,4,3
2024-10-04,491.0867614746094,498.1642150878906,482.95013427734375,484.8759765625,446.9089050292969,18930962,-0.017942488355079833,-0.01810540651272482,455.71529388427734,447.7405114746094,455.8801007864372,452.97923486760453,0.009550863965917852,10,4,4
2024-10-07,488.1980285644531,495.8532104492188,487.9573059082031,491.27935791015625,452.8109130859375,17114457,0.013206288776576702,0.013119845972327487,456.0924896240234,448.0999560546875,455.4079180632834,452.96676658748106,0.009844052863585601,10,4,0
2024-10-08,491.0867614746094,493.5422058105469,487.235107421875,489.11279296875,450.81396484375,9868331,-0.004410115093247513,-0.004419868336662653,455.92386016845705,448.2020196533203,454.701156029509,452.80729979164914,0.009881891043756202,10,4,1
2024-10-09,490.8941955566406,490.8941955566406,472.3580627441406,473.4654235839844,436.3918151855469,24874940,-0.03199135515511764,-0.03251426112055936,454.95202789306643,448.12480529785154,451.8843343612071,451.5913379689749,0.011365694979499462,10,4,2
2024-10-10,476.9800720214844,477.2689514160156,471.2988586425781,473.8024597167969,436.7024841308594,13292273,0.0007119036941158896,0.0007116504108827592,453.9624481201172,448.16296875,449.54866509499976,450.4884599068923,0.011309562937066692,10,4,3
2024-10-11,474.71722412109375,475.6319885253906,469.3248901367188,470.09521484375,433.2855224609375,14949380,-0.007824461261589644,-0.007855232978445119,452.5734832763672,448.03605407714844,447.04664315129787,449.214168244229,0.010973880746585719,10,4,4
2024-10-14,472.7913818359375,480.4947204589844,470.5285339355469,478.5207214355469,441.0513000488281,6970606,0.01792300269758207,0.017764279410803253,451.82353057861326,448.09374267578124,446.1242826739948,448.609511340866,0.01145606907121361,10,4,0
2024-10-15,479.5317993164063,480.8798828125,476.1615905761719,480.0614013671875,442.4713134765625,8347216,0.0032196105704191957,0.003214438722224753,451.26661224365233,448.26148315429685,445.5622874128514,448.1548300175843,0.011048633172579696,10,4,1
2024-10-16,477.60595703125,480.3502807617188,474.09130859375,474.9097900390625,437.7231140136719,6939430,-0.010731089944754468,-0.010789083351923263,450.6209442138672,448.3892852783203,444.35626073605454,447.3821103135908,0.011199441397540205,10,4,2
2024-10-17,476.6430358886719,476.6430358886719,469.9026489257813,470.7692565917969,433.9067687988281,7669729,-0.008718628495191894,-0.008756858105322271,449.8022094726563,448.43543518066406,442.74864659186585,446.3839368680528,0.011252227052070088,10,4,3
2024-10-18,470.6248168945313,473.3209838867188,460.6586608886719,468.6508483886719,431.9542541503906,22616838,-0.004499848328807121,-0.004510003121099205,448.84591217041014,448.32982055664064,441.0879708316389,445.3150714815593,0.011083536039228386,10,4,4
2024-10-21,468.6508483886719,469.5174865722656,459.6475830078125,465.7139587402344,429.2473449707031,7680088,-0.006266657067683479,-0.006286374983191874,447.4813568115234,448.13279235839843,439.2663360838027,444.1248695177922,0.010651509436037753,10,4,0
2024-10-22,465.7139587402344,470.2878112792969,462.9696350097656,463.93255615234375,427.60540771484375,12772970,-0.0038251541333853556,-0.003832488745446199,445.9215454101562,447.8825128173828,437.4723471039628,442.90120568053675,0.009876745074090787,10,4,1
2024-10-23,463.1622314453125,465.3769226074219,461.7178649902344,462.5363464355469,426.3185424804688,10553961,-0.003009469036540091,-0.0030140065945280107,444.3728286743164,447.62957092285154,435.7563771618868,441.67286025830947,0.00982168517838946,10,4,2
2024-10-24,464.1251525878906,464.5103149414063,452.5701599121094,454.2071228027344,418.6415100097656,13596626,-0.01800773765559327,-0.018171850145062004,442.33819885253905,447.3047399902344,433.12332067694507,439.96683431397287,0.010208294467926992,10,4,3
2024-10-25,458.1550598144531,475.19866943359375,456.6144104003906,464.4140319824219,428.0491943359375,32154050,0.022471933865211735,0.02222316001552141,440.543196105957,447.12901184082034,432.3426858552516,439.0840461674517,0.010973575080665151,10,4,4
2024-10-28,464.0769958496094,467.8805236816406,458.34765625,466.1954040527344,429.6910705566406,8946214,0.003835718516536968,0.0038283809056226144,438.83250732421874,446.8006304931641,431.93474504008066,438.3882701962805,0.010910987379954471,10,4,0
2024-10-29,467.0138854980469,471.0581359863281,463.45111083984375,469.8544921875,433.0636291503906,7131161,0.007848798415524438,0.007818156825915567,437.4923568725586,446.5610009765625,432.10841951858987,437.99385234102937,0.01103350994583127,10,4,1
2024-10-30,469.8544921875,474.95794677734375,468.458251953125,473.3209838867188,436.2586975097656,6640080,0.007377826592464665,0.007350743557561648,436.3984909057617,446.43231079101565,432.74692382492464,437.86532235352837,0.011105740156779832,10,4,2
2024-10-31,473.7543029785156,474.71722412109375,466.7250061035156,470.6729736328125,433.8180541992188,8111694,-0.005594486309335234,-0.005610194059792142,435.3356903076172,446.1376556396484,432.9117131132776,437.56552471246846,0.011136897712364377,10,4,3
2024-11-01,472.7913818359375,473.8505859375,471.1544189453125,472.1173400878906,435.1492919921875,1517892,0.0030686546585203534,0.003063955947839903,434.7477096557617,445.8847131347656,433.2559560177253,437.38654451096613,0.01115124208764543,11,4,4
2024-11-04,475.1505126953125,475.1505126953125,461.7659912109375,466.6287231445313,430.0904541015625,8754385,-0.011625522513123654,-0.011693627249967675,433.61168670654297,445.5084051513672,432.76895572293097,436.84609336952883,0.011020590195648891,11,4,0
2024-11-05,465.0399169921875,467.0620422363281,459.2624206542969,462.3919067382813,426.1853942871094,7610046,-0.009079624477159376,-0.009121095485800703,432.38025817871096,445.05577087402344,431.7561001174199,436.0564119560163,0.011016147853735949,11,4,1
2024-11-06,462.3919067382813,466.4361572265625,460.27349853515625,463.2585144042969,426.9841613769531,11749720,0.0018742244585361334,0.0018724702913357077,431.9098754882813,444.7096392822266,431.02195569580965,435.3843933946042,0.011042023700336455,11,4,2
2024-11-07,463.8844299316406,464.7991943359375,458.4439392089844,460.17718505859375,424.1440734863281,9267980,-0.006651506419971587,-0.00667372627394245,431.2819549560547,444.36528259277344,429.963819971274,434.55177710510225,0.01099626526245267,11,4,3
2024-11-08,460.17718505859375,462.8733520507813,456.9995727539063,460.3216247558594,424.2772216796875,6325023,0.00031392208846625635,0.0003138728252370504,430.8315399169922,443.88513549804685,429.0889586956453,433.7906989254419,0.010751256496615175,11,4,4
2024-11-11,460.3216247558594,463.6436767578125,456.5181274414063,459.2624206542969,423.3009643554688,5700343,-0.002300989245554441,-0.0023036405892315408,429.9440231323242,443.44226501464846,428.19849802792584,433.01368154988836,0.010738818220560808,11,4,0
2024-11-12,459.8883361816406,460.225341796875,453.6775207519531,455.3144836425781,419.6621398925781,5236095,-0.00859630562956848,-0.008633466984983533,428.803564453125,442.781953125,426.88521216094927,432.0246784641617,0.010736845944212998,11,4,1
2024-11-13,452.6183166503906,457.0958557128906,450.8850708007813,454.6885681152344,419.0852966308594,11548660,-0.0013745420586818158,-0.001375487608181718,427.8716735839844,442.1216424560547,425.68522515632003,431.0662057357689,0.010739762938017887,11,4,2
2024-11-14,453.7256774902344,455.4107666015625,445.1075744628906,448.67034912109375,413.5382995605469,12087836,-0.013235962022305037,-0.013324338061840385,426.85325012207034,441.4045294189453,423.8164673723549,429.7678423153821,0.010884813564495449,11,4,3
2024-11-18,448.718505859375,450.4517517089844,444.8668518066406,449.24810791015625,414.0707702636719,8448573,0.001287597070672497,0.0012867688284495678,425.9590759277344,440.61197692871093,422.31712935563445,428.6050962374776,0.010543162680420378,11,4,0
2024-11-19,450.6443481445313,456.18109130859375,448.959228515625,450.0184326171875,414.7808227539063,7121472,0.0017148094993091334,0.0017133408921809425,425.23574981689455,440.00225341796875,421.15769757075316,427.5810759794353,0.010154952595094016,11,4,1
2024-11-21,443.9039306640625,446.8408203125,438.5115966796875,440.19671630859375,405.7281188964844,20313155,-0.021825270988463652,-0.02206696538403299,424.1418853759766,439.03308471679685,418.7839162362503,425.9623384177352,0.010727654946267469,11,4,3
2024-11-22,439.2819213867188,458.8291015625,438.6078796386719,457.0477294921875,421.2596740722656,20214206,0.038280696980097506,0.037566169169286234,423.8889419555664,438.341708984375,419.16480205717573,425.6139929106634,0.01188984103795707,11,4,4
2024-11-25,461.23638916015625,464.3177185058594,454.8811645507813,459.1179809570313,423.1678161621094,14427013,0.004529610136659867,0.004519382326363472,424.1152572631836,437.6751837158203,419.7806503810117,425.43279463299274,0.011930352018268328,11,4,0
2024-11-26,462.1993103027344,464.75103759765625,456.5181274414063,459.3105773925781,423.3453369140625,6791715,0.0004195043790502506,0.00041941641168916506,423.8800643920898,436.9207940673828,420.3290636937887,425.27816813529415,0.01186202818686961,11,4,1
2024-11-27,459.7920227050781,462.2956237792969,455.45892333984375,459.2624206542969,423.3009643554688,7339184,-0.00010481409554941035,-0.00010481958893058247,423.56055908203126,436.26580627441405,420.786279180201,425.1317085960478,0.011330483280953152,11,4,2
2024-11-28,459.3105773925781,465.8583984375,453.0997619628906,457.2884521484375,421.4815368652344,14967609,-0.004298188861924124,-0.004307452630150572,422.98145446777346,435.6232434082031,420.89324190097534,424.86132550487645,0.011310037414167308,11,4,3
2024-11-29,455.6514892578125,461.1401062011719,455.07373046875,459.0698547363281,423.1234436035156,8668142,0.0038955602907138065,0.003887992243879107,422.32469177246094,435.07298278808594,421.2363498552123,424.7325935121831,0.011215812149952091,11,4,4
2024-12-02,458.34765625,461.5252685546875,455.8440856933594,459.5031433105469,423.5228271484375,5689595,0.0009438936815235888,0.0009434484940003482,421.8099304199219,434.5378100585938,421.5881155926316,424.64298118894266,0.01112697600532316,12,4,0
2024-12-03,448.718505859375,455.8440856933594,445.5890197753906,455.0256042480469,419.3959045410156,23073942,-0.009744274317415869,-0.009792060439180874,421.02226104736326,433.9041241455078,421.2508523539214,424.2543088446518,0.01122868920082865,12,4,1
2024-12-04,456.8070068359375,460.466064453125,449.1036682128906,449.7777099609375,414.5589294433594,13957078,-0.01153319583067891,-0.011600218959308628,420.2456848144531,433.06453369140627,420.2213257522965,423.53613259270423,0.011355572398532946,12,4,2
2024-12-05,450.2110290527344,455.2181701660156,445.3482971191406,450.1628723144531,414.9139709472656,27432375,0.000856431929672663,0.0008560654011038325,419.68211364746094,432.1867803955078,419.4048096284456,422.89745395230136,0.011348970650383006,12,4,3
2024-12-06,452.5701599121094,457.3366088867188,450.35546875,453.6775207519531,418.15338134765625,7842234,0.007807426664845574,0.007777106422409359,419.2405746459961,431.40399047851565,419.2122822006318,422.54604116677206,0.011452382264171475,12,4,4
2024-12-09,454.0145263671875,454.4960021972656,445.7816162109375,447.7074279785156,412.6507568359375,12154116,-0.013159344769578252,-0.01324669611760612,418.66590881347656,430.47032348632814,418.2028167599096,421.81305714226585,0.011230039525906645,12,4,0
2024-12-10,448.0926208496094,449.1518249511719,445.444580078125,448.18890380859375,413.0945434570313,9163636,0.001075453307044949,0.001074875421426021,418.1067749023438,429.4532293701172,417.4169285594668,421.16724131372996,0.010372774309304039,12,4,1
2024-12-11,449.8739929199219,450.8369140625,447.4667053222656,447.9963073730469,412.9170227050781,7005617,-0.0004297339550107804,-0.0004298263171085258,417.5875778198242,428.4334729003906,416.72463535109927,420.55611400938534,0.010331468167732645,12,4,2
2024-12-12,448.237060546875,450.5480346679688,442.1225280761719,443.5187683105469,408.7900695800781,13380617,-0.009994630635384638,-0.010044912267587532,417.0439743041992,427.4119415283203,415.5039329247883,419.68455516277,0.010301660404176448,12,4,3
2024-12-13,442.9410095214844,456.8070068359375,434.9006652832031,452.5701599121094,417.1327209472656,32976794,0.020408155647609894,0.020202699852177115,416.9463455200195,426.59187561035156,415.7545156974771,419.49553040606594,0.010958760774863536,12,4,4
2024-12-16,452.8108825683594,456.8070068359375,450.6443481445313,452.66644287109375,417.2214660644531,9354160,0.00021275031358358731,0.0002127276854449945,417.13050384521483,425.83482360839844,415.9802003693195,419.32708119557606,0.010934029461074298,12,4,0
2024-12-17,452.5701599121094,458.1550598144531,445.8778991699219,452.1368408203125,416.73333740234375,20608409,-0.0011699509776277317,-0.001170635904545486,417.2636322021484,425.2313122558594,416.0960676051694,419.13495202570704,0.010903748362282117,12,4,1
2024-12-18,455.1700439453125,456.229248046875,449.5851135253906,453.0516357421875,417.5765075683594,12841386,0.002023284653134283,0.0020212405694515303,417.4034164428711,424.5266241455078,416.32382759950633,419.01951169553314,0.010745258040977259,12,4,2
2024-12-19,451.6072387695313,456.75885009765625,448.0444641113281,449.24810791015625,414.0707702636719,15161531,-0.008395437102298176,-0.008430877280960775,417.82054901123047,423.79176025390626,415.97720339399336,418.65293825613605,0.010728073479639562,12,4,3
2024-12-20,449.199951171875,450.11474609375,442.2669677734375,447.4185791015625,412.3844909667969,20231570,-0.00407244224411496,-0.0040807572195468355,417.37678985595704,423.3116137695313,415.4244784051939,418.18860882729615,0.010729875856463756,12,4,4
2024-12-23,453.7256774902344,459.984619140625,450.2591552734375,456.6625671386719,420.9046630859375,19562956,0.020660748175000077,0.020450209897728864,417.2636322021484,422.9956573486328,416.2675837406929,418.38979803163994,0.011381831260684682,12,4,0
2024-12-24,457.2884521484375,462.4400329589844,455.1218872070313,460.706787109375,424.63226318359375,12009880,0.008856162510357368,0.008817176710463254,417.327978515625,422.8225921630859,417.55445750113915,418.8522028577106,0.011501189029043233,12,4,1
2024-12-26,462.7289123535156,463.980712890625,458.34765625,459.2624206542969,423.3009643554688,9188830,-0.003135180586947839,-0.0031401055620891094,417.327978515625,422.46758544921875,418.43853547872834,419.18174074643343,0.011508178419609348,12,4,3
2024-12-27,461.9585876464844,464.0288696289063,458.34765625,460.8512268066406,424.7653503417969,16906420,0.0034594440117985403,0.0034534739002455256,417.49216918945314,422.11346618652345,419.4118916115081,419.5953414572011,0.011405389233813639,12,4,4
2024-12-30,462.9215087890625,463.5955505371094,458.34765625,459.3105773925781,423.3453369140625,13578360,-0.003343053821578734,-0.0033486543113149616,417.50326385498045,421.82591064453123,420.0170370426703,419.87311889845006,0.011421989557517357,12,4,0
2024-12-31,460.706787109375,466.6768798828125,456.951416015625,465.7139587402344,429.2473449707031,13787501,0.013941356008932981,0.013845069185806207,417.78948974609375,421.73272216796875,421.4370844162138,420.56750601491325,0.011380897772659288,12,4,1
2025-01-01,467.976806640625,468.7952880859375,464.26959228515625,466.0028381347656,429.5135803222656,18931186,0.0006202376198289894,0.0006200453519735274,418.2953735351563,421.68390869140626,422.67962224791404,421.23017818582827,0.01138158632805499,1,1,2
2025-01-02,467.3509216308594,471.8284606933594,464.4140319824219,470.9136962890625,434.0399169921875,27131131,0.010538285347172938,0.010483144671951982,419.26942291259763,421.7797601318359,424.42735990087914,422.17904772704003,0.01150644129855795,1,1,3
2025-01-03,472.0691833496094,472.7913818359375,462.0548706054688,463.739990234375,427.4279174804688,38500784,-0.015233620809667836,-0.01535084442828611,419.89512023925784,421.7762103271484,424.88898414389297,422.5678528939607,0.011099897452652392,1,1,4
2025-01-06,455.6000061035156,461.75,441.25,442.6499938964844,407.98931884765625,22009958,-0.04547807440233664,-0.04654466531257015,419.3869171142578,421.40962585449216,422.28903563677966,421.4879614831234,0.012095986939477868,1,1,0
2025-01-07,445.5,447.6000061035156,440.1499938964844,441.1000061035156,406.5607299804688,14294780,-0.00350153496964678,-0.003507679691383965,419.08241577148436,421.16801025390623,419.86929630503954,420.3822406310749,0.012058319393938997,1,1,1
2025-01-08,443.0,452.0499877929688,437.1000061035156,449.5499877929688,414.3490295410156,13482926,0.019156546577730138,0.018975370093404213,419.14514007568357,420.8940069580078,419.02002449518966,419.93533610588537,0.012620583114548087,1,1,2
2025-01-09,449.3999938964844,460.6499938964844,446.0499877929688,450.1000061035156,414.8559875488281,19732649,0.001223504754853888,0.0012227568828657794,419.2420883178711,420.59730529785156,418.37940342651865,419.5590880646219,0.012624847318553276,1,1,3
2025-01-10,449.9500122070313,452.0,442.5,444.8999938964844,410.0631408691406,9145729,-0.011553037255183418,-0.011620292090304265,419.30574188232424,420.1372955322266,417.09997841769126,418.85568456866037,0.012766938033567817,1,1,4
2025-01-13,435.0,444.0,435.0,439.0499877929688,404.6712036132813,17799607,-0.013149041497441005,-0.013236255507669239,418.682666015625,419.5055456542969,415.18785921701283,417.8049822756693,0.012927388393384176,1,1,0
2025-01-14,441.0,441.5,435.8500061035156,436.6000061035156,402.4130859375,18048459,-0.00558012938805319,-0.005595756471258117,417.94224700927737,418.8774462890625,413.2225094817031,416.6648418061753,0.012941402789783623,1,1,1
2025-01-15,436.6000061035156,441.7999877929688,435.3500061035156,437.3500061035156,403.1043395996094,9786805,0.0017177713306686382,0.001716297648887255,417.26079711914065,418.2365472412109,411.665867961381,415.66036016124445,0.012862267747187007,1,1,2
2025-01-16,438.0499877929688,439.4500122070313,431.1000061035156,432.8500061035156,398.9567260742188,15774070,-0.01028918103315446,-0.010342480577307255,416.3298080444336,417.6138726806641,409.71061536335606,414.42305393257584,0.012829900166280888,1,1,3
2025-01-17,433.0,441.7999877929688,432.5,440.2000122070313,405.731201171875,11270061,0.016980475963691122,0.016837919206325224,415.91282958984374,417.20478881835936,409.0983977954359,413.7792129873388,0.013249775269397539,1,1,4
2025-01-20,439.0,441.2000122070313,436.0,437.7000122070313,403.4269409179688,8742771,-0.005679277924031445,-0.0056954663443556375,415.46495208740237,416.7336444091797,408.2258659681333,413.0123780192373,0.013181190992570918,1,1,0
2025-01-21,438.0,447.0,435.25,437.5499877929688,403.2886657714844,15686500,-0.0003427513942668714,-0.0003428101469514339,414.5841522216797,416.3165362548828,407.46629670711036,412.29210303792223,0.012983394655445858,1,1,1
2025-01-22,439.8999938964844,441.9500122070313,436.5499877929688,437.0,402.78173828125,9619648,-0.0012569842231113793,-0.0012577748904202934,413.4916259765625,415.8866265869141,406.74559541082414,411.58763157446504,0.012979488039143389,1,1,2
2025-01-23,435.0,441.8500061035156,434.1000061035156,440.2000122070313,405.731201171875,8888248,0.007322732413864941,0.007296051381727209,412.61313781738284,415.5352313232422,406.58953475867816,411.15382191501396,0.013063197940167363,1,1,3
2025-01-24,439.3999938964844,445.0,439.0499877929688,441.6000061035156,407.02154541015625,9665384,0.0031802933433622282,0.003175246907088293,411.72594757080077,415.28241943359376,406.6559979358286,410.8477273590986,0.012954062212320965,1,1,4
2025-01-27,440.7999877929688,445.0,436.5499877929688,440.1000061035156,405.6390075683594,10480203,-0.0033967190616498444,-0.003402501008654328,410.84063110351565,415.01349365234375,406.4995378792949,410.4618962634883,0.012372939928414131,1,1,0
2025-01-28,440.0,441.7999877929688,434.5,435.4500122070313,401.3530883789063,20813072,-0.010565845763072512,-0.010622060633812486,409.44591827392577,414.76978942871096,405.70777641769666,409.78716975351927,0.01249670836073517,1,1,1
2025-01-29,435.9500122070313,437.5,430.1000061035156,433.3500061035156,399.4175415039063,15158510,-0.004822553833627619,-0.004834219868198637,407.9411163330078,414.47672485351563,404.7400479694212,409.0190491424368,0.01251403183917706,1,1,2
2025-01-30,433.0,438.0,431.4500122070313,436.2000122070313,402.0444030761719,22496695,0.006576730612217974,0.006555198276133635,406.34134063720705,414.22199645996096,404.32533337045976,408.50240869308385,0.012583616201712654,1,1,3
2025-01-31,436.5,448.2000122070313,435.1000061035156,447.5,412.4595947265625,13546181,0.025905575530216662,0.025575710866443606,405.5929244995117,414.3566259765625,405.5767581944756,408.79553358445264,0.01343539961425317,1,1,4
2025-02-01,448.0,471.5,439.5499877929688,462.5499877929688,426.3311462402344,30393007,0.0336312979283897,0.03307813409122817,406.5100158691406,414.4580554199219,408.76974097074617,410.0944678552513,0.014745015077850566,2,1,5
2025-02-03,462.0,465.2000122070313,452.2999877929688,454.3500061035156,418.7732238769531,16991730,-0.017727821272111366,-0.01788684128421443,407.12064056396486,414.37016357421874,410.3087383409319,410.7373386716736,0.014664764630858158,2,1,0
2025-02-04,458.0,460.3500061035156,448.75,455.1499938964844,419.5105590820313,18923681,0.0017607028411512626,0.0017591546209412643,407.37871704101565,414.2934680175781,411.72440307033185,411.3872068502186,0.014572854838554717,2,1,1
2025-02-05,455.1499938964844,455.8500061035156,446.5,448.1499938964844,413.05865478515625,12836283,-0.015379599290642476,-0.01549909207850079,407.28885040283205,414.0886218261719,411.9296725649202,411.5110178083621,0.014824258839374025,2,1,2
2025-02-06,450.0,450.0,438.2000122070313,441.1000061035156,406.5607299804688,17469129,-0.0157312399326609,-0.015856289073397666,407.1137298583984,413.7902056884766,411.10368139808156,411.1443298211108,0.015050487772922136,2,1,3
2025-02-07,440.0,445.5,428.3999938964844,430.8500061035156,397.1133117675781,18875982,-0.023237409607525406,-0.02351165504303626,406.73583526611327,413.27000305175784,408.9513168395426,410.1049951504787,0.015570667703683573,2,1,4
2025-02-10,427.0,433.2999877929688,426.5,427.2000122070313,393.7491455078125,12227140,-0.008471552476524868,-0.008507640033498392,406.3026382446289,412.6745294189453,406.61252125004563,408.8934507325034,0.015314386757613395,2,1,0
2025-02-11,428.7999877929688,430.5499877929688,417.5,418.2999877929688,385.5459899902344,14288751,-0.020833456049786814,-0.02105353452528205,405.42472076416016,411.9975311279297,403.3715164408439,407.16400919603905,0.01564838871937569,2,1,1
2025-02-12,413.1499938964844,413.7999877929688,407.6000061035156,409.8999938964844,383.7671508789063,13884574,-0.004613818214976417,-0.004624494726550068,404.66524200439454,411.38169555664064,400.3554602005458,405.43090857995514,0.015423421632907696,2,1,2
2025-02-13,409.9500122070313,413.9500122070313,409.0,409.7000122070313,383.5798950195313,12989029,-0.00048794134397944777,-0.00048806042609533064,403.5576766967773,410.75501403808596,397.7746040188513,403.81231498288673,0.015286761218843078,2,1,3
2025-02-14,411.75,416.2000122070313,408.3999938964844,410.25,384.0948486328125,14124236,0.0013424937541499649,0.0013415934151195983,402.59107208251953,410.07384338378904,395.67002626715305,402.35176191991826,0.013083247276674719,2,1,4
2025-02-17,409.7999877929688,411.3999938964844,406.75,408.6000061035156,382.550048828125,11975265,-0.004021922736496486,-0.004030032419394528,401.55414123535155,409.4718292236328,393.6515681996103,400.8849683575632,0.01308575103662477,2,1,0
2025-02-18,408.0,410.8500061035156,404.0,405.25,379.4136047363281,12998403,-0.008198781052060511,-0.00823257590190651,400.38573455810547,408.79821044921874,391.4611122821823,399.29449697821246,0.012504860488778392,2,1,1
2025-02-19,404.7999877929688,408.7999877929688,404.5,406.3999938964844,380.4902648925781,7079032,0.0028376951770041625,0.0028336765207313042,399.1236877441406,408.14967529296877,389.7732896068586,397.90159089779513,0.012526475923912558,2,1,2
2025-02-20,399.9500122070313,403.8999938964844,396.2000122070313,402.0499877929688,376.4176025390625,15355585,-0.010703722878863786,-0.010761419804550853,397.59349060058594,407.5022259521484,387.71856851950537,396.3101843527038,0.01250696250089998,2,1,3
2025-02-21,402.0499877929688,403.25,399.2000122070313,400.8999938964844,375.3409423828125,8240986,-0.0028602811053137778,-0.002864379526270795,396.0785873413086,406.66639038085935,385.81431834462956,394.7569071697489,0.012352782943214572,2,1,4
2025-02-24,400.0,403.3999938964844,398.75,401.8999938964844,376.2771911621094,7037625,0.0024943955576846033,0.0024912897168104632,394.8247924804688,405.8475048828125,384.3470680088572,393.38803931733116,0.012369767901259113,2,1,0
2025-02-25,402.0,407.0,400.5,404.8500061035156,379.03912353515625,15760891,0.007340153583364373,0.007313345758489646,393.8058715820313,405.09362060546874,383.5304611667494,392.32515666679967,0.012472745708463176,2,1,1
2025-02-27,404.8500061035156,406.5,399.5,401.6000061035156,375.9963073730469,19051003,-0.008027709999247956,-0.00806010555439464,392.503466796875,404.2620166015625,382.37136058310284,391.11561227466984,0.012427515553796988,2,1,3
2025-02-28,399.0,402.5,392.2000122070313,395.0,369.8170776367188,31954776,-0.016434283037246145,-0.01657082390110171,390.3713409423828,403.37694274902344,380.4399324375053,389.537943042229,0.0121718092353895,2,1,4
2025-03-03,395.9500122070313,399.0,391.2000122070313,397.4500122070313,372.1109313964844,10702826,0.00620267126230134,0.006183513874082815,387.6603302001953,402.5714715576172,379.15854766196367,388.24705329069235,0.0122749506436981,3,1,0
2025-03-04,395.3999938964844,397.2000122070313,392.8500061035156,394.8500061035156,369.6766357421875,13404774,-0.006541854723701057,-0.006563346437034939,385.205500793457,401.5469110107422,377.69979198199815,386.8714668056179,0.01228751161978227,3,1,1
2025-03-05,394.5,412.75,394.5,405.0499877929688,379.2263488769531,15665018,0.025832612103258823,0.02550458734061719,383.1912902832031,400.6387927246094,377.9346468889143,386.30516177386494,0.013355597303987573,3,1,2
2025-03-06,409.1499938964844,409.7000122070313,400.5499877929688,405.7000122070313,379.83489990234375,17869996,0.0016047171489872447,0.0016034309662123084,381.5301025390625,399.76947143554685,378.226993506365,385.8258831167152,0.01325958593747602,3,1,3
2025-03-07,403.5499877929688,405.8500061035156,401.7000122070313,403.8999938964844,378.149658203125,11180761,-0.004436774239681585,-0.004446645932310969,380.1095489501953,398.83715759277345,378.215095767405,385.25727386385665,0.01322764957737887,3,1,4
2025-03-10,401.0499877929688,406.8500061035156,400.3999938964844,405.0,379.1795349121094,9785018,0.0027234632813846193,0.0027197613750761314,379.2128601074219,397.9538415527344,378.3634710204364,384.8070709785421,0.013258355800455946,3,1,0
2025-03-11,401.5,408.3999938964844,401.2000122070313,406.2000122070313,380.3030700683594,11099475,0.0029630690815378724,0.002958687844817953,378.5405563354492,396.9749560546875,378.661870873963,384.4734412814915,0.013192555682755375,3,1,1
2025-03-12,406.3999938964844,413.2999877929688,404.0,412.3999938964844,386.1077880859375,13844306,0.01526340036259688,0.01514808657384062,378.5686462402344,396.1068402099609,379.8073965988821,384.59450400774676,0.013534429480896542,3,1,2
2025-03-13,413.0,414.3999938964844,408.2000122070313,412.0499877929688,385.7800903320313,8196569,-0.0008487209116674332,-0.0008490812791757719,378.66929321289064,395.14164367675784,380.72627255782817,384.682325216953,0.01345799634301383,3,1,3
2025-03-17,413.0,416.25,407.0,407.9500122070313,381.9414978027344,5257805,-0.00995020900636201,-0.010000043185231216,378.5873733520508,394.23191528320314,380.9132302878137,384.4793009640479,0.012519042105342016,3,1,0
2025-03-18,410.0,411.9500122070313,407.75,409.1000061035156,383.0181579589844,13861897,0.0028189137929339747,0.002814948106319046,378.5335388183594,393.7324920654297,381.2370653141477,384.37106814885806,0.010565469279514109,3,1,1
2025-03-19,410.0,410.75,402.6000061035156,403.0499877929688,377.3538513183594,12830387,-0.014788611252293582,-0.014899052969330216,378.2737289428711,393.1483544921875,380.6396477763341,383.85127430956186,0.010441994501992796,3,1,2
2025-03-20,405.0,406.6499938964844,401.8999938964844,403.9500122070313,378.1965026855469,16994037,0.002233053576221611,0.0022305640176074567,378.212873840332,392.4253039550781,380.26377930082833,383.4324023374126,0.010450417096764118,3,1,3
2025-03-21,405.9500122070313,407.5,401.7000122070313,405.5499877929688,379.6944885253906,25302035,0.003960866452245471,0.0039530428726839055,378.17308502197267,391.7220739746094,380.17619610460713,383.15551983281836,0.010280906268199391,3,1,4
2025-03-24,407.0,412.8500061035156,405.6000061035156,410.8999938964844,384.703369140625,14362572,0.013191870745048906,0.013105615766422203,378.5873733520508,391.2148785400391,380.87268426399453,383.27017533710034,0.010377522522199555,3,1,0
2025-03-25,412.0,415.25,408.7000122070313,409.7999877929688,383.6734924316406,20338110,-0.002677067038131198,-0.002680656790197111,379.0040008544922,390.79492431640625,381.3035778282478,383.3000506774367,0.009558763985587377,3,1,1
2025-03-26,410.2999877929688,411.2000122070313,406.25,407.3500061035156,381.3796997070313,13891436,-0.0059785019550653296,-0.005996444747635262,379.2591262817383,390.3742565917969,381.3152888865222,383.1578024574066,0.00950316904006725,3,1,2
2025-03-27,408.0,410.7000122070313,405.6499938964844,409.4500122070313,383.3458251953125,18642328,0.0051552966500092445,0.005142053603290866,379.47446136474616,389.9790863037109,381.6276790878746,383.17173006762187,0.008792696670045903,3,1,3
2025-03-28,410.8999938964844,415.6000061035156,408.1499938964844,409.75,383.626708984375,12981873,0.0007327164419212995,0.0007324481362824711,379.8559814453125,389.67248596191405,381.9352221488747,383.2054322096036,0.008753269750219412,3,1,4
2025-04-01,409.7999877929688,414.3999938964844,405.6000061035156,406.6499938964844,380.724365234375,15206240,-0.0075655414026926104,-0.007594305279084906,380.40134582519534,389.17234924316404,381.7489364697209,383.02164947069775,0.008862262939576758,4,2,1
2025-04-02,407.0499877929688,410.0,406.0499877929688,409.0499877929688,382.9713134765625,8001323,0.005901771589544191,0.005884424355077787,380.94436492919925,388.76323669433594,381.93699447077347,383.01792087853954,0.00892866975619515,4,2,2
2025-04-03,407.0499877929688,410.2000122070313,406.7000122070313,409.3999938964844,383.2990112304688,7059566,0.0008556718019725462,0.0008553059235558877,381.6254837036133,388.36344360351563,382.1465355107266,383.0387423860899,0.008898381062110855,4,2,3
2025-04-04,407.5,412.7999877929688,404.5,409.7000122070313,383.5798950195313,18627592,0.0007328059317470714,0.0007325375605815876,381.8431610107422,387.9794067382812,382.367052358235,383.07882776634483,0.008759361962722024,4,2,4
2025-04-07,390.1499938964844,408.1000061035156,390.1499938964844,406.0499877929688,380.1625671386719,26762866,-0.00890903805238652,-0.00894896082444021,381.8595443725586,387.46803405761716,382.0279007859946,382.8628084605913,0.008907972988838603,4,2,0
2025-04-08,411.8999938964844,415.7999877929688,407.25,412.5499877929688,386.2481689453125,18600796,0.016007893287454555,0.015881118109826866,382.26446990966804,387.0525665283203,382.677172810505,383.11357590390395,0.009132358203178826,4,2,1
2025-04-09,413.0,419.0499877929688,411.25,416.2999877929688,389.7590942382813,21785572,0.00908981731241787,0.009048753576683648,382.7934478759766,386.73496826171873,383.7666991840091,383.60583652126525,0.00922286298079021,4,2,2
2025-04-11,420.0,422.4500122070313,417.0,421.5499877929688,394.6743774414063,8939356,0.012611080217976856,0.012532222838241682,383.512013244629,386.60139404296876,385.444803531301,384.4257284412757,0.009450256466528965,4,2,4
2025-04-15,429.2000122070313,429.2000122070313,419.0,420.3999938964844,393.59771728515625,11685880,-0.002727970746998598,-0.0027316984400987294,383.8865097045899,386.48499755859376,386.699097954971,385.10513502230384,0.009419404012838195,4,2,1
2025-04-16,418.0,426.0499877929688,418.0,424.4500122070313,397.3895568847656,13034594,0.009633794692112563,0.009587685592563679,384.46698303222655,386.39190063476565,388.3437839441702,386.015092197301,0.009368111221594578,4,2,2
2025-04-17,425.0,427.8500061035156,421.5499877929688,427.25,400.0110473632813,22410217,0.006596777477159144,0.0065751139613552815,385.3704605102539,386.1429296875,390.13874754711037,387.05182961700325,0.008737243503440108,4,2,3
2025-04-21,428.0499877929688,429.1000061035156,421.5,422.8500061035156,395.89154052734375,27388236,-0.010298482662145836,-0.010351878951583135,386.0141296386719,385.53413757324216,391.0237926209924,387.7066230177692,0.009021077891928063,4,2,0
2025-04-22,425.9500122070313,434.7999877929688,423.5499877929688,433.6000061035156,405.9561767578125,32031936,0.02542271102095861,0.025104928572510322,387.44424591064455,385.27779663085937,393.32108248819554,389.05844181332793,0.009816992393402819,4,2,1
2025-04-23,436.2000122070313,437.4500122070313,428.8500061035156,430.8500061035156,403.3815002441406,19566317,-0.006342252344168409,-0.0063624498703938855,388.70349578857423,384.95521545410156,394.8688390660333,390.11940910449925,0.00897759401058917,4,2,2
2025-04-24,431.8500061035156,436.0499877929688,429.2999877929688,430.0499877929688,402.6324768066406,26064089,-0.0018568611526474932,-0.0018585872564052404,389.8503952026367,384.74669189453124,396.0632448722805,391.0463030083616,0.009006367942042511,4,2,3
2025-04-25,430.0499877929688,432.7000122070313,423.2999877929688,427.7999877929688,400.5259399414063,22944377,-0.0052319099590318885,-0.005245644325532056,390.64152374267576,384.62599609375,396.7498133444537,391.7484983367353,0.009027060684891853,4,2,4
2025-04-28,426.6499938964844,430.5,424.75,428.7999877929688,401.4621887207031,6287095,0.0023375484230403476,0.0023348206068332673,391.5309585571289,384.7129736328125,397.474794171569,392.46803095776994,0.00902620620035398,4,2,0
2025-04-29,428.8999938964844,429.6000061035156,425.0,426.0,398.8406982421875,11189930,-0.006529856490020247,-0.006551269268725775,392.40400848388674,384.8148046875,397.68493325935646,392.9400803862453,0.009154746709634372,4,2,1
2025-04-30,427.3999938964844,429.2999877929688,422.0,425.7999877929688,398.6534729003906,10026546,-0.0004694238642697357,-0.00046953407814460696,393.1693908691406,385.07695434570314,397.8339393579771,393.3632946465524,0.00879007583975442,4,2,2
2025-05-02,424.1000061035156,431.5,424.1000061035156,429.5,402.1175537109375,9263372,0.008689453487872756,0.008651917475140795,394.09393310546875,385.44396240234374,398.4929569507402,394.0117582809513,0.008888967457391251,5,2,4
2025-05-05,430.25,438.5,429.3500061035156,436.9500122070313,409.0926208496094,11525305,0.01734584097188141,0.017197119211827865,395.5123458862305,385.9542169189453,400.1236744736432,395.12885921196306,0.009079778960044027,5,2,0
2025-05-06,437.5,439.6499938964844,433.0,435.5499877929688,407.7818603515625,15026568,-0.0032040678106700637,-0.0032092118267274365,396.7528732299805,386.42795715332034,401.3018569164,396.0661185556371,0.009135047825056189,5,2,1
2025-05-07,433.3999938964844,435.0,429.7000122070313,431.1499938964844,403.662353515625,9710361,-0.01010223169904112,-0.010153605528096514,397.77104034423826,386.85020324707034,401.6650102393577,396.6288026267473,0.008872028539174423,5,2,2
2025-05-08,429.0,431.5,423.5499877929688,430.6000061035156,403.1474304199219,19937960,-0.0012756282353766357,-0.0012764425416491277,398.7494171142578,387.3248797607422,401.89307488252143,397.11166394476027,0.008895856995955432,5,2,3
2025-05-09,425.9500122070313,429.1499938964844,423.0,423.5499877929688,396.5469055175781,8226512,-0.016372484119441366,-0.016507994366317485,399.5686340332031,387.64601257324216,401.0705872879148,397.0698299871912,0.009508223183059387,5,2,4
2025-05-12,429.5,436.2000122070313,428.1499938964844,435.5,407.7350463867188,8031891,0.02821391546237839,0.027823234356651627,400.6429779052734,388.2723614501953,402.0958886877308,397.8598460167858,0.010490440519454192,5,2,0
2025-05-13,434.8999938964844,437.9500122070313,425.3500061035156,427.8999938964844,400.6195983886719,14976369,-0.017451156237617726,-0.017605222721347583,401.18600311279295,388.7779345703125,401.86876710326015,398.06427211840696,0.011049132689587631,5,2,1
2025-05-14,427.1000061035156,431.8500061035156,425.8999938964844,429.1000061035156,401.7430725097656,9557309,0.002804341389219367,0.0028004165599010314,401.53943786621096,389.2872521972656,401.84942947349174,398.33677585110024,0.010960134431624096,5,2,2
2025-05-15,429.1000061035156,435.3999938964844,426.0,432.6499938964844,405.0667419433594,24263510,0.008273121955358675,0.008239087268476702,402.1128890991211,389.8078045654297,402.34440062270215,398.83529185793424,0.011007793208201161,5,2,3
2025-05-16,434.8999938964844,436.2000122070313,432.1000061035156,435.7000122070313,407.92230224609375,16402035,0.007049604440578117,0.007024872146425451,402.6395263671875,390.44632446289063,403.2025393339932,399.5084037385386,0.011045105811938516,5,2,4
2025-05-19,435.0,438.5,432.6499938964844,435.3500061035156,407.5946044921875,7543854,-0.0008033337527806328,-0.0008036565982531675,403.0187042236328,391.201875,403.8782416660231,400.10738157214223,0.010909052821958108,5,2,0
2025-05-20,437.0,440.7999877929688,432.8999938964844,434.8999938964844,407.17327880859375,9868414,-0.001033688078669881,-0.0010342227026465811,403.5827911376953,391.9031219482422,404.3851704571878,400.6307813674349,0.010904303716650408,5,2,1
2025-05-21,436.6000061035156,438.2000122070313,432.0,433.0,405.3944396972656,5776672,-0.004368752086416627,-0.004378322969194351,403.554704284668,392.61747802734374,404.54044264796903,400.98364494742236,0.010966433785987618,5,2,2
2025-05-22,433.0,433.0,422.8999938964844,426.1000061035156,398.934326171875,19451749,-0.015935377727959943,-0.016063711045572242,403.3323455810547,393.0116375732422,403.6779631901084,400.8318435566411,0.011441031558750883,5,2,3
2025-05-23,434.0,439.0,429.0,436.2999877929688,408.4840393066406,18536884,0.023938058242326532,0.02365603478999435,403.6249237060547,393.5846203613281,404.4173595157288,401.39867287145586,0.011982133722772782,5,2,4
2025-05-26,438.25,443.5499877929688,436.75,442.8999938964844,414.6632385253906,13107662,0.015127149714927679,0.01501387530313852,404.33178863525393,394.31489196777346,405.99364859413834,402.3812332902658,0.011948845131089545,5,2,0
2025-05-27,442.8999938964844,444.2000122070313,430.8500061035156,433.8999938964844,406.2370300292969,26986022,-0.02032060649036238,-0.020529910322546297,404.5705307006836,394.85604187011717,406.03109189185506,402.6668478635274,0.012574367797398157,5,2,1
2025-05-28,417.7000122070313,422.6000061035156,413.0,420.2000122070313,400.65911865234375,431851622,-0.013730681756290997,-0.013825819441051563,404.6614517211914,395.2631628417969,405.20463447039174,402.5181271812175,0.012687851851631049,5,2,2
2025-05-29,422.0,422.7999877929688,416.6000061035156,418.75,399.2765197753906,21478547,-0.0034508109577129353,-0.0034567787389244028,404.6926040649414,395.52653747558594,404.2926168250069,402.2780081141192,0.012695033269669715,5,2,3
2025-05-30,419.1000061035156,420.0499877929688,416.3999938964844,418.0499877929688,398.6090698242188,30656239,-0.0016716483893099987,-0.0016730471525229326,404.51717987060545,395.7831170654297,403.4182249787318,402.0062349074599,0.012583553563585296,5,2,4
2025-06-02,418.2999877929688,420.4500122070313,414.5499877929688,419.2999877929688,399.8009338378906,14973380,0.0029900574369705613,0.002985596106110337,404.0525955200195,396.1403057861328,402.86171864937165,401.842879272677,0.012537260831302492,6,2,0
2025-06-03,419.0,421.7000122070313,415.6499938964844,416.9500122070313,397.5602722167969,13216486,-0.005604443190226016,-0.005620207007832602,403.54151611328126,396.43114807128904,402.0461115058986,401.52564912038963,0.012432404309716143,6,2,1
2025-06-04,417.1499938964844,419.0,415.9500122070313,417.0,397.60791015625,12598933,0.00011982570388013869,0.00011981852535392575,403.2387939453125,396.8362292480469,401.3633112982603,401.23544623415705,0.011485511367669057,6,2,2
2025-06-05,418.5,420.9500122070313,415.75,419.1000061035156,399.6102600097656,13212523,0.005035990991046235,0.005023352801196456,403.0619354248047,397.26450439453123,401.09361110003033,401.1150620693873,0.011478202356811172,6,2,3
2025-06-06,420.2999877929688,421.2999877929688,419.0,421.0499877929688,401.4695739746094,8774988,0.004652818385589841,0.004642027485245368,403.3080688476563,397.70000610351565,401.15145154227326,401.1413222105149,0.011508261891299665,6,2,4
2025-06-09,422.0,423.6000061035156,420.5,423.0499877929688,403.3765563964844,10473123,0.004750004845935463,0.0047387591701995154,403.0901443481445,398.07346984863284,401.49377536599803,401.3068951131793,0.011497049258125,6,2,0
2025-06-10,424.5,428.5499877929688,423.0499877929688,427.0,407.1428833007813,13041075,0.009336999993115436,0.009293679654571597,403.41630859375,398.5428576660156,402.36286889442624,401.73919053448316,0.011610285486740096,6,2,1
2025-06-11,428.0,428.1000061035156,424.8500061035156,426.1499938964844,406.3323974609375,20789182,-0.001990666847159539,-0.001992650857847847,403.6457748413086,399.04191162109373,402.9735655969664,402.0794280845909,0.01154445284961128,6,2,2
2025-06-12,427.0,427.2000122070313,419.5499877929688,421.0,401.4219055175781,18508835,-0.012084913666849384,-0.012158529934685545,403.46353302001955,399.40343322753904,402.7348486616759,402.0307227092566,0.01177693828052165,6,2,3
2025-06-13,415.0,419.3500061035156,413.5,413.8999938964844,394.6520690917969,17873926,-0.016864641248345635,-0.017008468669066402,402.8000213623047,399.6239404296875,401.49134411246376,401.4841557746299,0.012069542766795305,6,2,4
2025-06-16,414.9500122070313,418.8999938964844,413.25,418.2000122070313,398.7521057128906,7006629,0.010388990562064215,0.010335395876475764,402.35789642333987,399.9844952392578,401.06992282022173,401.28178169598254,0.011777052583030873,6,2,0
2025-06-17,418.1000061035156,419.0499877929688,415.7000122070313,417.3999938964844,397.98931884765625,9028406,-0.001912935014777295,-0.001914767011662819,401.898698425293,400.2848553466797,400.59598374751937,401.0378955590695,0.011770269073744373,6,2,1
2025-06-18,417.0,418.4500122070313,414.8999938964844,415.8999938964844,396.5590515136719,8036215,-0.0035937329627980796,-0.00360020593384155,401.4569290161133,400.55005615234376,399.97491725000435,400.70612933348445,0.011651192900025555,6,2,2
2025-06-19,415.6499938964844,418.25,414.7999877929688,416.0,396.6544189453125,12601006,0.0002404873404771024,0.00024045842803192935,401.34293365478516,400.81154663085937,399.46407135697484,400.40600263806436,0.01165111803290079,6,2,3
2025-06-20,416.0,419.5,416.0,418.5499877929688,399.0858154296875,13203184,0.006129760235219273,0.006111049676843083,400.8730224609375,401.1900115966797,399.40587813739216,400.3082109929994,0.011311803787196806,6,2,4
2025-06-23,417.0,417.5,411.75,413.8999938964844,394.6520690917969,14839890,-0.011109756765263379,-0.011171931035846272,399.8724639892578,401.3580895996094,398.6745228996083,399.88923751883624,0.010184830269296603,6,2,0
2025-06-24,416.8999938964844,420.6499938964844,413.75,414.3500061035156,395.0811462402344,16690068,0.001087228934146811,0.001086638328812564,399.3146697998047,401.46453063964844,398.1216957212431,399.5330826093102,0.009705667666518989,6,2,1
2025-06-25,416.3999938964844,418.1499938964844,415.1000061035156,416.3500061035156,396.9881591796875,9946718,0.0048268892545269,0.004815277176407351,399.13112182617186,401.51080627441405,397.94730548408074,399.3445697626715,0.009735803352310564,6,2,2
2025-06-26,417.2000122070313,420.8999938964844,416.25,420.2999877929688,400.7544250488281,13703918,0.009487098751063572,0.009442378848640146,399.20501708984375,401.6539404296875,398.3791700325034,399.44900348757193,0.009775327214827323,6,2,3
2025-06-27,421.0,422.0,417.7999877929688,418.6499938964844,399.18115234375,21409935,-0.003925777500489058,-0.003933503592221144,399.23362121582034,401.6897723388672,398.50255192654134,399.42916266210364,0.009695426256662315,6,2,4
2025-06-30,419.7999877929688,420.75,415.7999877929688,416.4500122070313,397.08349609375,12317124,-0.00525489802733381,-0.00526875356491305,399.0977493286133,401.63122131347654,398.2842356445734,399.25540958296637,0.00973143480263197,6,2,0
2025-07-01,417.0,418.8500061035156,414.8999938964844,415.1000061035156,395.7962646484375,13670465,-0.0032417147979592054,-0.0032469805384737157,399.0095489501953,401.62931579589844,397.90147087593715,398.9991766248531,0.00974141444301917,7,3,1
2025-07-02,416.8999938964844,416.8999938964844,411.7000122070313,412.9500122070313,393.7462768554688,15990899,-0.0051794015660798776,-0.005192861161586294,398.81646728515625,401.38511779785154,397.2622102574035,398.610072938232,0.009752490997679917,7,3,2
2025-07-03,414.0,416.0,411.25,413.3500061035156,394.1276550292969,14185298,0.000968588647678903,0.0009681198683731524,398.54233703613284,401.2000408935547,396.77997099154095,398.2780419820146,0.009334738185598337,7,3,3
2025-07-04,414.8999938964844,415.0,411.75,412.5499877929688,393.3648376464844,8256733,-0.00193545764444214,-0.0019373330628414717,398.13710021972656,401.0146881103516,396.2545658615323,397.9141009201235,0.008129674910036135,7,3,4
2025-07-07,413.0,417.2000122070313,412.0,416.1499938964844,396.7974243164063,6845218,0.008726216330008585,0.008688362956049762,397.80814361572266,400.94011779785154,396.33808254689757,397.8313841346629,0.007761384154039275,7,3,0
2025-07-08,416.1499938964844,418.1000061035156,414.6499938964844,417.2000122070313,397.7986145019531,6807192,0.0025231771281570836,0.0025199992611721145,397.34093017578124,400.8668463134766,396.5627797707523,397.8289567544622,0.006919894876113478,7,3,1
2025-07-09,416.2000122070313,420.2999877929688,415.4500122070313,419.4500122070313,399.9440002441406,9930533,0.005393145335293781,0.00537865440477092,397.0215103149414,400.88891235351565,397.08296753588894,397.9856266425865,0.006546628219712823,7,3,2
2025-07-10,420.2999877929688,420.2999877929688,416.3999938964844,416.8500061035156,397.46490478515625,6220360,-0.0061986064485803904,-0.006217897569559273,396.8236602783203,400.8651409912109,397.1417271126993,397.94705465314723,0.006614877943219622,7,3,3
2025-07-11,417.0,418.0499877929688,415.5,416.7999877929688,397.4172058105469,8578844,-0.0001200080158905159,-0.0001200152174286222,396.9619171142578,400.7711340332031,397.1841084508297,397.90780659073243,0.006608474270763728,7,3,4
2025-07-14,417.0499877929688,419.9500122070313,416.5499877929688,419.3999938964844,399.8962707519531,6896989,0.006237940645649864,0.006218565227293876,397.0191253662109,400.58720703125,397.60136418946405,398.0551002323043,0.006686622770763125,7,3,0
2025-07-15,420.8999938964844,422.3999938964844,419.0,422.1000061035156,402.4707336425781,8532755,0.006437826703870053,0.0064171924101913864,397.24319610595705,400.4809844970703,398.3504979514816,398.3821841886209,0.00669818730373458,7,3,1
2025-07-16,422.1000061035156,425.4500122070313,420.2999877929688,424.6000061035156,404.8544616699219,9780773,0.005922736308724197,0.0059052658540241,397.65796661376953,400.50482666015625,399.3511077543186,398.86161215019877,0.006772269459419368,7,3,2
2025-07-17,425.7999877929688,425.8999938964844,423.0,423.9500122070313,404.2347106933594,7240795,-0.0015307994235908007,-0.0015319722941342844,398.0369812011719,400.526572265625,400.1024312834018,399.25961944969214,0.006730761366754497,7,3,3
2025-07-18,425.2000122070313,425.2000122070313,420.1000061035156,422.75,403.0905151367188,6730256,-0.002830522778902389,-0.0028345362838372184,398.2372161865234,400.65744445800783,400.5621364916044,399.543389500583,0.006706552526147985,7,3,4
2025-07-21,422.0,422.75,418.3999938964844,420.1000061035156,400.5637512207031,4822343,-0.0062684777267920655,-0.006288207125375075,398.5328002929688,400.5140185546875,400.56238491146576,399.6189718502215,0.006747878555936763,7,3,0
2025-07-22,420.1000061035156,420.3999938964844,415.2000122070313,416.0,396.6544189453125,9869507,-0.009759575756610683,-0.009807512566361925,398.61146392822263,400.4347149658203,399.9611593782114,399.3993753387467,0.006716758392324577,7,3,1
2025-07-23,417.1000061035156,417.8999938964844,414.0,414.9500122070313,395.65325927734375,12196187,-0.0025240098689200963,-0.0025272005518368603,398.54471893310546,400.3129187011719,399.29840551653945,399.1218852601243,0.006720592612972033,7,3,2
2025-07-24,415.8500061035156,415.8500061035156,409.4500122070313,409.9500122070313,390.8857727050781,9005157,-0.012049658281530151,-0.012122843915969444,398.051286315918,400.02929931640625,398.00415431477614,398.5118028486394,0.006718565885970596,7,3,3
2025-07-25,410.0,410.25,407.75,409.3999938964844,390.361328125,5824089,-0.0013416824471476074,-0.0013425833089125338,397.6102951049805,399.6780798339844,396.8283349009644,397.90806398022164,0.006003506208005773,7,3,4
2025-07-28,410.7999877929688,410.8500061035156,408.6000061035156,409.8999938964844,390.8380737304688,8123337,0.0012212931228581247,0.0012205479510659033,397.2980239868164,399.34294921875,395.9067562593497,397.3843609987585,0.005661786266245454,7,3,0
2025-07-29,410.0,411.3999938964844,408.0,408.4500122070313,389.45550537109375,6811772,-0.0035374454340609818,-0.0035437169887169175,396.9809860229492,398.98859375,394.91425612269495,396.79703835967223,0.0056819896175834515,7,3,1
2025-07-30,409.0,409.2999877929688,405.75,407.6000061035156,388.6450500488281,10915863,-0.0020809959317261706,-0.0020831642124045186,396.7259246826172,398.65360595703123,393.9497628805616,396.19318737368377,0.005662162488603109,7,3,2
2025-07-31,405.9500122070313,414.0,405.5499877929688,411.9500122070313,392.7927856445313,19364174,0.010672297499175754,0.010615750500692963,396.65918121337893,398.53077514648436,393.7717663827108,395.9413057641169,0.006027654946953404,7,3,3
2025-08-01,412.3999938964844,419.3500061035156,411.7999877929688,416.4500122070313,397.08349609375,14324065,0.010923597902079862,0.010864366363804055,396.84511413574216,398.3027642822266,394.2812632613322,396.02591245520085,0.00626316205406088,8,3,4
2025-08-04,420.2000122070313,422.5,415.1000061035156,416.8500061035156,397.46490478515625,18352458,0.0009605251670197212,0.0009600641579051026,396.8784881591797,397.9587976074219,394.7710542649974,396.13250447964197,0.005912633445978858,8,3,0
2025-08-05,417.2000122070313,417.9500122070313,413.0,414.1499938964844,394.8904418945313,8495104,-0.0064772080745506555,-0.006498276211183399,396.7330795288086,397.73186584472654,394.789421592618,396.04049984370783,0.006035869930072121,8,3,1
2025-08-06,414.1499938964844,415.0,410.5,412.0,392.8404235839844,9080543,-0.00519135966095241,-0.0052048815869395635,396.3779006958008,397.5754919433594,394.4895757451359,395.8034571578024,0.006036829524000576,8,3,2
2025-08-07,412.0,414.75,411.6499938964844,413.6000061035156,394.3660278320313,11514878,0.003883521543247559,0.0038760001401906916,396.2229568481446,397.47728210449225,394.470568373889,395.69698091144903,0.00580475532778694,8,3,3
2025-08-08,413.8999938964844,415.3500061035156,412.9500122070313,414.5,395.2241821289063,9814361,0.00217603504437891,0.0021736709091279695,396.1133056640625,397.409584350586,394.586508951584,395.66195877940885,0.005788154066349505,8,3,4
2025-08-11,414.5,417.0,414.0,416.8500061035156,397.46490478515625,8514272,0.005669497863668438,0.0056534867488042635,395.9917373657227,397.3628637695313,395.0293390798259,395.7955103353902,0.0058103082834627525,8,3,0
2025-08-12,417.0,419.7999877929688,415.2999877929688,416.3500061035156,396.9881591796875,13635738,-0.0011994659144218822,-0.001200185849411046,395.71760864257817,397.35142150878914,395.33069601826617,395.883854694227,0.005782328667597728,8,3,1
2025-08-13,417.2000122070313,417.5,413.6000061035156,414.1000061035156,394.8427734375,10874910,-0.005404155495772445,-0.005418810767508753,395.21702423095707,397.29611877441414,395.2556310058406,395.8067375640991,0.005789567760042957,8,3,2
2025-08-14,414.25,415.0499877929688,411.0,411.4500122070313,392.3160095214844,9580361,-0.006399417910115557,-0.006419981963838657,394.6210891723633,397.15023376464853,394.80338154670886,395.54816511649796,0.005906931315610039,8,3,3
2025-08-18,413.0,413.7000122070313,404.8500061035156,406.2999877929688,387.4054870605469,30950814,-0.012516752673251808,-0.012595747083169712,393.83683776855474,396.86895202636725,393.66524393345316,394.9450037790201,0.006319540883081772,8,3,0
2025-08-19,406.3500061035156,409.3999938964844,404.5,409.1000061035156,390.0753173828125,16681331,0.006891565585513737,0.006867927288511127,393.3124160766602,396.6029272460938,393.1129475410469,394.5842862681899,0.006235604503563778,8,3,1
2025-08-20,409.1000061035156,410.25,405.4500122070313,406.0499877929688,387.1671142578125,18188129,-0.007455491274127257,-0.0074834223624497586,392.8380508422852,396.20341186523444,392.1982039590108,394.03486611927303,0.006331397159320301,8,3,2
2025-08-21,406.0499877929688,406.8500061035156,403.3500061035156,405.5499877929688,386.69036865234375,15028966,-0.0012313690597990368,-0.0012321278176176441,392.3899063110352,395.8105712890626,391.35084468106203,393.49082926987086,0.0062194832046102,8,3,3
2025-08-22,406.0,406.5,397.5,398.2999877929688,379.7775268554688,13087624,-0.017876943304708903,-0.018038666161606643,391.8344940185547,395.3776837158204,389.57033424635534,392.4750290910263,0.00687977429007267,8,3,4
2025-08-25,399.0,400.5499877929688,396.25,399.3500061035156,380.7787170410156,10440286,0.002636254424627449,0.0026327856010619735,391.3553634643555,395.10021667480476,388.21777775322613,391.6086356058403,0.006917049148431791,8,3,0
2025-08-26,399.2999877929688,405.3999938964844,398.3999938964844,403.3500061035156,384.5926818847656,13715752,0.010016223788419376,0.009966393881007828,391.04309387207036,394.81702819824227,387.6600706965399,391.0889353302051,0.007093096009522348,8,3,1
2025-08-28,404.5,404.5,400.0,400.8999938964844,382.2566223144531,12471719,-0.0060741134201104385,-0.0060926358901758635,390.6831497192383,394.5023742675782,386.8287709454496,390.4346899216309,0.00699103411893939,8,3,3
2025-08-29,402.0,410.4500122070313,401.8999938964844,409.75,390.695068359375,25255050,0.022075342982495805,0.021835210182146587,390.78565063476566,394.3850946044923,387.42358593220735,390.4539772133156,0.00812740106588807,8,3,4
2025-09-01,409.75,410.2000122070313,405.0,405.8500061035156,386.9764404296875,12268090,-0.009517980212299437,-0.009563565670887087,390.4948333740235,394.19153503417976,387.35479431643506,390.1963818960098,0.008269742789186789,9,3,0
2025-09-02,406.5499877929688,407.8500061035156,404.4500122070313,406.75,387.8345947265625,19808255,0.002217587964585377,0.0022151327455012474,390.0323883056641,393.9665106201173,387.428609764147,390.02143469827297,0.008291389959076195,9,3,1
2025-09-03,408.5,413.25,407.2999877929688,411.75,392.6020812988281,12936588,0.012292576879653794,0.012217636670318716,389.7892471313477,393.9255108642579,388.2245284617902,390.21259370572153,0.008591248457452332,9,3,2
2025-09-04,423.9500122070313,427.0,415.0,415.8999938964844,396.5590515136719,27274123,0.01007883147677946,0.01002837877445821,389.8726776123047,393.95506896972665,389.5067627774643,390.6827016914956,0.00862798594986923,9,3,3
2025-09-05,416.8999938964844,417.0,404.3999938964844,407.3500061035156,388.40667724609375,16000675,-0.020557781335365788,-0.020772033981116794,389.65099029541017,393.78343933105475,389.33751884956115,390.5141072881325,0.009405133770952654,9,3,4
2025-09-08,407.4500122070313,410.5499877929688,406.7999877929688,407.5499877929688,388.5973815917969,7419022,0.0004909914192394726,0.000490870922392921,389.36255798339846,393.5402984619141,389.2236515791359,390.37212760692245,0.009152767437585214,9,3,0
2025-09-09,408.5,410.9500122070313,407.3999938964844,410.0499877929688,390.9811096191406,8825896,0.006134184480552474,0.006115446958168752,389.15040435791013,393.376297607422,389.49402973913664,390.4172373856053,0.009220866655748125,9,3,1
2025-09-10,411.0,413.7000122070313,408.9500122070313,413.0499877929688,393.8415832519531,9252397,0.007316142806998771,0.007289509656609877,388.96923828125,393.311459350586,390.1628841257238,390.6708926349644,0.009313241322090066,9,3,2
2025-09-11,413.0499877929688,416.7000122070313,412.4500122070313,415.0499877929688,395.7485961914063,8274406,0.004842081234050832,0.004830396063893112,388.9072601318359,393.3105059814454,391.0222244435211,391.04701882433045,0.009319925026582061,9,3,3
2025-09-12,415.3500061035156,417.0499877929688,412.8500061035156,413.75,394.5090637207031,7803379,-0.003132120954141504,-0.0031370363113227434,388.8905746459961,393.3257617187501,391.55866125539524,391.30346659443217,0.009332227760238948,9,3,4
2025-09-15,413.0499877929688,414.2999877929688,411.75,412.6499938964844,393.4601745605469,5707331,-0.0026587200564264224,-0.0026622607297608846,388.9477828979492,393.3124121093751,391.8512017638801,391.4632227400703,0.009148782785475863,9,3,0
2025-09-16,413.2000122070313,414.3500061035156,412.0,413.1000061035156,393.8892822265625,8239087,0.0010905999990846738,0.001090005726941892,389.27197265625,393.32290100097663,392.1647526042928,391.64293085018085,0.008920833852497218,9,3,1
2025-09-17,413.9500122070313,414.6000061035156,408.0499877929688,409.2999877929688,390.2659912109375,14113882,-0.009198755028680616,-0.009241324836313654,389.28150634765626,393.19227233886727,391.8726354668535,391.540935321348,0.0090657059491083,9,3,2
2025-09-18,411.3500061035156,413.0499877929688,410.1000061035156,411.5499877929688,392.4113464355469,15647808,0.005497161610092283,0.005482107362430531,389.543717956543,393.08452697753916,391.95551407742175,391.6054102186961,0.00906022707102947,9,3,3
2025-09-19,411.5499877929688,412.6000061035156,408.9500122070313,410.6499938964844,391.55322265625,19505321,-0.002186796551862269,-0.002189191082980383,389.78686065673827,392.91671142578133,391.8936230895492,391.6015444733297,0.009019322920078515,9,3,4
2025-09-22,410.6499938964844,411.0,406.0499877929688,406.9500122070313,388.0252990722656,8930779,-0.009010074186215022,-0.00905091038113073,390.1992492675781,392.7279193115235,391.29849631765944,391.3366374065842,0.00913094285601561,9,3,0
2025-09-23,407.1000061035156,408.1000061035156,402.1000061035156,403.2000122070313,384.4496765136719,14936357,-0.00921492121040235,-0.00925764124052804,390.38279724121094,392.468568725586,390.24483173243055,390.82649215525737,0.00925187188489265,9,3,1
2025-09-24,403.2000122070313,404.6499938964844,400.7000122070313,401.0,382.35198974609375,12380865,-0.005456336409489837,-0.005471276583523179,390.27076263427733,392.1176831054688,389.03054834991724,390.19875123606005,0.009203163214544063,9,3,2
2025-09-25,401.4500122070313,403.0,398.0,400.1000061035156,381.4938354492188,22006368,-0.0022444091305626745,-0.002246931591732038,390.2326232910156,391.69814514160163,387.8710540575021,389.55394265925696,0.00920494108093978,9,3,3
2025-09-26,400.1000061035156,405.8999938964844,399.7999877929688,405.1000061035156,386.2613220214844,14414044,0.012496890196539434,0.012419448583015111,390.0109359741211,391.3262823486329,387.62340297503783,389.3100448342368,0.009504076460677137,9,3,4
2025-09-29,406.8999938964844,408.0,403.2000122070313,407.25,388.3113098144531,19717660,0.005307256191845022,0.005293222339968263,390.0776794433594,391.00781433105476,387.72923479648637,389.236064462401,0.009501838916348307,9,3,0
2025-09-30,406.75,406.75,400.3999938964844,401.5499877929688,382.87640380859375,9465490,-0.013996259878334083,-0.014095131159854201,389.82976989746095,390.6035321044923,386.9826454137337,388.7649784880449,0.00957103011752493,9,3,1
2025-10-01,402.3500061035156,406.0,399.75,405.6000061035156,386.7380676269531,17643039,0.010085927939006423,0.010035404401644228,389.5365692138672,390.32701843261725,386.9450180619213,388.6148369427789,0.009671584479754925,10,4,2
2025-10-03,404.8999938964844,405.5,402.2999877929688,404.2999877929688,385.4985046386719,16987141,-0.003205174488995266,-0.003210322062939084,388.98354187011716,390.1039001464844,386.72247753526756,388.38399751284504,0.009593070875376305,10,4,4
2025-10-06,403.0,403.8999938964844,399.7999877929688,400.75,382.1135864257813,13989077,-0.00878062605213803,-0.008819402905982298,388.66888732910155,389.8331066894532,386.0134173645774,387.91952261750697,0.00972193577595031,10,4,0
2025-10-07,402.5,402.6000061035156,399.5,399.7999877929688,381.2077941894531,12298968,-0.0023704790107067497,-0.002373293044027719,388.2994079589844,389.6395471191407,385.2740907222506,387.4223575487622,0.009153617473541653,10,4,1
2025-10-08,400.0,401.75,398.0,399.75,381.16009521484375,8402463,-0.00012512591645930105,-0.00012513374535985832,387.80835723876953,389.4555224609376,384.6411683364957,386.9584862647682,0.009141794701270167,10,4,2
2025-10-09,399.0,401.3999938964844,398.9500122070313,399.8999938964844,381.3031311035156,15656267,0.00037526459476633356,0.00037519420061869454,387.18143463134766,389.2648236083985,384.1276241468064,386.5395710676384,0.008947624450126172,10,4,3
2025-10-10,400.4500122070313,403.8500061035156,399.5,402.7999877929688,384.0682373046875,15085738,0.007251726974204065,0.0072255596316115585,386.59741668701173,389.1570782470704,384.11848770955737,386.3565093074198,0.008979118756610878,10,4,4
2025-10-13,400.0,400.9500122070313,398.5499877929688,399.25,380.683349609375,9508594,-0.008813245581219986,-0.00885231193367157,385.9061309814453,388.99784423828135,383.59000492491396,385.93627525571276,0.008113005768999879,10,4,0
2025-10-14,400.0,400.8500061035156,396.2000122070313,396.7999877929688,378.3472900390625,10291102,-0.00613649000595784,-0.006155395643271826,385.1504867553711,388.70893432617197,382.78343340401375,385.37412820262756,0.00801103193677611,10,4,1
2025-10-15,398.0,400.8500061035156,397.25,399.8999938964844,381.3031311035156,16043867,0.00781250756189622,0.007782147945331791,384.52117919921875,388.3933270263673,382.55569458855246,385.0725728619526,0.008145777279387988,10,4,2
2025-10-16,401.0,406.0,399.5499877929688,405.1499938964844,386.3089599609375,22962049,0.013128213353335694,0.013042785227225847,384.3233276367188,388.1702081298829,383.13312003045786,385.16415709150704,0.008192444776622265,10,4,3
2025-10-17,405.3500061035156,413.8500061035156,405.25,412.1499938964844,392.98345947265625,21071344,0.0172776202560605,0.017130059417083038,384.35193328857423,388.1320684814453,384.64855686771915,385.7433646752959,0.008608054050947002,10,4,4
2025-10-20,412.5499877929688,414.8500061035156,411.2999877929688,413.0499877929688,393.8415832519531,13083621,0.00218361297050107,0.00218123235263408,384.4663513183594,388.1520916748047,386.06286861913975,386.3432327180112,0.0077144413494308105,10,4,0
2025-10-21,413.5,413.9500122070313,412.3500061035156,412.8500061035156,393.6509094238281,1142130,-0.0004841383851613701,-0.00048425561798883155,384.7476318359375,388.1377893066406,387.2302595121687,386.8845421036273,0.0077164998898266775,10,4,1
2025-10-23,416.0,420.4500122070313,413.5499877929688,415.9500122070313,396.6067504882813,24305990,0.007508787592487742,0.007480736976829531,385.355485534668,388.16544067382813,388.6727965854168,387.60470568767573,0.007755341042066889,10,4,3
2025-10-24,415.9500122070313,417.9500122070313,413.4500122070313,416.7999877929688,397.4172058105469,14935678,0.0020434733429719465,0.00204138829133534,386.10874633789064,388.16448669433595,390.01809031235985,388.3315575486292,0.007654762357126438,10,4,4
2025-10-27,417.0,422.7000122070313,416.6000061035156,420.6499938964844,401.0881652832031,11603679,0.00923704212848353,0.0091946415587398,387.08846282958984,388.2464868164063,391.72117876941263,389.2764914548939,0.007785048797900685,10,4,0
2025-10-28,420.5,421.6499938964844,415.8999938964844,417.8999938964844,398.466064453125,17163147,-0.006537467462363722,-0.006558930295629466,387.6986999511719,388.31895263671873,392.7588534899837,389.95720056587396,0.00786389994761892,10,4,1
2025-10-29,418.2000122070313,422.2000122070313,416.0499877929688,421.6000061035156,401.9940185546875,11470661,0.008853838297131933,0.008814872897502515,388.3828353881836,388.5125128173828,394.1796481153228,390.84881671319346,0.007991250070125593,10,4,2
2025-10-30,421.6000061035156,421.7000122070313,416.1499938964844,418.75,399.2765197753906,12938674,-0.006760047796400714,-0.006783000418536921,389.2028411865234,388.7499334716797,394.96378221687166,391.47309101409695,0.00810728678548555,10,4,3
2025-10-31,420.5,426.3999938964844,418.2000122070313,420.3500061035156,400.8021240234375,18599864,0.003820921523021381,0.00381364034369509,389.90604400634766,388.9644696044922,395.861988648651,392.16413049627033,0.007917303838388888,10,4,4
2025-11-03,419.9500122070313,421.6499938964844,413.2999877929688,413.9500122070313,394.6997680664063,7635440,-0.015225358328376348,-0.015342454167607081,390.36610717773436,389.11512268066406,395.6831854821518,392.35195550146557,0.008393713314686748,11,4,0
2025-11-04,414.0,414.5,408.3500061035156,408.8999938964844,389.8845825195313,10085404,-0.012199615850964629,-0.012274641982151693,390.75465698242186,389.1790069580078,394.79109271867173,392.16918713243336,0.008686986302920854,11,4,1
2025-11-06,410.0,413.2999877929688,406.5499877929688,407.5,388.5497131347656,10095563,-0.003423755246076743,-0.0034296297083826342,391.1217529296875,389.35445068359377,393.8308804749939,391.9010779474209,0.008548304321976839,11,4,3
2025-11-07,406.0499877929688,409.1000061035156,403.1000061035156,404.0499877929688,385.2601318359375,8411611,-0.008466307367178905,-0.008502350124281969,391.3267547607422,389.4440789794922,392.51230376129286,391.40915601323695,0.008521284395022753,11,4,4
2025-11-10,404.0499877929688,407.1000061035156,403.6499938964844,405.5499877929688,386.69036865234375,6650003,0.0037123924803497133,0.0037055185585965697,391.5961166381836,389.48603271484376,391.6166214368391,391.05961620872637,0.008479252438694983,11,4,0
2025-11-11,406.0,408.0499877929688,404.6000061035156,406.8500061035156,387.929931640625,12005318,0.0032055698532167387,0.003200442967646233,391.7892013549805,389.5994989013672,391.0494383912677,390.82778772220036,0.008478783627151496,11,4,1
2025-11-12,408.0,408.1000061035156,405.5499877929688,407.0,388.0729370117188,7987236,0.0003686371157003432,0.00036856918573263274,392.15868072509767,389.54705627441405,390.59151510210637,390.6237247066091,0.008175314862184452,11,4,2
2025-11-13,407.0,407.5,404.5,405.7000122070313,386.8334045410156,6617185,-0.0031940708884468094,-0.003199182821019331,392.58298645019534,389.5441955566406,390.01334424655397,390.34296024989845,0.008139018167377313,11,4,3
2025-11-14,404.7000122070313,408.75,400.1000061035156,408.1499938964844,389.1694641113281,64020258,0.006038929272626392,0.006020768018920266,392.97630310058594,389.5708929443359,389.8835165334423,390.25603461000435,0.007772782224197993,11,4,4
2025-11-17,409.75,412.0,406.0,407.1000061035156,388.1683044433594,7855399,-0.0025725545303378894,-0.002575869234802717,393.069270324707,389.4822174072266,389.6196377503526,390.1013879309936,0.0075797356006755915,11,4,0
2025-11-18,408.25,409.7999877929688,404.5499877929688,405.8500061035156,386.9764404296875,7661681,-0.0030704825716798556,-0.003075206174930464,392.76891937255857,389.2905651855469,389.2129920087118,389.86991033830424,0.007577718819447645,11,4,1
2025-11-19,404.8500061035156,405.5499877929688,402.7999877929688,403.5499877929688,384.7833862304688,7882450,-0.005667151718031227,-0.00568327095127047,392.3160095214844,389.21809936523437,388.5315141966744,389.49313077476086,0.007471693584197446,11,4,2
2025-11-20,403.5499877929688,407.0,403.25,405.4500122070313,386.5950317382813,6693410,0.004708221749281538,0.004697172740477368,391.96321563720704,389.17805236816406,388.23359381846006,389.2784567720587,0.00749751690557439,11,4,3
2025-11-21,405.0,408.5,404.7000122070313,407.8500061035156,388.8834228515625,5808131,0.005919349514119876,0.005901898994738085,391.5770492553711,389.1360986328125,388.3335675158604,389.24919500017006,0.007561223232426816,11,4,4
2025-11-24,408.3999938964844,408.7999877929688,402.8500061035156,403.5499877929688,384.7833862304688,11037491,-0.010543099500177733,-0.010599071735215633,390.9453582763672,388.95493469238284,387.7873857796463,388.91839435056255,0.007835029277772097,11,4,0
2025-11-25,403.5499877929688,404.5,400.1000061035156,400.7999877929688,382.1612854003906,8199785,-0.006814485562294137,-0.0068378101929998875,389.99901428222654,388.6831884765625,386.9218318751455,388.41786776166094,0.007827566634663939,11,4,1
2025-11-26,401.0,403.9500122070313,400.9500122070313,402.2999877929688,383.5915222167969,11443953,0.003742495305111282,0.003735509593460654,389.25528717041016,388.4648376464844,386.40947654309184,388.0603606842636,0.007681940516038665,11,4,2
2025-11-27,403.5,405.9500122070313,402.1000061035156,404.2999877929688,385.4985046386719,8679529,0.004971388342616123,0.004959071794950825,388.4305114746094,388.30560424804685,386.2693270193349,387.8705935697754,0.007629411627730929,11,4,3
2025-11-28,404.2999877929688,405.0,402.5,404.25,385.4508361816406,6883500,-0.00012365406469194706,-0.0001236617104861,387.7392272949219,388.13683532714845,386.14340535199733,387.6913522817654,0.0075092281934045005,11,4,4
2025-12-01,402.7999877929688,405.5,398.2000122070313,404.25,385.4508361816406,13442658,0.0,0.0,386.971662902832,388.0405322265625,386.03685624886555,387.5253881262006,0.00711326530922795,12,4,0
2025-12-02,404.25,405.5,400.5,400.9500122070313,382.3043212890625,8093808,-0.008163206814514101,-0.008196708231159505,386.35189056396484,387.8383917236328,385.4626201012035,387.1386424345607,0.006463099634724444,12,4,1
2025-12-03,401.7000122070313,402.2000122070313,398.8500061035156,400.5,381.8752136230469,10772192,-0.0011224243151862767,-0.0011230547051120725,385.9514221191406,387.64483154296875,384.9107114122563,386.748758818893,0.006436881312204843,12,4,2
2025-12-04,400.1000061035156,403.5499877929688,399.0499877929688,403.0499877929688,384.3066101074219,8057989,0.006366992142032624,0.0063468084750940065,385.73926696777346,387.57045776367187,384.8177727499741,386.5678589143396,0.006576131854187241,12,4,3
2025-12-05,403.0499877929688,405.3500061035156,402.0,404.9500122070313,386.1182861328125,4419747,0.004714142244090613,0.004703065473548504,385.7821746826172,387.6038299560547,385.01785173194924,386.53455722681906,0.006473670104455854,12,4,4
2025-12-08,404.9500122070313,405.25,400.5499877929688,402.2999877929688,383.5915222167969,6056866,-0.006544015154844263,-0.006565521096835738,385.62723236083986,387.62862060546877,384.79841642192577,386.3165546334841,0.006529893394501376,12,4,0
2025-12-09,402.0,404.5,400.0,401.0499877929688,382.3996276855469,9426717,-0.003107197271623674,-0.00311203463208715,385.35071716308596,387.6467364501953,384.4293720009444,386.0264118965999,0.006234459280090223,12,4,1
2025-12-10,401.1000061035156,404.3999938964844,401.0,403.1499938964844,384.4019775390625,6969146,0.005236275635608578,0.0052226140142669865,385.16716918945315,387.6095495605469,384.42515746834715,385.90608342567117,0.006281402158201785,12,4,2
2025-12-11,403.1499938964844,404.0,401.1000061035156,402.8999938964844,384.1636352539063,6980147,-0.0006200339724630188,-0.0006202262730192166,385.03368072509767,387.52659606933594,384.38492328151005,385.7770131907256,0.005991106073401847,12,4,3
2025-12-12,402.8999938964844,404.0,399.8500061035156,400.1000061035156,381.4938354492188,12407516,-0.006949642182875859,-0.006973903416043831,384.6498992919922,387.49894470214844,383.94014053808064,385.45974076542876,0.005996950031723977,12,4,4
2025-12-15,400.1000061035156,403.3500061035156,399.5,402.2999877929688,383.5915222167969,7756564,0.005498612487690568,0.005483550306883199,384.4210601806641,387.43601379394534,383.88650695019084,385.3213542062709,0.0060558140338653164,12,4,0
2025-12-16,401.3999938964844,405.75,401.0499877929688,401.7000122070313,383.0194091796875,12347384,-0.001491464237277973,-0.0014925775772056675,384.22320861816405,387.3864318847656,383.7531072931903,385.15083975985726,0.005468740066190143,12,4,1
2025-12-17,401.0,403.1000061035156,399.1000061035156,399.7999877929688,381.2077941894531,8087490,-0.004729825556658684,-0.004741046577853411,384.04442901611327,387.3683160400391,383.3615206618461,384.8587623101977,0.005098081452230183,12,4,2
2025-12-18,400.0,401.9500122070313,399.8500061035156,400.3999938964844,381.7798767089844,7227668,0.0015007104478219624,0.0014995855072306222,383.8036712646484,387.3797576904297,383.1181908229443,384.6306967101078,0.005087870470934804,12,4,3
2025-12-19,400.25,402.6499938964844,400.25,401.0499877929688,382.3996276855469,10654835,0.0016233201757642757,0.001622004015741317,383.47948150634767,387.40454833984376,383.0076426479601,384.4654323379181,0.004877239497128197,12,4,4
2025-12-22,401.6000061035156,403.6499938964844,401.2000122070313,402.7000122070313,383.9729309082031,6847871,0.004114290675905075,0.004105850125354232,383.4389587402344,387.4579443359375,383.1561485341513,384.42895075053184,0.00488899902974288,12,4,0
2025-12-23,402.5,408.8999938964844,401.7999877929688,407.3500061035156,388.40667724609375,10081997,0.011547028399641501,0.011480870266703856,383.75122833251953,387.54471313476563,383.9639221821425,384.72359715761047,0.005309828795005646,12,4,1
2025-12-24,407.9500122070313,409.5,405.6499938964844,406.6000061035156,387.6915588378906,5777430,-0.0018411588937489176,-0.0018428559100893247,383.9562301635742,387.68487731933595,384.53740474456526,384.94344617096453,0.005320638241323454,12,4,2
2025-12-26,406.5,407.1499938964844,403.8500061035156,404.1499938964844,385.35546875,3152453,-0.006025640833896562,-0.0060438682658172345,383.94907836914064,387.8250408935547,384.6632607454014,384.97396636200415,0.005403375175010034,12,4,4
2025-12-29,404.1000061035156,404.7999877929688,401.4500122070313,402.6000061035156,383.8775634765625,6647710,-0.003835173997222552,-0.0038425471345640335,383.8704147338867,387.8765295410156,384.5423842425031,384.8927513334529,0.00531571012380029,12,4,0
2025-12-30,403.0,403.4500122070313,400.2999877929688,400.6000061035156,381.9705810546875,12340527,-0.004967683978726267,-0.004980063937616094,383.69640197753904,387.7897619628906,384.14672221360837,384.67629427576657,0.00536654658549418,12,4,1
2025-12-31,401.1000061035156,403.75,400.8500061035156,403.0,384.2589721679688,9945109,0.005991014038208453,0.0059731392700676,383.79413452148435,387.6152722167969,384.1639914373561,384.6453815270408,0.0054721570269390275,12,4,2
2026-01-01,402.7000122070313,402.7000122070313,362.7000122070313,363.8500061035156,346.9295959472656,282626710,-0.09714640105888173,-0.1021948661276959,382.04685363769534,386.6770324707031,378.4356229004191,381.85161963224266,0.01852716980815756,1,1,3
2026-01-02,360.0,360.0,345.25,350.04998779296875,333.7713317871094,118790358,-0.037927764923683105,-0.03866574269850628,379.5200897216797,385.47944091796876,371.5641934983715,378.29011682889944,0.019503637007114962,1,1,4
2026-01-05,350.20001220703125,353.95001220703125,346.04998779296875,349.70001220703125,333.4376220703125,48358124,-0.0009998153975959712,-0.0010003155464093866,376.8860565185547,384.2160583496094,365.69856712482397,374.96770980974486,0.01941454716290545,1,1,0
2026-01-06,350.25,350.70001220703125,337.75,342.45001220703125,326.5248107910156,72582738,-0.020731947512027227,-0.020949871591595007,374.0327209472656,382.79821044921874,359.67183538116115,371.3793469194686,0.01960446913369984,1,1,1
2026-01-07,343.0,344.54998779296875,339.29998779296875,341.25,325.38055419921875,29440734,-0.0035043480739637145,-0.0035105026844806353,371.18176727294923,381.28405822753905,354.3962536608623,367.97202894019085,0.019604740390314894,1,1,2
2026-01-08,341.5,345.1499938964844,339.04998779296875,340.8999938964844,325.0468444824219,36706319,-0.001025598218732382,-0.0010261245044547527,368.21401062011716,379.815673828125,349.8809599411023,364.7923856470228,0.019549405082400474,1,1,3
2026-01-09,340.8999938964844,341.0,336.1000061035156,337.1499938964844,321.4712219238281,35193201,-0.011000330011778137,-0.011061281041763862,365.07938995361326,378.2052178955078,345.5102310153678,361.5834105564158,0.019477108461764675,1,1,4
2026-01-12,338.25,339.5,335.79998779296875,338.3999938964844,322.6630859375,16156143,0.0037075294221959876,0.0037006734755118845,362.13785247802736,376.67294921875,341.99528561877275,358.7004235476072,0.019528388615029157,1,1,0
2026-01-13,339.0,339.5,333.70001220703125,334.70001220703125,319.1351928710937,24922339,-0.010933674226030532,-0.010993886135915789,358.9150360107422,375.03961059570315,338.478348272976,355.7696657197173,0.01952008799937744,1,1,1
2026-01-14,336.0,336.0,333.45001220703125,334.75,319.182861328125,14913422,0.0001493675974826303,0.00014935644325374784,355.72320861816405,373.5292724609375,335.509811819922,353.05953206108086,0.019548458934190938,1,1,2
2026-01-15,334.75,334.75,334.75,334.75,319.182861328125,0,0.0,0.0,352.62196197509763,372.11523803710935,332.99797328272246,350.5501490438249,0.019558795138073376,1,1,3
2026-01-16,337.5,337.5,328.54998779296875,329.20001220703125,313.8909606933594,30526898,-0.01657952627138548,-0.01671850489153333,349.2275161743164,370.62206298828124,330.0584328843589,347.83465361045705,0.019516652258949586,1,1,4
2026-01-19,330.0,334.6499938964844,327.29998779296875,333.20001220703125,317.7049255371094,15507440,0.012150604258642117,0.012077378230302045,345.9927810668945,369.27095886230467,328.15789329247434,345.60282190132017,0.019710641433673907,1,1,0
2026-01-20,334.04998779296875,334.5,325.5,326.29998779296875,311.12579345703125,18771011,-0.020708309979631245,-0.020925733923609597,342.3504241943359,367.7596673583984,325.53757024086775,343.04896794248396,0.019886012164662084,1,1,1
2026-01-21,326.0,329.29998779296875,324.3500061035156,324.75,309.6478881835937,14177965,-0.004750185630757353,-0.004761503618439598,338.41248474121096,366.1940264892578,323.0930037705179,340.57481388626985,0.019877884508747043,1,1,2
2026-01-22,326.1000061035156,328.70001220703125,321.04998779296875,324.8500061035156,309.7432556152344,18622852,0.00030798670128229233,0.00030793928311406926,334.51506958007815,364.62743286132815,321.0391963620127,338.290994755082,0.01979510420426957,1,1,3
2026-01-23,325.54998779296875,326.3999938964844,322.70001220703125,323.3999938964844,308.3606872558594,11950089,-0.0044635947169497925,-0.004473586299183294,330.6653305053711,363.057978515625,319.0886564995276,336.0739349403248,0.019764986394540413,1,1,4
2026-01-27,323.6000061035156,324.70001220703125,317.8500061035156,318.6499938964844,303.8315734863281,47847784,-0.014687714604077473,-0.014796647045840734,326.66303100585935,361.351220703125,316.7414129590354,333.6856118696584,0.019813379017069244,1,1,1
2026-01-28,319.95001220703125,323.70001220703125,319.3500061035156,321.1499938964844,306.2153015136719,28400238,0.00784555732635539,0.00781494097212323,322.8752670288086,359.71216064453125,315.12201119821026,331.6507740655112,0.019870446605909843,1,1,2
2026-01-29,322.6000061035156,322.6000061035156,318.04998779296875,318.6000061035156,303.7839050292969,17719420,-0.007940153455285315,-0.007971844338856135,318.851513671875,358.0483099365234,313.3776871722236,329.58656154431014,0.0198405208758517,1,1,3
2026-01-30,318.79998779296875,325.1499938964844,316.45001220703125,322.1499938964844,307.1687927246094,41975824,0.011142419460919317,0.011080800009208986,316.8634735107422,356.49601806640624,312.42247264182146,327.9259860761842,0.02012637958657364,1,1,4
2026-02-02,309.45001220703125,315.3999938964844,302.0,314.70001220703125,300.06524658203125,35227572,-0.023125871868587833,-0.023397470314625718,315.1781692504883,354.76542236328123,310.5213609403153,325.8622275951358,0.020270829273648084,2,1,0
2026-02-03,321.20001220703125,324.75,311.6000061035156,316.6499938964844,301.924560546875,33168353,0.006196365577229468,0.006177247040362007,313.6025161743164,353.0262451171875,309.1987762644014,324.0890670730424,0.020361029477551456,2,1,1
2026-02-04,312.5,314.95001220703125,311.3500061035156,313.8500061035156,305.5264587402344,11196759,0.011929795266854892,0.011859196192953206,312.55259857177737,351.4411065673828,308.6338043376064,322.7140590483899,0.020565513185092026,2,1,2
2026-02-05,313.95001220703125,315.3500061035156,309.29998779296875,310.20001220703125,301.9732666015625,15816704,-0.011629736270052038,-0.011697890579309629,311.38223419189455,349.83734619140625,307.60910622436893,321.1777040523286,0.02026331749525599,2,1,3
2026-02-06,310.0,327.70001220703125,308.29998779296875,325.79998779296875,317.1595153808594,68057745,0.05029004371878498,0.04906635813749483,310.9878677368164,348.5087060546875,309.0783999407521,320.88006044703457,0.022888013621711847,2,1,4
2026-02-09,327.95001220703125,328.70001220703125,321.6499938964844,322.79998779296875,314.23907470703125,20059198,-0.009208113054155476,-0.009250769787776395,310.6262603759766,347.08351745605466,309.87234990479504,320.3881355774047,0.022893549560402817,2,1,0
2026-02-10,323.0,323.54998779296875,320.75,321.3999938964844,312.876220703125,11489090,-0.004336997253371,-0.0043464293070318745,310.1369171142578,345.63202514648435,310.3344838737689,319.83169743856917,0.022891707119975273,2,1,1
2026-02-11,321.95001220703125,322.20001220703125,316.29998779296875,318.25,309.80975341796875,24843366,-0.009800895952607025,-0.009849240875065194,309.67064514160154,344.11920349121095,310.2537561113381,319.089331214821,0.022897325745465224,2,1,2
2026-02-12,317.29998779296875,320.3999938964844,316.8999938964844,317.45001220703125,309.0309753417969,13294561,-0.0025137300152110464,-0.0025168947391258534,309.16305084228514,342.65373657226564,310.06563599294714,318.34426781681924,0.022787253816405232,2,1,3
2026-02-13,316.0,318.3999938964844,313.25,313.75,305.4291076660156,8730618,-0.011655361317089552,-0.011723817481573248,308.47536315917966,341.124814453125,309.35232394265,317.3875892871301,0.01520681124452731,2,1,4
2026-02-16,313.75,318.25,313.1499938964844,317.95001220703125,309.5177307128906,11693763,0.013386487876413833,0.013297680515495689,308.25670166015624,339.62903686523435,309.37777113807164,316.8046368001494,0.014120911868234597,2,1,0
2026-02-17,318.45001220703125,328.04998779296875,318.1499938964844,325.45001220703125,316.8188171386719,39360672,0.023588588637442953,0.02331467697781678,308.2123962402344,338.24304748535155,310.52254744585633,316.8056871955955,0.01489816055404045,2,1,1
2026-02-18,326.0,332.95001220703125,324.79998779296875,332.45001220703125,323.6331787109375,35473203,0.021508702146574077,0.02128065422757841,308.8377655029297,337.0438806152344,312.53956764048417,317.311427307843,0.015022887797169072,2,1,2
2026-02-19,334.04998779296875,334.25,325.0,326.0,317.3542175292969,19911747,-0.019401475481130692,-0.019592154437899086,309.2230819702148,335.7429724121094,313.28028300799383,317.3145969538766,0.01541902224735771,2,1,3
2026-02-20,325.04998779296875,327.8500061035156,325.04998779296875,327.0,318.32769775390625,11282027,0.003067487907324029,0.0030627927653703105,309.6523040771484,334.42148681640623,314.0568083535188,317.3896414575825,0.01543431341194571,2,1,4
2026-02-23,327.0,328.1000061035156,324.3999938964844,325.3999938964844,316.7701416015625,13486092,-0.0048929331733736925,-0.004904942761650259,310.0727767944336,333.07361694335935,314.4742442378332,317.3437525793588,0.015332098416128093,2,1,0
2026-02-24,324.0,325.3999938964844,322.04998779296875,323.5,314.9205322265625,13135859,-0.005838963753491799,-0.005856077151203911,310.6272247314453,331.7421508789063,314.542903928407,317.164254775448,0.0153434313731022,2,1,1
2026-02-25,325.5,326.6000061035156,318.1000061035156,319.75,311.2699890136719,13492101,-0.01159195047423689,-0.011659660904726121,310.8799591064453,330.29572021484375,314.03937855690924,316.7276424967979,0.015359038646112969,2,1,2
2026-02-26,320.0,321.3999938964844,317.6000061035156,318.29998779296875,309.8584289550781,11270119,-0.004534841483005092,-0.004545155068772534,311.1836853027344,328.8325006103516,313.39615554124293,316.2188118640779,0.0153737120356088,2,1,3
2026-02-27,316.0,317.75,312.6499938964844,313.6000061035156,305.2830810546875,13892595,-0.014765930092074164,-0.014876031616345502,311.08939971923826,327.31400634765623,312.14799023561903,315.408757730049,0.015579725789865807,2,1,4
2026-03-02,307.0,315.75,307.0,314.8999938964844,306.548583984375,22194311,0.00414534249757792,0.004136774236123964,311.41356658935547,325.80938049316404,311.286543120043,314.7524485637027,0.015339557318199944,3,1,0
2026-03-04,310.6000061035156,315.5,310.5,311.95001220703125,303.6768493652344,24165489,-0.009367959172458584,-0.009412114481770775,311.5011810302734,324.2349249267578,310.11582100391865,313.9320338082606,0.015221741919394844,3,1,2
2026-03-05,312.20001220703125,313.6000061035156,308.20001220703125,311.5,303.23876953125,19938009,-0.0014425855474333726,-0.0014436270757471744,311.38679656982424,322.62024169921875,309.0578130850466,313.1399401581117,0.014778725210371652,3,1,3
2026-03-06,310.04998779296875,312.29998779296875,309.20001220703125,309.70001220703125,301.48651123046875,21288269,-0.005778477150167549,-0.005795237145274271,311.36245880126955,320.88183837890625,307.8929974151115,312.2767232005085,0.01478950809467249,3,1,4
2026-03-09,305.0,307.20001220703125,303.6000061035156,306.0,297.8846435546875,14084931,-0.011947027616860173,-0.012018966899134658,310.3987152099609,319.0857000732422,306.3532506673539,311.210643226744,0.014926869872306393,3,1,0
2026-03-10,309.0,310.0,303.75,309.04998779296875,300.8537292480469,18352950,0.00996723314746606,0.009917887898649698,309.72944793701174,317.39566528320313,305.507170448999,310.44346441350723,0.015049890043225322,3,1,1
2026-03-11,309.04998779296875,310.6499938964844,307.70001220703125,309.0,300.8050842285156,14842485,-0.00016168993368581575,-0.00016170300691236848,309.1258911132812,315.73421569824217,304.78377256892463,309.7295103257301,0.014816645938984224,3,1,2
2026-03-12,307.04998779296875,308.0,302.8500061035156,304.1000061035156,296.0350341796875,23319679,-0.015857611120709714,-0.015984688252898407,308.43715515136716,314.0155047607422,303.4378128167343,308.7151046852825,0.01500205638261943,3,1,3
2026-03-13,304.0,306.0,300.6499938964844,301.45001220703125,293.455322265625,25659996,-0.008714211550031159,-0.00875240232167977,307.6583724975586,312.1994317626953,301.9020450396406,307.5847504319745,0.015015030546806335,3,1,4
2026-03-16,302.54998779296875,309.45001220703125,302.0,308.25,300.0749816894531,37472204,0.022557639686753506,0.022306978677804214,307.39066619873046,311.26233947753906,301.620958370381,307.0284712658618,0.01547220679944208,3,1,0
2026-03-17,309.95001220703125,309.95001220703125,304.04998779296875,304.8500061035156,296.76513671875,25649286,-0.011030059727299979,-0.011091341883315578,306.75303649902344,310.5222155761719,300.8739088855147,306.26822426237203,0.01501761708091873,3,1,1
2026-03-18,305.8999938964844,306.95001220703125,303.5,304.04998779296875,295.986328125,16702554,-0.0026243264365924945,-0.002627776017755136,305.71141204833987,309.77318969726565,300.12197338389706,305.5066023262704,0.01497311202955457,3,1,2
2026-03-19,301.5,305.5,297.1000061035156,298.0,290.0968017578125,17851126,-0.01989796760038276,-0.020098598043591,304.0345932006836,309.04462951660156,298.57963928757636,304.36513561749575,0.015184082280986963,3,1,3
2026-03-20,301.04998779296875,308.75,298.1499938964844,299.95001220703125,291.9950866699219,58679529,0.006543625784934282,0.006522309207001253,302.76663665771486,308.3769201660156,297.56663119255256,303.4488356954532,0.015133237485347631,3,1,4
2026-03-23,298.8999938964844,299.0,289.54998779296875,290.45001220703125,282.7470397949219,31788160,-0.03167192633434346,-0.03218433004956516,300.98760375976565,307.53092407226563,295.28669405445555,301.91536933245095,0.012765689073289713,3,1,0
2026-03-24,295.95001220703125,296.0,288.75,291.25,283.5258178710937,33335721,0.0027543279559589795,0.002750541745431421,299.3253875732422,306.77201599121094,293.4773284877845,300.55318033531336,0.01277589798383846,3,1,1
2026-03-25,292.70001220703125,298.5,292.25,295.70001220703125,287.8578186035156,26184716,0.015279034427797766,0.015163485479013276,297.97225189208984,306.07591064453123,292.6127885055893,299.612783169995,0.01321763740913762,3,1,2
2026-03-27,294.70001220703125,296.8500061035156,291.54998779296875,294.70001220703125,286.88433837890625,22179022,-0.0033818092186345128,-0.003387540460388966,296.7529693603516,305.4308935546875,291.7314884860996,298.6699354076921,0.013150336083385762,3,1,4
2026-03-30,293.6000061035156,294.45001220703125,287.0,287.70001220703125,280.0699768066406,24586921,-0.023752992619853197,-0.024039643256604997,295.2635467529297,304.6486358642578,289.93740976618284,297.29216069650306,0.013712179028233669,3,1,0
2026-04-01,293.0,294.45001220703125,290.8999938964844,291.70001220703125,283.9638977050781,18604340,0.013903385656813372,0.01380762021218029,294.19758758544924,303.9442565917969,289.01840791062824,296.30488195639754,0.01395944532078885,4,2,2
2026-04-02,290.25,293.6499938964844,288.3999938964844,292.8500061035156,285.0834045410156,18082775,0.003942426642911556,0.003934675644144719,293.12432861328125,303.36810546875,288.4130227768417,295.47366140711,0.0136967732622476,4,2,3
2026-04-06,293.0,295.3500061035156,290.25,294.8500061035156,287.0303649902344,18047063,0.006829441553616089,0.006806226554698338,292.29200439453126,302.7546142578125,288.20030619428667,294.848232042897,0.012908959006473193,4,2,0
2026-04-07,294.1499938964844,299.0,292.75,298.45001220703125,290.5348815917969,26963485,0.012209567450056191,0.012135631887190561,291.6568099975586,302.3427960205078,288.55947164005744,294.52872460207476,0.012396538772385288,4,2,1
2026-04-08,303.8999938964844,304.6000061035156,301.54998779296875,302.45001220703125,294.4288024902344,22310207,0.013402593441115496,0.01331357320492298,291.3039245605469,302.0384143066406,289.46244561700775,294.5213229641607,0.012393709603486899,4,2,2
2026-04-09,301.5,304.3999938964844,301.25,303.0,294.9642028808594,17691477,0.001818437551274421,0.0018167861953325114,291.1579025268555,301.74283325195313,290.30886981144647,294.5541288839162,0.012376719886915138,4,2,3
2026-04-10,303.0,305.3999938964844,302.6000061035156,304.25,296.1810607910156,17744386,0.004125442674980384,0.004116956368189908,290.9242691040039,301.4992407226562,291.21228380830325,294.6746423585161,0.012425100792395989,4,2,4
2026-04-13,300.0,301.45001220703125,298.1000061035156,298.6499938964844,290.72955322265625,16522014,-0.018405996500248656,-0.0185774945081786,290.4204925537109,301.2372003173828,291.13801756435754,294.3824135336376,0.012760628412660617,4,2,0
2026-04-15,300.70001220703125,304.0,300.54998779296875,302.04998779296875,294.0393981933594,18701403,0.011384618226851773,0.011320301150679087,290.32071075439455,300.9936822509766,291.5843838149732,294.3570049899133,0.012890049922266117,4,2,2
2026-04-16,302.95001220703125,305.3500061035156,301.8500061035156,303.3999938964844,295.35357666015625,16512053,0.004469395852635616,0.004459437763063271,290.4156234741211,300.82507568359375,292.16425963730904,294.430825113635,0.012929324004302222,4,2,3
2026-04-17,303.8500061035156,309.95001220703125,303.8500061035156,306.79998779296875,298.6634216308594,35111203,0.011206381883472227,0.01114405558859442,290.3450454711914,300.65496826171875,293.16413071323984,294.74435078157757,0.012880950204252723,4,2,4
2026-04-20,307.0,307.95001220703125,304.45001220703125,305.0,296.9111633300781,13540471,-0.005867000020333912,-0.005884278479914009,290.3523468017578,300.5918865966797,293.7405972696765,294.90485541479984,0.012882132131022482,4,2,0
2026-04-21,305.0,311.1000061035156,304.54998779296875,309.6499938964844,301.4378356933594,24411865,0.015245881335384182,0.015130830777601675,290.62492218017576,300.5821520996094,294.92478779639697,295.3887798798783,0.013111503958110981,4,2,1
2026-04-22,310.0,310.54998779296875,305.1000061035156,305.5,297.3978881835937,24500511,-0.013402257551621166,-0.01349287839880168,290.98997650146487,300.4195806884766,295.3052647790426,295.53760271719057,0.013331714802564747,4,2,2
2026-04-23,304.0,306.3500061035156,303.25,305.29998779296875,297.20318603515625,10701849,-0.0006546857128899575,-0.000654900113162926,291.25038146972656,300.3241790771484,295.59725266459856,295.6609792592621,0.013295350159115402,4,2,3
2026-04-24,306.6499938964844,306.6499938964844,301.1000061035156,301.6000061035156,293.6013488769531,17011704,-0.012119106817976899,-0.012193141960912382,291.7930969238281,299.8530157470703,295.29019054342234,295.5084140457578,0.013300543761875797,4,2,4
2026-04-27,303.6499938964844,305.6499938964844,302.8500061035156,303.8500061035156,295.7916564941406,14382348,0.00746014153397323,0.00743245230323404,292.4063888549805,299.4840673828125,295.3673391512251,295.52939496786024,0.013240922194498352,4,2,0
2026-04-28,304.3999938964844,305.79998779296875,302.54998779296875,304.45001220703125,296.3757629394531,12907339,0.0019747225200184015,0.001972775318536547,292.83228607177733,299.15405822753905,295.52248127249095,295.59208889168195,0.013248437930274085,4,2,1
2026-04-29,305.1000061035156,317.5,305.1000061035156,316.25,307.86279296875,31199038,0.038758331367479526,0.038026087725733695,293.8812088012695,299.1151190185547,297.4209907642231,296.5010299344278,0.014722856794800168,4,2,2
2026-04-30,316.25,317.5,313.29998779296875,314.8999938964844,306.548583984375,11541956,-0.004268813946959771,-0.004277951346393683,295.20513916015625,299.06547119140623,298.8252358750157,297.2452931973868,0.014639566890581343,4,2,3
2026-05-01,314.8999938964844,314.8999938964844,314.8999938964844,314.8999938964844,306.548583984375,0,0.0,0.0,296.3343734741211,299.0878607177734,300.01344327645563,297.93442584827477,0.01409297261428006,5,2,4
2026-05-04,317.8999938964844,317.8999938964844,310.5,311.1000061035156,302.8493957519531,20245091,-0.012067216831803784,-0.01214061677920507,297.222673034668,298.95449401855467,300.4497436573014,298.2984976929917,0.014124250965508893,5,2,0
2026-05-05,311.1000061035156,313.70001220703125,309.6499938964844,311.45001220703125,303.19012451171875,26795704,0.0011250765712100819,0.0011244441468706305,298.03066101074216,298.68192016601563,300.87134071182714,298.66084042030485,0.014109732653536185,5,2,1
2026-05-06,312.79998779296875,313.6000061035156,309.25,310.70001220703125,302.4599914550781,20287609,-0.0024081689923657335,-0.0024110732949515017,298.6269165039063,298.2584564208984,301.11574851848115,298.94225901547327,0.01357191648321207,5,2,2
2026-05-07,311.45001220703125,311.6499938964844,307.0,307.3999938964844,299.2474975585937,25718615,-0.010621219292607065,-0.010678027045362715,298.8678512573242,297.89632202148437,300.82832529388304,298.96486927792665,0.013712222502205669,5,2,3
2026-05-08,308.8999938964844,308.8999938964844,305.70001220703125,307.45001220703125,299.29620361328125,17739844,0.00016276177774221523,0.00016274853348115516,299.08445129394534,297.51569213867185,300.59261426609817,298.989412562027,0.012258690206474063,5,2,4
2026-05-11,307.0,308.0,305.1499938964844,305.8500061035156,297.7386169433594,14968661,-0.005204164473580852,-0.005217753303689244,299.1623291015625,297.1350616455078,300.1535377549076,298.8967610347183,0.012327055647200668,5,2,0
2026-05-12,305.3500061035156,306.25,300.1000061035156,300.70001220703125,292.7252197265625,15968338,-0.016838249832236585,-0.016981624896585713,299.2621124267578,296.6911553955078,299.01071959670065,298.43960982670677,0.012500943456612339,5,2,1
2026-05-13,302.0,305.79998779296875,301.04998779296875,304.45001220703125,296.3757629394531,13024778,0.012470887258366758,0.01239376626010251,299.3789306640625,296.3932708740234,298.6053416494318,298.2867322795028,0.01265937700358063,5,2,2
2026-05-14,305.0,309.20001220703125,304.8500061035156,307.20001220703125,299.0528259277344,11113377,0.009032665025406006,0.008992114509900213,299.5638931274414,296.1771588134766,298.67418538455524,298.3434799571496,0.011821740062007445,5,2,3
2026-05-15,307.20001220703125,312.04998779296875,306.29998779296875,309.45001220703125,301.2431640625,11954564,0.007324251586557251,0.007297559509656693,299.69288024902346,296.0963604736328,299.0694128734698,298.55827137236076,0.011658101956582035,5,2,4
2026-05-18,309.45001220703125,312.29998779296875,306.5,310.1499938964844,301.924560546875,14422870,0.0022619483714945154,0.002259394017429686,299.9435501098633,296.00388000488283,299.508666361686,298.8076261260285,0.011652662919833872,5,2,0
2026-05-19,311.95001220703125,314.25,308.3500061035156,310.29998779296875,302.0705871582031,17519355,0.0004836526417846265,0.0004835357195439885,299.97518768310545,295.9717547607422,299.90280802268865,299.04932694322656,0.011619149040594249,5,2,1
2026-05-20,309.0,309.6499938964844,306.20001220703125,307.54998779296875,299.3935241699219,12127920,-0.00886237555753544,-0.008901879983027586,300.07496948242186,295.8948498535156,299.82445666072454,299.07482303409284,0.011603120407611404,5,2,2
2026-05-21,309.8500061035156,311.29998779296875,305.79998779296875,308.04998779296875,299.8802490234375,21868988,0.0016257026763191185,0.0016243826521740974,300.2088226318359,295.862724609375,299.83304010114193,299.13448421848875,0.011368201991941227,5,2,3
2026-05-22,305.8999938964844,307.0,301.0,301.70001220703125,293.6986999511719,30751752,-0.02061339182022126,-0.020828813301604944,300.21369018554685,295.7790057373047,298.889295462685,298.7318335320208,0.01200991185371221,5,2,4
2026-05-25,303.95001220703125,305.5,302.3500061035156,303.95001220703125,295.8890075683594,15734247,0.007457668752199664,0.007429997829149844,300.2185577392578,295.6797113037109,298.42771270971184,298.5212538310089,0.012065371173336907,5,2,0
2026-05-26,304.3500061035156,304.3999938964844,301.1000061035156,301.6499938964844,293.6499938964844,37560542,-0.007567072836789035,-0.007595848388823533,300.0822692871094,295.5366094970703,297.6926790461384,298.16041976178485,0.011649157069789487,5,2,1
2026-05-27,295.6499938964844,296.3500061035156,291.04998779296875,291.95001220703125,291.95001220703125,25446093,-0.005789142601012265,-0.005805964641920129,299.28663024902346,295.4549090576172,296.8091918401219,297.7003895725438,0.011511820765898798,5,2,2
2026-05-28,291.95001220703125,291.95001220703125,291.95001220703125,291.95001220703125,291.95001220703125,0,0.0,0.0,298.55670166015625,295.4248028564453,296.0616257427233,297.27443569361697,0.011478526866628693,5,2,3
2026-05-29,292.0,292.3999938964844,285.8999938964844,286.8999938964844,286.8999938964844,31930439,-0.017297544440469936,-0.017448894828305476,297.5742721557617,295.16130310058594,294.65214392022506,296.50595852345896,0.01166938454811431,5,2,4
2026-06-01,287.79998779296875,288.54998779296875,278.29998779296875,279.6499938964844,279.6499938964844,23477875,-0.025270129502393268,-0.025594902271256645,296.41430206298827,294.8190002441406,292.3441208396496,295.2573685510905,0.012444720320149876,6,2,0
2026-06-02,279.5,283.6000061035156,277.1000061035156,283.25,283.25,20206131,0.012873256506660935,0.012791100466070926,295.4172958374023,294.5642736816406,290.94502532585733,294.3679338436023,0.012338957350703344,6,2,1
2026-06-03,282.3500061035156,282.3500061035156,275.20001220703125,277.0,277.0,28001438,-0.02206531332744921,-0.022312393720777157,294.14429626464846,294.3023376464844,288.79963681418695,293.08142022555774,0.012710796100688152,6,2,2
2026-06-04,277.0,280.6499938964844,275.04998779296875,280.29998779296875,280.29998779296875,22017634,0.011913313332017061,0.011842908433523468,293.19692077636716,294.0684356689453,287.4919985032303,292.1346474527734,0.012970930992530258,6,2,3
2026-06-05,280.0,281.3999938964844,277.8500061035156,280.70001220703125,280.70001220703125,16065822,0.0014271296164234393,0.001426112234794343,292.26711120605466,294.0274951171875,286.4470775345843,291.28763743457023,0.012836890992031955,6,2,4
2026-06-08,279.0,283.45001220703125,276.95001220703125,279.45001220703125,279.45001220703125,15779677,-0.004453152638547286,-0.004463097457605492,291.3526809692383,293.94597900390625,285.37060594572995,290.41077630660436,0.012736672635838098,6,2,0
2026-06-09,281.70001220703125,281.70001220703125,277.1499938964844,280.0,280.0,12302522,0.001968107958289389,0.0019661737711985346,290.71641998291017,293.78882263183596,284.5443588771561,289.63960769130034,0.012736604835758624,6,2,1
2026-06-10,280.0,285.8500061035156,278.6499938964844,283.6499938964844,283.6499938964844,19823743,0.013035692487444184,0.01295145908555576,290.0801315307617,293.7241357421875,284.4067642647451,289.19593259538806,0.010597201609027836,6,2,2
2026-06-11,283.0,283.25,281.20001220703125,282.3999938964844,282.3999938964844,12603100,-0.0044068395095970825,-0.0044165782487342676,289.2474899291992,293.7707360839844,284.09803036193574,288.6925297288026,0.01059794866177038,6,2,3
2026-06-12,283.54998779296875,285.8500061035156,283.0,285.1000061035156,285.1000061035156,12893433,0.009560949948252961,0.009515533320887498,288.44033203125,293.7934582519531,284.252180476025,288.4264168676702,0.010822594192388053,6,2,4
2026-06-15,287.0,288.8500061035156,286.70001220703125,287.8999938964844,287.8999938964844,11194950,0.009821072371188011,0.009773159091047612,287.73910369873045,293.8497900390625,284.813382540711,288.3874225735083,0.010883109580962452,6,2,0
2026-06-16,288.1499938964844,292.1499938964844,287.5,291.6499938964844,291.6499938964844,14467499,0.013025356302537316,0.012941255854105129,287.2180740356445,293.9421826171875,285.8651689031377,288.62909452335833,0.011199216465597303,6,2,1
2026-06-17,291.95001220703125,292.3500061035156,290.0,290.75,290.75,8626353,-0.003085869759365756,-0.0030906408733374275,286.78589782714846,293.94648498535156,286.6166813795781,288.7861986327392,0.011202354324399647,6,2,2
2026-06-18,291.04998779296875,291.8999938964844,288.0,291.1499938964844,291.1499938964844,10409670,0.0013757313722593256,0.001374785920880427,286.3493850708008,293.88090881347654,287.3141140744867,288.9612945782018,0.011069795338084953,6,2,3
2026-06-19,289.79998779296875,294.54998779296875,288.3999938964844,292.5,292.5,13874008,0.004636806222965584,0.004626089352256984,286.28945007324216,293.83162475585937,288.1119426784119,289.2234209057424,0.011114021146794443,6,2,4
2026-06-22,292.79998779296875,293.95001220703125,290.04998779296875,291.25,291.25,9947873,-0.004273504273504258,-0.004282661792000848,286.05749969482423,293.7330035400391,288.59472072788697,289.3735378756874,0.011102323379196824,6,2,0
2026-06-23,291.25,293.1499938964844,289.6499938964844,290.0,290.0,9410364,-0.0042918454935622075,-0.0043010818993905854,285.875,293.7184124755859,288.8109175389813,289.41994247748835,0.010701517338023542,6,2,1
2026-06-24,290.0,291.3999938964844,289.45001220703125,290.3500061035156,290.3500061035156,6218635,0.0012069175983298042,0.0012061898587741552,285.79499969482424,293.6446246337891,289.0477003950635,289.4888360794163,0.010433843256204684,6,2,2
2026-06-25,290.3500061035156,292.25,289.20001220703125,290.0,290.0,11230239,-0.0012054627041779842,-0.0012061898587741378,285.69749908447267,293.5375531005859,289.1942080265922,289.52670007353356,0.010273041696829783,6,2,3
2026-06-26,290.0,290.0,290.0,290.0,290.0,0,0.0,0.0,285.8524993896484,293.3642846679688,289.3181760225011,289.5617593273459,0.010155418568138442,6,2,4
2026-06-29,290.45001220703125,291.8999938964844,289.3500061035156,290.70001220703125,290.70001220703125,10110022,0.0024138351966593863,0.002410926576161115,286.4050003051758,293.2400616455078,289.53076620473655,289.6460743554708,0.010157250441093175,6,2,0
2026-06-30,291.5,291.6000061035156,285.5,286.95001220703125,286.95001220703125,18180676,-0.012899896259135013,-0.012983822461689014,286.59000091552736,292.95030517578124,289.13372712816647,289.44636604817896,0.010371856084236084,6,2,1
2026-07-01,287.8500061035156,291.0,287.1000061035156,290.29998779296875,290.29998779296875,6551425,0.011674422176084498,0.011606801885879904,287.25500030517577,292.80834716796875,289.3131518458284,289.50959728853377,0.010556054556275087,7,3,2
2026-07-02,290.70001220703125,291.0,287.70001220703125,289.8999938964844,289.8999938964844,12722639,-0.001377863979689975,-0.0013788141071277731,287.73500061035156,292.6622833251953,289.40343523823697,289.53851555578933,0.010544790588124424,7,3,3
2026-07-03,291.29998779296875,291.6000061035156,289.0,289.95001220703125,289.95001220703125,6517591,0.00017253643187298273,0.00017252154917466817,288.19750061035154,292.58925659179687,289.4875240026669,289.5689967892147,0.009878453576770684,7,3,4
2026-07-06,289.95001220703125,290.3999938964844,287.6000061035156,288.25,288.25,27126124,-0.00586312169498171,-0.005880377273750233,288.6375,292.43842346191406,289.2971356945643,289.4712933233469,0.009813140010572667,7,3,0
2026-07-07,288.29998779296875,290.70001220703125,286.54998779296875,288.75,288.75,18491160,0.0017346053772766545,0.0017331026868348742,289.075,292.285908203125,289.21296097232363,289.4178641882842,0.009739433872777044,7,3,1
2026-07-08,286.8999938964844,287.8500061035156,280.0,280.6499938964844,280.6499938964844,21590787,-0.02805196918966446,-0.02845294219557934,288.925,291.7416522216797,287.8955814221945,288.76839231481756,0.010930505368910843,7,3,2
