Date,Open,High,Low,Close,Adj Close,Volume,Daily Return,Log Return,SMA_20,SMA_50,EMA_12,EMA_26,Rolling Volatility,Month,Quarter,Day of Week
2021-09-20,1094.7237548828125,1116.068115234375,1093.754638671875,1104.9921875,1084.4442138671875,11779819,0.0015899134860222208,0.0015886509116545535,1053.9343536376953,992.1583740234375,1074.1264079520904,1044.0889589658295,0.013101306860099813,9,3,0
2021-09-21,1109.9071044921875,1115.260498046875,1100.215576171875,1109.7686767578125,1089.1317138671875,9915736,0.004322490673156931,0.004313175543740344,1059.4225830078126,994.98548828125,1076.4349165544131,1047.425459328893,0.012213727447047972,9,3,1
2021-09-22,1111.2916259765625,1126.9825439453125,1106.7919921875,1121.6754150390625,1100.817138671875,10995912,0.010729119954827171,0.01067197135339025,1065.0115966796875,998.2401586914062,1080.1860276494072,1051.3803985394843,0.012095810227999477,9,3,2
2021-09-23,1129.4747314453125,1152.3651123046875,1128.597900390625,1149.0885009765625,1127.7203369140625,15748397,0.024439298133244858,0.02414543670547904,1071.5177642822266,1001.9160412597656,1087.498998305508,1057.035208789453,0.012589257308672625,9,3,3
2021-09-24,1155.387939453125,1156.2647705078125,1140.82763671875,1145.765625,1124.45947265625,15192163,-0.0028915540059654132,-0.0028957426246101073,1077.2302001953126,1005.3853955078125,1093.1852251286991,1062.029598705512,0.012594821872493745,9,3,4
2021-09-27,1147.7501220703125,1167.5484619140625,1142.3505859375,1165.033203125,1143.368408203125,15373834,0.016816022281539,0.016676198323579645,1083.9571563720704,1009.3570288085938,1100.9057148324569,1068.054695705335,0.012653434610274924,9,3,0
2021-09-28,1169.4405517578125,1183.700927734375,1159.65673828125,1175.9246826171875,1154.0574951171875,18035258,0.009348768810974128,0.009305339535510668,1090.2481842041016,1013.5755041503907,1109.0829117993385,1074.4252734395463,0.01251209968434663,9,3,1
2021-09-29,1186.0545654296875,1186.0545654296875,1163.002685546875,1166.6024169921875,1144.90869140625,9719875,-0.0079275111938929,-0.007959100973741478,1096.3557861328125,1017.3388000488281,1114.5945702004017,1079.6462673630058,0.0126807377441091,9,3,2
2021-09-30,1165.287109375,1169.717529296875,1153.9111328125,1162.6334228515625,1141.013427734375,13590654,-0.0034022483199865894,-0.0034080491277314047,1102.0659545898438,1021.1460290527343,1118.6590098210131,1084.1919829460703,0.012659907526759785,9,3,3
2021-10-01,1154.6495361328125,1172.1173095703125,1151.442138671875,1164.6871337890625,1143.0289306640625,8958928,0.001766414733338939,0.0017648564576048047,1107.2586547851563,1025.0402185058595,1122.4082284122514,1088.5502753696253,0.012673112148487285,10,4,4
2021-10-04,1178.2091064453125,1188.2928466796875,1170.84814453125,1179.662841796875,1157.72607421875,10918552,0.012858067858482869,0.01277610474773882,1111.0552307128905,1028.9846801757812,1127.8417431517128,1093.6744086177087,0.012363249075539578,10,4,0
2021-10-05,1179.17822265625,1205.4376220703125,1175.6015625,1204.1453857421875,1181.75341796875,13533634,0.020753910864635294,0.02054148257404414,1115.2130126953125,1033.5455639648437,1136.1358469697186,1100.1987796807489,0.012658047518368283,10,4,1
2021-10-06,1209.1064453125,1209.1064453125,1177.332275390625,1181.370361328125,1159.40185546875,10258881,-0.01891389706189206,-0.019095052689274826,1117.90673828125,1037.9207495117187,1139.7152328926466,1104.5841927020824,0.013448815043048824,10,4,2
2021-10-07,1197.592041015625,1199.32275390625,1184.9931640625,1187.1622314453125,1165.0860595703125,6336665,0.004902703988915347,0.00489072487313162,1121.1009399414063,1042.6075451660156,1143.6184369969028,1109.0658124700994,0.01343492563417734,10,4,3
2021-10-08,1193.0924072265625,1238.8502197265625,1191.36181640625,1232.781494140625,1209.85693359375,15772493,0.03842709614081996,0.03770716075361016,1126.6638977050782,1048.349638671875,1153.8089749348792,1116.5318214422218,0.014688842704254239,10,4,4
2021-10-11,1246.6956787109375,1255.279541015625,1220.82861328125,1224.197509765625,1201.4326171875,14768666,-0.006963068254050908,-0.006987423537989939,1133.0296569824218,1053.7792175292968,1161.13568912759,1122.8207692752055,0.014822285933273843,10,4,0
2021-10-12,1220.6671142578125,1238.2041015625,1218.9364013671875,1231.189208984375,1208.29443359375,6682011,0.005711361842591911,0.00569511385162519,1139.8087036132813,1059.5086279296875,1168.3908805839224,1129.15215181732,0.014608213596234541,10,4,1
2021-10-13,1236.3580322265625,1255.048828125,1231.8814697265625,1243.718994140625,1220.5911865234375,9959762,0.010176950739658741,0.010125514259796391,1146.9795288085938,1065.1470031738281,1176.4216968823093,1135.9254136474028,0.014485799731344218,10,4,2
2021-10-14,1246.2110595703125,1254.102783203125,1240.142333984375,1246.234130859375,1223.0595703125,8623469,0.002022285443575189,0.002020243376998421,1153.1437377929688,1070.6966076660156,1183.5967543331078,1142.379795622595,0.014499594971464786,10,4,3
2021-10-18,1231.5584716796875,1266.8170166015625,1228.6510009765625,1249.5570068359375,1226.320556640625,13594479,0.0026662530650831684,0.002662704917819334,1160.3236267089844,1076.1664965820312,1190.1696469958026,1148.5976297720788,0.014464707099899748,10,4,0
2021-10-19,1257.033203125,1269.74755859375,1249.7415771484375,1260.748291015625,1237.3037109375,8833409,0.008956185425907037,0.008916316668382426,1167.9666015625,1081.5797680664064,1197.4210414483714,1155.168450599147,0.01285568041588602,10,4,1
2021-10-20,1265.7786865234375,1265.7786865234375,1242.1268310546875,1246.234130859375,1223.0595703125,12710570,-0.011512242708952458,-0.011579021586201823,1174.6629943847656,1087.1175964355468,1201.3654305043913,1160.1974224297658,0.013007525071970184,10,4,2
2021-10-21,1258.6947021484375,1258.9715576171875,1201.3763427734375,1210.2833251953125,1187.777099609375,20831669,-0.028847712376029344,-0.02927198712424304,1179.0109924316407,1092.0575708007811,1199.2749180590042,1162.2403614801071,0.014282342765377291,10,4,3
2021-10-22,1209.1295166015625,1229.8509521484375,1205.206787109375,1212.544677734375,1189.99658203125,11027475,0.0018686017962503687,0.001866858131719108,1182.1248046875,1096.9431982421875,1197.8474817470421,1164.2963778172289,0.014231846343139126,10,4,4
2021-10-25,1236.819580078125,1236.819580078125,1186.0545654296875,1200.730224609375,1178.40185546875,17198417,-0.00974349568526367,-0.00979127414547321,1184.821923828125,1101.33197265625,1194.8558469349973,1165.3412280136379,0.014385076413068692,10,4,0
2021-10-26,1207.791259765625,1231.6968994140625,1201.353271484375,1228.0740966796875,1205.2371826171875,9750178,0.022772645022493432,0.022517218889998053,1187.9153625488282,1106.3190502929688,1196.452975501488,1168.2964839101971,0.014063276580516973,10,4,1
2021-10-27,1223.8975830078125,1235.3427734375,1209.1064453125,1212.544677734375,1189.99658203125,9896298,-0.012645312313417256,-0.012725944744524832,1189.7123168945313,1110.6829150390624,1195.4596841983746,1169.9038985858308,0.014358456984329061,10,4,2
2021-10-28,1209.1295166015625,1217.4134521484375,1195.515380859375,1199.25341796875,1176.95263671875,9886181,-0.01096133006553246,-0.011021848088960475,1191.3145141601562,1114.5336267089845,1192.612446124586,1170.4260273364175,0.014600188829966885,10,4,3
2021-10-29,1198.122802734375,1198.122802734375,1154.5341796875,1170.47900390625,1148.7132568359375,14233025,-0.023993641716578917,-0.024286177955611957,1191.6995056152343,1117.90333984375,1185.858724695563,1168.8176739660116,0.015000094193136877,10,4,4
2021-11-01,1170.47900390625,1179.5936279296875,1151.0267333984375,1171.1943359375,1149.4150390625,15481114,0.0006109289871829571,0.0006107424460409941,1192.0188110351562,1121.2109973144532,1180.252003828938,1167.3804417509368,0.014652374073275673,11,4,0
2021-11-02,1174.51708984375,1175.901611328125,1151.5574951171875,1154.1187744140625,1132.6571044921875,10569130,-0.01457953306751647,-0.014686858910902751,1190.765362548828,1124.4045202636719,1172.9297116232842,1164.8083426947333,0.014965746648333004,11,4,1
2021-11-03,1156.5416259765625,1162.9796142578125,1135.7510986328125,1146.1810302734375,1124.866943359375,11989430,-0.006877775367245986,-0.0069015362750448435,1187.9210388183594,1127.3145166015624,1165.5354395826828,1161.8497205217436,0.01503397594964058,11,4,2
2021-11-04,1150.4959716796875,1156.010986328125,1149.1346435546875,1153.2188720703125,1131.77392578125,1705656,0.006140266155610918,0.0061214915362893365,1186.5396423339844,1130.1692578125,1160.3413605363085,1159.6218838742996,0.014956673473914342,11,4,3
2021-11-08,1162.70263671875,1162.9796142578125,1133.628173828125,1154.6495361328125,1133.177978515625,20337183,0.0012405770290262463,0.0012398081491811913,1184.94423828125,1132.880877685547,1156.1623786869725,1157.6630760699531,0.01428960488042613,11,4,0
2021-11-09,1156.05712890625,1167.0869140625,1147.773193359375,1163.76416015625,1142.123046875,15682497,0.007893789439053833,0.007862796477632952,1181.5575439453125,1135.5191235351563,1154.0024814851306,1156.5119627962529,0.014343172109615188,11,4,1
2021-11-10,1161.4566650390625,1180.5166015625,1155.43408203125,1176.7784423828125,1154.8953857421875,10253470,0.011182979716707786,0.01112091250130388,1179.2306823730469,1138.4404455566407,1154.1398513708316,1156.3922163478035,0.014159516813395837,11,4,2
2021-11-11,1172.232666015625,1186.2852783203125,1170.1558837890625,1178.9244384765625,1157.0015869140625,10722478,0.0018237159814449289,0.0018220550305496318,1176.6660400390624,1141.0157385253906,1154.5801183774824,1156.437354908267,0.014062412725266107,11,4,3
2021-11-12,1182.7779541015625,1199.32275390625,1180.0550537109375,1196.7152099609375,1174.4615478515625,8712341,0.015090697484753557,0.014977965629476338,1174.3595581054688,1144.0498364257812,1157.6387998350333,1157.772480311474,0.01423172428253581,11,4,4
2021-11-15,1199.8995361328125,1200.9149169921875,1186.0545654296875,1189.654296875,1167.53173828125,4803269,-0.005900414179577984,-0.005917890401865054,1171.5831665039063,1146.8642700195312,1159.1607903652205,1158.4953883092353,0.014265321980588734,11,4,0
2021-11-16,1187.0006103515625,1188.362060546875,1151.442138671875,1162.010498046875,1140.402099609375,11337581,-0.023236746190568813,-0.023510975843466356,1167.2872436523437,1148.8888134765625,1156.2748379412442,1157.1551447018383,0.014925894671751051,11,4,1
2021-11-17,1153.2650146484375,1153.2650146484375,1135.7510986328125,1137.1356201171875,1115.9898681640625,10202029,-0.021406687565442506,-0.021639133959418567,1161.2215515136718,1149.5727197265626,1150.0771502832163,1154.1058649582992,0.015218612202634232,11,4,2
2021-11-18,1135.28955078125,1148.673095703125,1130.6976318359375,1141.427490234375,1120.2017822265625,8505625,0.0037741508078645847,0.0037670465700702566,1156.078662109375,1150.0047998046875,1145.4809398129619,1151.594451422615,0.014683730358188233,11,4,3
2021-11-22,1124.259765625,1130.213134765625,1084.986083984375,1090.8702392578125,1070.5848388671875,24124307,-0.044292862363380814,-0.04530375424713226,1150.2190490722655,1149.3059497070312,1133.9584627443812,1145.5937393814722,0.016347792750309346,11,4,0
2021-11-23,1076.7021484375,1108.176513671875,1065.6031494140625,1101.0693359375,1080.593994140625,25326999,0.009349240630035949,0.009305806984390702,1144.7489196777344,1148.8937890625,1125.7485444976496,1140.7789434377057,0.01643735477028694,11,4,1
2021-11-24,1098.36962890625,1112.16845703125,1081.5479736328125,1085.1707763671875,1064.9912109375,16820296,-0.014439080068674226,-0.014544338032708692,1139.078387451172,1148.2216577148438,1116.4012624114728,1135.1650373265793,0.014648727499845658,11,4,2
2021-11-25,1095.13916015625,1154.672607421875,1087.8243408203125,1150.4959716796875,1129.1016845703125,42401936,0.06019812461773921,0.05845580067520999,1135.2716125488282,1149.3213427734374,1118.3551735128328,1134.7159000853742,0.018757692880041518,11,4,3
2021-11-26,1138.8892822265625,1143.4119873046875,1108.2918701171875,1113.41455078125,1092.709716796875,15763138,-0.03223090379790439,-0.032761757141337,1130.4072692871093,1149.7212670898436,1114.4097186334548,1131.6043309528927,0.019491669283801402,11,4,4
2021-11-29,1125.644287109375,1153.7496337890625,1107.1842041015625,1126.7518310546875,1105.799072265625,24325354,0.011978803947236383,0.01190762592976059,1126.849591064453,1150.2937548828124,1113.0850038076348,1129.6928303093914,0.019536917250414808,11,4,0
2021-11-30,1138.9815673828125,1142.62744140625,1102.453857421875,1110.0916748046875,1089.44873046875,32172299,-0.014785997028714748,-0.014896399508214843,1123.8863647460937,1150.0872216796874,1109.448654063191,1126.7117858767513,0.019625669334723556,11,4,1
2021-12-01,1122.8291015625,1141.7506103515625,1119.1832275390625,1138.5201416015625,1117.3485107421875,10104610,0.025609080531429074,0.025286661017371485,1122.2830383300782,1150.779736328125,1110.6640166291904,1126.0182099408576,0.020315710874347942,12,4,2
2021-12-02,1139.76611328125,1151.995849609375,1136.0279541015625,1145.8348388671875,1124.52734375,12720411,0.006424882602693138,0.006404331025142873,1121.8765502929687,1151.5813989257813,1112.7968361862381,1125.9077754082016,0.020269981155448175,12,4,3
2021-12-03,1153.01123046875,1153.057373046875,1107.599609375,1111.406982421875,1090.739501953125,19222481,-0.030046260755386855,-0.03050690012238313,1120.1701782226562,1151.6135546875,1109.4034001503746,1123.302718115233,0.020814043031884107,12,4,4
2021-12-06,1114.983642578125,1119.1370849609375,1087.8243408203125,1090.3394775390625,1070.0638427734375,10332254,-0.018955634358767348,-0.019137595524779342,1117.0846740722657,1150.9984887695311,1103.3511605539227,1119.3590977195445,0.020475901131026816,12,4,0
2021-12-07,1096.5928955078125,1109.445556640625,1089.1396484375,1099.223388671875,1078.782470703125,11235122,0.008147764255906687,0.008114750429406336,1114.3648986816406,1150.0197314453126,1099.5713621153384,1116.353421644254,0.02056216369956109,12,4,1
2021-12-08,1118.7218017578125,1122.2752685546875,1110.507080078125,1115.9527587890625,1095.20068359375,8744178,0.015219206222292447,0.015104555897765791,1112.018780517578,1149.4345556640626,1098.898950035094,1114.7865521590315,0.020786318711286035,12,4,2
2021-12-09,1123.7520751953125,1142.1658935546875,1119.1370849609375,1133.6512451171875,1112.5703125,13213547,0.015859768137884922,0.015735316143838458,1109.9025268554688,1148.81859375,1101.0022365681566,1114.6223862583624,0.02053640753598755,12,4,3
2021-12-10,1126.1749267578125,1138.05859375,1121.6060791015625,1134.8050537109375,1113.7025146484375,8364414,0.0010176454788672906,0.0010171280287310676,1107.7375732421874,1148.011494140625,1102.9561255035844,1114.55424762059,0.020454082599964563,12,4,4
2021-12-13,1141.5198974609375,1141.7967529296875,1109.445556640625,1112.0531005859375,1091.3736572265625,12901733,-0.020049211641515963,-0.02025292453911359,1103.5831787109375,1146.9407934570313,1101.1742073071196,1112.837166850662,0.02065758854928677,12,4,0
2021-12-14,1098.36962890625,1110.36865234375,1095.32373046875,1098.4388427734375,1078.0126953125,12991523,-0.012242334992779491,-0.012317889652691937,1099.1072265625,1145.6807788085937,1097.6108977694857,1110.2575763663538,0.020341191805861438,12,4,1
2021-12-15,1100.215576171875,1109.9071044921875,1089.647216796875,1095.2314453125,1074.8648681640625,9366969,-0.0029200279014571784,-0.002924299500415188,1095.8303649902343,1144.3174975585937,1094.1115085994206,1107.6358942772952,0.020336280746574422,12,4,2
2021-12-16,1110.2301025390625,1114.7528076171875,1093.131591796875,1109.3994140625,1088.769287109375,9761279,0.012935969308460304,0.01285301429390846,1094.4693359375,1142.9383618164063,1093.2896283701828,1106.2383678204123,0.020371400415066073,12,4,3
2021-12-17,1106.69970703125,1111.2916259765625,1070.6795654296875,1080.1173095703125,1060.03173828125,21049821,-0.02639452560645028,-0.02674911448819621,1091.4608337402344,1140.5039282226562,1088.1730298949624,1102.815654521215,0.020867324095865315,12,4,4
2021-12-20,1069.6873779296875,1069.6873779296875,1037.0362548828125,1050.9967041015625,1031.4525146484375,14325846,-0.026960724477128606,-0.027330832222435323,1089.504217529297,1137.94494140625,1079.4467967801124,1097.5294960121205,0.02130531642266379,12,4,0
2021-12-21,1066.6876220703125,1082.6785888671875,1057.8499755859375,1066.6414794921875,1046.806640625,12836561,0.014885926165777885,0.01477621816373264,1087.8148498535156,1135.5793530273438,1074.4252342947104,1093.7722474649263,0.021540468681096103,12,4,1
2021-12-22,1072.94091796875,1094.6314697265625,1071.6026611328125,1091.9547119140625,1071.64892578125,17658543,0.023731493660966718,0.023454279011706294,1088.1477355957031,1132.8151928710938,1073.9981099080242,1092.1334828957652,0.021991212663659547,12,4,2
2021-12-23,1095.6005859375,1098.36962890625,1088.23974609375,1091.5625,1071.26416015625,9072401,-0.0003590407415557939,-0.0003591052121150091,1085.255859375,1130.2118237304687,1073.577502253905,1090.5876071372825,0.021855199319358434,12,4,3
2021-12-24,1093.754638671875,1103.9075927734375,1078.7789306640625,1095.046875,1074.683837890625,7886494,0.003192189061824058,0.0031871048433053098,1084.3545654296875,1127.5396118164062,1073.7477077364774,1089.4095501560487,0.021865469317461285,12,4,4
2021-12-27,1089.85498046875,1097.4466552734375,1083.6478271484375,1093.8699951171875,1073.5286865234375,4017223,-0.0010748755368414908,-0.0010754536298404832,1082.7410461425782,1124.5983618164062,1073.7140121652405,1088.2331898869663,0.0216218140425143,12,4,0
2021-12-28,1096.3389892578125,1109.837890625,1095.1622314453125,1106.8612060546875,1086.2783203125,6374613,0.011876379224062816,0.011806408486820312,1082.5825256347657,1121.8627368164061,1075.6469826494344,1088.088384733302,0.021775985481737373,12,4,1
2021-12-29,1103.4461669921875,1116.3681640625,1099.3387451171875,1108.75341796875,1088.1353759765625,15425312,0.0017095578815642387,0.0017080982508011011,1081.1218688964843,1119.099033203125,1077.568273930531,1088.0918655661362,0.021417257636321532,12,4,2
2021-12-30,1107.599609375,1109.884033203125,1082.4940185546875,1088.7242431640625,1068.4786376953125,29333171,-0.018064607322970994,-0.018229764363285078,1078.31943359375,1115.7225317382813,1076.169868355882,1086.6390338720012,0.02131775019660111,12,4,3
2021-12-31,1095.13916015625,1100.16943359375,1089.1396484375,1092.90087890625,1072.57763671875,9477290,0.0038362947829064797,0.003828954969877826,1077.4113403320312,1112.7128930664062,1075.6172173347848,1085.5974488976863,0.02131825625523034,12,4,4
2022-01-03,1091.4471435546875,1111.2685546875,1090.7779541015625,1109.3763427734375,1088.7467041015625,5421611,0.015074962249145063,0.01496246419930155,1078.3454833984374,1110.73228515625,1077.6371383758276,1085.8307270609364,0.019890482833167192,1,1,0
2022-01-04,1114.9375,1135.7510986328125,1109.445556640625,1134.4127197265625,1113.3175048828125,10847728,0.022567968002737526,0.022317079099944813,1080.0722351074219,1109.1987036132812,1083.1264255307483,1087.8667846773717,0.020231026873648403,1,1,1
2022-01-05,1136.212646484375,1143.1351318359375,1122.8060302734375,1139.719970703125,1118.526123046875,11643813,0.004678466063111841,0.00466755605559302,1081.238507080078,1108.0011889648438,1088.5725328409217,1090.1378467788163,0.02002171496160312,1,1,2
2022-01-06,1131.2283935546875,1132.5206298828125,1111.7530517578125,1115.21435546875,1094.4761962890625,14447422,-0.021501443964759837,-0.021735967839235832,1080.3338012695312,1105.7859692382813,1089.4807887560203,1090.4592060017976,0.017160511334186158,1,1,3
2022-01-07,1121.883056640625,1134.3896484375,1112.929931640625,1124.213623046875,1103.30810546875,13112115,0.008069530620796517,0.008037146060722236,1079.8140808105468,1104.0521997070311,1091.6080682502864,1091.410976332683,0.0161717813361861,1,1,4
2022-01-10,1131.59765625,1133.9051513671875,1115.0067138671875,1125.1365966796875,1104.2138671875,9246731,0.0008209508425256473,0.000820614046698666,1080.4560913085938,1102.5974243164062,1093.5474219329346,1092.3593386182251,0.01602510351617418,1,1,0
2022-01-11,1124.213623046875,1142.18896484375,1123.7520751953125,1133.2359619140625,1112.16259765625,16205164,0.0071985425151341875,0.007172756680962678,1082.1635864257812,1101.8664111328126,1096.4112951211368,1093.826246695116,0.01582340159703614,1,1,1
2022-01-12,1140.5045166015625,1165.2640380859375,1137.5970458984375,1163.4871826171875,1141.8511962890625,14800442,0.026694476774689058,0.026344395718060735,1085.5129028320312,1101.7151342773439,1103.4020491469716,1097.3836503687417,0.015883188308419484,1,1,2
2022-01-13,1163.5565185546875,1172.671142578125,1157.626220703125,1170.04052734375,1148.2828369140625,11856712,0.00563264341790104,0.0056168393997908135,1088.4885803222655,1102.0276489257812,1110.3067857265241,1101.1539604832099,0.015874248505143216,1,1,3
2022-01-14,1169.902099609375,1184.8084716796875,1165.6793212890625,1171.748046875,1149.9586181640625,19930176,0.0014593802120246302,0.0014583163516484134,1092.9849243164062,1102.529482421875,1116.4070676399915,1104.7691203114211,0.014765286546361544,1,1,4
2022-01-17,1171.28662109375,1183.7470703125,1170.8250732421875,1177.8629150390625,1155.959716796875,8036453,0.005218534422041454,0.005204965058937246,1099.2102844238282,1103.0131982421874,1122.4920905872043,1108.5610163473807,0.014239871567419366,1,1,0
2022-01-18,1179.0167236328125,1182.5240478515625,1161.0181884765625,1163.810302734375,1142.16845703125,6215029,-0.01193057125194652,-0.012002311691031543,1103.9783752441406,1103.1930078125,1125.5192238862883,1111.0504563980378,0.014444176055879662,1,1,1
2022-01-19,1167.5946044921875,1173.132568359375,1157.903076171875,1163.718017578125,1142.077880859375,9755485,-7.930193774607908e-05,-7.930508231099205e-05,1107.499822998047,1103.1921044921876,1128.0667095744554,1113.3487841359147,0.01423007160055914,1,1,2
2022-01-20,1153.772705078125,1158.341552734375,1132.9820556640625,1143.3427734375,1122.0814208984375,16494486,-0.017508840943395998,-0.017663933694876965,1110.0406860351563,1102.5358251953126,1127.1458959319912,1113.9956461183237,0.014372042782192415,1,1,3
2022-01-21,1131.59765625,1154.7879638671875,1131.59765625,1143.52734375,1122.2626953125,13338594,0.00016155192545408426,0.00016153887734705424,1112.41962890625,1101.8410473632812,1126.3946342982233,1114.608020132707,0.014371590849306573,1,1,4
2022-01-24,1142.2120361328125,1155.9417724609375,1086.8782958984375,1097.4005126953125,1076.99365234375,21868937,-0.04033729639043615,-0.04117340666497514,1112.5928771972656,1099.891689453125,1118.7944832283042,1111.8217706668584,0.015773788380104518,1,1,0
2022-01-25,1084.31689453125,1102.361572265625,1063.757080078125,1095.2545166015625,1074.887451171875,24510205,-0.0019556300701415452,-0.001957544811384787,1112.0233337402344,1098.0388037109376,1112.0395552196228,1109.0858951487114,0.015616729902582532,1,1,1
2022-01-27,1078.0635986328125,1087.3397216796875,1066.5491943359375,1079.03271484375,1058.9674072265625,20020431,-0.014810893854938945,-0.014921670302917037,1110.5649353027343,1096.4101098632811,1103.8746093745367,1105.3734145618857,0.015843229615317738,1,1,3
2022-01-28,1091.4471435546875,1096.4774169921875,1074.5562744140625,1077.994384765625,1057.9482421875,14667727,-0.0009624139818729116,-0.0009628773995661342,1110.0384155273437,1095.24927734375,1096.8090144226849,1101.8604388304498,0.01564252596941446,1,1,4
2022-01-31,1089.23193359375,1110.55322265625,1087.3858642578125,1101.41552734375,1080.933837890625,12143683,0.02172657866097305,0.021493920430713527,1110.4562255859375,1094.4639184570312,1094.3666795715988,1100.3103202423147,0.015396795767508787,1,1,0
2022-02-01,1111.2916259765625,1117.1064453125,1083.186279296875,1097.7696533203125,1077.3558349609375,13200509,-0.003310103545902221,-0.0033155940581018296,1109.8866821289062,1094.5993383789062,1091.749626554574,1098.6099879992498,0.0145079777757913,2,1,1
2022-02-02,1110.830078125,1110.830078125,1096.1082763671875,1100.0079345703125,1079.552490234375,10017691,0.002038931987143444,0.002036856186451397,1108.1984313964845,1094.5785083007813,1089.8731440437741,1097.198321498148,0.014288857520622157,2,1,2
2022-02-03,1103.9075927734375,1108.268798828125,1083.232421875,1085.793701171875,1065.6025390625,9572839,-0.012921975816892806,-0.013006190815837412,1105.5522521972657,1094.5907348632813,1086.139204815886,1094.8578931695815,0.013849635278550359,2,1,3
2022-02-04,1080.37109375,1083.809326171875,1071.187255859375,1075.89453125,1055.887451171875,11061241,-0.009116990185826901,-0.009158804280677545,1103.6228149414062,1093.1264501953126,1081.4850888706535,1091.971193762344,0.013947343731970655,2,1,4
2022-02-07,1080.8326416015625,1087.662841796875,1063.757080078125,1069.34130859375,1049.4560546875,10714467,-0.006090986759277328,-0.006109612490364157,1100.9302124023438,1092.261376953125,1076.5575451501684,1088.8219242012444,0.013968154489558307,2,1,0
2022-02-08,1075.5946044921875,1089.1396484375,1066.0645751953125,1087.316650390625,1067.0972900390625,12060849,0.01680988477103562,0.016670162296518704,1099.0743835449218,1091.4873413085938,1075.1021212869214,1087.2126920410828,0.014328469864436776,2,1,1
2022-02-09,1094.2852783203125,1101.6923828125,1088.2166748046875,1099.98486328125,1079.5299072265625,11486225,0.011650875045371878,0.011583526211181406,1097.4427490234375,1091.28896484375,1075.7833191237892,1086.643596869637,0.014322027734121338,2,1,2
2022-02-10,1105.6151123046875,1105.6151123046875,1091.4932861328125,1098.854248046875,1078.4202880859375,12464491,-0.0010278725334027516,-0.0010284011566444656,1094.2712036132812,1090.510400390625,1076.1890066564274,1086.0344628856592,0.014318767991793253,2,1,3
2022-02-11,1095.2545166015625,1100.4464111328125,1081.8017578125,1096.708251953125,1076.3143310546875,15943370,-0.0019528165915607687,-0.0019547258238728433,1090.6727783203125,1089.5461401367188,1076.2082873330828,1085.314453120402,0.013922246389408217,2,1,4
2022-02-14,1080.0250244140625,1086.80908203125,1067.4490966796875,1079.240478515625,1059.1712646484375,10719633,-0.01592756494234482,-0.01605577177570679,1086.1334106445313,1088.914775390625,1073.5872069200605,1083.3779206409972,0.014215508312799505,2,1,0
2022-02-15,1085.078369140625,1118.6295166015625,1077.9251708984375,1115.883544921875,1095.1328125,11212671,0.033952533505994476,0.03338886933233972,1083.0920654296874,1089.4161547851563,1076.9019154708203,1084.2486533712938,0.015297173621858621,2,1,1
2022-02-16,1121.444580078125,1122.8291015625,1105.7305908203125,1113.5760498046875,1092.8682861328125,10392840,-0.0020678098047468563,-0.002069950675225589,1080.6270568847656,1089.69787109375,1079.3582801880498,1084.8871446869618,0.01471103242616621,2,1,2
2022-02-17,1116.875732421875,1132.9359130859375,1112.214599609375,1127.6748046875,1106.704833984375,12853252,0.012660764363950916,0.012581287013124618,1078.8584045410157,1089.9279541015626,1083.5654423105614,1086.5032698201035,0.014879391470101182,2,1,3
2022-02-18,1128.0902099609375,1133.628173828125,1116.8988037109375,1118.8602294921875,1098.05419921875,6775458,-0.007816569061581569,-0.007847278570871974,1077.6570434570312,1089.6376318359376,1085.794481834898,1087.3588942200033,0.01440760629238266,2,1,4
2022-02-21,1113.1375732421875,1124.9058837890625,1100.4925537109375,1107.553466796875,1086.957763671875,11107193,-0.010105544475646044,-0.01015695211827407,1075.891796875,1089.1027368164061,1085.9734482713561,1087.3291808460679,0.01444775888261991,2,1,0
2022-02-22,1085.8629150390625,1105.70751953125,1083.2093505859375,1102.5230712890625,1082.0208740234375,13494914,-0.004541933287048883,-0.004552279204905911,1076.1431579589844,1088.9156811523437,1085.3653599255224,1086.9359729332805,0.014465341701499006,2,1,1
2022-02-23,1108.1072998046875,1110.6224365234375,1092.8316650390625,1095.6236572265625,1075.2498779296875,7310110,-0.006257731487723017,-0.006277393157292603,1076.161279296875,1088.8604248046875,1083.8091319261632,1086.0703362663476,0.014424545201225743,2,1,2
2022-02-24,1063.757080078125,1079.863525390625,1035.3287353515625,1041.0281982421875,1021.66943359375,24846650,-0.04983069092656178,-0.051115090189558475,1074.2963806152343,1087.7965161132813,1074.2491783365613,1081.2998990313404,0.016030735832804257,2,1,3
2022-02-25,1052.2657470703125,1065.1185302734375,1050.489013671875,1054.0426025390625,1034.44189453125,14570089,0.012501559229948223,0.01242405997756716,1073.1210632324219,1086.7099682617188,1068.1249808280518,1077.8289357350375,0.01621477492164814,2,1,4
2022-02-28,1035.1441650390625,1092.5316162109375,1035.1441650390625,1088.931884765625,1068.6824951171875,21297446,0.033100554769635915,0.03256452786821666,1072.50849609375,1086.8829833984375,1068.2107522571496,1077.1514216151968,0.017515039357476135,2,1,0
2022-03-02,1077.3482666015625,1108.0611572265625,1074.9254150390625,1106.930419921875,1086.3463134765625,21471786,0.01652859332877732,0.01639348288767221,1072.9580200195312,1087.980859375,1071.0008385985977,1077.8325247160387,0.01780163002270447,3,1,2
2022-03-03,1107.599609375,1114.452880859375,1093.7777099609375,1097.5850830078125,1077.1746826171875,10186748,-0.00844264001782602,-0.008478480973823345,1072.839129638672,1088.5882202148437,1071.950660755304,1077.7837956716794,0.01774525602352303,3,1,3
2022-03-04,1085.9090576171875,1091.1240234375,1070.8411865234375,1073.240966796875,1053.283203125,10805667,-0.022179763299058353,-0.02242943289615847,1072.223162841797,1088.2209057617188,1069.0787441967957,1075.968936964518,0.01812610970082135,3,1,4
2022-03-07,1051.61962890625,1067.0338134765625,1025.45263671875,1033.552001953125,1014.3323974609376,17983310,-0.03698037294100842,-0.03768148622971953,1070.14541015625,1087.0822705078126,1060.656229314356,1071.4032673716601,0.019007956570978618,3,1,0
2022-03-08,1020.6068725585938,1036.5286865234375,1006.0696411132812,1031.682861328125,1012.4979858398438,21289374,-0.001808491600668316,-0.0018101288959240928,1068.2975067138673,1085.8385534667968,1053.2472687798158,1067.0399131841182,0.018999402696912818,3,1,1
2022-03-09,1031.9136962890625,1092.3701171875,1031.059814453125,1086.416748046875,1066.214111328125,20414228,0.05305306898336681,0.051693629776842456,1068.2533477783204,1085.6922619628906,1055.242167633402,1066.9787426762668,0.020318187784205594,3,1,2
2022-03-10,1107.599609375,1109.9071044921875,1089.1396484375,1104.02294921875,1083.492919921875,17980493,0.01620575868408536,0.016075847042057084,1068.451498413086,1085.6365539550782,1059.588437216244,1068.2020150648304,0.0205315467765253,3,1,3
2022-03-11,1096.546630859375,1112.6761474609375,1096.546630859375,1107.207275390625,1086.6180419921875,12257423,0.00288430317619226,0.0028801515548933206,1068.8613861083984,1085.6062072753907,1063.7468379510046,1069.5661652075976,0.020330631020294816,3,1,4
2022-03-14,1101.553955078125,1118.8602294921875,1095.6005859375,1116.298828125,1095.540283203125,8340678,0.008211018836554285,0.008177491823645048,1069.8226837158204,1086.1474401855469,1068.6381372205617,1071.490173948007,0.02036813068054519,3,1,0
2022-03-15,1120.49853515625,1120.49853515625,1080.3018798828125,1090.7318115234375,1070.4488525390625,15925769,-0.022903247875742716,-0.023169602032597603,1070.3865631103515,1086.1048645019532,1068.9167088080235,1071.413039028826,0.020459299744977164,3,1,1
2022-03-16,1099.2926025390625,1111.2454833984375,1097.03125,1109.1456298828125,1088.520263671875,11149828,0.016882087443923943,0.016741168794951227,1070.0559356689453,1086.1003356933593,1071.932640325539,1072.6802408542371,0.020681762417005024,3,1,2
2022-03-17,1122.7137451171875,1152.5496826171875,1114.5682373046875,1145.30419921875,1124.0064697265625,21422098,0.03260040923352481,0.032080289777031396,1071.612844848633,1086.3141149902344,1079.9439986949274,1076.4821837336685,0.021494335925540623,3,1,3
2022-03-21,1127.9056396484375,1146.3656005859375,1125.59814453125,1138.7047119140625,1117.52978515625,11999466,-0.005762141717821301,-0.00577880690535927,1072.1540924072265,1086.294188232422,1085.7264273812846,1079.5227468020078,0.021367262320558147,3,1,0
2022-03-22,1135.335693359375,1169.8790283203125,1132.3360595703125,1168.1253662109375,1146.4033203125,22557065,0.02583692671082849,0.025508793288493342,1074.571548461914,1087.3327307128907,1095.061333986087,1084.4768633583406,0.021701400319898027,3,1,1
2022-03-23,1164.3641357421875,1183.6778564453125,1164.3641357421875,1171.84033203125,1150.049072265625,15462187,0.0031801652075913456,0.003175119177526702,1077.7261138916015,1088.267550048828,1103.520986029093,1089.3340640181393,0.021633785250941995,3,1,2
2022-03-24,1158.3646240234375,1192.5848388671875,1158.3646240234375,1190.0465087890625,1167.916748046875,13168266,0.015536446410978177,0.015416991508475537,1082.0209075927735,1089.5416076660156,1113.428026339521,1095.1550035758235,0.021607559686153348,3,1,3
2022-03-25,1191.8233642578125,1207.2835693359375,1189.2850341796875,1197.984375,1175.70703125,14222488,0.006670238453342581,0.006648090844833489,1087.043765258789,1090.8124963378907,1123.009411710364,1101.1218204405773,0.021559782622394025,3,1,4
2022-03-28,1204.5145263671875,1213.629150390625,1193.6693115234375,1210.029541015625,1187.5281982421875,9891424,0.010054517560909249,0.010004307179498434,1095.336703491211,1091.726036376953,1132.9353788691062,1107.5222928703263,0.02158202173491489,3,1,0
2022-03-29,1217.4365234375,1217.4365234375,1203.314697265625,1210.306396484375,1187.7999267578125,8684065,0.00022881857965750818,0.00022879240467911472,1103.004605102539,1092.5163781738281,1141.3760785442919,1113.4687842693995,0.02156688465259498,3,1,1
2022-03-30,1218.3134765625,1240.5115966796875,1207.791259765625,1233.5660400390625,1210.6270751953125,15811550,0.01921800795173345,0.019035674392126313,1110.1018341064453,1093.729747314453,1152.0300780290643,1120.6656947083559,0.02142843038687731,3,1,2
2022-03-31,1229.8740234375,1232.066162109375,1213.0985107421875,1215.9366455078125,1193.325439453125,13223718,-0.01429146604820164,-0.014394572590487976,1115.4507904052734,1094.477061767578,1158.3832105558429,1126.0478980227833,0.020961603182653037,3,1,3
2022-04-01,1216.5135498046875,1229.96630859375,1210.0526123046875,1225.67431640625,1202.8819580078125,7922880,0.00800830874691405,0.007976412419683372,1121.7361541748046,1095.6913317871094,1165.2291717022997,1131.7393098735263,0.020957019284656212,4,2,4
2022-04-04,1225.48974609375,1234.5120849609375,1219.12109375,1229.297119140625,1206.4373779296875,7929162,0.002955751308934218,0.002951391664604377,1129.393862915039,1096.9785217285157,1171.5688957372824,1137.2725000999087,0.020884150386984907,4,2,0
2022-04-05,1223.482177734375,1232.158447265625,1209.45263671875,1211.921630859375,1189.3851318359375,13149870,-0.014134381448801414,-0.01423522316958672,1138.146499633789,1098.3245959472656,1174.3098551370756,1141.1326950433183,0.021029285899864882,4,2,1
2022-04-06,1193.9462890625,1215.8212890625,1193.9462890625,1208.691162109375,1186.2147216796875,12257215,-0.002665587513571932,-0.002669146517933468,1146.8323364257812,1099.6036364746094,1176.1413730667082,1144.4721044237901,0.0209144152423901,4,2,2
2022-04-07,1197.63818359375,1202.6685791015625,1184.6700439453125,1187.369873046875,1165.289794921875,15496499,-0.01764008351555668,-0.017797524045809518,1151.7861206054688,1101.3695593261718,1174.4718995059645,1146.0141555717964,0.021214627902801434,4,2,3
2022-04-08,1181.4395751953125,1211.4371337890625,1181.4395751953125,1207.1220703125,1184.6746826171875,15152495,0.01663525054436099,0.016498400369854394,1156.8452087402343,1103.5653039550782,1176.0415584461527,1148.8778983158993,0.021293191151546566,4,2,4
2022-04-11,1199.8995361328125,1217.6904296875,1192.0540771484375,1204.60693359375,1182.2064208984375,9254209,-0.0020834932618777335,-0.0020856667534586712,1161.6246276855468,1106.0300842285155,1176.9899988234274,1151.3466777664576,0.018812969930982998,4,2,0
2022-04-12,1193.9000244140625,1201.0994873046875,1179.316650390625,1181.9241943359375,1159.945556640625,13217742,-0.018829930090292546,-0.019009470620213065,1164.8448913574218,1108.070030517578,1174.36777694915,1151.9836317571364,0.019249453112422925,4,2,1
2022-04-13,1188.13134765625,1196.4844970703125,1174.747802734375,1177.5860595703125,1155.6881103515625,10354235,-0.0036703845837322557,-0.003677136972868766,1169.1068542480468,1109.5651159667968,1171.4939820879827,1152.2580375789457,0.018488386462295395,4,2,2
2022-04-18,1168.9791259765625,1181.3472900390625,1163.810302734375,1173.986328125,1152.1551513671875,9974224,-0.003057017678671392,-0.003061699902076649,1172.2885986328124,1111.061102294922,1168.5187773617065,1152.2504163780748,0.01833116755421604,4,2,0
2022-04-19,1180.5166015625,1231.2816162109375,1177.3092041015625,1218.728759765625,1196.0655517578125,26141820,0.03811153414409452,0.03740322997712247,1175.891552734375,1113.3913635253907,1172.7567426534151,1155.495981961759,0.019348126257109962,4,2,1
2022-04-20,1226.251220703125,1261.7406005859375,1222.5592041015625,1254.564208984375,1231.2347412109375,25072240,0.029404065188097794,0.028980057313718312,1181.5768005371094,1116.7040075683594,1181.7533578161108,1161.106260424661,0.0192630729884549,4,2,2
2022-04-21,1269.5399169921875,1287.123046875,1260.8175048828125,1283.938720703125,1260.0628662109375,21708633,0.023413995751652594,0.023144093034694075,1187.2597778320312,1120.7875158691406,1193.800974492238,1168.4363793717928,0.017780600089930154,4,2,3
2022-04-22,1273.23193359375,1293.12255859375,1266.4478759765625,1273.185791015625,1249.510009765625,15054154,-0.008374865039111445,-0.008410131259247123,1192.2328247070313,1124.7885949707031,1202.3715953035285,1174.4418334750396,0.017937691259161934,4,2,4
2022-04-25,1265.6171875,1273.0010986328125,1229.2740478515625,1243.7420654296875,1220.6138916015625,17063215,-0.023125959726791323,-0.023397560252730237,1194.8676818847657,1127.8589270019531,1205.178102426303,1177.8619859288563,0.016560386622943755,4,2,0
2022-04-26,1250.66455078125,1289.89208984375,1249.6031494140625,1280.9620361328125,1257.1416015625,12227666,0.02992568756776115,0.0294866516462879,1198.9394104003907,1131.411160888672,1213.1724869087948,1183.7345500498668,0.017072055101244835,4,2,1
2022-04-27,1271.8243408203125,1305.12158203125,1271.455078125,1282.2081298828125,1258.3646240234375,19338945,0.0009728597473963596,0.0009723868260515471,1202.4812316894531,1135.010047607422,1220.1251233879707,1189.2627036775389,0.017084200189033075,4,2,2
2022-04-28,1296.79150390625,1315.736083984375,1285.78466796875,1301.3603515625,1277.1605224609375,25614076,0.014936766401937529,0.014826311441688816,1206.9492614746093,1139.0269714355468,1228.899800168427,1195.7736532170497,0.017171107992056858,4,2,3
2022-04-29,1318.11279296875,1318.11279296875,1281.7235107421875,1287.699951171875,1263.7542724609375,18214862,-0.010496918566013758,-0.010552399811989343,1209.6056213378906,1143.1186315917969,1234.262026674967,1200.809254642523,0.0166094592736256,4,2,4
2022-05-02,1274.66259765625,1294.73779296875,1272.839599609375,1283.17724609375,1259.3155517578125,9467006,-0.0035123289391388868,-0.003518511647810297,1212.905126953125,1146.402286376953,1238.1164151492508,1205.1430544288407,0.016552478277017266,5,2,0
2022-05-04,1285.277099609375,1287.5845947265625,1235.112060546875,1243.1190185546875,1220.0023193359375,19247660,-0.03121793609790635,-0.03171560064079833,1213.7611450195313,1148.9449670410156,1235.3296311779718,1206.2437407182554,0.01697862832836386,5,2,2
2022-05-05,1256.894775390625,1259.89453125,1214.6676025390625,1218.77490234375,1196.1109619140625,17210669,-0.01958304262477084,-0.019777331093397608,1213.24482421875,1150.7330895996095,1229.2959897527548,1205.4931645105376,0.017403245497614964,5,2,3
2022-05-06,1205.5299072265625,1227.1280517578125,1196.9228515625,1209.4295654296875,1186.939453125,19649948,-0.00766777421250775,-0.007697322737721099,1213.122540283203,1152.5107946777343,1222.7795995023312,1204.1188155190162,0.016916502971584993,5,2,4
2022-05-09,1188.3389892578125,1198.561279296875,1156.9801025390625,1162.195068359375,1140.583251953125,18083752,-0.03905523660017152,-0.039838349915782084,1210.840966796875,1153.5833044433593,1210.134007571684,1199.4124774770983,0.01844296443043505,5,2,0
2022-05-10,1151.442138671875,1166.0255126953125,1134.3665771484375,1142.050537109375,1120.813232421875,19511677,-0.017333254277928423,-0.017485233891153446,1208.617138671875,1154.3591516113281,1196.3923498563288,1193.5903111767113,0.018457673497891822,5,2,1
2022-05-11,1141.1275634765625,1146.8040771484375,1117.7294921875,1130.3515625,1109.3316650390625,16643899,-0.010243961304777671,-0.010296791781650364,1204.8499877929687,1155.0407873535157,1182.9983983459801,1187.3489299813298,0.018467092809961703,5,2,2
2022-05-12,1120.2908935546875,1123.682861328125,1093.754638671875,1107.32275390625,1086.7313232421875,20490321,-0.02037293490227665,-0.02058332556210398,1200.0762329101562,1156.3420251464843,1168.188079099243,1179.8957739265784,0.018630087209907793,5,2,3
2022-05-13,1119.5986328125,1143.5965576171875,1114.68359375,1119.87548828125,1099.050537109375,19308778,0.011336025385220383,0.011272254138557865,1197.0314819335938,1157.6341979980468,1157.5515341777248,1173.9072378660446,0.018801622206569606,5,2,4
2022-05-16,1123.498291015625,1144.9810791015625,1115.2835693359375,1120.1524658203125,1099.322509765625,13437911,0.000247461465207266,0.0002474308516692279,1194.213201904297,1158.2469982910156,1148.5932227297094,1168.3824431919395,0.01836286482819699,5,2,0
2022-05-17,1123.7982177734375,1172.1634521484375,1122.3675537109375,1167.2022705078125,1145.4971923828125,16551828,0.042002853764026016,0.041144682064493954,1193.880303955078,1159.4300158691406,1148.1169103686484,1166.6872394283005,0.019979352543546557,5,2,1
2022-05-18,1172.048095703125,1186.0545654296875,1157.5570068359375,1171.4481201171875,1149.6641845703125,17276788,0.003637714885037724,0.003631114402517934,1191.560235595703,1160.879805908203,1148.3549525535198,1165.4262724017829,0.019925977771682243,5,2,2
2022-05-19,1146.3656005859375,1159.518310546875,1138.0816650390625,1144.4503173828125,1123.16845703125,14699118,-0.0230464929626083,-0.023316215546196412,1186.1569213867188,1162.277510986328,1144.4801070885553,1162.2960638558175,0.02029584081171917,5,2,3
2022-05-20,1159.518310546875,1220.39013671875,1154.672607421875,1211.1832275390625,1188.660400390625,21793091,0.05830999165742501,0.05667328830648488,1182.5867980957032,1165.7640710449218,1151.2770752888737,1164.2489776732107,0.022959730648581683,5,2,4
2022-05-23,1214.436767578125,1224.6129150390625,1196.6690673828125,1203.083984375,1180.7117919921875,15252755,-0.006687030539442085,-0.0067094889039981155,1179.1468872070313,1169.1283471679687,1155.8054932432296,1165.4684454005421,0.02298895147866173,5,2,0
2022-05-24,1203.130126953125,1217.4365234375,1198.838134765625,1207.21435546875,1184.7652587890625,13527818,0.0034330704786438293,0.0034271909449145317,1177.3544555664062,1171.4993701171875,1160.2608417887425,1166.8978389848771,0.02274896855737802,5,2,1
2022-05-25,1216.0521240234375,1226.066650390625,1200.591796875,1205.4376220703125,1183.0216064453125,12714544,-0.0014717281172914598,-0.0014728121728710072,1173.648455810547,1173.4899438476561,1163.7624978897531,1168.0921921300946,0.022553720463878074,5,2,2
2022-05-26,1211.16015625,1216.0059814453125,1175.901611328125,1193.9462890625,1171.743896484375,17882023,-0.009532970403494323,-0.009578700023989032,1169.3174194335938,1175.1924609375,1164.9904053658488,1168.3626887489304,0.02262060141528481,5,2,3
2022-05-27,1196.692138671875,1202.2762451171875,1172.2557373046875,1188.408203125,1166.3089599609375,16521973,-0.004638331413326813,-0.004649121851825685,1163.7748413085938,1176.6078344726564,1165.1932599189395,1168.2105606905607,0.022361262254762006,5,2,4
2022-05-30,1206.822021484375,1234.050537109375,1197.222900390625,1229.8048095703125,1206.935546875,13853398,0.034833468925269395,0.03424051418249315,1160.933905029297,1179.337568359375,1171.6151502198718,1171.0790781857045,0.023207296883707207,5,2,0
2022-05-31,1219.005615234375,1236.2657470703125,1207.1451416015625,1214.967529296875,1192.3743896484375,70620653,-0.012064569035408979,-0.012137936644592985,1157.586846923828,1181.4146508789063,1174.808879362728,1172.6565086644255,0.02332898045510306,5,2,1
2022-06-01,1215.72900390625,1225.3743896484375,1207.3758544921875,1215.35986328125,1192.7593994140625,9776989,0.00032289335377155837,0.00032284123493151964,1156.2247009277344,1182.7897094726563,1177.5704978321642,1174.1456116829172,0.022275063901106198,6,2,2
2022-06-02,1215.590576171875,1261.0252685546875,1215.590576171875,1257.2640380859375,1233.88427734375,22126569,0.034478770781340984,0.03389769675688078,1158.1133666992187,1185.1167993164063,1186.234156218562,1178.570698028164,0.022522809639100992,6,2,3
2022-06-03,1266.3555908203125,1300.20654296875,1265.4324951171875,1282.73876953125,1258.88525390625,23939791,0.020262010807302833,0.020059467650364905,1161.7106567382812,1187.3664379882812,1197.411248170514,1184.5199243895038,0.02241844617625118,6,2,4
2022-06-06,1282.9696044921875,1298.6605224609375,1269.9552001953125,1277.223876953125,1253.4730224609375,11093152,-0.004299225388905481,-0.004308493632094403,1167.3551452636718,1189.4349169921875,1206.0361365228869,1189.6275612836841,0.0223769444542305,6,2,0
2022-06-07,1278.308349609375,1288.0921630859375,1270.0706787109375,1279.6236572265625,1255.828125,12358255,0.001878861767953044,0.0018770989149408765,1174.105889892578,1191.19314453125,1213.6964424424427,1194.531306744152,0.021933856101907814,6,2,1
2022-06-08,1279.6236572265625,1283.4310302734375,1253.572021484375,1257.148681640625,1233.7711181640625,12479250,-0.017563714649198148,-0.017719786857264812,1180.327862548828,1192.3544262695314,1216.7848540919226,1197.4379594419233,0.021496929497048692,6,2,2
2022-06-09,1250.66455078125,1293.583984375,1250.66455078125,1291.6226806640625,1267.60400390625,17278305,0.027422335669952558,0.027053078808834022,1189.3714965820313,1193.9559423828125,1224.6031848325883,1202.6354442170586,0.022089580421418526,6,2,3
2022-06-10,1279.2314453125,1287.5384521484375,1246.7418212890625,1252.6259765625,1229.33251953125,18093057,-0.030191987605799997,-0.030657152441323002,1195.885595703125,1194.7865942382812,1225.3307747862284,1204.6130053514432,0.02260162249386832,6,2,4
2022-06-13,1222.974609375,1233.4967041015625,1207.4219970703125,1228.9278564453125,1206.0751953125,17620803,-0.01891866020726285,-0.019099907672868042,1201.2232299804687,1194.695556640625,1222.3683779441162,1204.721315718929,0.022774935227369484,6,2,0
2022-06-14,1222.9976806640625,1233.058349609375,1206.106689453125,1212.86767578125,1190.3134765625,14714312,-0.013068603691759106,-0.013154749250882239,1203.464044189453,1194.6353173828124,1217.4368546546366,1203.6540683740084,0.022873447898180785,6,2,1
2022-06-15,1207.9989013671875,1217.113525390625,1192.7001953125,1198.1920166015625,1175.9107666015625,11195535,-0.012099930181863505,-0.012173730258428038,1204.7763732910157,1194.0958935546876,1211.0482257233944,1201.599008983457,0.02227918194164822,6,2,2
2022-06-16,1210.5140380859375,1227.151123046875,1178.6705322265625,1181.4395751953125,1159.4697265625,17111475,-0.013981537125115295,-0.014080199529574695,1206.5914367675782,1193.1565405273439,1203.1130720063338,1198.4783213967194,0.022141021131585257,6,2,3
2022-06-17,1181.4395751953125,1211.3677978515625,1179.6397705078125,1195.2845458984375,1173.0572509765625,24457187,0.011718740129891714,0.011650607464192518,1205.811279296875,1192.8299829101563,1198.4890995402152,1196.5952791433745,0.02221651917239275,6,2,4
2022-06-20,1202.20703125,1207.791259765625,1163.4871826171875,1173.6171875,1151.79296875,12066797,-0.018127233098691575,-0.018293544295592986,1204.3653381347656,1192.1415478515626,1191.3050794186436,1193.2765894846061,0.021260990311484478,6,2,0
2022-06-21,1181.4395751953125,1196.8536376953125,1166.81005859375,1192.561767578125,1170.38525390625,11720049,0.01614203738057851,0.016013139956536474,1203.646337890625,1192.24345703125,1188.086644724429,1191.5809349973206,0.02116876760448053,6,2,1
2022-06-22,1180.562744140625,1180.655029296875,1154.2110595703125,1156.333984375,1134.8310546875,10617206,-0.03037820162214544,-0.030849182094454444,1201.2368103027343,1191.2465844726562,1179.89347702644,1187.377240159556,0.02186676198385493,6,2,2
2022-06-23,1160.6951904296875,1165.287109375,1128.3670654296875,1137.573974609375,1116.419921875,19446323,-0.016223677292273142,-0.0163567220911157,1198.4706115722656,1189.9308544921876,1170.1283146954493,1182.1211425088482,0.021739759595617022,6,2,3
2022-06-24,1144.5196533203125,1158.8260498046875,1138.9815673828125,1153.772705078125,1132.3175048828125,14240234,0.01423978800119663,0.014139354531371906,1196.7710388183593,1189.3782934570313,1164.3112670319667,1178.4319841661788,0.021793191164411516,6,2,4
2022-06-27,1174.4940185546875,1174.4940185546875,1145.23486328125,1150.3575439453125,1128.9658203125,15474529,-0.002960021863001594,-0.002964411391924076,1192.8725524902343,1188.84384765625,1158.8735059982025,1174.7678238807212,0.021805997113439175,6,2,0
2022-06-28,1145.48876953125,1169.41748046875,1145.48876953125,1166.5330810546875,1144.840576171875,13572847,0.01406132548368988,0.013963382120982944,1190.4958618164062,1188.6975561523439,1156.714593717229,1172.5509907171029,0.020560483046225278,6,2,1
2022-06-29,1157.0723876953125,1198.51513671875,1154.2110595703125,1190.73876953125,1168.5960693359375,19205146,0.02075004472980524,0.02053769503807639,1189.2876953125,1188.1481665039062,1158.5425130431843,1172.2580335777573,0.02089429963320839,6,2,2
2022-06-30,1190.6695556640625,1207.2374267578125,1184.2086181640625,1197.89208984375,1175.616455078125,23112959,0.006007538384222855,0.0059895650731526745,1186.3743041992188,1187.03580078125,1161.169273356252,1172.5068055407476,0.02042110058264666,6,2,3
2022-07-01,1188.31591796875,1196.20751953125,1091.4471435546875,1111.6146240234375,1090.943359375,81997149,-0.07202442202758896,-0.07474986338230491,1177.9772094726563,1183.6534106445313,1150.3652865899055,1166.4650687877293,0.021785522639586063,7,3,4
2022-07-04,1097.885009765625,1126.9825439453125,1091.9547119140625,1113.922119140625,1093.2080078125,41857728,0.0020758625258028296,0.0020737109003277454,1169.9639587402344,1180.5273706054688,1141.5718590856893,1161.0386198266012,0.02178789522888638,7,3,0
2022-07-05,1118.214111328125,1137.5509033203125,1115.4912109375,1122.9444580078125,1102.0626220703125,17647327,0.008099660992723967,0.008067034794321604,1162.27568359375,1178.1563452148437,1135.4935149294774,1156.6700274002094,0.021847041574922278,7,3,1
2022-07-06,1116.875732421875,1126.95947265625,1102.0616455078125,1113.068359375,1092.369873046875,23943726,-0.008795098236095589,-0.008834003397042791,1155.2056213378905,1174.8609106445313,1128.8591084860002,1151.907053003666,0.021879801901331982,7,3,2
2022-07-07,1119.552490234375,1122.9444580078125,1096.0621337890625,1102.1077880859375,1081.61328125,23301033,-0.009847023487449702,-0.00989582606090546,1145.9060852050782,1171.3258837890626,1121.5905196804617,1146.700106947839,0.021883397718086634,7,3,3
2022-07-08,1115.9066162109375,1115.9066162109375,1099.54638671875,1103.6307373046875,1083.10791015625,19010108,0.0013818514733128229,0.001380897595209799,1138.5948547363282,1167.4448315429688,1115.6701182151983,1141.9895738521657,0.021890047113652843,7,3,4
2022-07-11,1096.75439453125,1120.8907470703125,1093.754638671875,1118.6295166015625,1097.8277587890625,13847467,0.01359038051036765,0.013498859559836505,1133.1824829101563,1164.1263012695313,1112.9251398419467,1138.7183282919357,0.020974234143723947,7,3,0
2022-07-12,1109.445556640625,1125.921142578125,1109.445556640625,1117.0372314453125,1096.26513671875,10778989,-0.0014233763518933795,-0.001424390314293893,1128.4800659179687,1160.86529296875,1110.362062438378,1135.5736474346627,0.02090441444854424,7,3,1
2022-07-13,1120.1986083984375,1123.2906494140625,1095.13916015625,1097.2388916015625,1076.8349609375,14224132,-0.017723974913045892,-0.017882925514616097,1123.5262756347656,1158.0019458007812,1105.2040468228583,1131.2226336200579,0.021076881989213047,7,3,2
2022-07-14,1102.0616455078125,1123.267578125,1096.9620361328125,1106.2843017578125,1085.712158203125,16970315,0.008243786269621634,0.0082099918657856,1119.838397216797,1155.7939697265624,1102.2052947275147,1127.8514872928777,0.019975835058251044,7,3,3
2022-07-15,1114.5220947265625,1114.5220947265625,1099.80029296875,1108.4302978515625,1087.818359375,9603210,0.0019399259333714447,0.0019380467070387367,1115.5764526367188,1153.8115478515624,1099.991920057897,1124.8860704100719,0.019480576186363015,7,3,4
2022-07-18,1117.2911376953125,1119.1370849609375,1104.0460205078125,1117.8680419921875,1097.08056640625,15160908,0.00851447941784289,0.008478435689175154,1112.8408325195312,1152.941494140625,1099.5440194961052,1122.8264034468257,0.01962887638456621,7,3,0
2022-07-19,1107.738037109375,1129.2901611328125,1107.738037109375,1124.7213134765625,1103.806396484375,16439888,0.006130661944142357,0.006111945891779426,1109.5118896484375,1152.601357421875,1100.199769801993,1121.4175140421999,0.019689850061753215,7,3,1
2022-07-20,1172.2095947265625,1173.36328125,1147.4039306640625,1155.134033203125,1133.653564453125,23924246,0.02704022015437957,0.02668109293944358,1109.4530151367187,1153.0877954101563,1105.3465074406286,1122.3238881467128,0.02031236011150439,7,3,2
2022-07-21,1150.9805908203125,1153.7496337890625,1138.6585693359375,1147.427001953125,1126.0897216796875,16523230,-0.006672093671831969,-0.006694451593739947,1109.936505126953,1153.8749633789062,1108.5377711697145,1122.6028387787849,0.019511923910867975,7,3,3
2022-07-22,1153.7496337890625,1161.2720947265625,1151.442138671875,1155.1802978515625,1133.6988525390625,10969995,0.00675712664176098,0.006734399583831116,1110.0055725097657,1154.5679296875,1112.4087067649987,1123.4247657239907,0.018943156373872033,7,3,4
2022-07-25,1138.727783203125,1138.727783203125,1108.984130859375,1117.01416015625,1096.2425537109375,23110452,-0.033039019792810764,-0.033597135731617656,1108.3694091796874,1154.5063305664062,1109.9216062951432,1121.4112685378386,0.01953100722931747,7,3,0
2022-07-26,1117.3372802734375,1127.8594970703125,1112.837646484375,1117.5218505859375,1096.74072265625,11303288,0.0004544331394782386,0.00045432991601003644,1105.9644165039062,1153.531201171875,1107.8937780430058,1119.583820694758,0.019446221896128657,7,3,1
2022-07-27,1116.8065185546875,1120.06005859375,1108.5225830078125,1116.46044921875,1095.6990966796875,8655086,-0.0009497467861316888,-0.0009501980813773389,1102.3195678710938,1152.4518994140626,1106.0176732178797,1117.8145818788269,0.019363549486836128,7,3,2
2022-07-28,1124.213623046875,1138.95849609375,1117.2911376953125,1133.9512939453125,1112.86474609375,12496073,0.015666390039089872,0.015544938974831057,1099.181982421875,1152.2458251953126,1107.0710690449368,1117.4479273762286,0.019495876096209012,7,3,3
2022-07-29,1142.0736083984375,1161.6412353515625,1137.1356201171875,1158.1107177734375,1136.574951171875,15130683,0.021305558614692188,0.021081768272596082,1101.4635620117188,1151.2041162109374,1111.6101278336964,1118.864743953684,0.019790901295841504,7,3,4
2022-08-01,1162.5872802734375,1194.2462158203125,1157.2569580078125,1188.2928466796875,1166.1956787109375,15700044,0.026061393934928567,0.025727583101552747,1105.1129455566406,1150.9137939453126,1120.0079048917335,1122.370739120888,0.020103285200683246,8,3,0
2022-08-02,1187.2083740234375,1203.499267578125,1182.1549072265625,1192.8155517578125,1170.63427734375,13917913,0.0038060496311551617,0.0037988249501183223,1108.5415283203124,1150.6311743164063,1127.796577576659,1125.9458160262852,0.019899854149976973,8,3,1
2022-08-03,1199.8995361328125,1204.5145263671875,1184.8778076171875,1202.830078125,1180.462646484375,14250977,0.008395764015151075,0.008360715623827232,1112.9461669921875,1150.5799951171875,1135.8990497163077,1129.9840997639214,0.019087746201974922,8,3,2
2022-08-04,1204.5145263671875,1208.0911865234375,1169.902099609375,1186.931396484375,1164.859619140625,14467127,-0.013217722212743088,-0.013305853763380535,1117.1084838867187,1150.4423095703125,1140.3545219354335,1132.5674715696032,0.018999208977931486,8,3,3
2022-08-05,1188.8236083984375,1190.11572265625,1166.18701171875,1169.4405517578125,1147.69384765625,13942438,-0.01473634350638664,-0.014846002060570497,1120.3377807617187,1150.0700073242188,1141.4836489694053,1133.6879438723176,0.019070650278942593,8,3,4
2022-08-08,1168.0560302734375,1192.307861328125,1168.0560302734375,1184.7392578125,1162.708251953125,10165178,0.013082238201012064,0.012997404795695399,1123.581805419922,1149.1854614257813,1144.7489725053622,1135.837596322748,0.01919105368233574,8,3,0
2022-08-10,1189.2388916015625,1195.2384033203125,1180.078125,1191.8233642578125,1169.66064453125,10724688,0.00597948158228534,0.005961675428079517,1127.2515808105468,1148.7311865234376,1148.5815374324218,1138.3430073011555,0.0190600493037767,8,3,2
2022-08-11,1201.3302001953125,1204.4683837890625,1190.7618408203125,1195.792236328125,1173.5556640625,8198226,0.003330042392604371,0.0033245100799243745,1132.0876159667969,1148.3471118164061,1152.4237107601261,1140.9513522464401,0.018696187141672135,8,3,3
2022-08-12,1195.4229736328125,1218.9825439453125,1191.6849365234375,1215.1290283203125,1192.532958984375,12650587,0.016170766758673683,0.016041412551226198,1137.4286560058595,1147.5200854492186,1158.5943643330875,1144.7722120048056,0.018893935466818924,8,3,4
2022-08-16,1221.2208251953125,1226.343505859375,1212.49853515625,1223.574462890625,1200.8211669921875,6607378,0.00695008716142409,0.006926046630562674,1143.0787963867188,1146.3588037109375,1165.0907955114105,1148.9239864483154,0.013001527056558387,8,3,1
2022-08-17,1229.8970947265625,1235.388916015625,1225.535888671875,1229.96630859375,1207.0941162109375,6595965,0.005223882948751202,0.005210285804921859,1148.5794738769532,1145.4312255859375,1171.5528448497994,1153.2328849492505,0.013004129079378993,8,3,2
2022-08-18,1227.589599609375,1231.7430419921875,1218.451904296875,1228.1895751953125,1209.2833251953125,7410035,0.0018136191329032325,0.0018119765114834997,1153.8533203125,1144.5003295898437,1177.3575341337246,1157.3847694119218,0.012976250237478624,8,3,3
2022-08-19,1222.974609375,1228.3741455078125,1202.1839599609375,1206.2913818359375,1187.72216796875,9460724,-0.017829698613499145,-0.017990562663191313,1156.5567504882813,1143.5793505859374,1178.952093185267,1159.631984119835,0.013362857707054542,8,3,4
2022-08-22,1207.7451171875,1214.344482421875,1193.4385986328125,1202.9454345703125,1184.4278564453125,9471680,-0.0027736381556904277,-0.00277749181742473,1159.4736572265624,1141.9158276367189,1179.794518302197,1161.4687154032035,0.013191862905172465,8,3,0
2022-08-23,1197.130615234375,1224.451416015625,1195.9075927734375,1221.497802734375,1202.694580078125,9678484,0.01542240292087893,0.015304686436162892,1162.9234436035156,1141.3830688476562,1183.317604729263,1164.5224831569012,0.01337600553998999,8,3,1
2022-08-24,1218.40576171875,1232.20458984375,1216.213623046875,1218.244140625,1199.4908447265625,10369622,-0.002663797945571811,-0.0026673521685435728,1168.0858581542968,1141.2513818359375,1185.8057954980782,1167.1127321620613,0.013285591648626718,8,3,2
2022-08-25,1222.489990234375,1228.9278564453125,1210.3294677734375,1214.690673828125,1195.9921875,7871946,-0.002916785269303168,-0.0029210473772434942,1173.0484313964844,1141.3649560546876,1187.372932729143,1169.2519510759828,0.013305682610386393,8,3,3
2022-08-26,1215.1290283203125,1222.974609375,1203.130126953125,1208.20654296875,1189.6077880859375,10742038,-0.005338161470275105,-0.005352460363451599,1177.7438659667969,1141.638896484375,1187.7167566301885,1170.7597908544979,0.01282416405822548,8,3,4
2022-08-29,1192.97705078125,1225.2821044921875,1189.7696533203125,1198.8150634765625,1180.3609619140625,19838975,-0.007773004064434597,-0.007803371326116565,1181.1186767578124,1142.0567211914063,1186.5850959046306,1171.470988710762,0.0129485725369837,8,3,0
2022-08-30,1206.360595703125,1220.782470703125,1189.1004638671875,1217.4134521484375,1198.6729736328125,23139054,0.015513908295522905,0.01539479795192095,1184.2235778808595,1142.5690356445311,1188.444769401274,1173.4859505568397,0.01315049595534138,8,3,1
2022-09-01,1191.892578125,1202.1839599609375,1177.1475830078125,1181.6241455078125,1163.4346923828125,19909939,-0.029397744026215533,-0.029838517705269456,1184.0855285644532,1142.8018701171875,1184.5970652445876,1172.7414129143192,0.014397032653259294,9,3,3
2022-09-02,1181.6241455078125,1188.5235595703125,1165.610107421875,1167.8253173828125,1149.8482666015625,12999345,-0.01167785855983361,-0.011746580289114971,1183.0462280273437,1142.3911303710938,1179.2510962225838,1171.0456242985595,0.014589255049082752,9,3,4
2022-09-05,1168.0560302734375,1191.36181640625,1168.0560302734375,1185.9622802734375,1167.7059326171875,11327815,0.015530454351515788,0.01541109110267388,1182.4083923339845,1143.0486279296874,1177.474917206369,1170.7982397295689,0.014034320970094416,9,3,0
2022-09-06,1187.4390869140625,1202.6685791015625,1186.9775390625,1198.44580078125,1179.997314453125,10899618,0.01052609350745426,0.01047107990068949,1183.1652770996093,1144.32017578125,1177.8629783212546,1171.4796526720547,0.014057870350567166,9,3,1
2022-09-07,1188.362060546875,1197.5458984375,1186.0545654296875,1191.4771728515625,1173.135986328125,7488501,-0.005814698085291781,-0.005831669262361303,1184.4373840332032,1145.1365454101563,1177.13574878385,1171.602344053986,0.01408790887181679,9,3,2
2022-09-08,1194.4769287109375,1198.9765625,1186.51611328125,1193.16162109375,1174.7945556640625,7057077,0.001413791201758885,0.0014127927399446947,1185.04169921875,1146.0531201171875,1176.7755652269595,1171.8388041732508,0.012513769353182146,9,3,3
2022-09-09,1204.5145263671875,1204.5145263671875,1183.2855224609375,1185.7315673828125,1167.47900390625,8314850,-0.006227090279352976,-0.006246559472389918,1184.9326171875,1146.505888671875,1175.3453250237735,1171.5158560053248,0.012608418625691079,9,3,4
2022-09-12,1186.308349609375,1205.4376220703125,1186.308349609375,1198.9996337890625,1180.542724609375,7435419,0.011189683634065695,0.011127542256026558,1185.2819702148438,1146.7448217773438,1176.14492496002,1172.1845129389583,0.012699559650849977,9,3,0
2022-09-13,1208.20654296875,1213.6060791015625,1200.361083984375,1209.01416015625,1190.4029541015625,8888657,0.008352285170746487,0.008317597848725008,1185.175469970703,1147.0405517578124,1178.3384679048727,1173.534027099151,0.012508177208776974,9,3,1
2022-09-14,1188.362060546875,1204.5145263671875,1187.32373046875,1194.5230712890625,1176.135009765625,8678219,-0.011985810591931823,-0.012058219588341308,1183.941162109375,1148.744384765625,1177.9994743449884,1173.7266924818528,0.01223993665478074,9,3,2
2022-09-15,1192.0540771484375,1201.537841796875,1179.939697265625,1182.6856689453125,1164.47998046875,10365600,-0.00990960153392384,-0.009959028440255062,1181.8104553222656,1150.16982421875,1175.9195522101825,1173.0417508512526,0.011458849282825558,9,3,3
2022-09-16,1173.940185546875,1178.2091064453125,1149.5960693359375,1153.38037109375,1135.625732421875,20217708,-0.024778655306087805,-0.025090813550591517,1178.1275756835937,1150.8410864257812,1169.7205030119815,1170.270193930558,0.01229093716640062,9,3,4
2022-09-19,1153.38037109375,1164.2255859375,1145.142578125,1154.8802490234375,1137.1024169921875,7580254,0.0013003267961912979,0.0012994821034746085,1175.5965881347656,1151.7357373046875,1164.7023359320133,1167.8133215647529,0.012172831321180261,9,3,0
2022-09-20,1164.1102294921875,1171.148193359375,1151.3035888671875,1155.0648193359375,1137.2841796875,8411448,0.00015984725086881646,0.00015983447665827478,1173.239404296875,1152.8491552734374,1160.484158048242,1165.5519036479193,0.011959614016935594,9,3,1
2022-09-21,1152.249755859375,1168.9791259765625,1151.442138671875,1158.249267578125,1140.4195556640625,9207309,0.0027568975569711718,0.0027531042850766794,1170.1256530761718,1153.9953881835938,1157.3972961429836,1163.6902482417076,0.011676201836778486,9,3,2
2022-09-22,1147.28857421875,1155.134033203125,1140.873779296875,1147.334716796875,1129.673095703125,10308170,-0.009423251212734463,-0.009467930951574529,1166.634765625,1154.632294921875,1153.1320345368515,1161.1704591647758,0.011518933081180651,9,3,3
2022-09-23,1146.8271484375,1151.8804931640625,1124.259765625,1125.828857421875,1108.498291015625,9528051,-0.01874418782570053,-0.01892208666810628,1162.2600708007812,1154.8769580078124,1146.265304764355,1157.2688170796534,0.01188857060170537,9,3,4
2022-09-26,1104.8536376953125,1115.8143310546875,1096.13134765625,1097.1466064453125,1080.257568359375,12479523,-0.02547655949056571,-0.025806706440348978,1156.7925598144532,1154.94541015625,1136.1102683943582,1151.5642801374106,0.012608174599249816,9,3,0
2022-09-27,1104.83056640625,1119.5986328125,1089.185791015625,1105.8690185546875,1088.845703125,16154822,0.007950080626297318,0.007918645234666196,1152.216796875,1155.0080810546874,1128.8387968144568,1146.9184596179728,0.012269118684844467,9,3,1
2022-09-28,1089.3011474609375,1097.4466552734375,1073.956298828125,1076.42529296875,1059.855224609375,16997059,-0.026624964797511752,-0.026985828919595743,1145.2759094238281,1154.448818359375,1118.2259395521367,1140.4693310988175,0.012851993465573369,9,3,2
2022-09-29,1089.1396484375,1092.600830078125,1067.4490966796875,1073.1256103515625,1056.6063232421875,14671827,-0.003065419966566618,-0.003070127990193908,1139.9344909667968,1153.6393334960937,1108.7459985813753,1134.257256442771,0.012733778526556409,9,3,3
2022-09-30,1066.526123046875,1108.5225830078125,1066.526123046875,1097.331298828125,1080.439208984375,18613024,0.02255606957665801,0.022305443203186462,1136.4640380859375,1153.1719897460937,1104.3911078741444,1130.2707344088158,0.01361276959540408,9,3,4
2022-10-03,1103.6768798828125,1115.4219970703125,1090.524169921875,1093.52392578125,1076.690673828125,11852723,-0.0034694549448771594,-0.00347548746075405,1131.9132751464845,1152.0327319335938,1100.1295026362952,1126.3018410324685,0.013347156103491988,10,4,0
2022-10-04,1106.5843505859375,1115.9066162109375,1103.0538330078125,1113.69140625,1096.547607421875,8948850,0.0184425611518948,0.018274559563650053,1127.740789794922,1151.4418896484376,1099.5784418340768,1124.09782372798,0.01391922598431802,10,4,1
2022-10-06,1120.983154296875,1130.674560546875,1115.975830078125,1117.7987060546875,1100.5916748046875,13352162,0.003687999823665411,0.0036812158267857963,1124.11357421875,1150.77974609375,1099.7343238295553,1122.35662751144,0.013559240245909624,10,4,3
2022-10-07,1114.360595703125,1127.8594970703125,1114.360595703125,1122.5291748046875,1105.2493896484375,7714340,0.004232009881936172,0.00422308011316382,1120.6363159179687,1150.9598828125,1100.5827954939987,1121.0894247067731,0.013621052586693346,10,4,4
2022-10-10,1109.9071044921875,1115.7220458984375,1102.0616455078125,1110.2763671875,1093.1851806640625,6329527,-0.010915372672779755,-0.010975382438589145,1116.9216247558593,1150.8887719726563,1099.4447009047778,1119.0224436665724,0.013704809615427707,10,4,0
2022-10-11,1114.060546875,1114.060546875,1085.0322265625,1088.17041015625,1071.41943359375,9215177,-0.019910393458764886,-0.020111276251308496,1111.4654602050782,1150.4031787109375,1095.1331213184658,1115.4962947722893,0.014048135682219262,10,4,1
2022-10-12,1085.4476318359375,1099.1541748046875,1081.3402099609375,1096.177490234375,1079.30322265625,7417103,0.007358265881043602,0.0073313259162191904,1105.9104736328125,1149.7319482421874,1092.6977522935094,1112.8153264673974,0.014156413246979973,10,4,2
2022-10-13,1094.4007568359375,1104.83056640625,1089.185791015625,1099.661865234375,1082.7340087890625,7328492,0.003178704613119754,0.0031736632122020907,1101.2404235839845,1148.6551293945313,1091.1648686774406,1110.5870807134468,0.013777762455395397,10,4,3
2022-10-14,1114.5220947265625,1115.1451416015625,1093.3392333984375,1094.07763671875,1077.2357177734375,9106089,-0.0050781549032290485,-0.005091092550008048,1096.8782104492188,1146.8759301757811,1089.021922384517,1108.1166093845573,0.012874705596353387,10,4,4
2022-10-17,1086.8321533203125,1114.060546875,1081.571044921875,1111.6376953125,1094.525634765625,16729355,0.016050263379610463,0.01592281976292477,1094.8232055664062,1145.3537573242188,1089.868647366226,1107.1098705238956,0.013183385307542896,10,4,0
2022-10-18,1117.7525634765625,1136.674072265625,1116.8988037109375,1131.25146484375,1113.83740234375,12415820,0.017643960967858252,0.017490113307253172,1093.6599548339843,1144.0212524414062,1093.556148131999,1107.6082062142552,0.013283122153854104,10,4,1
2022-10-19,1132.7513427734375,1166.6024169921875,1126.8441162109375,1150.9344482421875,1133.21728515625,19247142,0.01739920276668805,0.017249569807525914,1093.456610107422,1143.3884057617188,1099.6578615203453,1109.5051750247735,0.0135539853472514,10,4,2
2022-10-20,1146.8271484375,1162.51806640625,1146.8271484375,1154.0264892578125,1136.2618408203125,8717053,0.0026866477452669457,0.0026830451583587816,1093.2487243652345,1143.159765625,1105.2892429511094,1111.4871502688875,0.013544306996526572,10,4,3
2022-10-21,1157.3031005859375,1161.5028076171875,1138.5201416015625,1140.6429443359375,1123.084228515625,8243452,-0.011597337718543876,-0.011665111344947658,1092.9192810058594,1142.36728515625,1108.0269330379579,1112.346193101979,0.0136728825309829,10,4,4
2022-10-24,1135.28955078125,1154.9033203125,1133.12060546875,1144.4503173828125,1126.8331298828125,3370033,0.0033380411477619276,0.003332482255515553,1093.8360229492187,1141.5107348632812,1110.9201940910125,1113.419299530189,0.013668172205928569,10,4,0
2022-10-25,1153.2880859375,1153.2880859375,1125.1365966796875,1126.77490234375,1109.4298095703125,12233241,-0.015444452111831208,-0.015564960058716949,1095.2946350097657,1140.2282177734376,1110.690904164751,1113.1237817553833,0.013708000824668004,10,4,1
2022-10-27,1134.3665771484375,1139.1893310546875,1122.73681640625,1131.205322265625,1113.7918701171875,12513059,0.003931803985476545,0.003924094645322112,1096.541943359375,1138.6533959960936,1111.1679758497412,1113.1732697821835,0.013616586946019176,10,4,3
2022-10-28,1137.5970458984375,1169.902099609375,1135.0357666015625,1165.81787109375,1147.87158203125,17609592,0.030597917643694794,0.030139136381801577,1100.9427612304687,1137.594404296875,1116.8146844930502,1115.7435151339662,0.014727457781025792,10,4,4
2022-10-31,1172.671142578125,1181.8780517578125,1168.60986328125,1176.6400146484375,1158.52734375,12419943,0.009283060828018552,0.009240238032587736,1106.0388122558593,1136.6230688476562,1123.2320166864272,1118.9126876240427,0.014730712043943828,10,4,0
2022-11-01,1199.8995361328125,1199.8995361328125,1157.441650390625,1167.525390625,1149.5528564453125,13963166,-0.0077464613615749744,-0.00777662104824911,1109.4944946289063,1135.4284594726562,1127.2813766493325,1121.1823297589515,0.014058278388082778,11,4,1
2022-11-02,1168.656005859375,1176.9168701171875,1160.672119140625,1174.8170166015625,1156.7322998046875,8981896,0.006245422573760928,0.006226000745269169,1113.4965759277343,1134.808662109375,1131.8122879040025,1123.8156608734505,0.014096900814934563,11,4,2
2022-11-03,1167.525390625,1181.23193359375,1165.3101806640625,1179.2012939453125,1161.049072265625,6693449,0.0037318681787188446,0.003724922034699411,1116.7216491699219,1134.3410864257812,1136.3102547288674,1126.573691346945,0.014107552873315565,11,4,3
2022-11-04,1178.6243896484375,1199.8995361328125,1177.332275390625,1196.5537109375,1178.1343994140625,12575815,0.014715422075225248,0.014608200842398559,1120.5987854003906,1133.8498828125,1142.7447385265898,1130.3930030556203,0.014332324270183421,11,4,4
2022-11-07,1195.74609375,1204.653076171875,1187.900634765625,1202.9454345703125,1184.4278564453125,11789748,0.005341883773515077,0.005327666521188339,1124.5577087402344,1133.548623046875,1149.157525898701,1134.3955847881903,0.014208477571153578,11,4,0
2022-11-09,1204.653076171875,1210.029541015625,1195.3076171875,1201.74560546875,1183.246337890625,11254205,-0.0009975437070801618,-0.0009980415849347487,1129.0607666015626,1133.2937060546874,1154.401958512843,1138.0141590920744,0.013688893135207953,11,4,2
2022-11-10,1195.2845458984375,1198.307373046875,1182.8240966796875,1187.2083740234375,1168.9329833984375,5966242,-0.012096681843701274,-0.012170442139597991,1133.9364440917968,1132.8802099609375,1156.6375008029345,1140.3044423740273,0.012951899968871488,11,4,3
2022-11-11,1199.8995361328125,1216.5135498046875,1194.361572265625,1214.5753173828125,1195.878662109375,12310132,0.023051517147371747,0.02278984459435946,1139.7652160644532,1133.1905639648437,1162.6746025423868,1144.4210512433121,0.013446433923610343,11,4,4
2022-11-14,1214.0906982421875,1219.2825927734375,1202.2762451171875,1208.691162109375,1190.0850830078125,9043112,-0.004844621185349451,-0.004856394402473273,1145.1327697753907,1133.0188061523438,1166.8915995370676,1147.8035721147567,0.012320436169064435,11,4,0
2022-11-15,1210.1910400390625,1212.0831298828125,1195.2845458984375,1203.2685546875,1184.745849609375,7086433,-0.004486429982756501,-0.00449652421243609,1150.5082763671876,1133.445029296875,1169.6384072404994,1150.540037114358,0.012351005668586696,11,4,1
2022-11-16,1204.5145263671875,1207.260498046875,1191.2926025390625,1196.369140625,1177.9527587890625,9716161,-0.005733795836931788,-0.005750297151291606,1154.6796325683595,1134.007119140625,1170.9175382479707,1152.570609090262,0.011950676263188659,11,4,2
2022-11-17,1192.9539794921875,1205.8990478515625,1190.6695556640625,1199.461181640625,1180.9971923828125,6661451,0.002584512469650857,0.0025811783607597354,1158.0376220703124,1134.2729443359376,1172.4682542687156,1154.6762819267474,0.011889440461552443,11,4,3
2022-11-18,1203.0146484375,1204.0531005859375,1186.562255859375,1198.8150634765625,1180.3609619140625,5303197,-0.0005387231001509063,-0.0005388682635778265,1160.3948059082031,1134.2802172851561,1173.6825169833842,1156.5788508146966,0.011547994660898701,11,4,4
2022-11-21,1194.361572265625,1194.361572265625,1173.6402587890625,1177.239990234375,1159.1180419921875,6390268,-0.01799696923848415,-0.01816088431724457,1161.537615966797,1133.9998583984375,1171.4418285232,1156.7669390500662,0.012136203360916352,11,4,0
2022-11-22,1174.51708984375,1185.3623046875,1170.5943603515625,1183.7701416015625,1165.547607421875,6611488,0.005546946209755266,0.005531618558609241,1163.6607849121094,1133.8149194335938,1170.5350252768424,1157.4173589294594,0.012147660861200909,11,4,1
2022-11-23,1188.362060546875,1189.700439453125,1177.8629150390625,1180.078125,1161.9124755859375,6413408,-0.003118818839136228,-0.0031236924906073178,1165.4147521972657,1133.7035888671876,1169.2084791705493,1157.750330533643,0.011947034276114737,11,4,2
2022-11-24,1184.2086181640625,1197.130615234375,1175.993896484375,1190.2542724609375,1171.9320068359375,9389439,0.008623309810790403,0.008586341449142824,1168.539862060547,1133.5313745117187,1169.6274834267629,1158.8008250745536,0.011249511046040368,11,4,3
2022-11-25,1194.8231201171875,1211.390869140625,1191.638671875,1208.02197265625,1189.42626953125,7349922,0.014927711329042692,0.01481738959198482,1172.32158203125,1133.5118408203125,1172.673450519761,1161.0693765157903,0.011432768204472666,11,4,4
2022-11-28,1204.0069580078125,1255.76416015625,1154.672607421875,1249.533935546875,1230.299072265625,31527484,0.03436346058716433,0.03378622359324588,1176.4429565429687,1134.5951220703125,1181.5389307883554,1166.197502126889,0.012761246531182803,11,4,0
2022-11-29,1247.8724365234375,1260.656005859375,1243.280517578125,1251.6798095703125,1232.4119873046875,11058913,0.0017173995223547234,0.0017159264780908907,1180.137188720703,1135.9537622070313,1189.3655548677912,1171.102278806726,0.012648002652417799,11,4,1
2022-11-30,1251.818359375,1267.0247802734375,1245.2188720703125,1260.517578125,1241.1136474609375,26164986,0.007060674714208792,0.007035864864893114,1184.7152282714844,1138.0635205078124,1197.3267998821213,1176.2883061144453,0.012471965077666675,11,4,2
2022-12-01,1265.3402099609375,1271.4320068359375,1253.43359375,1256.802490234375,1237.4556884765625,9485801,-0.002947319926630776,-0.002951671827071167,1188.751397705078,1140.0705859375,1203.500475050497,1180.819223326454,0.012275800506566003,12,4,3
2022-12-02,1259.89453125,1268.2015380859375,1246.326416015625,1256.271728515625,1236.9332275390625,11589592,-0.0004222057746109398,-0.00042229492856408953,1192.54560546875,1142.0635668945313,1208.6439754333533,1184.9758162310916,0.012012720873495341,12,4,4
2022-12-05,1251.5875244140625,1253.7796630859375,1235.8966064453125,1237.9501953125,1218.893798828125,14828536,-0.014583995570098596,-0.01469138744753882,1194.5835754394532,1143.6330517578126,1210.2208713402413,1187.4882593864274,0.012434319850712366,12,4,0
2022-12-06,1229.9432373046875,1244.6650390625,1228.051025390625,1241.52685546875,1222.415283203125,8594245,0.002889082197633286,0.002884916820477044,1196.4829467773438,1145.4878955078125,1212.0969347037617,1190.0754463358123,0.012149339751603398,12,4,1
2022-12-07,1239.1270751953125,1243.7420654296875,1219.351806640625,1223.205322265625,1204.3756103515625,8462111,-0.014757401268980175,-0.014867375007282545,1197.5394104003906,1147.4054418945314,1210.9090386495773,1191.1347177443863,0.01256878276914111,12,4,2
2022-12-08,1227.589599609375,1229.8970947265625,1218.40576171875,1222.62841796875,1203.8076171875,7757008,-0.0004716079927064021,-0.0004717192347322549,1199.2831420898438,1149.8764428710938,1209.8165122707962,1192.073451036469,0.01212961793967431,12,4,3
2022-12-09,1221.1285400390625,1227.589599609375,1200.7532958984375,1204.0992431640625,1185.563720703125,12655763,-0.015155159532051266,-0.015271172585564086,1198.7673950195312,1151.8108032226562,1206.0853135680777,1191.5912487895544,0.012560883702433625,12,4,4
2022-12-12,1193.2078857421875,1210.5140380859375,1192.97705078125,1205.9451904296875,1187.38134765625,9479842,0.001533133075333204,0.0015319590266485916,1198.6322082519532,1154.3613256835938,1203.2077803508735,1191.2794042611615,0.011354754833879061,12,4,0
2022-12-13,1205.9451904296875,1215.1290283203125,1202.9915771484375,1211.4371337890625,1192.7886962890625,8333348,0.004554011770090405,0.004543673633271422,1199.0343505859375,1157.0849731445312,1201.604844341364,1191.3912036706358,0.011271052809375695,12,4,1
2022-12-14,1217.2750244140625,1217.875,1204.97607421875,1207.0528564453125,1188.471923828125,7268947,-0.003619058827743382,-0.0036256234644663292,1199.5603088378907,1159.2456274414062,1199.5843950316348,1191.1749607193387,0.011185053993540483,12,4,2
2022-12-15,1201.0533447265625,1206.822021484375,1186.51611328125,1189.9080810546875,1171.591064453125,8688551,-0.014203835224500638,-0.0143056751875903,1199.0900024414063,1161.1436352539063,1195.277728788787,1189.7243017366563,0.011484224891914963,12,4,3
2022-12-16,1186.51611328125,1208.5758056640625,1180.5858154296875,1184.02392578125,1165.7974853515625,15837349,-0.0049450523116330025,-0.004957319540918581,1198.3618286132812,1162.5286328125,1190.7423067215218,1187.95194496739,0.011508971683623059,12,4,4
2022-12-19,1191.131103515625,1201.74560546875,1184.5316162109375,1199.5765380859375,1181.1107177734375,7729933,0.013135413838413879,0.013049892382466248,1199.4614624023438,1164.139013671875,1189.260523806432,1187.4451873974676,0.011443684625532248,12,4,0
2022-12-20,1192.469482421875,1211.8985595703125,1184.2086181640625,1209.9603271484375,1191.3345947265625,7467588,0.008656154583372544,0.008618904882385236,1200.7508117675782,1165.8607177734375,1189.5796116402983,1187.7332916440673,0.01151136230375479,12,4,1
2022-12-21,1209.591064453125,1215.1290283203125,1188.8697509765625,1192.746337890625,1174.3856201171875,8527550,-0.014226880243719542,-0.014329052524010333,1201.3744689941407,1167.4847265625,1187.2420744828967,1186.744575234669,0.011810602928570052,12,4,2
2022-12-22,1198.9765625,1202.0455322265625,1184.5546875,1189.654296875,1171.3411865234375,7451122,-0.0025923627994067777,-0.002595728790353569,1201.3449279785157,1169.4831616210938,1184.7957840275951,1185.6035834782813,0.011605717525144728,12,4,3
2022-12-23,1182.9625244140625,1195.515380859375,1150.1729736328125,1154.764892578125,1136.9888916015625,10257115,-0.02932731753745743,-0.02976596076097003,1198.7230590820313,1170.636875,1177.4408775005131,1182.0024951911169,0.01197313070791676,12,4,4
2022-12-26,1160.5567626953125,1173.132568359375,1150.2421875,1164.8486328125,1146.9173583984375,5990242,0.008732246084559137,0.008694340530966821,1194.553973388672,1171.9205419921875,1172.7449514848092,1179.403596169437,0.012102645751084181,12,4,0
2022-12-27,1167.5946044921875,1176.270751953125,1160.7874755859375,1174.378662109375,1156.3006591796875,5763271,0.00818132249245318,0.00814803689714629,1190.7484069824218,1173.5018408203125,1170.2150603609443,1177.6922675035294,0.01220315889835868,12,4,1
2022-12-28,1171.28662109375,1176.7322998046875,1163.671875,1174.2633056640625,1156.18701171875,7459393,-9.828538973433165e-05,-9.829022005975214e-05,1186.5020751953125,1174.735068359375,1168.056899031376,1176.0992855935456,0.012166922826032116,12,4,2
2022-12-29,1166.2100830078125,1176.31689453125,1165.517822265625,1173.7325439453125,1155.6646728515625,6930648,-0.00045177714495425736,-0.00045187922699532204,1182.4125244140625,1175.5716137695313,1166.1504026960201,1174.5856105756209,0.012152569724027767,12,4,3
2022-12-30,1174.563232421875,1189.2850341796875,1172.71728515625,1175.5323486328125,1157.4366455078125,7289476,0.001533293089142962,0.0015321187954986583,1178.4376953125,1176.0560009765625,1164.8098246670652,1173.3153168668944,0.012159117217086074,12,4,4
2023-01-02,1176.8245849609375,1190.2081298828125,1175.993896484375,1188.7774658203125,1170.4779052734375,5316175,0.011267363804524422,0.011204359878032729,1176.0169006347655,1176.740322265625,1165.6818370680455,1173.1051382303422,0.011884598787874706,1,1,0
2023-01-03,1183.7701416015625,1187.4390869140625,1175.809326171875,1180.078125,1161.9124755859375,7658932,-0.007317890964801288,-0.007344798078133537,1172.9917602539062,1177.5168872070312,1165.1019353015674,1172.2760521085345,0.011924263581464652,1,1,1
2023-01-04,1180.0550537109375,1181.9241943359375,1160.2105712890625,1162.3104248046875,1144.418212890625,9264891,-0.015056437608598983,-0.015170936516155174,1169.9938903808593,1177.8685888671876,1161.9198241614224,1170.2125084627633,0.012226068484734768,1,1,2
2023-01-05,1164.5948486328125,1170.5482177734375,1155.5955810546875,1160.233642578125,1142.373291015625,13637099,-0.0017868658956718964,-0.001788464244843994,1166.9221740722655,1178.5274584960937,1158.9126652159152,1168.1503442074197,0.012107309340907112,1,1,3
2023-01-06,1166.048583984375,1175.8785400390625,1162.195068359375,1170.7789306640625,1152.75634765625,6349597,0.009089022583322004,0.009047966006147129,1165.281805419922,1179.306748046875,1157.9655394375052,1167.0100481665922,0.011891094276641378,1,1,4
2023-01-09,1174.655517578125,1200.8226318359375,1173.755615234375,1198.4227294921875,1179.974609375,10722753,0.023611461150562674,0.023337022144448678,1164.9114685058594,1179.94880859375,1161.3515501971196,1167.9703860338818,0.010910890954081532,1,1,0
2023-01-10,1202.6685791015625,1202.6685791015625,1174.9786376953125,1180.701171875,1162.52587890625,8047142,-0.014787377906370525,-0.014897801110931952,1163.3983276367187,1180.028779296875,1161.5322161523704,1167.5670892096127,0.01116490750134518,1,1,1
2023-01-11,1177.9783935546875,1180.5166015625,1163.4871826171875,1165.81787109375,1147.87158203125,11509553,-0.01260556615633135,-0.012685690358124118,1161.368310546875,1179.9951538085938,1159.4305801337366,1166.1081627519561,0.011198935533174689,1,1,2
2023-01-12,1165.2178955078125,1168.748291015625,1137.5970458984375,1140.6429443359375,1123.084228515625,17688773,-0.02159418693140025,-0.021830753223922073,1158.94296875,1179.3221923828125,1153.8388337309502,1162.921204660376,0.011727372858558356,1,1,3
2023-01-13,1134.5511474609375,1141.242919921875,1123.5675048828125,1138.7969970703125,1121.2667236328125,20618583,-0.001618315738628695,-0.0016196266260210023,1156.7164306640625,1178.5265454101564,1148.8277398696982,1159.8356875472232,0.011719772386774917,1,1,4
2023-01-16,1141.150634765625,1144.3580322265625,1120.06005859375,1127.9517822265625,1110.58837890625,13623855,-0.009523465292865851,-0.009569103475354506,1153.1903137207032,1177.175625,1142.944761259937,1156.187738759003,0.011585933499544366,1,1,0
2023-01-17,1134.3665771484375,1145.904052734375,1130.9515380859375,1143.9658203125,1126.3560791015625,10751000,0.014197609568759484,0.014097767413629201,1149.941387939453,1176.014189453125,1140.3926563124946,1153.9779861917852,0.011963041519042957,1,1,1
2023-01-18,1141.5198974609375,1149.6422119140625,1135.451171875,1142.0736083984375,1124.4930419921875,13448286,-0.0016540392012276417,-0.0016554086343396003,1147.446759033203,1174.8391235351562,1137.9465618016782,1151.7939162510743,0.011743119973465143,1,1,2
2023-01-19,1141.242919921875,1145.05029296875,1133.7435302734375,1140.8507080078125,1123.2886962890625,11940054,-0.0010710121433844533,-0.0010715860867268807,1145.0441345214845,1173.9262377929688,1135.691505568968,1149.6824184761103,0.011740555524507597,1,1,3
2023-01-20,1142.2120361328125,1142.2120361328125,1124.79052734375,1127.2825927734375,1109.9295654296875,14930286,-0.011892873936601212,-0.01196415992239721,1143.6911682128907,1172.207255859375,1131.728130162925,1146.7377626948937,0.011631390857584415,1,1,4
2023-01-23,1130.213134765625,1138.15087890625,1119.1370849609375,1121.5830078125,1104.3177490234375,10954118,-0.005056011283092077,-0.005068836154866627,1141.5611877441406,1170.4919091796876,1127.5111484491576,1143.595539459971,0.011622054260872757,1,1,0
2023-01-24,1126.0595703125,1127.7440185546875,1101.7615966796875,1114.9605712890625,1097.7972412109375,16488755,-0.00590455764952269,-0.005922058473795627,1138.6360168457031,1168.7529370117188,1122.939778104816,1140.2030729230055,0.011564565494764494,1,1,1
2023-01-25,1113.3453369140625,1114.3836669921875,1098.36962890625,1099.54638671875,1082.6202392578125,12385018,-0.013824959093888589,-0.013921413861479243,1134.9576782226563,1166.8462866210937,1116.736772128354,1135.937677836695,0.011741368399881498,1,1,2
2023-01-27,1100.4002685546875,1101.7615966796875,1066.8260498046875,1078.6866455078125,1062.081787109375,25830975,-0.018971058736642066,-0.0191533180544328,1130.2785339355469,1164.467978515625,1108.328312894665,1130.4668711161528,0.011928468834152776,1,1,4
2023-01-30,1076.0792236328125,1094.6314697265625,1061.9111328125,1089.0242919921875,1072.26025390625,21772103,0.009583505639972678,0.00953787515151604,1126.0197143554688,1162.3059643554689,1102.7793807426012,1126.155269841345,0.012147945774273493,1,1,0
2023-01-31,1099.2926025390625,1101.900146484375,1080.37109375,1086.3013916015625,1069.579345703125,22691594,-0.0025002402106749644,-0.002503371030854257,1120.974786376953,1160.5151904296874,1097.6716830442201,1121.9644606459215,0.011774235121323313,1,1,1
2023-02-01,1098.3465576171875,1098.3465576171875,1063.757080078125,1079.863525390625,1063.2406005859375,19347800,-0.005926390727955311,-0.005944021473788691,1116.041192626953,1158.4690502929689,1092.3745934352535,1117.6145450859226,0.01156561611970654,2,1,2
2023-02-02,1069.756591796875,1083.6015625,1066.526123046875,1073.8870849609375,1057.3560791015625,13662663,-0.005534515406138696,-0.005549887581125159,1111.6880859375,1156.3779223632812,1086.9871296916087,1113.1509550130072,0.01140102167649608,2,1,3
2023-02-03,1084.0631103515625,1084.0631103515625,1058.2191162109375,1074.8331298828125,1058.287353515625,24699575,0.0008807576108644799,0.0008803699714741296,1107.4837890625,1154.105029296875,1082.5717795106882,1109.0869845317195,0.011427423758657036,2,1,4
2023-02-06,1068.3720703125,1071.14111328125,1064.1263427734375,1066.7337646484375,1050.312744140625,14837879,-0.007535391355200871,-0.007563925852753723,1102.3616088867188,1151.3227587890624,1077.608850992217,1104.7333370953422,0.010359572930459993,2,1,0
2023-02-07,1066.9876708984375,1074.0947265625,1058.2191162109375,1064.1724853515625,1047.791015625,15135435,-0.0024009310842821874,-0.002403817941006317,1095.7524291992188,1147.67259765625,1073.021491704953,1100.5153873567983,0.010137096782202393,2,1,1
2023-02-08,1067.4490966796875,1089.093505859375,1064.68017578125,1085.424560546875,1068.7159423828125,21160332,0.019970515537710565,0.019773720542805667,1091.0619323730468,1144.3986767578126,1072.3590995015468,1098.1598729142809,0.010791252120696749,2,1,2
2023-02-09,1086.1168212890625,1094.1468505859375,1077.140625,1087.316650390625,1070.5789794921875,13172763,0.0017432481686585621,0.0017417304751247867,1087.1973022460938,1140.9879833984376,1072.0852348847222,1096.1168437719036,0.010810992715239795,2,1,3
2023-02-10,1086.7860107421875,1086.7860107421875,1071.279541015625,1078.3636474609375,1061.763671875,10790445,-0.008234149732109342,-0.008268237595026432,1084.1312744140625,1137.4741430664062,1070.4973021139958,1093.5721643721329,0.010853324024526465,2,1,4
2023-02-13,1080.001953125,1084.524658203125,1067.7030029296875,1072.2257080078125,1055.72021484375,10352493,-0.00569190413209153,-0.005708164750359136,1080.8539489746095,1133.8498828125,1068.2239040724196,1090.7683162589194,0.01083482677820431,2,1,0
2023-02-14,1075.2716064453125,1099.2464599609375,1072.3641357421875,1097.4927978515625,1080.598388671875,14321920,0.02356512026418578,0.02329174917014298,1079.3544494628907,1131.083974609375,1070.1276709338742,1090.0149882895087,0.011599102298137457,2,1,1
2023-02-15,1096.5235595703125,1124.7674560546875,1095.13916015625,1122.344482421875,1105.0675048828125,33503591,0.022644042844642387,0.0223914722108169,1078.290020751953,1128.7370190429688,1075.5030300029416,1091.1299895186423,0.01243799729898548,2,1,2
2023-02-16,1130.4207763671875,1137.0433349609375,1119.16015625,1121.4676513671875,1104.2042236328125,17264487,-0.0007812022760469439,-0.0007815075735547549,1077.2755798339845,1126.7335913085938,1079.918598253691,1092.0984513048772,0.012175586120944418,2,1,3
2023-02-17,1116.82958984375,1129.5208740234375,1112.491455078125,1126.15185546875,1108.8162841796875,11809520,0.00417681842558193,0.004168119732995959,1076.5519592285157,1124.8337646484374,1084.3643960884597,1093.3368092956039,0.012212955177607072,2,1,4
2023-02-20,1128.3670654296875,1130.5592041015625,1112.2607421875,1114.2452392578125,1097.093017578125,8836937,-0.010572776364152547,-0.010629065269061383,1075.9101318359376,1123.0643505859375,1086.3226455484082,1093.6150469461609,0.012184757210498864,2,1,0
2023-02-21,1118.6756591796875,1129.19775390625,1113.299072265625,1123.3367919921875,1106.044677734375,13311592,0.008159435902719725,0.008126327679948564,1075.9964782714844,1121.4376171875,1089.3568043462492,1094.5357603378804,0.01138353913159546,2,1,1
2023-02-22,1119.5755615234375,1121.444580078125,1096.085205078125,1097.8619384765625,1080.9617919921875,11024335,-0.022678004105193383,-0.022939105091473927,1075.1547058105468,1119.2010791015625,1088.0652639840857,1093.5302812011623,0.01177153132854349,2,1,2
2023-02-23,1097.4466552734375,1105.1767578125,1089.7626953125,1092.600830078125,1075.7816162109375,9851910,-0.0047921913795889726,-0.004803710745436618,1074.8127746582031,1116.9472729492188,1086.175472018986,1092.2155652759604,0.01162240796225115,2,1,3
2023-02-24,1094.6776123046875,1105.8228759765625,1092.8316650390625,1100.0771484375,1083.1429443359375,9434053,0.006842771817320736,0.006819466310023289,1075.8658325195313,1115.178310546875,1085.708929298517,1091.5435192804032,0.011126260247625568,2,1,4
2023-02-27,1099.2926025390625,1102.8231201171875,1085.3092041015625,1092.7623291015625,1075.9407958984375,11199715,-0.006649305592730914,-0.006671510712317438,1076.0498596191405,1113.3811767578125,1084.2061395446585,1090.38776199285,0.011171437066537749,2,1,0
2023-02-28,1087.3397216796875,1092.3701171875,1067.7491455078125,1071.8564453125,1055.356689453125,21994038,-0.019131263099029794,-0.019316633771176712,1075.3387268066406,1110.8660961914063,1079.7677626074997,1087.7928677306481,0.011546315406955672,2,1,1
2023-03-01,1081.755615234375,1082.4478759765625,1072.179443359375,1081.70947265625,1065.05810546875,11551145,0.009192547043646693,0.009150552743273817,1075.4296020507813,1108.34056640625,1077.5047384323075,1086.1088112668037,0.011344051302783775,3,1,2
2023-03-02,1078.525146484375,1085.2861328125,1071.41796875,1073.4716796875,1056.947021484375,9333535,-0.007615625797998349,-0.007644772751973333,1075.4091491699219,1105.9917944335937,1074.3420127480101,1083.9486786903276,0.011393488038624605,3,1,3
2023-03-03,1084.13232421875,1104.5767822265625,1080.625,1100.8616943359375,1083.9154052734375,14643807,0.025515360033077306,0.02519527650986574,1076.6905517578125,1104.2432788085937,1075.8148423673067,1083.9462139927803,0.012452968479306511,3,1,4
2023-03-06,1107.599609375,1118.9525146484375,1107.599609375,1111.6146240234375,1094.5028076171875,10171916,0.009767738600485298,0.009720342626205494,1078.9000549316406,1103.3935571289062,1078.6899139442114,1084.7281838908846,0.01243438487273829,3,1,0
2023-03-08,1111.6146240234375,1116.3681640625,1100.6771240234375,1115.606689453125,1098.4334716796875,15782657,0.003591278190557823,0.0035848449488099813,1081.432177734375,1102.4238793945312,1081.727384365054,1085.7433903937588,0.012422760081658936,3,1,2
2023-03-09,1114.983642578125,1115.39892578125,1086.8782958984375,1088.79345703125,1072.0330810546875,16235128,-0.024034583163811796,-0.024328126766307617,1081.5980346679687,1100.7385278320312,1080.235953086536,1084.727811924198,0.013135243856441622,3,1,3
2023-03-10,1080.6019287109375,1081.755615234375,1068.3951416015625,1071.9256591796875,1055.4248046875,13334091,-0.015492317038246606,-0.015613577010854302,1080.8403259277343,1098.7232836914063,1076.4188533328381,1082.5572187955538,0.013196045513416452,3,1,4
2023-03-13,1074.8331298828125,1081.755615234375,1049.912109375,1054.29638671875,1038.0670166015625,12771592,-0.016446257477411574,-0.01658299849487926,1079.6554931640626,1096.3713305664062,1070.5185707587957,1079.2616482626656,0.013083491470403885,3,1,0
2023-03-14,1052.2196044921875,1063.7340087890625,1047.166259765625,1050.3505859375,1034.1817626953125,16027522,-0.003742777531810626,-0.003749799249597525,1078.5785705566407,1093.9062329101562,1064.928292595183,1075.9223974798988,0.012948559253782266,3,1,1
2023-03-15,1054.11181640625,1060.6650390625,1027.9447021484375,1032.398193359375,1016.505859375,21728555,-0.017091679584684494,-0.017239428275665054,1075.3739440917968,1090.8267919921875,1057.4786874843855,1071.5211724350916,0.0132720547837494,3,1,2
2023-03-16,1035.1441650390625,1040.2205810546875,1016.31494140625,1027.25244140625,1011.4392700195312,18363159,-0.004984318888809902,-0.0049967820369865535,1070.6925323486328,1087.8173278808595,1050.3957001821002,1067.07066114505,0.013262601067895504,3,1,3
2023-03-17,1035.9517822265625,1039.2745361328125,1021.1607055664062,1025.9603271484375,1010.1671142578124,34014213,-0.001257767816049249,-0.001258559469869548,1065.9906768798828,1085.132305908203,1044.206686962979,1062.8555835978473,0.013241582168048237,3,1,4
2023-03-20,1022.22216796875,1024.5296630859375,1006.0696411132812,1015.8765258789062,1000.2384643554688,19524589,-0.009828720181252804,-0.009877340900064853,1060.561785888672,1082.289609375,1037.442345023362,1058.217278468782,0.013321088715586155,3,1,0
2023-03-21,1024.0450439453125,1049.45068359375,1023.1451416015624,1047.4661865234375,1031.341796875,21400360,0.03109591725166605,0.030622233929291625,1057.2742248535155,1079.861318359375,1036.5037991543832,1056.2265020544278,0.014556733855474062,3,1,1
2023-03-22,1054.527099609375,1057.5037841796875,1047.6046142578125,1050.6505126953125,1034.477294921875,10920094,0.003040212329584291,0.003035600229557604,1053.6958557128905,1076.9513720703126,1036.1920292724587,1054.6154496742386,0.01456619563934214,3,1,2
2023-03-23,1046.681640625,1047.5584716796875,1035.167236328125,1037.359375,1021.3907470703124,16249370,-0.01265039640386778,-0.012731093961522008,1050.717303466797,1074.1286694335938,1033.914908933667,1052.1543605924662,0.014212245631018796,3,1,3
2023-03-24,1036.1824951171875,1038.3746337890625,1014.3766479492188,1016.8225708007812,1001.1700439453124,12375945,-0.019797225677831598,-0.01999581614733241,1046.9867248535156,1071.194638671875,1028.877237396997,1048.377744544529,0.014586569195825096,3,1,4
2023-03-27,1023.3759155273438,1040.2205810546875,1015.3919677734376,1032.62890625,1016.7329711914062,14054323,0.015544739218090298,0.015425157412596794,1043.666226196289,1069.0676135253907,1027.008888749983,1046.0336872591124,0.014886386017455528,3,1,0
2023-03-28,1036.067138671875,1041.3743896484375,1032.3751220703125,1037.45166015625,1021.4815063476562,12576424,0.004670385726436743,0.0046595133141169,1040.94326171875,1067.0719091796875,1026.158522226548,1044.2150071915971,0.014902058564085486,3,1,1
2023-03-29,1033.298095703125,1035.974853515625,1020.4223022460938,1031.313720703125,1015.4381103515624,18804065,-0.005916304855779764,-0.005933875523915178,1038.947332763672,1065.1689038085938,1024.5092280919348,1042.0833852034464,0.01418149980278329,3,1,2
2023-03-31,1040.68212890625,1081.5018310546875,1040.543701171875,1075.7791748046875,1059.2191162109375,28171201,0.04311538577591634,0.04221179863981997,1038.6553833007813,1063.8261645507812,1029.8492108794735,1043.3526986114086,0.015806339462732882,3,1,4
2023-04-03,1082.2171630859375,1084.0631103515625,1068.3720703125,1075.9637451171875,1059.4007568359375,10293043,0.00017148541054456956,0.0001714707086023098,1038.7780700683593,1062.5243188476563,1034.3956025650834,1044.5414436650774,0.015808357287225724,4,2,0
2023-04-05,1083.6015625,1083.6015625,1065.3955078125,1073.37939453125,1056.8563232421875,16262928,-0.00240176682651172,-0.002404655694975468,1037.425115966797,1061.1956713867187,1037.8510980538686,1045.4536569670856,0.015775935198985108,4,2,2
2023-04-06,1069.8258056640625,1086.37060546875,1069.8258056640625,1080.5787353515625,1063.9447021484375,18435046,0.006707041203580566,0.006684649070272841,1035.8972106933593,1060.2759741210937,1041.8654986838023,1046.823364017556,0.015747897706430994,4,2,3
2023-04-10,1084.524658203125,1084.709228515625,1071.3948974609375,1072.9178466796875,1056.4017333984375,12961408,-0.007089624803590211,-0.007114875610125196,1033.7956237792969,1059.3176538085938,1044.1018424860538,1047.5328728605843,0.015691290497216025,4,2,0
2023-04-11,1077.140625,1080.37109375,1072.5487060546875,1078.22509765625,1061.6273193359375,10542367,0.0049465897037950235,0.004934395525477916,1033.2753356933595,1058.5942553710938,1046.7980696937282,1048.5769059328327,0.015203227486853136,4,2,1
2023-04-12,1078.22509765625,1092.7392578125,1075.3177490234375,1082.9786376953125,1066.3076171875,18179087,0.004408607207367465,0.004398917766135524,1033.8194763183594,1058.2680029296876,1049.7995385389238,1049.8902919516968,0.01520626460545712,4,2,2
2023-04-13,1085.9090576171875,1091.8162841796875,1080.8326416015625,1087.0628662109375,1070.3291015625,12378208,0.00377141109205148,0.003764317151754576,1035.4325805664062,1058.43294921875,1052.9579328502432,1051.4042778487933,0.015167614492814613,4,2,3
2023-04-17,1119.114013671875,1119.114013671875,1084.086181640625,1092.5777587890625,1075.759033203125,17929479,0.005073142113671603,0.00506031708539153,1037.5114440917969,1058.5029248046876,1056.4657944429941,1053.2083338009659,0.015149025635737537,4,2,0
2023-04-18,1096.985107421875,1096.985107421875,1073.4486083984375,1080.0711669921875,1063.4449462890625,10405576,-0.011446882186428642,-0.011512902040196818,1039.8583984375,1058.3802368164063,1057.53951011162,1053.9666013926767,0.014875054122290605,4,2,1
2023-04-19,1079.47119140625,1088.17041015625,1076.3099365234375,1085.4476318359375,1068.7386474609375,12273475,0.004977879852029687,0.004965531171330426,1042.7233673095702,1058.4901977539062,1059.2624543192073,1055.0608270273626,0.014808516903259416,4,2,2
2023-04-20,1086.416748046875,1088.6781005859375,1076.2637939453125,1082.70166015625,1066.034912109375,7007330,-0.0025298377278542006,-0.0025330431746335715,1045.5167572021485,1058.6637744140626,1060.30437090231,1055.8737222186228,0.014744695248042422,4,2,3
2023-04-21,1084.8245849609375,1089.60107421875,1078.2481689453125,1084.0631103515625,1067.3756103515625,7647317,0.0012576494699734209,0.0012568592913212134,1048.8736145019532,1058.8455395507813,1061.3922538945028,1056.725713932174,0.013963756240845069,4,2,4
2023-04-24,1096.0621337890625,1098.784912109375,1083.6015625,1088.2166748046875,1071.4649658203125,12936186,0.0038312243872642426,0.003823903938674867,1050.8797729492187,1059.268583984375,1062.9419018830888,1057.8175103683323,0.013856067750472649,4,2,0
2023-04-25,1091.9085693359375,1098.646484375,1084.75537109375,1096.546630859375,1079.6668701171875,9236126,0.007654850656358736,0.007625700950329677,1053.1392517089844,1059.9061010742187,1065.514973919104,1059.4359814608401,0.013918346370133618,4,2,1
2023-04-26,1097.9080810546875,1101.184814453125,1086.3936767578125,1090.1087646484375,1073.328125,8617834,-0.005871019378875131,-0.005888321567374757,1055.7361206054688,1059.9983447265624,1066.7169971623189,1060.4650291304074,0.013236823433838186,4,2,2
2023-04-27,1096.0621337890625,1100.215576171875,1090.985595703125,1097.0081787109375,1080.1212158203125,9167125,0.0063289973141367195,0.00630905331673978,1059.6836791992187,1060.189189453125,1068.7791846481641,1061.9210429592893,0.012945445475131217,4,2,3
2023-04-28,1099.2926025390625,1118.6295166015625,1099.17724609375,1117.060302734375,1099.8646240234375,15565210,0.01827888195690197,0.01811383145240146,1063.8402618408204,1060.9512084960938,1073.5615599366677,1064.7316785936705,0.01289783237089543,4,2,4
2023-05-02,1124.305908203125,1128.736328125,1120.5677490234375,1126.544189453125,1109.2025146484375,12981805,0.008490036338145712,0.008454198678789273,1068.2263122558593,1062.0208544921875,1079.0447837384784,1068.0258145977273,0.012903092844127762,5,2,1
2023-05-03,1128.3670654296875,1128.3670654296875,1113.6221923828125,1116.875732421875,1099.6829833984375,7061872,-0.008582320292536694,-0.008619360482789384,1072.4385559082032,1062.4025463867188,1082.219891378472,1070.3707900644465,0.012548105328020509,5,2,2
2023-05-04,1117.3603515625,1131.9898681640625,1114.3375244140625,1129.7515869140625,1112.3607177734375,8635233,0.01152853555651201,0.011462588356270571,1075.095635986328,1062.5484106445313,1086.8569415930822,1073.4811550799272,0.01256155811500551,5,2,3
2023-05-05,1126.5211181640625,1135.91259765625,1124.213623046875,1126.8671875,1109.5206298828125,8746585,-0.0025532076468053333,-0.0025564726401038178,1077.601629638672,1062.6547387695311,1090.3436628684253,1076.1507458060669,0.012579804091350176,5,2,4
2023-05-08,1130.674560546875,1146.2041015625,1127.974853515625,1140.781494140625,1123.2205810546875,9153782,0.012347630862277859,0.012272020636839893,1080.9198425292968,1062.9428247070311,1095.4016502816964,1079.6374002689276,0.012438119397452046,5,2,0
2023-05-09,1142.2120361328125,1147.6578369140625,1136.7894287109375,1144.3118896484375,1126.69677734375,6464721,0.0030948473947995936,0.0030900682126218312,1084.0574462890625,1063.5348999023438,1100.2162852143201,1083.1232800522478,0.011331995951195816,5,2,1
2023-05-10,1149.1346435546875,1153.680419921875,1145.0733642578125,1152.1805419921875,1134.4443359375,10872255,0.006876347522725146,0.006852813269969247,1087.9595764160156,1064.1028930664063,1105.4821391717323,1086.9248397474516,0.011353931747309845,5,2,2
2023-05-11,1153.2650146484375,1158.1337890625,1142.9273681640625,1144.6580810546875,1127.03759765625,10557860,-0.006528956993847701,-0.0065503638607764605,1091.2300903320313,1065.0244091796876,1108.7983635539658,1089.8961551481034,0.01111279028177796,5,2,3
2023-05-12,1139.812255859375,1147.9346923828125,1133.67431640625,1146.527099609375,1128.8779296875,6955341,0.001632893201679364,0.0016315614810832278,1094.3586059570312,1066.0863354492187,1111.8875275745095,1092.7836940028735,0.010227375904812213,5,2,4
2023-05-15,1149.0885009765625,1155.849365234375,1141.3582763671875,1148.7884521484375,1131.104248046875,6833343,0.001972151550514667,0.0019702094126864446,1097.39736328125,1067.0455615234375,1114.8439461087196,1095.6222535616885,0.009999459318001834,5,2,0
2023-05-16,1150.9805908203125,1153.56494140625,1130.7437744140625,1132.4283447265625,1114.9962158203125,8717229,-0.014240979338886683,-0.014343355202499153,1099.3592224121094,1067.826669921875,1114.8673722181954,1097.057361877142,0.010513033451161882,5,2,1
2023-05-17,1136.674072265625,1137.5970458984375,1120.983154296875,1125.736572265625,1108.407470703125,8798967,-0.005909208501071128,-0.005926736960618706,1101.6073486328125,1068.887685546875,1113.873541215877,1097.8981106790668,0.0105128265320776,5,2,2
2023-05-18,1130.4669189453125,1133.9051513671875,1120.1292724609375,1123.313720703125,1106.0218505859375,10525531,-0.002152295234598256,-0.00215461475077339,1103.4715087890625,1069.7069604492187,1112.665588811271,1098.499869190687,0.0073155143148318745,5,2,3
2023-05-19,1123.313720703125,1128.8055419921875,1116.298828125,1126.95947265625,1109.6114501953125,8050447,0.0032455051475459573,0.003240249863345872,1105.6503356933595,1070.7602490234376,1112.1957213318929,1099.3229492651037,0.0073182541914080124,5,2,4
2023-05-22,1123.7520751953125,1138.05859375,1122.5291748046875,1132.9820556640625,1115.54150390625,7434906,0.005344261461878164,0.005330031572908342,1108.0586303710938,1071.3927709960938,1112.7104571125633,1100.5243236829665,0.007309911115268537,5,2,0
2023-05-23,1135.589599609375,1138.9815673828125,1131.34375,1132.7744140625,1115.3369140625,6092034,-0.000183399580413246,-0.00018341640017281654,1110.2522277832031,1071.809453125,1113.1145274125536,1101.621552599969,0.007259425237904918,5,2,1
2023-05-24,1128.782470703125,1137.1356201171875,1123.0367431640625,1126.1749267578125,1108.8389892578125,8112254,-0.005825974844694715,-0.005843012040549863,1111.7108337402344,1072.0175634765626,1112.4567523118242,1102.156177537587,0.007210774743270726,5,2,2
2023-05-25,1123.2445068359375,1130.213134765625,1115.0067138671875,1126.0364990234375,1108.7027587890625,11487863,-0.00012285865672989615,-0.00012286620447287292,1113.4795654296875,1072.75095703125,1111.879214846784,1102.6411094821406,0.00719001467033997,5,2,3
2023-05-26,1134.3665771484375,1157.903076171875,1131.020751953125,1156.7493896484375,1138.94287109375,12626260,0.027275220580957216,0.02690988003118504,1116.4206481933593,1074.421318359375,1116.0428542693942,1105.3301288607784,0.008588151592713086,5,2,4
2023-05-29,1163.4410400390625,1167.5946044921875,1157.0723876953125,1163.2564697265625,1145.3497314453125,10010304,0.0056252692862548415,0.005609506544467135,1118.6949035644532,1076.56697265625,1120.5516046041507,1108.2945438670401,0.00860624233182719,5,2,0
2023-05-30,1163.2564697265625,1171.148193359375,1160.3720703125,1162.95654296875,1145.054443359375,11342504,-0.000257814777295029,-0.0002578480172380133,1120.4875,1078.7844262695312,1124.3212721049545,1111.017499384991,0.008601964356879556,5,2,1
2023-05-31,1153.7496337890625,1158.29541015625,1135.7510986328125,1139.8583984375,1122.3118896484375,27107927,-0.019861547931480983,-0.02006143967532493,1121.6189453125,1080.900546875,1124.0121363424134,1111.854120885987,0.009177491183060483,5,2,2
2023-06-01,1144.5888671875,1146.781005859375,1134.3665771484375,1136.7894287109375,1119.2899169921875,14592692,-0.002692631775643606,-0.0026962634291852654,1121.9654052734375,1083.057559814453,1123.2856410577633,1112.4049205975573,0.009193835929946605,6,2,3
2023-06-02,1140.3660888671875,1145.8348388671875,1131.1361083984375,1133.0743408203125,1115.6322021484375,15800644,-0.003267888674972741,-0.003273239884453649,1122.2709838867188,1085.1668615722656,1122.108188917867,1112.643978490215,0.009206198455746781,6,2,4
2023-06-05,1138.6124267578125,1146.250244140625,1134.57421875,1143.25048828125,1125.6517333984375,10908682,0.008981034458045212,0.008940944820234305,1122.3925415039062,1087.675126953125,1122.6533496071854,1113.607515890824,0.009304975442016486,6,2,0
2023-06-06,1146.11181640625,1148.0731201171875,1136.212646484375,1144.2196044921875,1126.6058349609375,7493309,0.0008475992477881,0.0008472402383954129,1122.3879943847655,1089.5804077148437,1123.2614242769935,1114.5703543404622,0.009298627910128556,6,2,1
2023-06-07,1147.7501220703125,1153.7496337890625,1141.1044921875,1152.8958740234375,1135.148681640625,10312545,0.007582817711913936,0.007554212663259495,1122.4232116699218,1091.5938354492187,1125.0902331021675,1116.094674881215,0.009297050608136431,6,2,2
2023-06-08,1156.5185546875,1161.52587890625,1149.5960693359375,1153.5880126953125,1135.8302001953125,12071109,0.0006003782286057024,0.0006001980737007926,1122.862841796875,1093.8826245117189,1126.742535731882,1117.5565656452225,0.00918945950936602,6,2,3
2023-06-09,1156.9801025390625,1157.6954345703125,1143.5965576171875,1145.4195556640625,1127.787353515625,5877018,-0.007081029081903667,-0.007106218550339654,1122.8083129882812,1096.414970703125,1126.903276929381,1118.3144017837708,0.009293616907591895,6,2,4
2023-06-12,1142.44287109375,1148.765380859375,1137.5970458984375,1146.434814453125,1128.7869873046875,6391969,0.0008863672623622421,0.0008859746708700517,1122.692449951172,1098.6560510253905,1127.193078525582,1119.0901488593943,0.008735398024163829,6,2,0
2023-06-13,1151.442138671875,1164.57177734375,1147.4039306640625,1163.371826171875,1145.46337890625,11248016,0.01477372771755836,0.01466565928444552,1124.2158081054688,1101.1356884765626,1130.0038939687618,1121.0437214554577,0.008995083022394804,6,2,1
2023-06-14,1163.4410400390625,1179.132080078125,1161.5950927734375,1177.6783447265625,1159.549560546875,13277380,0.012297365328322707,0.01222236696021011,1126.7729125976562,1104.0179174804687,1134.5493811346253,1123.8960058325997,0.009026860760110035,6,2,2
2023-06-15,1177.6552734375,1182.616455078125,1170.1328125,1178.00146484375,1159.86767578125,11813494,0.0002743438014196631,0.0002743061760403435,1129.4652038574218,1106.030888671875,1138.4445033879522,1126.5605739769442,0.008840890994450545,6,2,3
2023-06-16,1181.5318603515625,1191.7772216796875,1181.5318603515625,1189.4697265625,1171.1595458984375,24171579,0.0097354813423709,0.00968839689044375,1132.5426086425782,1108.266064453125,1143.4775868511038,1129.8642015266844,0.008934040072313841,6,2,4
2023-06-19,1192.515625,1192.515625,1173.4326171875,1177.6552734375,1159.5269775390625,6798554,-0.009932522345152628,-0.009982178928916818,1134.7418823242188,1110.3194775390625,1145.9467238800205,1132.0614441942678,0.008956662329272938,6,2,0
2023-06-20,1175.6939697265625,1183.2855224609375,1169.902099609375,1180.1011962890625,1161.9351806640625,6921096,0.0020768840843281566,0.002074730342111367,1137.071795654297,1112.279287109375,1148.4064864621807,1134.2743135624007,0.00895076911910024,6,2,1
2023-06-21,1180.0550537109375,1185.9853515625,1175.901611328125,1183.424072265625,1165.206787109375,6961603,0.0028156531446468236,0.002811696618395069,1139.890185546875,1114.4553881835936,1150.9911481002105,1136.5656078992135,0.008890368117133061,6,2,2
2023-06-22,1179.5936279296875,1187.5775146484375,1168.517578125,1170.1328125,1152.1202392578125,7619166,-0.011231094769047267,-0.011294639748346378,1142.0610595703124,1116.2652465820313,1151.1648544321492,1137.7178028146652,0.009066122963588661,6,2,3
2023-06-23,1167.0869140625,1169.1636962890625,1159.28759765625,1160.5567626953125,1142.691650390625,6628570,-0.008183684780384892,-0.008217354951883757,1142.2484985351562,1117.7929272460938,1149.861284579607,1138.08623596844,0.009210049203240438,6,2,4
2023-06-26,1156.9801025390625,1160.856689453125,1148.53466796875,1151.6959228515625,1133.9671630859375,12641159,-0.0076350319893429,-0.007664328058965937,1141.6793701171875,1119.0656884765624,1147.4160351190424,1137.781119458625,0.00932151691869364,6,2,0
2023-06-27,1152.157470703125,1158.1337890625,1147.588623046875,1152.111328125,1134.376220703125,9689466,0.0003607314484084245,0.0003606664004622455,1141.145458984375,1120.2380322265626,1145.409909824286,1137.5289047359954,0.00891794745114292,6,2,1
2023-06-28,1159.7491455078125,1171.2174072265625,1152.75732421875,1167.3638916015625,1149.3939208984375,11354006,0.013238729727606646,0.013151863570373805,1142.499560546875,1121.95701171875,1146.0228346049246,1138.4077948221022,0.009118033959314079,6,2,2
2023-06-30,1175.1632080078125,1179.8935546875,1169.186767578125,1176.93994140625,1158.822509765625,11151555,0.008203096167254342,0.00816963364685385,1144.4761901855468,1123.7586889648437,1147.9920153988785,1139.9199959290297,0.009180545443618278,6,2,4
2023-07-03,1180.5396728515625,1210.0526123046875,1179.2935791015625,1207.1451416015625,1188.5628662109375,12154387,0.025664289565213494,0.025340490053132964,1148.1227233886718,1126.209248046875,1154.2336847545798,1143.5231715054674,0.01017770533677984,7,3,0
2023-07-04,1211.4371337890625,1211.4371337890625,1187.554443359375,1194.707763671875,1176.31689453125,8061643,-0.010303175395952602,-0.010356620527553307,1150.6559814453126,1128.3880737304687,1157.6311016432983,1145.952336174044,0.010416764013048153,7,3,1
2023-07-05,1204.0531005859375,1204.0531005859375,1188.7313232421875,1192.746337890625,1174.3856201171875,10248062,-0.0016417977358321734,-0.0016431469627088433,1153.044970703125,1130.4464868164061,1160.2087198700503,1148.0585053550176,0.010429840486921934,7,3,2
2023-07-06,1188.8466796875,1220.4132080078125,1188.8466796875,1217.78271484375,1199.03662109375,19117987,0.02099055076483536,0.02077328425707239,1156.2393676757813,1132.8338818359375,1166.1822431352348,1151.834662076405,0.010894863129955622,7,3,3
2023-07-07,1216.0521240234375,1229.8740234375,1212.821533203125,1215.406005859375,1196.6964111328125,13375267,-0.0019517418565604405,-0.0019536489865854515,1159.2826782226562,1135.3012475585938,1170.8767305194776,1155.157754599102,0.010916109953425481,7,3,4
2023-07-10,1240.9268798828125,1271.8935546875,1234.5120849609375,1262.22509765625,1242.794921875,33240016,0.03852147488146129,0.03779804286982918,1165.033056640625,1138.5547216796874,1181.9410676510965,1161.649396619539,0.011937784129805248,7,3,0
2023-07-11,1270.462890625,1278.3544921875,1263.4019775390625,1275.9085693359375,1256.2677001953125,20069348,0.010840709181516583,0.010782369940858705,1171.4070922851563,1141.682783203125,1193.3759341963605,1168.6581598473742,0.012015340990495218,7,3,1
2023-07-12,1276.64697265625,1293.12255859375,1274.5009765625,1277.316162109375,1257.653564453125,18733835,0.001103159985405222,0.0011025519515598433,1177.0166015625,1144.6518041992188,1203.2648003897089,1175.2504120403928,0.012004575334543792,7,3,2
2023-07-13,1284.7694091796875,1291.738037109375,1263.240478515625,1265.89404296875,1246.4073486328125,14682934,-0.008942220765861486,-0.008982442381892131,1181.3594909667968,1147.5862915039063,1209.9021155040325,1180.5212962324238,0.011433164503069354,7,3,3
2023-07-14,1269.12451171875,1274.1549072265625,1257.6331787109375,1264.8326416015625,1245.3623046875,15124144,-0.0008384449485626666,-0.0008387966401249691,1185.6342224121095,1150.2463232421876,1215.357529224566,1185.3243338957627,0.011403145838380879,7,3,4
2023-07-17,1267.7401123046875,1299.1451416015625,1258.9715576171875,1290.6766357421875,1270.8084716796875,22220040,0.020432742260151127,0.02022679444237043,1190.6166687011719,1153.472080078125,1223.8884434484307,1191.6564922501275,0.011725492562315481,7,3,0
2023-07-18,1300.0450439453125,1309.482666015625,1288.968994140625,1301.63720703125,1281.6002197265625,25867313,0.008492033447503822,0.008456178973396771,1196.7203308105468,1156.6396728515624,1232.7671782604511,1198.3189905817153,0.011719266255965527,7,3,1
2023-07-19,1306.0445556640625,1318.0435791015625,1290.8150634765625,1311.5133056640625,1291.3243408203125,39122156,0.00758748394708042,0.00755884377077696,1203.1897888183594,1159.9322241210937,1241.7759725004298,1205.2082757845744,0.011713420418416786,7,3,2
2023-07-20,1290.0,1315.4749755859375,1290.0,1309.925048828125,1289.760498046875,38717624,-0.001211037942988158,-0.0012117718420173859,1209.4174743652343,1163.0385473632812,1249.1582071998828,1211.4714033595596,0.011746823170048354,7,3,3
2023-07-21,1304.5,1307.449951171875,1261.800048828125,1269.375,1249.834716796875,30249238,-0.030955965321050605,-0.03144522469876361,1214.3031982421876,1165.4944897460937,1249.26228559942,1214.3131302808422,0.013390340023475566,7,3,4
2023-07-24,1240.5,1257.4749755859375,1234.6500244140625,1243.699951171875,1224.5548095703125,23727866,-0.02022660027507539,-0.0204339588245733,1218.3963562011718,1167.40802734375,1245.4611354410958,1215.0717731911734,0.013944684784709513,7,3,0
2023-07-25,1247.0,1252.5999755859375,1240.0,1242.9000244140625,1223.767333984375,12026020,-0.0006430709183313787,-0.0006432777771223831,1222.8863647460937,1169.2612890625,1242.1236275246772,1215.7158888054846,0.013954870784927171,7,3,1
2023-07-26,1242.5,1273.5,1242.5,1263.0999755859375,1243.6561279296875,12911012,0.01625210396861787,0.016121452203563418,1228.350360107422,1171.8344873046874,1242.3593968177556,1217.785536148018,0.01400118050535192,7,3,2
2023-07-27,1267.0250244140625,1268.824951171875,1245.175048828125,1251.3499755859375,1232.087158203125,17226898,-0.009302386300159449,-0.009345923707132903,1232.4850219726563,1174.3080810546876,1240.7790524155048,1218.8449155595074,0.014053333135181024,7,3,3
2023-07-28,1256.0250244140625,1271.425048828125,1250.2750244140625,1263.925048828125,1244.4686279296875,20827852,0.010049183326137134,0.009999026030050727,1236.7673278808593,1177.0770166015625,1241.3466794176866,1220.742968327669,0.01412221976858187,7,3,4
2023-07-31,1263.925048828125,1276.949951171875,1258.9749755859375,1274.625,1255.00390625,8551174,0.008465684135275486,0.00843005119491125,1240.0893798828124,1179.9848657226562,1243.4477912380426,1223.280815581175,0.01410150485058864,7,3,0
2023-08-01,1277.5,1279.5,1252.6500244140625,1256.5999755859375,1237.2564697265625,9536632,-0.01414133966838993,-0.014242281174261172,1243.1363586425782,1182.4191650390626,1242.4952802362764,1224.316049221574,0.014248632037983756,8,3,1
2023-08-02,1254.5999755859375,1256.0,1231.800048828125,1243.175048828125,1224.0380859375,12748214,-0.010683624707158557,-0.010741104386390154,1245.6189819335937,1184.5931884765625,1239.6557118826186,1224.2954593486797,0.014443507164699379,8,3,2
2023-08-03,1237.6500244140625,1250.449951171875,1229.0250244140625,1237.949951171875,1218.8935546875,10168350,-0.0042029176290374615,-0.004211774713110436,1246.6118286132812,1186.7942797851563,1236.4615338526005,1223.8953182626663,0.01448390377308683,8,3,3
2023-08-04,1249.4000244140625,1258.0,1235.800048828125,1254.7750244140625,1235.4595947265625,22885610,0.013591047368619158,0.01349951747653043,1248.5499877929688,1189.3294165039063,1236.3073893716714,1224.7519313340658,0.0144343369372568,8,3,4
2023-08-07,1260.5,1264.199951171875,1252.5,1261.925048828125,1242.49951171875,5982870,0.005698217102555692,0.005682043674199367,1248.5352172851562,1191.4005493164063,1237.2600235789143,1226.0665669181167,0.014304245838901865,8,3,0
2023-08-08,1264.0,1267.2249755859375,1249.7750244140625,1254.324951171875,1235.016357421875,9844072,-0.006022661760666237,-0.006040871137432058,1247.4726501464843,1193.1938818359374,1236.914844170139,1226.7295143628396,0.014266300511928188,8,3,1
2023-08-09,1252.425048828125,1264.5,1240.550048828125,1262.5999755859375,1243.1640625,11486586,0.006597244667377211,0.0065755780897134315,1246.7481750488282,1195.15607421875,1237.876262374733,1227.9468882989254,0.014272744322379332,8,3,2
2023-08-10,1262.4749755859375,1275.0,1254.2249755859375,1268.2249755859375,1248.7022705078125,15470598,0.004454929300863997,0.004445035476634922,1246.8629211425782,1197.6838818359374,1239.5418020875145,1229.4843240181021,0.01414831336469717,8,3,3
2023-08-11,1266.2249755859375,1279.425048828125,1256.175048828125,1273.574951171875,1253.969970703125,22179330,0.004218539775034058,0.00420966668169585,1247.2933044433594,1200.3774829101562,1241.76152033607,1231.2980756244,0.014115113612233582,8,3,4
2023-08-14,1269.5,1291.1500244140625,1262.5,1288.625,1268.788330078125,9575812,0.01181715648795878,0.011747879134350839,1247.1922973632813,1203.44060546875,1245.9194910656167,1234.0751315098612,0.013554554988201118,8,3,0
2023-08-16,1275.5,1291.4000244140625,1275.5,1287.574951171875,1267.7545166015625,10203112,-0.0008148037399577923,-0.0008151358729528435,1246.5000122070312,1206.2826611328126,1249.2787257634545,1236.569900775913,0.013360412166851332,8,3,2
2023-08-17,1283.550048828125,1289.050048828125,1266.425048828125,1269.0,1249.4654541015625,13673744,-0.014426343791720031,-0.014531415244880257,1244.4070678710937,1208.739853515625,1249.3074532000867,1237.5251269481832,0.013699453414294564,8,3,3
2023-08-18,1265.625,1288.800048828125,1254.2750244140625,1278.4000244140625,1258.7208251953125,18639978,0.0074074645788466675,0.007380164048681979,1242.8550842285156,1211.2112963867187,1250.7556642762752,1239.0951786701928,0.013273418907502612,8,3,4
2023-08-21,1269.9749755859375,1277.7249755859375,1257.824951171875,1260.0,1244.986328125,9221746,-0.010911472024133229,-0.010971438750812293,1242.6126647949218,1213.3944189453125,1249.8680740991558,1239.5315601112895,0.013458061440537114,8,3,0
2023-08-22,1258.449951171875,1268.9749755859375,1249.5,1259.699951171875,1244.68994140625,7713044,-0.00023806423577066305,-0.00023809257755903963,1243.6194213867188,1215.732470703125,1249.0714383002473,1239.913662429435,0.011488523171924734,8,3,1
2023-08-23,1262.0999755859375,1271.425048828125,1258.4749755859375,1261.0999755859375,1246.0732421875,9517952,0.001111361741774175,0.001110744636489452,1244.734716796875,1218.0781958007813,1248.6101773598245,1240.369927596699,0.011311259608145146,8,3,2
2023-08-24,1269.949951171875,1269.949951171875,1235.5,1239.9000244140625,1225.1259765625,14140020,-0.016810621491419542,-0.016953523770173503,1243.8082092285156,1219.6714477539062,1244.9972233910053,1239.2407460386103,0.011705544605209303,8,3,3
2023-08-25,1228.0,1252.5,1221.300048828125,1234.175048828125,1219.46923828125,22222400,-0.004617270704782461,-0.004627963225366612,1243.177313232422,1220.8698413085938,1241.0698410664277,1237.7761899084355,0.011628268727042495,8,3,4
2023-08-28,1236.0,1242.0,1215.550048828125,1221.875,1207.315673828125,12580826,-0.009966273909667867,-0.010016269675849013,1241.3196655273437,1221.8188012695311,1235.8768922605348,1235.5198553839682,0.01175179598120316,8,3,0
2023-08-29,1226.0250244140625,1226.7249755859375,1204.074951171875,1210.175048828125,1195.755126953125,16876644,-0.009575413560518165,-0.0096215526027841,1238.3572265625,1222.310712890625,1229.7043129824717,1232.5743199446465,0.011128090484822589,8,3,1
2023-08-30,1216.0,1221.5,1207.5,1209.0250244140625,1194.6187744140625,12168946,-0.0009503221131553774,-0.0009507739555012838,1236.225341796875,1223.012548828125,1224.3065378181009,1229.7627980534921,0.01095424572057028,8,3,2
2023-08-31,1211.5,1212.5,1199.949951171875,1203.5,1189.1595458984375,21638600,-0.004569849924133895,-0.00458032360925913,1234.4814147949219,1223.5570361328125,1218.899308291999,1226.7551497457102,0.010800349004363097,8,3,3
2023-09-01,1203.2750244140625,1212.824951171875,1200.824951171875,1206.324951171875,1191.9508056640625,18112842,0.002347254222742734,0.002344503724787424,1233.13427734375,1224.0919165039063,1214.753384810778,1224.1770501841065,0.01083659371536437,9,3,4
2023-09-04,1206.324951171875,1211.824951171875,1202.6500244140625,1205.3499755859375,1190.987548828125,9347626,-0.0008081347244870418,-0.0008084614413862094,1230.9106750488281,1224.8692626953125,1211.0971023519085,1221.718568602182,0.009418366166139355,9,3,0
2023-09-05,1210.0,1216.9749755859375,1206.2249755859375,1211.800048828125,1197.3607177734375,8675876,0.005351163369913703,0.005336896767855651,1228.6537353515625,1225.9626440429688,1208.983812416759,1219.9142833556082,0.008808596951110383,9,3,1
2023-09-06,1210.550048828125,1218.074951171875,1208.625,1214.3499755859375,1199.88037109375,8200370,0.002104339388215415,0.002102128367367192,1226.8969360351562,1227.280908203125,1207.5832829824499,1218.4302898547298,0.00882359434596022,9,3,2
2023-09-07,1210.8499755859375,1219.125,1205.5,1216.0,1201.5106201171875,13652572,0.001358676300331041,0.0013577541348748956,1224.8142639160155,1228.6235961914062,1206.6490271570249,1217.1769809852822,0.008241392954084912,9,3,3
2023-09-08,1220.0,1228.0,1211.4749755859375,1224.0999755859375,1209.51416015625,23109288,0.006661231207662377,0.006639143241504385,1222.8548583984375,1229.8260009765625,1207.0898168492133,1216.6093646275763,0.008209873280580466,9,3,4
2023-09-11,1226.0,1238.425048828125,1226.0,1237.300048828125,1222.556884765625,13271074,0.010783441020392859,0.01072571434428471,1221.2842041015624,1231.1006884765625,1209.4693657594305,1217.049921674839,0.008243689356344066,9,3,0
2023-09-12,1241.5,1241.5,1217.9749755859375,1219.425048828125,1204.89501953125,16255666,-0.0144466613001496,-0.01455203036352332,1218.0895385742188,1231.4273315429687,1208.7656201858642,1216.1495585530915,0.008437835472416532,9,3,1
2023-09-13,1220.0,1231.324951171875,1213.125,1225.5250244140625,1210.9222412109375,12803338,0.005002279519781272,0.004989809687353597,1215.2479248046875,1232.1194384765624,1209.0974080358756,1215.76234986108,0.008154098435981654,9,3,2
2023-09-14,1230.0,1232.9000244140625,1222.5,1226.6500244140625,1212.03369140625,9209636,0.0009178543076400203,0.0009174333369484756,1213.3763366699218,1232.8723999023437,1209.54914393901,1215.4861529385,0.007935717644532844,9,3,3
2023-09-15,1234.0,1234.0,1224.75,1228.925048828125,1214.28173828125,25468592,0.0018547725949695781,0.0018530546282437724,1211.1543823242187,1233.1773022460939,1210.2772353762778,1215.396937037963,0.007909956888767403,9,3,4
2023-09-18,1220.0250244140625,1225.5,1216.0250244140625,1218.2249755859375,1203.709228515625,7516300,-0.00870680125733403,-0.008744926914399624,1209.09052734375,1233.31755859375,1209.2667727823311,1214.5311808511233,0.0076218634044070465,9,3,0
2023-09-20,1211.5250244140625,1213.800048828125,1177.5,1191.074951171875,1176.882568359375,57081884,-0.022286661529821283,-0.02253876186112912,1205.7001586914062,1231.9993115234374,1204.2845874864918,1211.7423947406235,0.008460530582300224,9,3,2
2023-09-21,1187.4749755859375,1195.050048828125,1180.0,1182.4000244140625,1168.3111572265625,12226182,-0.007283149027146663,-0.0073098006409856595,1201.8120544433593,1230.2401806640626,1198.7502136003488,1208.5252660358783,0.008485460435009123,9,3,3
2023-09-22,1188.0,1191.2249755859375,1175.0,1177.4749755859375,1163.44482421875,19176786,-0.004165271364320988,-0.004173970271031426,1198.7279968261719,1228.356005859375,1193.318615233949,1205.1859740494244,0.00834390865999883,9,3,4
2023-09-25,1175.199951171875,1180.3499755859375,1167.550048828125,1170.2249755859375,1156.2811279296875,14254884,-0.00615731501824579,-0.006176349456608375,1195.5685913085938,1226.5534814453124,1187.6205402640626,1201.5633928553698,0.008277925022933064,9,3,0
2023-09-26,1169.2750244140625,1175.0999755859375,1167.800048828125,1171.25,1157.2938232421875,10087782,0.0008758210162205238,0.000875437708783776,1193.0674987792968,1224.7921118164063,1182.9548914914665,1198.2841654766155,0.008206188030173114,9,3,1
2023-09-27,1171.75,1185.9000244140625,1169.25,1184.449951171875,1170.3365478515625,11722778,0.011270020065289543,0.011206986539756074,1191.7965698242188,1222.7826733398438,1181.0136078545581,1196.2139715784635,0.008173497063524769,9,3,2
2023-09-28,1191.5,1191.5,1162.5,1167.050048828125,1153.1439208984375,14518346,-0.014690327311990936,-0.014799298704016717,1189.7228271484375,1220.2135473632814,1176.7259637074626,1193.0235974540171,0.008453493130545404,9,3,3
2023-09-29,1170.9000244140625,1184.550048828125,1167.050048828125,1172.5,1158.529052734375,12342014,0.004669956402095776,0.004659085985473797,1188.1913024902344,1217.5576416015624,1173.9264389423722,1190.468445993303,0.008290072465246483,9,3,4
2023-10-03,1164.9749755859375,1167.800048828125,1158.0,1159.074951171875,1145.2637939453125,8859056,-0.011450087296260403,-0.011516144268631342,1185.856951904297,1214.6677075195312,1169.516801250517,1187.1199532490075,0.008229038623177655,10,4,1
2023-10-04,1154.5,1159.5,1147.550048828125,1157.074951171875,1143.2877197265625,10286386,-0.0017254314937719117,-0.0017269217651792862,1183.4719604492188,1212.536767578125,1165.4815579391393,1183.8731211362337,0.008098642162357755,10,4,2
2023-10-05,1159.625,1164.699951171875,1154.5,1157.050048828125,1143.2630615234375,10953682,-2.156780196227448e-05,-2.1568034550659508e-05,1180.7670776367188,1210.9109326171874,1162.063327721339,1180.8649685723228,0.008101104145280407,10,4,3
2023-10-06,1158.5250244140625,1162.4000244140625,1156.0250244140625,1159.0,1145.1898193359375,5431026,0.0016853144979009915,0.0016838959489996232,1178.0325500488282,1209.3393823242188,1159.467403354354,1178.222364925183,0.008111324843587871,10,4,4
2023-10-09,1154.050048828125,1155.9749755859375,1147.5,1149.125,1135.4324951171875,7576878,-0.00852026804116024,-0.008556773027652646,1174.7286437988282,1207.1749096679687,1155.7697251640207,1175.0527449394056,0.007749943943174071,10,4,0
2023-10-10,1153.2750244140625,1158.949951171875,1151.875,1154.199951171875,1140.447021484375,10236032,0.0044164020219183975,0.004406678337131165,1171.2752868652344,1205.3421069335936,1153.4123861363828,1172.4893580168107,0.007839898363215515,10,4,1
2023-10-11,1157.2249755859375,1174.8499755859375,1156.5,1172.5250244140625,1158.5537109375,9814118,0.01587683523392247,0.01575211664446401,1168.075128173828,1203.62380859375,1154.2033591827085,1171.4570878627878,0.00835978473697753,10,4,2
2023-10-12,1171.925048828125,1179.675048828125,1169.074951171875,1174.699951171875,1160.7027587890625,12554450,0.0018549401993832593,0.0018532219223509087,1165.8655151367188,1201.7377856445312,1155.2032668144552,1170.6604708943637,0.00823095657748321,10,4,3
2023-10-13,1170.0,1178.75,1164.574951171875,1174.6500244140625,1160.653564453125,10150316,-4.2383233403220366e-05,-4.238413159783624e-05,1163.3520812988281,1200.2057275390625,1156.0417741434812,1169.919218565383,0.008232656283181206,10,4,4
2023-10-16,1172.5,1177.2750244140625,1168.0,1172.0250244140625,1158.0596923828125,5929036,-0.002234837465505679,-0.002237338441632505,1160.6533813476562,1198.8861596679687,1156.3522231033783,1169.040735144452,0.008208040269682465,10,4,0
2023-10-17,1178.0,1179.8499755859375,1170.6500244140625,1177.625,1163.5928955078125,7928180,0.004777994745344127,0.00476661635797313,1158.1189392089843,1197.780146484375,1157.4661727040605,1168.6371914676638,0.008252569422649556,10,4,1
2023-10-18,1177.625,1183.5,1160.5,1162.0,1148.1541748046875,8918320,-0.013268146241462997,-0.013356954516017544,1155.3411865234375,1196.0340380859375,1156.0335576426185,1167.11993097411,0.008562322633775361,10,4,2
2023-10-19,1156.0,1160.9000244140625,1150.5,1153.074951171875,1139.33544921875,12032556,-0.0076807851937111815,-0.007710434341035911,1153.4638305664062,1193.9707568359374,1153.4646178851,1165.0618212144536,0.00854987593534508,10,4,3
2023-10-20,1150.0,1157.3499755859375,1148.1500244140625,1149.550048828125,1135.8525390625,8913312,-0.0030569663733699404,-0.003061648439454371,1151.8408996582032,1191.98748046875,1150.7550672970078,1162.8981706846791,0.008524260635899039,10,4,4
2023-10-23,1145.0,1153.125,1127.625,1131.5999755859375,1118.116455078125,7853962,-0.015614776896139881,-0.015737971646716843,1149.574481201172,1189.4865283203126,1145.7337423402566,1159.5810065656751,0.008864495960598013,10,4,0
2023-10-25,1125.0250244140625,1140.5999755859375,1121.5,1128.9749755859375,1115.5225830078125,11620688,-0.0023198585965996665,-0.0023225536374363214,1147.536553955078,1186.8229345703126,1141.0858716737268,1156.317419635463,0.008699557734986436,10,4,2
2023-10-26,1125.5,1129.0,1110.1500244140625,1113.25,1099.9849853515625,15222534,-0.013928537075740377,-0.01402644939506579,1144.6711120605469,1183.7432348632813,1134.7626583933938,1152.1446467255444,0.008551815622790906,10,4,3
2023-10-27,1120.0,1136.75,1117.9749755859375,1132.9000244140625,1119.40087890625,11771084,0.017651053253678883,0.017497082602388376,1142.1243286132812,1180.7554858398437,1132.399307703064,1149.7191824426336,0.009121364763305521,10,4,4
2023-10-30,1137.0,1162.5,1134.9749755859375,1156.25,1142.4725341796875,16813304,0.020610717490217256,0.020401190758790835,1141.5907592773438,1178.2498461914063,1133.9490348533138,1149.1823936824153,0.009964887064170785,10,4,0
2023-10-31,1164.0,1164.0,1141.449951171875,1143.949951171875,1130.3192138671875,12808438,-0.01063773521805167,-0.010694720412574799,1140.1802673339844,1175.8669213867188,1133.3906008554482,1147.7851211035095,0.010075344742704937,10,4,1
2023-11-01,1144.574951171875,1158.75,1137.5999755859375,1148.699951171875,1135.0125732421875,10309190,0.004152242408533846,0.004143645639055294,1139.667706298828,1173.3927563476564,1133.6401350687927,1146.8390064471153,0.010116464233676348,11,4,2
2023-11-02,1156.9749755859375,1162.1500244140625,1153.9749755859375,1160.0999755859375,1146.2767333984375,10562104,0.009924260243279637,0.009875338183149122,1139.817156982422,1171.418564453125,1135.5842271195072,1146.7973565916577,0.01027378434038153,11,4,3
2023-11-03,1163.5999755859375,1167.4749755859375,1157.875,1159.8499755859375,1146.0296630859375,8850156,-0.00021554159244552284,-0.0002155648248729894,1139.9554870605468,1169.4453588867189,1137.1912172681887,1146.7404904060488,0.00950082927352439,11,4,4
2023-11-06,1166.1500244140625,1170.0,1162.800048828125,1169.5,1155.564697265625,10647304,0.008320058796743801,0.008285637898362393,1140.4742309570313,1167.6351879882814,1140.0179064985634,1147.3941353586101,0.009562919507790093,11,4,0
2023-11-07,1167.0250244140625,1169.550048828125,1159.7750244140625,1161.9000244140625,1148.0552978515625,6960204,-0.0064984673137140625,-0.006519674277529036,1141.10537109375,1166.0937744140624,1141.2544282451788,1147.443110358088,0.009604654877202775,11,4,1
2023-11-08,1166.0,1170.5,1160.875,1167.949951171875,1154.0330810546875,7884494,0.00520687741636805,0.005193368502701046,1141.7846740722657,1164.7850512695313,1143.220374831257,1147.9312563356139,0.009593821508659044,11,4,2
2023-11-09,1167.925048828125,1167.949951171875,1152.0999755859375,1155.2750244140625,1141.50927734375,14513610,-0.010852205120057579,-0.010911519818570848,1140.9324523925782,1163.4689233398437,1142.9571290639483,1147.4555541880684,0.009792924733138671,11,4,3
2023-11-10,1152.7750244140625,1158.175048828125,1149.0250244140625,1157.449951171875,1143.658203125,7734954,0.001882530281532624,0.0018807605421127943,1140.080224609375,1162.4269848632812,1143.0649866118024,1147.1742689241373,0.009553857105743514,11,4,4
2023-11-13,1161.449951171875,1162.300048828125,1155.8499755859375,1157.300048828125,1143.5101318359375,3854810,-0.0001294716276750707,-0.00012948000984976745,1139.2230529785156,1161.4048120117188,1143.1334704924386,1146.9028513620483,0.009182527912761687,11,4,0
2023-11-15,1170.0,1180.9749755859375,1163.5,1178.2249755859375,1164.185791015625,12220648,0.018080870998923526,0.017919356032903403,1139.5293579101562,1160.9053369140624,1146.3722890344673,1148.183069114165,0.00973930640413189,11,4,2
2023-11-16,1175.550048828125,1187.074951171875,1173.4749755859375,1180.3499755859375,1166.285400390625,13134910,0.0018035002584666504,0.0018018759045973479,1139.6639831542968,1160.3920288085938,1149.4358446277222,1149.5239825420508,0.009489640955668793,11,4,3
2023-11-17,1176.449951171875,1186.625,1176.0250244140625,1177.7750244140625,1163.7412109375,7758634,-0.0021814467130196746,-0.0021838295338623636,1140.4433349609376,1159.8471020507814,1151.6366702138419,1150.5771105713434,0.00949394118917686,11,4,4
2023-11-20,1174.2750244140625,1179.199951171875,1168.199951171875,1174.675048828125,1160.67822265625,4490186,-0.002632018401051983,-0.0026354882512941375,1141.5104736328126,1159.1134521484375,1153.0276782819046,1151.3253410961513,0.009512108805759138,11,4,0
2023-11-21,1183.0,1194.0,1180.0999755859375,1189.449951171875,1175.2769775390625,8214450,0.012577779610099649,0.012499336416100256,1143.4816955566407,1158.6213842773439,1156.4506473983904,1153.099536388219,0.009761643106635921,11,4,1
2023-11-22,1187.5,1197.2249755859375,1186.0999755859375,1194.0999755859375,1179.8717041015625,8534814,0.003909484019776421,0.0039018618465103917,1146.5694580078125,1158.1886059570313,1160.053886891186,1155.0826599225406,0.009610157803056817,11,4,2
2023-11-23,1194.0999755859375,1200.0,1194.0999755859375,1197.75,1183.4781494140625,8531542,0.0030566419212894047,0.0030519798890647383,1149.967236328125,1157.6678857421875,1163.6576195870132,1157.1860295145052,0.009598274373503444,11,4,3
2023-11-24,1195.800048828125,1201.300048828125,1195.5250244140625,1196.949951171875,1182.6876220703125,6749486,-0.0006679695304399047,-0.0006681927214821142,1154.1023681640625,1156.8705004882813,1166.5853122767514,1159.075036370491,0.009197589152887728,11,4,4
2023-11-28,1196.949951171875,1199.8499755859375,1187.625,1197.199951171875,1182.9346923828125,13792174,0.00020890580732335629,0.0002088839895437106,1157.2790588378907,1156.4312939453125,1169.1006015238377,1160.8424182973297,0.009195545674470581,11,4,1
2023-11-29,1204.0,1205.9749755859375,1199.0250244140625,1200.3499755859375,1186.047119140625,12531306,0.0026311061615269526,0.0026276508612245856,1159.4577880859374,1155.9337915039061,1171.7077580802666,1162.7094331746107,0.009201322626858258,11,4,2
2023-11-30,1197.3499755859375,1200.3499755859375,1184.949951171875,1188.7249755859375,1174.5606689453125,28439984,-0.009684649125605738,-0.009731850338635736,1161.6698608398438,1155.1843310546874,1172.1466674441199,1163.587302490959,0.009383725524320213,11,4,3
2023-12-01,1189.0,1198.199951171875,1188.800048828125,1197.1500244140625,1182.88525390625,14342842,0.007087403129556913,0.007062405530540998,1164.063494873047,1154.5564013671874,1173.798757669063,1165.0167803735733,0.00942927246349203,12,4,4
2023-12-04,1225.0,1225.0,1199.300048828125,1210.0999755859375,1195.680908203125,15590990,0.01081732505720212,0.01075923633080253,1166.5337036132812,1154.3958349609375,1177.165242366611,1167.2881972498362,0.009231843672212253,12,4,0
2023-12-05,1219.5,1220.425048828125,1210.824951171875,1218.875,1204.351318359375,12693624,0.007251441498116629,0.0072252762107741985,1169.4497863769532,1154.9452099609375,1181.3477155962669,1170.0336136283206,0.009127651014542113,12,4,1
2023-12-06,1223.550048828125,1236.4749755859375,1217.5,1230.550048828125,1215.8873291015625,16422442,0.009578609303058094,0.009533025281484944,1172.46591796875,1155.8967333984374,1186.6615022893893,1173.430185144857,0.009182784527289845,12,4,2
2023-12-07,1230.0,1230.4749755859375,1221.0,1228.5250244140625,1213.886474609375,8142096,-0.0016455920250981748,-0.0016469474988967242,1175.7574768066406,1156.90556640625,1190.849959569387,1176.426947327414,0.00857652132242483,12,4,3
2023-12-08,1231.925048828125,1238.3499755859375,1222.5,1227.875,1213.2442626953125,10204894,-0.0005290543452748375,-0.0005291943439050647,1178.718035888672,1158.0448291015625,1194.2952369733755,1179.1541558731842,0.008545989786395734,12,4,4
2023-12-11,1228.0,1233.800048828125,1226.199951171875,1229.675048828125,1215.022705078125,7066138,0.0014658568249574788,0.0014647835056021499,1182.3937072753906,1159.1994067382811,1197.48407822026,1181.8110854439205,0.007945596049746113,12,4,0
2023-12-12,1230.0,1232.4749755859375,1210.074951171875,1212.0250244140625,1197.5831298828125,9197124,-0.014353291607164809,-0.014457296505138597,1185.0899536132813,1159.7443383789061,1197.4993169375757,1182.9793850319866,0.008106355351086102,12,4,1
2023-12-13,1211.0,1219.175048828125,1203.1500244140625,1216.9749755859375,1202.4739990234375,10031182,0.004083949596971781,0.004075632910412862,1188.0381469726562,1160.7309399414062,1198.2646526430929,1184.4234305128348,0.007343690017624286,12,4,2
2023-12-14,1227.0,1237.4749755859375,1221.324951171875,1232.074951171875,1217.39404296875,16972354,0.01240778923904351,0.012331443494718049,1190.6985595703125,1161.9082397460938,1201.2076357701171,1186.8656981021618,0.007209054791633388,12,4,3
2023-12-15,1239.0,1250.0,1235.0250244140625,1247.800048828125,1232.931884765625,15932152,0.012763198478435323,0.012682435332144196,1194.0308837890625,1163.6616015625,1206.0882894617337,1190.2780082253814,0.007444606238202041,12,4,4
2023-12-18,1247.800048828125,1267.449951171875,1245.4749755859375,1260.5,1245.48046875,14165188,0.010177840430138918,0.010126394986769758,1198.1178466796875,1165.7054565429687,1212.1486247368516,1194.3670793753531,0.007453126203063899,12,4,0
2023-12-19,1277.5,1286.949951171875,1262.5999755859375,1279.050048828125,1263.809326171875,16820604,0.01471629453994594,0.014609060654249875,1203.2744018554688,1168.1163818359375,1220.0964249576245,1199.510949508429,0.007738115227382275,12,4,1
2023-12-20,1285.5250244140625,1299.425048828125,1260.0,1263.574951171875,1248.518798828125,17736722,-0.01209876128234122,-0.012172547042770435,1206.9364929199219,1170.1829614257813,1224.4690978607784,1203.1411605691471,0.008167002453328402,12,4,2
2023-12-21,1263.5,1286.75,1259.125,1281.2750244140625,1266.0079345703125,13765454,0.014007907416855092,0.013910703380059744,1211.2433044433594,1172.7944702148438,1230.8596881237836,1207.7979586433075,0.008235845056246296,12,4,3
2023-12-22,1279.800048828125,1290.449951171875,1273.824951171875,1282.5250244140625,1267.242919921875,16541784,0.0009754957436201028,0.000975020256845618,1215.43154296875,1175.3303881835936,1236.457108400413,1212.2012891083866,0.008238259783727922,12,4,4
2023-12-26,1284.0,1295.9749755859375,1281.3499755859375,1289.0250244140625,1273.66552734375,7465664,0.005068173844893886,0.00505537388190799,1219.9804382324219,1177.6326245117189,1242.181480545542,1216.7541956443395,0.007806154749967238,12,4,1
2023-12-27,1291.0,1299.949951171875,1286.550048828125,1293.425048828125,1278.0130615234375,9204156,0.0034134033514703344,0.003407590913292193,1224.734356689453,1179.9788305664063,1247.6940314652181,1221.2918894131615,0.007798947998709288,12,4,2
2023-12-28,1294.9000244140625,1306.0,1293.425048828125,1302.7750244140625,1287.2515869140625,12302636,0.007228819226317018,0.007202816549846644,1229.794580078125,1182.510791015625,1253.779809226579,1226.1777929317468,0.007788801883131878,12,4,3
2023-12-29,1305.550048828125,1307.0,1289.6500244140625,1292.4749755859375,1277.074462890625,10864584,-0.007906087766289094,-0.007937506587712754,1234.9202697753906,1184.8910864257812,1257.3636020979707,1229.9479166324045,0.007609969822314419,12,4,4
2024-01-01,1290.2750244140625,1303.425048828125,1286.574951171875,1295.125,1279.6929931640625,4030540,0.002050413150937569,0.0020483139229261742,1239.7606567382813,1187.2130883789061,1260.7988930312156,1233.6327371162308,0.0076086328258902205,1,1,0
2024-01-02,1292.5,1307.5,1286.5,1305.8499755859375,1290.2900390625,7448800,0.008280928281271693,0.008246829511648552,1244.49111328125,1190.0558056640625,1265.335992420644,1237.829574297436,0.007596741171346033,1,1,1
2024-01-03,1305.0,1317.0,1288.5999755859375,1291.6500244140625,1276.25927734375,9037536,-0.010874114574227378,-0.010933669892535648,1248.0865112304687,1192.7942822265625,1267.0164977934296,1240.6762189675335,0.007965304223054014,1,1,2
2024-01-04,1294.0,1304.925048828125,1289.550048828125,1298.324951171875,1282.8546142578125,9612778,0.00516770928223087,0.005154402496662881,1251.4348754882812,1195.7343237304688,1269.4531310956422,1243.800544544591,0.007777142729413255,1,1,3
2024-01-05,1301.449951171875,1309.925048828125,1299.0,1303.8499755859375,1288.3138427734375,8086406,0.004255531729745909,0.0042465025614723,1255.1562438964843,1199.138271484375,1272.3547790460723,1247.097825894876,0.007778866765657609,1,1,4
2024-01-08,1305.0,1315.9749755859375,1284.4749755859375,1293.675048828125,1278.26025390625,7734652,-0.00780367992130282,-0.007834287972401772,1258.4070434570312,1202.3930249023438,1273.2633136399456,1249.4061538957185,0.008023298174368783,1,1,0
2024-01-09,1300.0,1303.4000244140625,1288.5999755859375,1290.25,1274.8758544921875,5403074,-0.002647660680773045,-0.0026511719334197425,1261.3997009277343,1205.8908422851562,1273.5113968479827,1251.2927983843458,0.008059185503242066,1,1,1
2024-01-10,1288.5,1329.5,1287.5250244140625,1325.050048828125,1309.2613525390625,11102740,0.02697164427870624,0.026614320320564152,1266.9836120605469,1209.6880517578124,1279.0113900312258,1255.5867653587693,0.009193976772233353,1,1,2
2024-01-11,1329.5,1362.5,1328.5,1359.9000244140625,1343.6961669921875,23725852,0.026300947772074146,0.025961025153538767,1274.0447204589843,1213.7125244140625,1288.962894179066,1262.1133877019854,0.010094689716992459,1,1,3
2024-01-12,1359.9000244140625,1373.324951171875,1345.75,1370.7249755859375,1354.3919677734375,15012164,0.007959984588772118,0.007928471032598132,1280.8946166992187,1218.1939794921875,1299.0289055012772,1268.9488380776484,0.009765413001687486,1,1,4
2024-01-15,1375.0,1396.449951171875,1366.0,1394.125,1377.51318359375,8610594,0.01707128834965177,0.016927211315419254,1288.123681640625,1223.0439916992189,1311.1034098231962,1276.9906414492114,0.010012837248396758,1,1,0
2024-01-16,1389.9749755859375,1396.300048828125,1370.5,1374.625,1358.2454833984375,9069024,-0.013987307290261763,-0.014086051531588095,1293.7619323730469,1227.2833666992187,1318.3560365270794,1283.0095186306355,0.010538093471887718,1,1,1
2024-01-17,1359.5,1386.2750244140625,1355.0250244140625,1361.574951171875,1345.35107421875,12197382,-0.009493430559713412,-0.009538780416978228,1297.8390197753906,1231.269794921875,1322.5091192488749,1287.6274116371626,0.010816789240246025,1,1,2
2024-01-18,1351.4000244140625,1371.0,1351.25,1367.949951171875,1351.6500244140625,10279438,0.004682012239050959,0.00467108571189652,1302.9955810546876,1235.1915014648437,1326.9923354281345,1292.3698273984144,0.010762669452241058,1,1,3
2024-01-19,1376.0,1376.0,1359.0,1367.449951171875,1351.156005859375,10422704,-0.00036549294992371806,-0.00036555975875120623,1307.2529846191405,1239.253515625,1330.709823186787,1296.7243591362633,0.01074371599180858,1,1,4
2024-01-23,1371.75,1371.75,1322.550048828125,1328.574951171875,1312.7442626953125,20055420,-0.02842879948539434,-0.028840723591696652,1309.5280517578126,1242.4277392578124,1327.945890803483,1297.9110186591558,0.012222204075890341,1,1,1
2024-01-24,1335.2249755859375,1349.5,1323.925048828125,1343.875,1327.8619384765625,21919128,0.011516085966515988,0.011450280580293978,1312.2378723144532,1246.1547924804688,1327.93297506088,1300.1296053122971,0.012324434074557225,1,1,2
2024-01-25,1342.949951171875,1364.1500244140625,1335.199951171875,1353.074951171875,1336.9522705078125,11808872,0.006845841248886986,0.006822514876267677,1315.184832763672,1250.020673828125,1329.3205589757924,1302.8572101415946,0.01189308693353553,1,1,3
2024-01-29,1364.5,1452.5,1360.175048828125,1448.050048828125,1430.7957763671875,23893438,0.07019211375715795,0.0678381779248758,1322.362042236328,1255.76638671875,1344.932130882161,1312.3341409731202,0.016990252906488156,1,1,0
2024-01-30,1459.949951171875,1459.9749755859375,1404.425048828125,1407.625,1390.852294921875,14093978,-0.027916969077676157,-0.028314055410421708,1328.0509338378906,1260.299716796875,1351.9967715036553,1318.1503005248799,0.018025191421505233,1,1,1
2024-01-31,1404.0,1434.25,1402.5,1426.625,1409.6258544921875,15130226,0.013497881578695692,0.013407596704176898,1334.5475769042969,1265.1665258789062,1360.8627842711219,1324.9262674854212,0.018037153898819585,1,1,2
2024-02-01,1435.0,1443.3499755859375,1418.050048828125,1426.6500244140625,1409.650634765625,13349362,1.757932671186957e-05,1.7579172197316585e-05,1340.515606689453,1270.0847143554688,1368.3686074241223,1331.202146543214,0.018024748430367776,2,1,3
2024-02-02,1433.175048828125,1474.9000244140625,1433.175048828125,1457.699951171875,1440.3306884765625,19652588,0.021764296027886765,0.021530835072599303,1348.7191772460938,1275.677763671875,1379.4396968168053,1339.2857422419806,0.018210307589467616,2,1,4
2024-02-05,1460.75,1470.5,1431.5250244140625,1439.0250244140625,1421.878173828125,8814432,-0.012811304234553789,-0.012894076701430595,1355.6703552246095,1280.6097875976564,1385.9686932800853,1345.4037001372506,0.018233187487140857,2,1,0
2024-02-06,1441.8499755859375,1441.8499755859375,1419.824951171875,1427.800048828125,1410.7869873046875,9047984,-0.007800377506025469,-0.007830959588981404,1361.794012451172,1285.2280932617186,1389.7868923607932,1350.2469065940977,0.018275778717037186,2,1,1
2024-02-07,1435.925048828125,1449.5,1429.25,1442.1500244140625,1424.9659423828125,9296568,0.010050386915755327,0.010000217644202745,1369.129296875,1290.0578491210938,1395.1990539026422,1355.7816499858543,0.018302941019260277,2,1,2
2024-02-08,1450.0,1459.4749755859375,1427.5250244140625,1450.125,1432.845947265625,14694634,0.0055299601544409605,0.005514726061598355,1377.0278015136719,1295.061015625,1400.9908836507934,1361.4901164510225,0.01830399779356312,2,1,3
2024-02-09,1454.0,1471.9749755859375,1450.949951171875,1460.75,1443.34423828125,12556798,0.007326880489601395,0.007300169294549263,1383.7319458007812,1300.2692065429687,1407.5067843631714,1367.5533847347428,0.018312937533028147,2,1,4
2024-02-12,1460.75,1461.0,1442.3499755859375,1452.3499755859375,1435.04443359375,6674430,-0.005750398600255946,-0.005766995799879762,1388.2993591308593,1305.2491528320313,1411.7433457832603,1372.552721687262,0.018392607431505347,2,1,0
2024-02-13,1455.5,1479.0,1454.0,1465.0999755859375,1447.642333984375,7715594,0.008778752835601367,0.008740443626390202,1392.9618774414062,1310.7107861328125,1417.2662670449704,1378.1149151907518,0.018278653991309637,2,1,1
2024-02-14,1457.5,1483.6500244140625,1457.5,1481.375,1463.7235107421875,7117888,0.011108528937221696,0.011047282384971857,1397.272393798828,1316.3275512695313,1424.4135353060808,1384.4562926390063,0.018314205182277537,2,1,2
2024-02-15,1483.3499755859375,1484.7249755859375,1466.5250244140625,1470.5999755859375,1453.0770263671875,10006782,-0.007273562456888927,-0.007300143784692397,1402.0139709472655,1321.4754736328125,1428.8233031616357,1389.5393099522048,0.018427633626992547,2,1,3
2024-02-16,1476.4749755859375,1477.0,1458.550048828125,1460.574951171875,1443.17138671875,9767498,-0.006817009331709256,-0.006840351281834747,1406.9049865722657,1326.251875,1431.030700631961,1393.5120563793564,0.01832834800719089,2,1,4
2024-02-19,1462.050048828125,1479.5,1453.5250244140625,1474.0,1456.4364013671875,6729828,0.009191572650700364,0.009149587225425334,1412.144305419922,1331.0628564453125,1434.939269975842,1398.1731189710476,0.018349894950109726,2,1,0
2024-02-20,1475.0250244140625,1475.5,1461.800048828125,1471.0250244140625,1453.4969482421875,7117496,-0.002018250245764741,-0.002020289657282546,1417.2613525390625,1335.8550659179687,1437.7942974014336,1402.2711803985394,0.01838729624684527,2,1,1
2024-02-21,1474.0,1488.5250244140625,1457.550048828125,1467.699951171875,1450.2115478515625,12720292,-0.0022603421318484473,-0.00226290056113569,1424.134716796875,1340.5944116210937,1439.7046436245305,1405.8223187283932,0.018290212796101563,2,1,2
2024-02-22,1468.1500244140625,1484.949951171875,1458.0,1481.75,1464.0941162109375,18493728,0.009572788452789194,0.009527259641250748,1430.9463256835938,1345.57583984375,1443.4568701762855,1410.1387481715446,0.018264491877509503,2,1,3
2024-02-23,1489.5,1497.550048828125,1483.3499755859375,1493.625,1475.82763671875,14438584,0.008014184592298523,0.007982241566336153,1437.8900939941407,1351.1407299804687,1448.4369881058956,1415.004591767634,0.017792132608188807,2,1,4
2024-02-26,1493.550048828125,1494.5250244140625,1482.5,1487.324951171875,1469.6026611328125,7513106,-0.004217955695542952,-0.004226876364161459,1439.8304382324218,1356.4833032226563,1451.693245494652,1419.0488932020917,0.017348900911301854,2,1,0
2024-02-27,1483.0250244140625,1499.949951171875,1478.050048828125,1485.6500244140625,1467.9476318359375,10826044,-0.0011261746733632894,-0.0011268092845608652,1443.685205078125,1361.494375,1454.1939203163881,1422.671021989784,0.017341030342991108,2,1,1
2024-02-28,1483.0,1491.2750244140625,1450.175048828125,1455.625,1438.2803955078125,8647950,-0.02021001000629752,-0.020417026206965404,1445.1179321289062,1365.6013452148438,1451.7456857304535,1423.8272718800085,0.017618865915031666,2,1,2
2024-02-29,1465.0,1478.9749755859375,1454.5250244140625,1460.800048828125,1443.393798828125,23628976,0.0035552200643791387,0.0035489152085404862,1446.8050903320313,1369.5596118164062,1450.4607800531721,1425.2766442465356,0.017373546825522446,2,1,3
2024-03-01,1463.5,1500.0,1462.5,1492.125,1474.345458984375,12132926,0.021443669898941753,0.02121698926059812,1448.5058288574219,1373.7703344726563,1454.135346042588,1428.9113712641533,0.01757426373122146,3,1,4
2024-03-04,1490.4749755859375,1512.449951171875,1487.2249755859375,1507.4000244140625,1489.4384765625,10024420,0.010237097069856427,0.010185052877913468,1451.8838439941405,1378.5887280273437,1459.5665968918054,1433.3948605455125,0.017619591003381417,3,1,0
2024-03-05,1505.7750244140625,1507.4000244140625,1486.050048828125,1500.199951171875,1482.3243408203125,7107668,-0.004776387782465696,-0.004787831175853703,1455.460711669922,1382.9150561523438,1463.067788265422,1437.019266491794,0.017670325244724745,3,1,1
2024-03-06,1493.449951171875,1509.0,1478.5,1503.0,1485.0908203125,7805676,0.0018663118563218006,0.0018645724601834507,1458.4669555664063,1387.2720141601562,1466.4559470418953,1440.5801223303647,0.016633245866895758,3,1,2
2024-03-07,1502.9749755859375,1503.0999755859375,1475.550048828125,1478.925048828125,1461.3028564453125,8315726,-0.016017851259885862,-0.01614752361871732,1459.8898010253906,1391.0247607421875,1465.6631638731901,1442.1151396722128,0.016974683171137827,3,1,3
2024-03-11,1489.0,1489.0,1463.5,1466.5999755859375,1449.1246337890625,11277130,-0.008333811572690752,-0.008368731928808444,1460.1788208007813,1394.4469921875,1463.1187746294784,1442.634361458646,0.01709220073641931,3,1,0
2024-03-12,1466.5999755859375,1488.0,1465.0250244140625,1475.425048828125,1457.844482421875,9432678,0.006017321374223394,0.005999289595146694,1461.3188232421876,1397.8588500976562,1462.307345059078,1443.7610370855518,0.011457605664098626,3,1,1
2024-03-13,1479.7750244140625,1483.0999755859375,1427.7750244140625,1432.175048828125,1415.10986328125,13522134,-0.029313565099640226,-0.02975179291567604,1459.6921997070312,1400.6195581054687,1455.0461940163352,1441.6387279148628,0.011580021327374483,3,1,2
2024-03-14,1439.699951171875,1448.5250244140625,1425.5,1431.4749755859375,1414.4180908203125,18571102,-0.0004888471763835334,-0.000488966701118936,1457.2269287109375,1403.3140600585937,1448.7957166015624,1439.6223844263777,0.011323275558039518,3,1,3
2024-03-15,1425.949951171875,1433.2249755859375,1412.9000244140625,1418.2249755859375,1401.3260498046875,19223818,-0.00925613232791167,-0.009299236512289123,1454.6393798828126,1405.5347802734375,1441.4926909405046,1436.785618898845,0.011453565389057757,3,1,4
2024-03-18,1420.0,1441.7249755859375,1416.5250244140625,1439.4749755859375,1422.3228759765625,9169392,0.01498354089314291,0.014872396493447314,1453.5969543457031,1408.4560522460938,1438.5434886383598,1435.7143046083058,0.011066904610679303,3,1,0
2024-03-19,1428.75,1437.5999755859375,1417.25,1425.25,1408.267333984375,8275764,-0.009882103585331814,-0.00993125565628594,1451.1885009765624,1410.964306640625,1433.885618691593,1433.6811956732,0.010965720249793625,3,1,1
2024-03-20,1427.949951171875,1445.0,1424.0250244140625,1443.75,1426.546875,8488806,0.012980164045918174,0.012896643678893618,1449.840997314453,1413.7289672851562,1432.7565812005787,1433.1527274751852,0.011128258685044853,3,1,2
2024-03-21,1452.5250244140625,1457.9000244140625,1444.675048828125,1450.9749755859375,1433.685791015625,13006936,0.005004333289521323,0.004991853232610577,1449.0147094726562,1416.8374780273436,1432.8995365567398,1433.192213663366,0.011015404147135163,3,1,3
2024-03-22,1449.9749755859375,1460.0,1447.3499755859375,1455.0250244140625,1437.6875,19527608,0.002791203630148509,0.0027873154547418465,1447.6943786621093,1420.0937109375,1433.6361463172414,1433.52519783645,0.010981538763324751,3,1,4
2024-03-26,1445.0,1452.4000244140625,1439.0,1441.574951171875,1424.3978271484375,11415906,-0.009243784098813213,-0.009286772996187373,1445.1228881835937,1422.3964404296876,1432.2148664451177,1432.8490963040044,0.01102584633123472,3,1,1
2024-03-27,1448.0,1500.0,1447.0,1492.8499755859375,1475.061767578125,16326644,0.03556867292553645,0.03495071826923379,1445.3958435058594,1425.0237524414063,1438.806697388657,1435.9759608428283,0.012774139672583966,3,1,2
2024-03-28,1492.875,1505.949951171875,1478.6500244140625,1485.8499755859375,1468.145263671875,21854364,-0.004688958834317858,-0.004699986487437491,1445.4057250976562,1427.298818359375,1443.3203229706908,1438.3588721634985,0.012727759574286169,3,1,3
2024-04-01,1492.4749755859375,1493.9749755859375,1482.5,1484.7750244140625,1467.0830078125,5013880,-0.0007235359372533834,-0.0007237978157062325,1446.8458557128906,1429.09021484375,1446.9761206386613,1440.4865859152765,0.012571563036168161,4,2,0
2024-04-02,1484.0,1494.0,1475.0,1486.949951171875,1469.2320556640625,8910166,0.0014648440750240077,0.0014637722375308022,1448.1377685546875,1431.3099462890625,1450.4001106425692,1442.615879970742,0.012494565171729177,4,2,1
2024-04-03,1482.074951171875,1484.449951171875,1468.9000244140625,1471.5999755859375,1454.0650634765625,7008292,-0.010323074649119857,-0.010376727142757615,1447.1237487792969,1433.4842260742187,1450.9639495401066,1443.46396763784,0.012580920981103949,4,2,2
2024-04-04,1479.75,1479.75,1450.0,1462.925048828125,1445.493408203125,14490272,-0.005894959922180698,-0.005912403786125151,1444.926495361328,1435.36109375,1450.1223277959557,1443.6142965686017,0.01251571853727389,4,2,3
2024-04-05,1460.875,1470.800048828125,1456.0,1460.0999755859375,1442.7020263671875,7442298,-0.0019310927466680283,-0.0019329597101731177,1442.945379638672,1437.1920141601563,1448.9807429607606,1443.5467209981266,0.01251528623259708,4,2,4
2024-04-08,1462.9749755859375,1490.9749755859375,1461.0,1485.9749755859375,1468.2686767578125,8357118,0.017721365828398783,0.017566173225891647,1442.1042724609374,1440.3025024414062,1451.9481173910763,1445.3779769803255,0.01292535686498698,4,2,0
2024-04-09,1489.0,1489.800048828125,1462.5,1463.6500244140625,1446.2098388671875,7071414,-0.015023706655197921,-0.015137705769930891,1441.3496215820312,1442.6694604492188,1451.065305310478,1445.4395963793522,0.01310836016698347,4,2,1
2024-04-10,1466.3499755859375,1487.0,1466.3499755859375,1479.574951171875,1461.945068359375,9138330,0.010880322529483566,0.01082155768966352,1441.9906433105468,1445.16931640625,1452.7391150103083,1446.6622239334279,0.013181488891599409,4,2,2
2024-04-12,1475.875,1486.4749755859375,1463.074951171875,1467.1500244140625,1449.668212890625,15551012,-0.008397617485400688,-0.00843307612673182,1441.5818298339843,1445.5467651367187,1452.266668530357,1446.884889782109,0.013247005051169332,4,2,4
2024-04-15,1461.0,1482.125,1446.324951171875,1464.824951171875,1447.3707275390625,12902062,-0.0015848352961960188,-0.0015860924761116966,1443.194873046875,1446.6771337890625,1451.5134468393887,1446.9208777641056,0.013248171790290014,4,2,0
2024-04-16,1453.3499755859375,1471.175048828125,1450.925048828125,1465.75,1448.28466796875,9366184,0.0006314487451610784,0.0006312494652878001,1444.888201904297,1447.4503100585937,1451.0167116285213,1447.021899260746,0.012708220658320123,4,2,1
2024-04-18,1463.5,1486.0,1459.3499755859375,1464.324951171875,1446.876708984375,19005692,-0.0009721562449112042,-0.0009726290952745931,1447.1657348632812,1448.1948315429688,1450.3797881448065,1447.0111444254594,0.012695215012686398,4,2,3
2024-04-19,1456.7750244140625,1474.0,1443.0250244140625,1470.125,1452.607666015625,15741778,0.003960915947892163,0.003953092173057183,1448.6799743652343,1448.44037109375,1450.722538586471,1447.4257015802866,0.01207030806963248,4,2,4
2024-04-22,1472.449951171875,1482.824951171875,1467.800048828125,1479.8499755859375,1462.2166748046875,10350362,0.006615006249704791,0.006593223106844586,1451.37744140625,1449.2471411132813,1452.4908672354275,1448.5213292265385,0.011977742379378032,4,2,0
2024-04-23,1479.0,1493.5,1455.550048828125,1459.324951171875,1441.9364013671875,14605554,-0.013869540531815439,-0.013966621298081718,1452.1469177246095,1449.8701293945312,1450.867103255698,1448.0335567925126,0.012201463073186909,4,2,1
2024-04-24,1463.5,1468.550048828125,1449.5,1450.175048828125,1432.8953857421875,10462776,-0.006270051589257086,-0.0062897909170492655,1452.1073974609376,1450.0287182617187,1448.102223638235,1446.9122107887847,0.012229428740473839,4,2,2
2024-04-25,1442.5,1467.9749755859375,1441.5,1459.9749755859375,1442.5784912109375,15943926,0.0067577197645412035,0.006734988725531543,1452.3519470214844,1450.223369140625,1447.2524186494202,1446.591194523759,0.011977025657713625,4,2,3
2024-04-26,1463.949951171875,1465.0,1450.0,1452.550048828125,1435.2420654296875,9413848,-0.005085633694074887,-0.0050986095414096684,1452.8941589355468,1450.0613256835939,1445.4046720002307,1445.7505182945683,0.01191699445394842,4,2,4
2024-04-29,1450.0,1467.9000244140625,1450.0,1465.0250244140625,1447.568359375,7247974,0.008588303145659504,0.00855163347412467,1451.5194885253907,1450.3118041992188,1445.7375469809645,1445.8851731894151,0.011972751201013194,4,2,0
2024-04-30,1468.0,1483.074951171875,1462.875,1467.0,1449.5198974609375,11474262,0.001348149172575308,0.0013472412354110972,1450.5882202148437,1450.34935546875,1446.3194470548065,1446.1544120243427,0.01063253774819105,4,2,1
2024-05-02,1472.0,1477.324951171875,1464.125,1466.550048828125,1449.0751953125,14512646,-0.0003067927175173235,-0.00030683978803059097,1449.6878295898437,1450.0563891601562,1446.7434083252208,1446.370766341984,0.01063179603578199,5,2,3
2024-05-03,1471.0,1474.949951171875,1416.1500244140625,1434.0,1416.9130859375,17226958,-0.022194920925455608,-0.022444934461080222,1447.0718811035156,1449.3331103515625,1442.1541279578792,1444.1887159416522,0.011297950072417262,5,2,4
2024-05-06,1435.5,1440.0,1418.0,1419.5250244140625,1402.610595703125,7394208,-0.010094119657954703,-0.010145410734545121,1444.4991577148437,1448.52189453125,1436.070507610994,1441.1088551832427,0.011110201222604704,5,2,0
2024-05-07,1415.9749755859375,1420.75,1392.0,1401.4749755859375,1384.775634765625,14517472,-0.012715546989404691,-0.012797081464717926,1441.4632690429687,1447.0886791992189,1428.1789887117063,1436.936024041197,0.011205174929318362,5,2,1
2024-05-08,1397.5,1432.949951171875,1397.5,1418.550048828125,1401.647216796875,9439002,0.012183621380734033,0.0121099984584014,1439.4105285644532,1446.0516845703125,1424.0971776478862,1434.3220383193955,0.011173028286456933,5,2,2
2024-05-09,1413.0,1423.75,1390.0,1394.125,1377.51318359375,11009612,-0.017218336335927287,-0.017368295749624733,1434.87275390625,1444.5977172851562,1416.9304093318653,1430.1139750063846,0.011524803879059093,5,2,3
2024-05-10,1396.75,1410.0,1388.074951171875,1407.425048828125,1390.65478515625,10505096,0.009540091317467692,0.00949487201631709,1432.0950012207031,1443.1289306640624,1412.88800561254,1427.1910720545227,0.011671695316473954,5,2,4
2024-05-13,1399.9000244140625,1406.9749755859375,1384.0,1402.699951171875,1385.986083984375,8456620,-0.003357196352184899,-0.003362844380427884,1428.297052001953,1441.332099609375,1408.749248438976,1424.1388507159932,0.011578173024273117,5,2,0
2024-05-14,1400.9749755859375,1427.074951171875,1400.0250244140625,1420.074951171875,1403.1539306640625,7188300,0.012386738134003483,0.012310650170006631,1425.971337890625,1440.003125,1407.8884303197585,1422.584412193628,0.00968239466394396,5,2,1
2024-05-15,1420.5,1429.9749755859375,1413.0250244140625,1416.2750244140625,1399.3994140625,5046534,-0.0026757695784564994,-0.0026793558486586607,1423.572772216797,1438.6321606445313,1406.5824278186417,1420.8670049246555,0.00966734945650698,5,2,2
2024-05-16,1418.550048828125,1427.5,1398.0250244140625,1425.3499755859375,1408.3660888671875,14711774,0.006407516477841657,0.006387075614449121,1421.5768432617188,1438.0338745117188,1406.8568372107256,1419.9410111426207,0.00977548724913401,5,2,3
2024-05-17,1423.050048828125,1437.199951171875,1413.25,1435.699951171875,1418.5928955078125,10916476,0.007261468961419659,0.007235231434442461,1420.1626525878905,1437.5378564453124,1408.6623846410466,1419.8411507252274,0.009888943041493889,5,2,4
2024-05-21,1425.5999755859375,1441.824951171875,1425.5999755859375,1436.125,1419.0128173828125,11176128,0.00029601295504133596,0.0002959691518505546,1418.48291015625,1436.4312036132812,1410.2547589090107,1419.7797926998633,0.009737091284119441,5,2,1
2024-05-22,1436.2750244140625,1468.7750244140625,1436.2750244140625,1460.6500244140625,1443.2454833984375,10281604,0.017077129761462695,0.016932954664094238,1417.5343505859375,1435.50734375,1415.330254984307,1421.5179920108687,0.01021163871382751,5,2,2
2024-05-23,1458.550048828125,1492.2249755859375,1455.0,1486.050048828125,1468.3428955078125,14608260,0.01738956566853589,0.01724009747476909,1418.8546752929688,1435.22771484375,1423.486045834077,1424.9865033810127,0.010684064512037239,5,2,3
2024-05-24,1483.625,1488.5,1476.0999755859375,1480.25,1462.6119384765625,7094776,-0.0039030100181525196,-0.003910646638767659,1420.3405029296875,1434.7781372070312,1429.5054139329209,1427.7735726473497,0.010211083681127577,5,2,4
2024-05-27,1480.2249755859375,1484.9000244140625,1461.550048828125,1466.25,1448.77880859375,6629010,-0.009457826453420637,-0.00950283571201057,1420.6505187988282,1434.52765625,1432.4705515730484,1429.3295160507867,0.009978074186206585,5,2,0
2024-05-28,1468.0,1478.5,1452.75,1456.199951171875,1438.8485107421875,7820162,-0.006854253936252164,-0.006877852229043061,1420.8308410644531,1434.3221337890625,1433.4517760606082,1430.0346267686682,0.009842238858183625,5,2,1
2024-05-29,1446.5,1458.0,1438.449951171875,1440.7750244140625,1423.607421875,7383556,-0.01059255978193685,-0.010649060287489482,1419.632794189453,1433.637392578125,1431.937260032053,1429.5585375172855,0.00991101484580628,5,2,2
2024-05-30,1435.5,1440.4000244140625,1420.0999755859375,1424.8499755859375,1407.8720703125,13206858,-0.011053153643843294,-0.011114693640781296,1417.5504028320313,1433.49263671875,1428.2349231521218,1427.9521325391531,0.010093943993850475,5,2,3
2024-05-31,1431.300048828125,1442.25,1422.25,1430.4000244140625,1413.35595703125,31069832,0.003895159819125249,0.0038875933262184697,1415.7644409179688,1433.4713940429688,1425.9458514412183,1426.8709343533826,0.010128242499381908,5,2,4
2024-06-03,1483.0,1514.5,1459.0,1510.324951171875,1492.32861328125,21527942,0.055875984996647254,0.05437073993749036,1419.5352172851562,1435.2914453125,1436.1585840319926,1431.7196513110025,0.014473702317617704,6,2,0
2024-06-04,1498.050048828125,1498.050048828125,1359.300048828125,1397.2750244140625,1380.625732421875,36709098,-0.07485139657931561,-0.07780090202623234,1418.4359741210938,1434.4575024414062,1427.6150683996668,1427.9349165784745,0.020028814067089767,6,2,1
2024-06-05,1422.0,1431.1500244140625,1384.0999755859375,1420.75,1403.8209228515625,17464890,0.016800491172215715,0.01666092394985103,1419.3882385253905,1434.36857421875,1423.9544306230355,1426.1486948209256,0.02025608620611629,6,2,2
2024-06-06,1435.0,1443.699951171875,1421.3499755859375,1431.5999755859375,1414.5416259765625,17855722,0.007636802494169315,0.007607789734192113,1420.032958984375,1434.1284692382812,1422.5063068312704,1425.2889119435654,0.020171028292240174,6,2,3
2024-06-07,1428.5,1472.0,1426.5,1469.949951171875,1452.4345703125,18558696,0.02678814369268001,0.026435623096488312,1423.7790283203126,1434.5034448242188,1427.110655059152,1427.2997014523755,0.020736577700517945,6,2,4
2024-06-10,1469.949951171875,1493.3499755859375,1468.074951171875,1471.4000244140625,1453.867431640625,9251760,0.000986523838947706,0.0009860375441066564,1426.9396606445312,1434.8270434570313,1431.2270822255323,1429.26768146632,0.020704827060078965,6,2,0
2024-06-11,1469.0,1473.675048828125,1454.675048828125,1456.675048828125,1439.3179931640625,11774902,-0.010007403811325588,-0.010057814478764863,1429.6062561035155,1435.1254467773438,1432.4718377545369,1430.012148999486,0.020769764079379974,6,2,1
2024-06-12,1457.5,1476.0,1455.175048828125,1463.324951171875,1445.8885498046875,10081742,0.004565048635417179,0.0045546604040849524,1431.742987060547,1434.541982421875,1434.5359473007138,1431.1881786887602,0.020727387461351984,6,2,2
2024-06-13,1472.0,1472.25,1460.0999755859375,1465.25,1447.790771484375,9181160,0.0013156074027589337,0.0013147427496194668,1434.1625549316407,1434.134892578125,1436.575151021277,1432.4180003773242,0.020727324631998185,6,2,3
2024-06-14,1470.0,1479.675048828125,1457.2249755859375,1477.550048828125,1459.9442138671875,8157998,0.008394474272240382,0.008359436618320157,1436.7414611816407,1433.9921166992187,1440.1703914591094,1434.456979154351,0.0207812206462583,6,2,4
2024-06-18,1487.3499755859375,1487.4000244140625,1471.3499755859375,1481.0250244140625,1463.3778076171875,7196766,0.00235186640515872,0.002349105096004218,1438.9807067871093,1433.8750317382812,1443.740763175737,1436.5992627441908,0.020336923257105153,6,2,1
2024-06-19,1487.5,1487.5,1456.0,1458.6500244140625,1441.2694091796875,8725874,-0.015107785783289307,-0.015223070988796718,1440.0935363769531,1433.6191186523438,1443.3605548686526,1436.9451995171905,0.020453871180362845,6,2,2
2024-06-20,1459.0,1482.8499755859375,1450.0999755859375,1473.699951171875,1456.1400146484375,16113776,0.010317713936087491,0.01026484964050038,1440.738262939453,1433.83205078125,1445.3266256040042,1438.3670376750608,0.02034896196902344,6,2,3
2024-06-21,1473.625,1474.699951171875,1440.574951171875,1454.199951171875,1436.872314453125,31170360,-0.013232038129220913,-0.013320361543512403,1439.1647338867188,1433.7154565429687,1444.0259623500228,1438.2563174363988,0.02043407378691452,6,2,4
2024-06-24,1445.5250244140625,1449.5,1437.5,1441.4749755859375,1424.2989501953125,8878386,-0.00875050909627828,-0.008789019623403664,1437.2490844726562,1432.8360620117187,1440.9910374031444,1437.2224383815035,0.020230749499178833,6,2,0
2024-06-25,1443.0,1455.925048828125,1441.0,1454.1500244140625,1436.822998046875,7045386,0.008793131420791411,0.008754696982419286,1436.6512939453125,1432.6483251953125,1440.349800579103,1437.192850208568,0.020220734434365856,6,2,1
2024-06-26,1446.050048828125,1518.9749755859375,1445.125,1514.0250244140625,1495.9844970703125,22014882,0.04117521720062789,0.040350091704236805,1439.5080932617188,1433.3291137695312,1448.9089846546738,1441.5477870131417,0.021464168200038478,6,2,2
2024-06-27,1513.75,1537.5,1506.0,1530.550048828125,1512.312744140625,28383030,0.010914716764972576,0.010855581153787095,1443.943359375,1434.5820043945312,1458.6634091909739,1446.7896356892516,0.021443108496921385,6,2,3
2024-06-28,1531.0250244140625,1581.0,1531.0250244140625,1565.4000244140625,1546.7474365234375,28957336,0.02276955776259104,0.022514200365229227,1450.8871276855468,1436.5695385742188,1472.2147980113527,1454.1939172325247,0.02172351525316487,6,2,4
2024-07-01,1562.5250244140625,1579.4000244140625,1555.675048828125,1560.1500244140625,1541.5599365234375,7724306,-0.0033538119265674737,-0.00335944856012136,1457.2973266601562,1438.4350439453126,1482.8832808593656,1460.6654742170367,0.021752685440730057,7,3,0
2024-07-02,1569.5,1573.5,1557.0,1565.175048828125,1546.5250244140625,7749246,0.0032208205292505454,0.0032156447972346023,1460.007147216797,1440.4280102539062,1492.674318329319,1467.025440898298,0.021739483548781052,7,3,1
2024-07-03,1566.324951171875,1575.0,1542.7750244140625,1552.425048828125,1533.927001953125,9049620,-0.008146019147482364,-0.008179379253017231,1467.6722106933594,1442.0543969726561,1499.0208850406739,1471.9811120875443,0.021831651693990543,7,3,2
2024-07-04,1557.0,1567.5,1550.800048828125,1554.0250244140625,1535.5079345703125,6837176,0.0010306439714371507,0.0010301132225833216,1474.2565612792969,1443.5202221679688,1504.6342772760029,1476.6868026418233,0.02166655271290491,7,3,3
2024-07-05,1553.824951171875,1598.5,1548.0,1588.625,1569.695556640625,12269710,0.022264699061864013,0.022020459285539744,1482.0142578125,1446.0754052734376,1514.64370487056,1483.5763399750679,0.0218015155838432,7,3,4
2024-07-08,1589.0,1608.800048828125,1582.5250244140625,1600.9000244140625,1581.8243408203125,9500806,0.00772683857603873,0.007697139447657722,1488.4837463378906,1449.053984375,1524.979187324368,1490.853969667308,0.021787872159601693,7,3,0
2024-07-09,1597.5999755859375,1600.5,1580.5,1590.2750244140625,1571.3260498046875,6960002,-0.006636824800774432,-0.006658946455181489,1494.3566772460938,1451.628935546875,1532.1094738598017,1496.8148644922992,0.021738966664474543,7,3,1
2024-07-10,1595.0,1597.5,1563.1500244140625,1584.2249755859375,1565.3480224609375,7134578,-0.0038044474248314364,-0.0038117027424310374,1500.6581787109376,1454.2310546875,1537.2230967215148,1501.8913947121982,0.0216986730344687,7,3,2
2024-07-11,1587.5,1604.25,1570.5,1580.6500244140625,1561.815673828125,11940946,-0.00225658996090794,-0.0022591398968626053,1506.4545349121095,1456.5160009765625,1541.0065701225317,1506.3302302022669,0.021571039181353644,7,3,3
2024-07-12,1584.5,1605.1500244140625,1574.5,1596.7249755859375,1577.6990966796875,12924784,0.010169844699170483,0.010118479783829858,1512.949951171875,1459.0795849609376,1546.651574208248,1511.616812904298,0.02143093798603966,7,3,4
2024-07-15,1604.449951171875,1605.8499755859375,1585.5,1597.2249755859375,1578.1932373046875,5329688,0.00031320333898898767,0.00031315430106217183,1518.86240234375,1461.6619458007813,1551.5041377615462,1516.5483998969196,0.02144168025761309,7,3,0
2024-07-16,1593.5,1600.0,1569.125,1576.25,1557.4681396484375,9386838,-0.013132167320425991,-0.013219156641213883,1523.5669189453124,1464.473046875,1552.4216765133756,1519.5794917303654,0.0192655624331631,7,3,1
2024-07-18,1576.0,1593.9000244140625,1557.824951171875,1586.675048828125,1567.7689208984375,12298374,0.006613799016347954,0.0065920238061454505,1529.89189453125,1467.7762133789063,1554.7827910341543,1523.1490790761484,0.012759588153149152,7,3,3
2024-07-19,1586.0,1589.9749755859375,1552.800048828125,1555.1500244140625,1536.6195068359375,13140390,-0.019868625820602004,-0.020068661017026236,1533.915869140625,1470.8130908203125,1551.988439619044,1524.1468885398365,0.013269369569025758,7,3,4
2024-07-22,1537.25,1537.5,1499.2750244140625,1500.675048828125,1482.793701171875,19674376,-0.03502871428132237,-0.03565693381780198,1536.2119384765624,1472.4360205078126,1541.3430952425565,1521.083689475543,0.01494691305784181,7,3,0
2024-07-23,1501.0,1505.75,1463.0,1487.9000244140625,1470.1707763671875,18052044,-0.00851293392648711,-0.008549375914720204,1538.5055297851563,1474.2891723632813,1530.3935077232688,1517.3123625786277,0.014276582517280863,7,3,1
2024-07-24,1485.0,1509.5,1476.4000244140625,1495.699951171875,1477.8778076171875,11913362,0.005242269383863185,0.005228576523311883,1540.5582702636718,1476.0336328125,1522.3141692454103,1514.3912844333358,0.014302673720413184,7,3,2
2024-07-25,1481.0,1500.4749755859375,1477.074951171875,1492.4000244140625,1474.6173095703125,12519876,-0.0022062027253335614,-0.002208639975938641,1539.4899108886718,1477.8062573242187,1514.9761908338567,1511.4450640731118,0.014172653603786884,7,3,3
2024-07-26,1492.4000244140625,1512.425048828125,1490.3499755859375,1509.0250244140625,1491.044189453125,9859940,0.011139757940044293,0.011078167813855866,1538.4264831542969,1479.5640625,1511.2943444675902,1509.933888175335,0.014281620427974295,7,3,4
2024-07-29,1511.949951171875,1527.5,1511.7750244140625,1520.0999755859375,1501.987060546875,7538550,0.007339065583135795,0.007312265685574586,1536.1884643554688,1481.6158154296875,1509.8624546336341,1509.3452342769306,0.014326678408012659,7,3,0
2024-07-30,1517.0250244140625,1525.0,1510.0,1513.1500244140625,1495.1199951171875,8228208,-0.0045719870763648585,-0.004582470575095957,1533.8664672851562,1483.3508935546874,1507.594383938796,1508.2915128576903,0.014301606582736662,7,3,1
2024-07-31,1504.0,1510.449951171875,1501.1500244140625,1505.425048828125,1487.4869384765625,10057346,-0.005105313731040506,-0.005118390371073494,1530.9145629882812,1484.7287744140624,1504.5009307907599,1506.7504332739031,0.014340120578752766,7,3,2
2024-08-01,1512.0,1518.0,1504.300048828125,1515.300048828125,1497.2445068359375,10764222,0.006559767421802309,0.0065383457771276,1529.0804382324218,1486.293408203125,1503.3845578746334,1506.0462905747945,0.014062379129696378,8,3,3
2024-08-02,1505.0,1509.324951171875,1493.2750244140625,1499.324951171875,1481.459716796875,10268248,-0.010542559994038525,-0.01059852648054931,1526.37802734375,1487.0576928710936,1500.0115054011321,1504.225062887541,0.014120109213387057,8,3,4
2024-08-05,1480.0,1483.9000244140625,1433.25,1447.324951171875,1430.079345703125,17046704,-0.0346822600109854,-0.03529796760140317,1519.397216796875,1486.292421875,1489.2527116014387,1498.7327875405474,0.015338885404818797,8,3,0
2024-08-06,1455.1500244140625,1477.5,1451.324951171875,1456.050048828125,1438.7003173828125,10236186,0.006028317034009634,0.0060102194265346616,1512.241015625,1485.814189453125,1481.4754201831884,1494.2859378992337,0.015286861145402335,8,3,1
2024-08-07,1469.0,1472.5,1461.5,1464.824951171875,1447.3707275390625,8174568,0.0060265574779483355,0.006008470412545442,1506.0432495117188,1485.7860278320313,1476.2285443917845,1490.8107371318135,0.015243067360077554,8,3,2
2024-08-08,1457.5250244140625,1465.0,1445.925048828125,1449.125,1431.8577880859375,12387192,-0.010718013814954852,-0.010775865466222516,1499.3687377929687,1485.6462133789062,1469.4022741908848,1486.4438520173042,0.01326762533126497,8,3,3
2024-08-09,1460.0,1476.5,1456.0,1474.300048828125,1456.73291015625,6249776,0.01737262057537481,0.017223441874152933,1494.114599609375,1486.3087231445313,1467.4531412624794,1484.243041509078,0.013523789875430415,8,3,4
2024-08-12,1470.0,1473.0,1457.75,1460.625,1443.2208251953125,8184584,-0.009275609047294853,-0.009318895388275688,1487.3906860351562,1487.0156982421875,1463.7250926367615,1481.2043588191696,0.012815686882086738,8,3,0
2024-08-13,1460.75,1470.074951171875,1458.0,1463.625,1446.1851806640625,6265064,0.0020539860685206968,0.0020518795231858444,1480.790283203125,1487.6722827148437,1461.0266446409616,1478.610345622495,0.012837296943898263,8,3,1
2024-08-14,1463.550048828125,1472.0,1453.699951171875,1461.8499755859375,1444.43115234375,6267466,-0.0012128656438776808,-0.0012136017606801143,1475.1384338378907,1486.7143334960938,1458.473491979852,1476.0785535277732,0.012800036714968042,8,3,2
2024-08-16,1468.6500244140625,1480.4000244140625,1458.050048828125,1478.199951171875,1460.58642578125,9416902,0.01118452299459638,0.01112243871044888,1469.7793090820312,1488.3135473632813,1458.7985587185287,1474.9309885095122,0.012975427223640838,8,3,4
2024-08-19,1482.5,1498.300048828125,1480.5,1488.4000244140625,1475.65625,13797742,0.01031765320610134,0.010264789530708045,1466.7311462402345,1489.75025390625,1461.3920496849091,1474.9847115828818,0.013148737296987406,8,3,0
2024-08-20,1497.2249755859375,1503.925048828125,1490.0250244140625,1495.949951171875,1483.1416015625,8411808,0.005072557760318563,0.0050597356814136235,1466.7485412597657,1491.1222534179688,1464.738134589154,1475.5889256554462,0.012444791362197049,8,3,1
2024-08-21,1493.25,1507.875,1490.0,1498.675048828125,1485.8433837890625,7769996,0.001821661683359288,0.001820004469997808,1467.5321716308595,1491.7904296875,1467.9850960045246,1476.3485151468253,0.012334910214733074,8,3,2
2024-08-22,1503.0,1506.5,1490.6500244140625,1498.125,1485.2979736328125,10445782,-0.0003670710938989963,-0.0003671384809840563,1467.9031799316406,1492.4190405273437,1470.6486156396459,1477.0114379976392,0.012306896685631317,8,3,3
2024-08-23,1503.75,1511.324951171875,1498.425048828125,1499.9749755859375,1487.1322021484375,9249654,0.001234922923336823,0.0012341610332094125,1468.5289245605468,1493.3753247070313,1473.1845520256138,1477.7611242310318,0.012312998343729994,8,3,4
2024-08-26,1506.9749755859375,1523.0,1503.0,1512.5999755859375,1499.649169921875,8816114,0.008416849393318548,0.00838162522943765,1468.9591735839845,1494.450537109375,1477.2560317019615,1479.382460948872,0.012447824080939751,8,3,0
2024-08-27,1510.5,1513.4749755859375,1499.449951171875,1500.449951171875,1487.6031494140625,6251156,-0.008032559047420396,-0.00806499385628889,1468.2399780273438,1495.2467846679688,1478.8478959653617,1479.9914008351823,0.012313513777551225,8,3,1
2024-08-28,1505.0,1507.4749755859375,1493.0,1498.300048828125,1485.4716796875,9610286,-0.0014328214668017925,-0.0014338489370512202,1467.7575622558593,1495.757333984375,1479.8669396149214,1480.3973474168354,0.012306895092264661,8,3,2
2024-08-29,1503.0999755859375,1537.0,1494.0,1520.925048828125,1507.90283203125,38335358,0.015100356775882062,0.014987481276891203,1468.7783569335938,1496.6478344726563,1484.180153832818,1482.4347907216068,0.012499646055675826,8,3,3
2024-08-30,1534.0,1539.7249755859375,1503.324951171875,1509.625,1496.6995849609375,41620730,-0.00742968766443719,-0.007457425267049782,1468.7511108398437,1497.7564379882813,1486.106220160221,1483.4914421467424,0.01246755732209668,8,3,4
2024-09-02,1510.875,1526.800048828125,1506.625,1516.25,1503.2679443359375,11240852,0.0043885623013462105,0.004378960643210244,1469.8415222167969,1498.6989965820312,1488.7464854180237,1484.956368234831,0.012011375305799541,9,3,0
2024-09-03,1521.25,1523.0,1507.5,1509.125,1496.203857421875,10923800,-0.004699153561198988,-0.004710229294631301,1473.1477478027343,1499.8856274414063,1489.893773418616,1485.7895155820192,0.010151275148246515,9,3,1
2024-09-04,1500.699951171875,1517.5,1499.5,1514.550048828125,1501.5823974609375,11983304,0.0035947909186186955,0.0035883451007041557,1476.2918518066406,1501.4312963867187,1491.692023271281,1486.9593586841613,0.010026663322601296,9,3,2
2024-09-05,1519.050048828125,1525.7750244140625,1487.050048828125,1492.9749755859375,1480.192138671875,16264168,-0.014245144871990911,-0.014347580922800073,1477.9329223632812,1502.2986791992187,1489.9228102559878,1486.4580831276958,0.010351834812695054,9,3,3
2024-09-06,1492.5,1497.0,1461.625,1464.824951171875,1452.2830810546875,19394228,-0.01885502353919355,-0.01903504597209021,1478.9541870117187,1501.4246508789063,1484.132082686557,1483.926601492658,0.01091113636733217,9,3,4
2024-09-09,1466.5,1469.925048828125,1455.5999755859375,1462.449951171875,1449.928466796875,9010298,-0.0016213190723826099,-0.001622634832520166,1478.61396484375,1500.1769653320312,1478.8699879342983,1481.4082211448222,0.010690214542325785,9,3,0
2024-09-10,1460.5,1472.050048828125,1457.574951171875,1461.5250244140625,1449.011474609375,10768260,-0.000632439605469437,-0.0006326396797577702,1478.903497314453,1498.22224609375,1474.2763704996946,1479.0084621421963,0.010577455212332885,9,3,1
2024-09-11,1463.050048828125,1468.75,1447.550048828125,1451.5,1439.072265625,9760202,-0.006859303158420094,-0.006882936311639482,1478.5478515625,1496.1724926757813,1468.860354365126,1476.0502253631448,0.010611223681025867,9,3,2
2024-09-12,1457.0,1486.0,1445.875,1479.800048828125,1467.1298828125,22349376,0.01949701752838262,0.019309385602279742,1479.6827880859375,1494.58458984375,1468.5941279724143,1475.3894592482823,0.011232903703070273,9,3,3
2024-09-13,1476.4000244140625,1483.1500244140625,1469.5,1472.625,1460.016357421875,8711328,-0.004848599618861527,-0.004860392211809669,1479.6542846679688,1493.106376953125,1467.274470964639,1474.2507109648448,0.011182233245800675,9,3,4
2024-09-16,1477.550048828125,1480.9000244140625,1464.75,1471.3499755859375,1458.7523193359375,5481774,-0.000865769811079109,-0.0008661448062172663,1478.8090881347657,1491.5712646484376,1465.9633707140697,1473.102681955296,0.011029381161885597,9,3,0
2024-09-17,1474.0,1477.4749755859375,1466.625,1472.300048828125,1459.6942138671875,5935328,0.0006456850273792725,0.000645476662489217,1477.63671875,1489.3712377929687,1464.9988850453185,1472.1094620969177,0.0089363938822589,9,3,1
2024-09-18,1470.0,1482.0,1460.550048828125,1463.449951171875,1450.9197998046875,8574714,-0.006011131632325806,-0.0060292712135477985,1475.8905395507813,1486.7531469726562,1462.8328719313752,1470.5398574826784,0.008960183821938396,9,3,2
2024-09-19,1466.25,1476.5,1455.550048828125,1469.675048828125,1457.0916748046875,16955902,0.00425376716261705,0.004244745470151057,1474.480224609375,1484.4684594726561,1461.9496108349617,1469.5436958028272,0.008927040296515044,9,3,3
2024-09-20,1474.0,1495.0,1471.375,1485.925048828125,1473.2025146484375,30897320,0.011056847089535138,0.010996167032775136,1473.783740234375,1482.6255493164062,1463.6808268062657,1469.8147194210205,0.008888678163520125,9,3,4
2024-09-23,1491.0,1501.5,1488.949951171875,1493.375,1480.5887451171875,8832314,0.005013723772059109,0.005001196912389834,1472.8307189941406,1481.0010107421874,1466.282045007946,1470.6127953985144,0.00837462274472401,9,3,0
2024-09-24,1488.5,1500.5,1487.875,1489.375,1476.6229248046875,17137444,-0.0026785427929117978,-0.0026821365073716346,1472.2817077636719,1478.9794873046876,1467.8729495920602,1471.057990169342,0.008191646027002055,9,3,1
2024-09-25,1483.9000244140625,1496.5,1480.199951171875,1493.949951171875,1481.15869140625,7069002,0.0030717162285438526,0.0030670081470458316,1472.0660583496094,1477.0387963867188,1469.9169098711664,1471.806190260965,0.008199142009359131,9,3,2
2024-09-26,1490.6500244140625,1504.0,1488.050048828125,1497.949951171875,1485.12451171875,18818998,0.00267751209611089,0.002673933946201842,1470.9271423339844,1475.591923828125,1472.2565409246408,1472.7927325911712,0.008196493898670998,9,3,3
2024-09-27,1499.0,1533.4749755859375,1492.0,1526.175048828125,1513.10791015625,20597478,0.01884245948180774,0.018667139228251462,1471.74755859375,1474.4987036132814,1478.5413669602729,1475.7790420404363,0.00863352541564368,9,3,4
2024-09-30,1519.4000244140625,1524.9749755859375,1474.4000244140625,1476.574951171875,1463.9324951171875,27008814,-0.03249960872518631,-0.03303944965986988,1469.7807861328124,1473.0449633789062,1476.2938482151826,1474.9015200461215,0.010429131682244581,9,3,0
2024-10-01,1480.6500244140625,1487.949951171875,1462.824951171875,1464.824951171875,1452.2830810546875,16431642,-0.007957616967555259,-0.00798944777885037,1467.5847473144531,1472.4347509765626,1472.5998840366449,1473.22608012083,0.010472656546037074,10,4,1
2024-10-03,1436.574951171875,1449.4000244140625,1402.074951171875,1406.9749755859375,1394.928466796875,37757294,-0.03949272356471989,-0.0402937211278013,1462.25205078125,1470.9299047851562,1460.6504352305265,1467.4262569116481,0.012630821903379564,10,4,3
2024-10-04,1403.925048828125,1417.3499755859375,1381.7750244140625,1386.5250244140625,1374.653564453125,37072876,-0.01453472549048096,-0.014641389428729272,1456.9751220703124,1468.865419921875,1447.4201474186186,1460.554205618424,0.012830003596365274,10,4,4
2024-10-07,1393.5,1396.5,1361.375,1370.7249755859375,1358.98876953125,22181340,-0.011395449244047784,-0.011460874887066768,1452.3104064941406,1466.5528491210937,1433.8153200513311,1453.030839982337,0.012910307500603575,10,4,0
2024-10-08,1372.9749755859375,1401.0,1365.0999755859375,1397.3499755859375,1385.3857421875,17020808,0.01942398145450097,0.019237743715272523,1449.083270263672,1464.4396801757812,1426.3646157645878,1448.0200919975343,0.013390998373300496,10,4,1
2024-10-09,1397.5250244140625,1400.9749755859375,1372.5,1374.5999755859375,1362.8306884765625,14310610,-0.016280702929224233,-0.016414689830808536,1444.7742309570312,1461.656552734375,1416.590165412584,1441.7097658107957,0.013590613455325582,10,4,2
2024-10-10,1380.0250244140625,1386.0,1369.425048828125,1371.050048828125,1359.31103515625,22358646,-0.0025826049780599547,-0.002585945655302342,1440.7861694335938,1458.9403735351561,1407.7779915269941,1435.6061561326812,0.013588170802336517,10,4,3
2024-10-11,1370.0,1383.2750244140625,1368.824951171875,1372.0999755859375,1360.35205078125,7980122,0.0007658406340240731,0.0007655475277246413,1435.4472778320312,1456.39767578125,1400.4816929507258,1430.0317779585012,0.013180600358405032,10,4,4
2024-10-14,1379.449951171875,1380.074951171875,1368.25,1372.5250244140625,1360.7734375,12221432,0.0003097629900348231,0.00030971502338509834,1430.4851318359374,1453.6682543945312,1394.372730573691,1424.9015305171306,0.013173571869893696,10,4,0
2024-10-15,1358.5250244140625,1371.699951171875,1340.699951171875,1344.0250244140625,1332.5174560546875,33762794,-0.020764648005787145,-0.020983264940504304,1424.173388671875,1450.6894091796876,1384.8565344938443,1418.0582657421348,0.013478497011676409,10,4,1
2024-10-16,1340.0,1364.0,1337.625,1354.074951171875,1342.4814453125,20034438,0.0074775675264426855,0.00744974910838244,1418.3127502441407,1448.937451171875,1378.3372900044067,1412.4599827473469,0.013636714616297363,10,4,2
2024-10-17,1365.699951171875,1368.449951171875,1352.050048828125,1356.425048828125,1344.811279296875,15543660,0.0017354682945600608,0.0017339641095181937,1413.00732421875,1447.0596704101563,1373.1794422032478,1407.4489676769415,0.013607473980901593,10,4,3
2024-10-18,1352.175048828125,1368.425048828125,1341.324951171875,1359.300048828125,1347.66162109375,12082452,0.0021195106263276475,0.002117267632487116,1407.535821533203,1445.06548828125,1369.2536235710174,1403.0202753374458,0.013492653545005178,10,4,4
2024-10-21,1367.125,1374.0,1357.7249755859375,1369.199951171875,1357.4769287109375,14067408,0.007283213726322124,0.007256819205704301,1401.7495422363281,1443.57787109375,1367.4418243617745,1399.6466941058525,0.013277946990332763,10,4,0
2024-10-22,1369.199951171875,1376.0,1340.2249755859375,1343.3499755859375,1331.84814453125,15831960,-0.018879719896252367,-0.019060217244911255,1394.3125122070312,1441.08017578125,1361.9658736186168,1394.6245793225485,0.01362310922996468,10,4,1
2024-10-23,1337.5,1357.4749755859375,1335.0,1338.5250244140625,1327.064453125,17214742,-0.003591769396453004,-0.0035982352874543416,1386.8345886230468,1438.7570483398438,1356.5964243119065,1389.6201255301376,0.013618058091031709,10,4,2
2024-10-24,1335.2750244140625,1343.699951171875,1323.125,1339.800048828125,1328.3287353515625,22155934,0.000952690898761821,0.0009522373768088308,1379.1930908203126,1436.3999194335938,1352.2475490872382,1385.080022553947,0.013613153928922785,10,4,3
2024-10-25,1343.5,1344.3499755859375,1322.0,1327.8499755859375,1316.4808349609375,18597496,-0.008919403815719762,-0.008959419821584842,1370.7609069824218,1433.8409130859375,1346.744977683192,1379.998601250761,0.012999163012136897,10,4,4
2024-10-28,1337.0,1353.0,1322.0999755859375,1334.3499755859375,1322.9251708984375,10824350,0.004895123245520772,0.0048831810860980335,1361.2517700195312,1431.0876879882812,1343.0803920239991,1375.7709397431818,0.013086319491703252,10,4,0
2024-10-29,1328.0999755859375,1343.199951171875,1320.300048828125,1340.0,1328.52685546875,12008361,0.004234317022260736,0.0042253775281552095,1354.4814880371093,1428.1451000976563,1340.8413864001147,1372.2713779450758,0.013150626617283041,10,4,1
2024-10-30,1335.0,1350.0,1325.3499755859375,1343.9000244140625,1332.3935546875,11984423,0.0029105164135998507,0.002906289061235514,1348.48701171875,1425.1301391601562,1339.5417199827893,1369.3174651111813,0.013178911935708275,10,4,2
2024-10-31,1340.0,1343.0,1326.1500244140625,1332.050048828125,1320.64501953125,9331650,-0.008817616322833066,-0.00885672154793472,1344.7728393554687,1421.826171875,1336.634535297937,1365.712098771927,0.013211295626403274,10,4,3
2024-11-01,1333.050048828125,1341.949951171875,1333.0,1338.6500244140625,1327.1884765625,2127335,0.004954743276563756,0.0049425089314794795,1342.3995849609375,1418.6639819335937,1335.181295492485,1362.8584971267842,0.01322526335031091,11,4,4
2024-11-04,1337.8499755859375,1340.0,1285.0999755859375,1302.1500244140625,1291.0009765625,19796890,-0.027266285564600312,-0.027644909035671465,1339.0001953125,1414.741357421875,1328.3843233494106,1357.5357178257261,0.013662067118818618,11,4,0
2024-11-05,1293.0,1309.550048828125,1286.1500244140625,1305.300048828125,1294.1240234375,16267479,0.0024190894752966763,0.0024161681886392837,1334.437109375,1410.6308544921876,1323.1135079783473,1352.83855527845,0.013609185201452887,11,4,1
2024-11-06,1310.0,1328.300048828125,1300.199951171875,1325.3499755859375,1314.0023193359375,21625209,0.015360425692149793,0.015243648665038238,1331.9956909179687,1407.158837890625,1321.7117866487458,1349.961797060486,0.014077686359645151,11,4,2
2024-11-07,1324.0,1324.0,1302.5999755859375,1305.6500244140625,1294.4710693359375,9611974,-0.014863938756113138,-0.014975514107041309,1328.7536926269531,1403.3388256835938,1317.52090706216,1345.8513727845937,0.014157078184526287,11,4,3
2024-11-08,1297.6500244140625,1301.6500244140625,1275.0,1283.75,1272.7584228515625,19814406,-0.016773373309542983,-0.0169156394346285,1324.3740112304688,1398.6359375,1310.6343710297601,1340.4370801969617,0.01426755340099976,11,4,4
2024-11-11,1278.949951171875,1286.0,1267.0,1272.699951171875,1261.802978515625,9056552,-0.008607638448302146,-0.008644898134142764,1319.42548828125,1393.9380053710938,1303.1218491045086,1334.6123319242702,0.013545647787760571,11,4,0
2024-11-12,1275.550048828125,1289.300048828125,1267.5,1274.25,1263.33984375,10671091,0.0012179914460044294,0.0012172502961715537,1315.9666076660155,1389.139443359375,1297.0015405884303,1329.3328883558058,0.01263465121336028,11,4,1
2024-11-13,1270.25,1275.449951171875,1249.5,1252.050048828125,1241.3299560546875,14633633,-0.017421984911027644,-0.017575533720394963,1310.909033203125,1384.0419653320312,1288.4366814293928,1322.814152629797,0.01283225275634985,11,4,2
2024-11-14,1253.5999755859375,1272.5999755859375,1251.0999755859375,1267.5999755859375,1256.746826171875,12612633,0.012419639147505102,0.012343148105486947,1306.505810546875,1379.14525390625,1283.5613190820823,1317.9202765958769,0.011467347934881245,11,4,3
2024-11-18,1267.5999755859375,1272.9000244140625,1243.9000244140625,1260.75,1249.9554443359375,13620611,-0.0054039379248916886,-0.005418592014476392,1301.6205017089844,1374.5405200195312,1278.3911845057523,1312.885844576622,0.011281493098515984,11,4,0
2024-11-19,1260.75,1281.5,1235.1500244140625,1241.6500244140625,1231.0189208984375,14183746,-0.015149758756049403,-0.015265688715444268,1295.2976013183593,1370.1152368164062,1271.1031439507808,1306.8216280078677,0.011396884882633998,11,4,1
2024-11-21,1241.6500244140625,1243.949951171875,1217.25,1223.0,1212.5286865234375,19433843,-0.015020268219358646,-0.01513421489420024,1289.3316284179687,1365.3672412109374,1262.0916889619587,1299.8369656756877,0.010752980299434238,11,4,3
2024-11-22,1229.4000244140625,1268.8499755859375,1222.449951171875,1265.4000244140625,1254.5655517578125,20471957,0.034668759346967004,0.034081336215540506,1285.7066833496094,1361.4783227539062,1260.9338216997824,1296.483527607697,0.01266197174369502,11,4,4
2024-11-25,1290.0,1304.449951171875,1282.449951171875,1287.0,1275.9805908203125,28923341,0.01706968522489305,0.01692563509746824,1283.0892761230468,1358.2164892578126,1263.248709256787,1294.9647915493722,0.013165427954627216,11,4,0
2024-11-26,1294.949951171875,1297.8499755859375,1284.199951171875,1295.699951171875,1284.606201171875,9247557,0.006759985546502145,0.006737239296216833,1281.4955444335938,1354.566015625,1266.5344772437234,1294.1974885584466,0.013254394519716134,11,4,1
2024-11-27,1293.5,1303.8499755859375,1286.0,1293.199951171875,1282.1275634765625,9572746,-0.0019294922389845315,-0.0019313561070665826,1279.4556640625,1351.0082397460938,1268.933413587237,1293.3034200338625,0.013248273136982047,11,4,2
2024-11-28,1289.949951171875,1296.5999755859375,1269.050048828125,1270.800048828125,1259.91943359375,15027412,-0.01732131069906484,-0.01747307971341869,1276.02529296875,1347.03158203125,1267.546647434393,1290.8305321494097,0.013093188987587726,11,4,3
2024-11-29,1280.0,1299.5,1275.25,1292.199951171875,1281.1361083984375,13202307,0.016839707555085237,0.016699491620670012,1273.462420654297,1343.460419921875,1269.6373337365537,1290.1124266863749,0.01342879101719318,11,4,4
2024-12-02,1288.0,1311.3499755859375,1277.050048828125,1309.1500244140625,1297.941162109375,11024152,0.013117305492189812,0.013032018653240083,1272.3272277832032,1340.4008471679688,1273.9917688708338,1290.6923330140044,0.013680915619384297,12,4,0
2024-12-03,1317.0,1326.800048828125,1307.0,1323.300048828125,1311.9698486328125,16869482,0.010808414844197145,0.010750421432150253,1271.5662963867187,1337.4984106445313,1279.8345503726766,1292.2684452820642,0.013842259420846862,12,4,1
2024-12-04,1326.0,1328.4000244140625,1304.050048828125,1308.949951171875,1297.74267578125,19608540,-0.010844130958031162,-0.010903357106067496,1271.9033813476562,1333.9892138671876,1282.5896465893802,1292.6739438375596,0.013872775080815818,12,4,2
2024-12-05,1314.3499755859375,1329.949951171875,1306.1500244140625,1322.050048828125,1310.7305908203125,16858723,0.010008081942164404,0.009958332744087922,1272.733709716797,1330.59205078125,1286.9190226249082,1294.0114732436894,0.013618320078943959,12,4,3
2024-12-06,1323.9000244140625,1323.9000244140625,1310.0,1311.550048828125,1300.3204345703125,9037514,-0.007942254741674204,-0.007973962445562683,1272.0496154785155,1327.0660009765625,1288.9807783088165,1294.478803712328,0.01367604564239553,12,4,4
2024-12-09,1303.0,1315.0,1293.0999755859375,1295.1500244140625,1284.0609130859375,14650002,-0.012504242071492144,-0.012583077984686598,1271.5291076660155,1323.1240454101562,1288.223875966835,1293.7071081103732,0.013843428530595349,12,4,0
2024-12-10,1289.25,1294.9000244140625,1280.199951171875,1284.8499755859375,1273.8489990234375,16043729,-0.007952826815636138,-0.00798461921463146,1271.5836364746094,1318.89853515625,1286.0123564370815,1292.2361370668964,0.013825563022924014,12,4,1
2024-12-11,1285.0,1290.0,1276.050048828125,1278.199951171875,1267.2559814453125,11724373,-0.005175666490439101,-0.0051891066468175385,1271.8562866210937,1313.9814965820312,1283.1267602845016,1290.3857551690012,0.01379961492721321,12,4,2
2024-12-12,1270.0,1278.199951171875,1260.5999755859375,1262.9000244140625,1252.0870361328125,20906813,-0.011969914156727657,-0.012042130439526576,1271.2936462402345,1309.7445874023438,1278.3514181073188,1287.5488130181723,0.013890724684887473,12,4,3
2024-12-13,1260.0,1275.199951171875,1239.5999755859375,1272.8499755859375,1261.951904296875,28630222,0.007878739959269243,0.007847864753377972,1272.3247436523438,1305.9379638671876,1275.828415982635,1285.6527457054838,0.013979146203719445,12,4,4
2024-12-16,1275.0,1281.0,1266.550048828125,1268.300048828125,1257.44091796875,9486781,-0.0035746103419356245,-0.0035810145276845913,1272.3594482421875,1303.188212890625,1272.999570134345,1283.5629806879479,0.013919932676628196,12,4,0
2024-12-17,1261.050048828125,1263.9000244140625,1242.800048828125,1245.300048828125,1234.6376953125,17462791,-0.018134627504476253,-0.0183010752444872,1271.5935607910155,1300.3878955078126,1267.0977432386765,1279.9388854749516,0.014184257934579735,12,4,1
2024-12-18,1240.6500244140625,1259.949951171875,1240.6500244140625,1253.25,1242.5196533203125,12670179,0.006384025076941802,0.006363733504333956,1272.1685974121094,1298.0585131835937,1263.316498635851,1277.167090500534,0.013454394465438516,12,4,2
2024-12-19,1239.0,1244.9000244140625,1229.0,1230.449951171875,1219.914794921875,14244653,-0.01819275722362368,-0.018360280346918553,1272.5379028320312,1294.7490942382813,1256.6393134490854,1272.9261797169297,0.01378604094659479,12,4,3
2024-12-20,1224.0,1239.5,1201.5,1205.300048828125,1194.980224609375,20312896,-0.020439599893611327,-0.02065137927574231,1269.5586364746093,1291.3920849609376,1247.1532997814377,1267.1524052645182,0.013792121647448988,12,4,4
2024-12-23,1215.0,1227.199951171875,1213.199951171875,1222.300048828125,1211.834716796875,10052824,0.014104410968817094,0.014005869265262441,1266.3513427734374,1288.44255859375,1241.7196716299666,1263.0547987113594,0.013950961684675888,12,4,0
2024-12-24,1222.300048828125,1233.550048828125,1221.0,1222.75,1212.28076171875,6734917,0.00036807405803163107,0.0003680063353929878,1262.7350708007812,1285.4811328125,1237.1906085667026,1259.293758934129,0.013677735657033773,12,4,1
2024-12-26,1224.25,1227.699951171875,1214.25,1216.550048828125,1206.1339111328125,10016178,-0.005070484313569934,-0.005083382838810189,1258.9353881835937,1282.3883422851563,1232.412655115335,1255.355992430328,0.01362979447145581,12,4,3
2024-12-27,1218.300048828125,1227.9000244140625,1217.0,1221.050048828125,1210.595458984375,7000397,0.003699048513918557,0.00369222385860747,1256.469189453125,1279.94990234375,1229.0561634028795,1252.0403973602574,0.013653817852510049,12,4,4
2024-12-30,1216.4000244140625,1223.199951171875,1208.0999755859375,1210.699951171875,1200.333984375,8818766,-0.008476386172787898,-0.008512515040420547,1252.4290832519532,1277.106953125,1224.6373666293596,1248.2102926946827,0.013385323962172393,12,4,0
2024-12-31,1208.0,1219.0999755859375,1206.1500244140625,1215.449951171875,1205.043212890625,6405475,0.0039232651719653955,0.003915589237095826,1247.7841857910157,1274.311591796875,1221.6228814387848,1245.0127312277154,0.013179179666217166,12,4,1
2025-01-01,1214.8499755859375,1226.300048828125,1211.5999755859375,1221.25,1210.7935791015625,5892590,0.004771917014613658,0.00476056751022377,1242.7253723144531,1271.5742309570312,1219.9568349253661,1242.4779792183708,0.013201263669385822,1,1,2
2025-01-02,1221.25,1244.449951171875,1220.0,1241.800048828125,1231.167724609375,15486276,0.016827100720942623,0.016687093489283423,1239.3966247558594,1269.048046875,1221.6815871844444,1241.6401825806674,0.01330793713539638,1,1,3
2025-01-03,1243.9000244140625,1262.050048828125,1235.5,1251.1500244140625,1240.437744140625,15521102,0.00752945301111696,0.007501248169335488,1235.881982421875,1267.2198388671875,1224.5671497930875,1241.5511130665902,0.013059598486792659,1,1,4
2025-01-06,1253.949951171875,1262.0,1215.0,1218.0,1207.5714111328125,14816766,-0.026495753747466266,-0.026853092338066528,1231.24453125,1264.8299780273437,1221.9524207684299,1239.0340981085326,0.012351624871202846,1,1,0
2025-01-07,1222.0,1244.5,1221.25,1240.8499755859375,1230.2257080078125,10070505,0.01876021299125341,0.018586410544774452,1228.5527709960938,1262.8679174804688,1223.2252341898734,1238.3816247677385,0.012441369491708045,1,1,1
2025-01-08,1249.0,1271.050048828125,1245.3499755859375,1265.5,1254.664794921875,19346579,0.019865530979382928,0.0196707862323746,1227.5935607910155,1261.6315966796874,1228.0620896871044,1239.5877855198967,0.012948144149383313,1,1,2
2025-01-09,1267.0,1269.75,1248.050048828125,1254.75,1244.0067138671875,12794704,-0.008494763778998937,-0.008531049925791599,1226.4310974121095,1260.0532275390624,1230.5151087917325,1239.9151135456218,0.013024814334370275,1,1,3
2025-01-10,1253.8499755859375,1256.75,1236.0,1241.9000244140625,1231.266845703125,8120332,-0.010240996308177985,-0.010293796101863952,1225.390087890625,1258.10802734375,1230.6307606242544,1239.2745011128443,0.012779271909244957,1,1,4
2025-01-13,1230.0,1245.25,1226.4000244140625,1239.8499755859375,1229.234375,13764861,-0.0016507150421680716,-0.001652078973424508,1223.7542114257812,1256.04484375,1230.4159320666768,1238.5307880674484,0.012343242950955758,1,1,0
2025-01-14,1244.0999755859375,1253.3499755859375,1227.25,1238.75,1228.143798828125,13095266,-0.0008871995398558319,-0.0008875933343009875,1222.28935546875,1254.1948193359376,1230.0663731068994,1237.7613814571282,0.01204013596057344,1,1,1
2025-01-15,1244.949951171875,1257.0,1241.8499755859375,1252.199951171875,1241.478515625,9578856,0.010857618472363662,0.010799097748975453,1222.631396484375,1252.4806201171875,1231.8220873404534,1238.0367247288225,0.012041911798759238,1,1,2
2025-01-16,1258.9000244140625,1275.0,1251.300048828125,1266.449951171875,1255.6065673828125,14117603,0.011380021144143493,0.011315755804553483,1223.2857421875,1251.7727319335938,1235.481238116201,1239.3381945550439,0.012147506810087283,1,1,3
2025-01-17,1322.25,1326.0,1285.0,1302.3499755859375,1291.19921875,29366277,0.028346977701285025,0.02795263703034306,1226.8499633789063,1251.7142358398437,1244.0532351367854,1243.1797519028185,0.013142699446953567,1,1,4
2025-01-20,1316.0,1316.0,1300.25,1305.449951171875,1294.272705078125,14040244,0.0023803347179069956,0.002377506208865318,1231.8145874023437,1251.3196435546874,1251.779307435453,1246.9644151009893,0.013073831719233866,1,1,0
2025-01-21,1310.5,1313.0,1270.199951171875,1273.699951171875,1262.7945556640625,14562976,-0.024321110451110406,-0.024621753313337536,1234.3625793457031,1250.68611328125,1253.473961009085,1248.1370181056614,0.013627574152792084,1,1,1
2025-01-22,1278.300048828125,1282.9000244140625,1268.699951171875,1277.0999755859375,1266.1654052734375,10273590,0.00266935709712679,0.002665800690943687,1237.0568115234375,1250.5542529296874,1255.4264908959085,1249.4724541921632,0.013564207526392013,1,1,2
2025-01-23,1270.0,1277.3499755859375,1261.5999755859375,1263.6500244140625,1252.83056640625,8720682,-0.01053167209564354,-0.010587522633339222,1239.3916442871093,1250.3748046875,1255.0271178974995,1249.7212032450584,0.013667996934283293,1,1,3
2025-01-24,1266.0,1273.0,1243.5,1246.300048828125,1235.6292724609375,14235970,-0.013729944340881262,-0.013825071759743405,1240.6433349609374,1249.8205932617188,1252.0428339841824,1248.6773565203086,0.013723519290212495,1,1,4
2025-01-27,1239.0999755859375,1240.449951171875,1220.0,1229.3499755859375,1218.82421875,9536019,-0.013600401095603454,-0.013693733757798334,1241.5678466796876,1249.370478515625,1246.932277794308,1246.4660129817673,0.013839230613987568,1,1,0
2025-01-28,1238.0,1244.75,1218.5,1234.4000244140625,1223.8311767578125,10568025,0.004108023069107958,0.004099608180172925,1242.5072448730468,1248.7121655273438,1243.3782622502317,1244.7893584466594,0.013862267735122313,1,1,1
2025-01-29,1236.0,1242.75,1228.050048828125,1235.5,1224.921630859375,5928156,0.0008910167695281856,0.0008906200497249043,1243.2136474609374,1248.2114892578124,1240.5387804977922,1243.3176749216755,0.013472046505428178,1,1,2
2025-01-30,1235.550048828125,1257.0,1232.4000244140625,1253.050048828125,1242.3214111328125,9269259,0.01420481101409754,0.014104868021738333,1243.7713317871094,1248.4375390625,1240.8130313647184,1243.243877603982,0.013677457458784155,1,1,3
2025-01-31,1255.8499755859375,1267.0,1249.0,1265.0999755859375,1254.2681884765625,6584612,0.0096164947627011,0.009570550590031075,1244.4628540039062,1249.2723291015625,1242.8830555357713,1244.0604932241731,0.013334033383571463,1,1,4
2025-02-01,1265.0999755859375,1270.550048828125,1241.0,1264.5999755859375,1253.7724609375,7118453,-0.00039523248984307813,-0.0003953106147892814,1246.7729064941407,1249.2564672851563,1244.5583486744986,1244.7798982399752,0.012709631630747608,2,1,5
2025-02-03,1251.0,1256.0,1237.550048828125,1245.9000244140625,1235.232666015625,9252345,-0.014787208604033264,-0.0148976292674954,1247.0232543945312,1248.4415087890625,1243.123628265441,1244.0726958529863,0.01282979221929389,2,1,0
2025-02-04,1248.050048828125,1288.800048828125,1246.5999755859375,1285.199951171875,1274.196044921875,16691069,0.03154335209732628,0.03105608085475968,1247.9998168945312,1248.2333056640625,1247.9040000587388,1246.3040550432743,0.014008905740721105,2,1,1
2025-02-05,1282.6500244140625,1290.5,1276.699951171875,1278.199951171875,1267.2559814453125,10112028,-0.005446621423933262,-0.005461508346629045,1249.1622802734375,1247.9358740234375,1250.8812279643655,1247.8560495915733,0.014015393299049328,2,1,2
2025-02-06,1273.699951171875,1288.0,1270.3499755859375,1281.550048828125,1270.577392578125,9956001,0.0026209472919784815,0.0026175185992667314,1251.1278076171875,1248.149033203125,1253.9114071357133,1249.5391120350216,0.014011588872894574,2,1,3
2025-02-07,1276.1500244140625,1283.699951171875,1262.0,1266.699951171875,1255.8544921875,8764283,-0.01158756678390982,-0.011655225812753585,1252.4588134765625,1247.6434008789063,1254.2103432975264,1250.0069179722423,0.014100796578035812,2,1,4
2025-02-10,1264.5,1266.5,1245.550048828125,1253.6500244140625,1242.916259765625,6970972,-0.010302333990412138,-0.010355770362975752,1253.1974365234375,1246.5429028320314,1252.4727919849263,1249.4816840310114,0.01425843312852697,2,1,0
2025-02-11,1264.550048828125,1264.550048828125,1230.0999755859375,1234.8499755859375,1224.2772216796875,8859714,-0.014996213895739241,-0.015109794056764578,1252.3373718261719,1244.7890502929688,1248.1350119379665,1247.6146868198023,0.014538358258763104,2,1,1
2025-02-12,1219.449951171875,1226.9000244140625,1193.3499755859375,1216.550048828125,1206.1339111328125,21131654,-0.014819609664862288,-0.014930517181575044,1249.8637390136719,1242.956875,1241.673304121789,1244.5420367689142,0.014458568980008399,2,1,2
2025-02-13,1217.050048828125,1228.0,1212.0,1216.0999755859375,1205.687744140625,8511216,-0.0003699149721845263,-0.0003699834076052276,1245.5881652832031,1240.8560180664062,1236.1370641246867,1241.6639410186704,0.014377421941556298,2,1,3
2025-02-14,1219.0,1224.0,1205.449951171875,1217.25,1206.827880859375,10298145,0.0009456318389988727,0.0009451850108791528,1241.2159240722656,1238.9861669921875,1231.6279590069464,1239.083492117982,0.013537758491739316,2,1,4
2025-02-17,1211.0999755859375,1227.5,1204.5,1224.9000244140625,1214.412353515625,8166683,0.006284634931411404,0.006264968965901905,1238.7968139648438,1237.5931958007814,1228.9794043159739,1237.2560003696592,0.013129207597864342,2,1,0
2025-02-18,1224.8499755859375,1229.9000244140625,1216.0999755859375,1225.4000244140625,1214.908203125,6673250,0.0004083041546305566,0.0004082208211720389,1236.233953857422,1236.4143798828125,1226.814604132747,1235.600607981166,0.012564679035430073,2,1,1
2025-02-19,1219.5,1232.75,1217.550048828125,1227.449951171875,1216.9405517578125,6217338,0.0016728413122777397,0.0016714436717198587,1234.439453125,1235.4080712890625,1225.2955191519877,1234.218381594251,0.012492377154511632,2,1,2
2025-02-20,1223.949951171875,1239.3499755859375,1222.0,1233.0,1222.4429931640625,7795582,0.004521536732671194,0.004511345294552412,1233.7801391601563,1234.8151904296874,1224.8566689999993,1233.3461305994222,0.012392226322571046,2,1,3
2025-02-21,1228.699951171875,1240.0,1222.1500244140625,1228.1500244140625,1217.634521484375,6904025,-0.003933493591583903,-0.003941250124364096,1233.720654296875,1233.9288427734375,1223.745569382211,1232.1823077020113,0.012408656304954394,2,1,4
2025-02-24,1216.550048828125,1223.25,1210.5,1214.550048828125,1204.1510009765625,7172498,-0.011073536656446947,-0.01113530468043122,1232.7366455078125,1232.8630444335938,1220.7310203967268,1230.1059146112373,0.012565301526916215,2,1,0
2025-02-25,1211.0,1221.0,1201.5,1204.0,1193.6912841796875,11552182,-0.008686383010429899,-0.008724329540535244,1231.1751281738282,1232.0441162109375,1216.5710609787207,1227.4085345792707,0.012457961537036254,2,1,1
2025-02-27,1212.800048828125,1215.0,1200.6500244140625,1207.0999755859375,1196.7647705078125,11509215,0.002574774875932162,0.002571465821930302,1228.8972961425782,1231.1290185546875,1213.5239393678116,1225.1386261295331,0.012252588163748357,2,1,3
2025-02-28,1202.0,1217.3499755859375,1193.300048828125,1200.0999755859375,1189.82470703125,23007298,-0.005799020532345489,-0.005815900140341695,1225.6751220703125,1230.527216796875,1209.8779036237252,1222.522780270401,0.010892298348983646,2,1,4
2025-03-03,1204.0,1206.449951171875,1156.0,1171.25,1161.2216796875,17944938,-0.024039698599903736,-0.024333368191269807,1221.0475830078126,1229.8520458984376,1202.3923307104596,1217.981958005001,0.011520294807009404,3,1,0
2025-03-04,1162.199951171875,1174.0,1159.550048828125,1161.9000244140625,1151.9517822265625,11377373,-0.007982883563999676,-0.008014917374346425,1216.8835388183593,1228.6543872070313,1194.6322463283216,1213.0908338732647,0.010872232386546114,3,1,1
2025-03-05,1161.0,1183.0,1157.0,1175.5999755859375,1165.5345458984375,8664095,0.01179108698944109,0.011722113773290308,1211.4504638671874,1227.719462890625,1190.1556770314164,1209.5681458751292,0.011160013217619618,3,1,2
2025-03-06,1197.0,1213.949951171875,1185.1500244140625,1209.5999755859375,1199.243408203125,14468014,0.02892137553821139,0.028511045320586386,1208.0498352050781,1227.5816528320313,1191.5537895193715,1208.8033504920177,0.012454406431650638,3,1,3
2025-03-07,1216.0,1254.800048828125,1212.0,1249.800048828125,1239.0992431640625,16474965,0.03323414970498373,0.03269383405974958,1206.475927734375,1228.151728515625,1198.8684746954777,1211.047490689947,0.013734544830238326,3,1,4
2025-03-10,1245.0,1258.0,1235.4000244140625,1238.4000244140625,1227.7967529296875,11931051,-0.009121537517458145,-0.00916339346226657,1205.0730407714843,1228.7009838867189,1203.3189790392023,1212.2881767817796,0.013603256341665197,3,1,0
2025-03-11,1240.0,1249.5,1229.75,1247.300048828125,1236.62060546875,10089838,0.0071867371517375656,0.007161035622914925,1204.7582580566407,1229.3325317382812,1208.4423061822097,1214.0905789067403,0.013644266559610577,3,1,1
2025-03-12,1258.0,1263.0,1244.0,1257.050048828125,1246.287109375,11977555,0.007816871127249048,0.00778647767519083,1205.8587524414063,1230.04240234375,1214.2645835964852,1216.4755070895744,0.013710664406281473,3,1,2
2025-03-13,1260.050048828125,1264.1500244140625,1243.8499755859375,1247.9000244140625,1237.215576171875,9505270,-0.0072788470127675975,-0.007305467073913314,1207.4128356933593,1230.163359375,1217.7955055311606,1218.011808503078,0.013539158326865686,3,1,3
2025-03-17,1242.1500244140625,1257.4000244140625,1233.0999755859375,1238.8499755859375,1228.2427978515625,16640917,-0.007252396828106189,-0.007278823305703996,1208.5405883789062,1229.9194604492188,1219.4027812727609,1218.7696595659288,0.01347401647389167,3,1,0
2025-03-18,1238.8499755859375,1238.8499755859375,1238.8499755859375,1238.8499755859375,1228.2427978515625,0,0.0,0.0,1209.6113342285157,1230.3328881835937,1220.7627838233457,1219.4713735130126,0.013474428617343302,3,1,1
2025-03-19,1241.050048828125,1253.25,1238.800048828125,1247.1500244140625,1236.471923828125,16162399,0.006699917956740187,0.006677573256008864,1210.7143127441407,1230.4578125,1223.1795745933118,1220.7306735363543,0.013263645113294437,3,1,2
2025-03-20,1251.8499755859375,1273.0,1250.050048828125,1269.1500244140625,1258.2835693359375,15971477,0.01764022707469448,0.017486444145781068,1212.8830810546874,1230.5301879882813,1228.5801891691003,1223.5123695215086,0.012338374827082093,3,1,3
2025-03-21,1275.0,1281.0,1270.0999755859375,1276.3499755859375,1265.4217529296875,21780769,0.005672953035154915,0.005656922435735583,1215.3071411132812,1230.9584887695312,1234.2481220553445,1226.6167682924847,0.012346872577328681,3,1,4
2025-03-24,1291.0,1306.0,1284.25,1302.0999755859375,1290.9512939453125,20299319,0.020174729062875096,0.019973915628314444,1218.7325561523437,1232.152177734375,1242.9716869614933,1231.3822887112128,0.012878632086068823,3,1,0
2025-03-25,1307.699951171875,1307.699951171875,1282.5999755859375,1285.449951171875,1274.4439697265625,13713899,-0.012786945794292182,-0.012869402452369382,1221.5730285644531,1233.0563696289062,1247.8135766176576,1234.572042860498,0.012919599552574464,3,1,1
2025-03-26,1291.0,1293.800048828125,1268.75,1273.050048828125,1262.150146484375,12074747,-0.009646421132837424,-0.009693249245642322,1224.4729858398437,1233.7364965820314,1250.0192027509986,1236.6148653511555,0.012901107503591016,3,1,2
2025-03-27,1278.1500244140625,1285.0,1271.300048828125,1278.199951171875,1267.2559814453125,15028056,0.004045346724523613,0.004037186309864146,1228.151220703125,1234.2520458984375,1252.671014857816,1238.8845776544263,0.012571954642737535,3,1,3
2025-03-28,1280.0,1295.75,1269.0,1275.0999755859375,1264.1824951171875,18147129,-0.002425308203808707,-0.002428254027734958,1231.5221069335937,1234.423564453125,1254.4420118207963,1240.7584974664826,0.012225327328813509,3,1,4
2025-04-01,1264.5999755859375,1277.9000244140625,1249.300048828125,1252.5999755859375,1241.8751220703125,12099648,-0.017645690501992828,-0.017803231732313754,1234.1246276855468,1233.4370825195313,1252.508644166876,1240.8412104000995,0.012720122312766778,4,2,1
2025-04-02,1247.550048828125,1255.550048828125,1243.9000244140625,1251.1500244140625,1240.437744140625,10142590,-0.0011574254964470398,-0.0011580958306281208,1238.085430908203,1232.3603833007812,1250.6515826243756,1240.8113240105088,0.012726590386763124,4,2,2
2025-04-03,1233.050048828125,1251.800048828125,1233.050048828125,1248.699951171875,1238.0086669921875,7434366,-0.0019582418867142293,-0.001960161749137113,1242.3882751464844,1231.8646655273437,1248.706518680962,1240.6037197869293,0.012697372534816625,4,2,3
2025-04-04,1241.0999755859375,1245.449951171875,1193.1500244140625,1204.699951171875,1194.38525390625,17908652,-0.03523675903814394,-0.035872553898959436,1243.830810546875,1230.4290625,1240.3494010233142,1237.1801297216937,0.014294741875866126,4,2,4
2025-04-07,1132.199951171875,1171.25,1114.8499755859375,1165.699951171875,1155.7191162109375,22156106,-0.032373254415905106,-0.03290885947067345,1241.6545959472655,1228.4868334960938,1227.3293572060254,1231.1459805727488,0.015425573433097313,4,2,0
2025-04-08,1172.0,1196.5999755859375,1163.300048828125,1182.199951171875,1172.0780029296875,19555040,0.014154725390701506,0.014055482671155972,1238.303533935547,1227.2158081054688,1218.8291488558198,1226.770574821411,0.015656024409211333,4,2,1
2025-04-09,1169.5,1189.800048828125,1168.0,1185.3499755859375,1175.2010498046875,10223104,0.0026645384242292014,0.0026609948350128023,1235.6737487792968,1226.3433447265625,1212.1171336171842,1222.9506100053572,0.015663846464850167,4,2,2
2025-04-11,1195.1500244140625,1222.6500244140625,1195.1500244140625,1218.949951171875,1208.5133056640625,11224242,0.02834600587270697,0.027951691990333864,1234.2683837890625,1226.0369873046875,1211.5626985474732,1221.8811800541503,0.0164297884417508,4,2,4
2025-04-15,1251.0,1251.0,1237.0999755859375,1240.0999755859375,1229.4822998046875,13378535,0.01735106601006997,0.01720225514944161,1233.4281433105468,1226.1282006835938,1214.3195602793523,1222.4442259615976,0.01662790870847039,4,2,1
2025-04-16,1234.0999755859375,1240.9000244140625,1229.0,1239.300048828125,1228.689208984375,8248464,-0.0006450607873236258,-0.0006452689285472714,1233.0018249511718,1225.855556640625,1216.5302754647405,1222.906817296618,0.016628579635767103,4,2,2
2025-04-17,1240.199951171875,1280.199951171875,1227.5999755859375,1274.5,1263.5877685546875,15398401,0.028403081361119353,0.028007192672241346,1234.7690734863281,1226.0419482421876,1223.7698897862708,1225.920221093512,0.01730426593046806,4,2,3
2025-04-21,1270.0,1300.9000244140625,1267.0,1295.5,1284.4078369140625,10429964,0.016476946736505127,0.0163426747700695,1237.577325439453,1226.6546557617187,1233.098804729008,1230.2526370802195,0.01676222222423934,4,2,0
2025-04-22,1300.0,1303.9000244140625,1286.300048828125,1291.199951171875,1280.144775390625,13051707,-0.003319087131763432,-0.0033246075199417024,1239.760968017578,1227.5528979492187,1240.3366463692566,1233.9483510291386,0.01667342255886891,4,2,1
2025-04-23,1297.0,1306.0,1285.4000244140625,1300.0,1288.869384765625,10480888,0.006815330221019433,0.006792210842697208,1241.2902587890626,1227.8463647460937,1247.8032215071594,1238.0165757503598,0.016614370118990984,4,2,2
2025-04-24,1292.4000244140625,1304.5,1290.300048828125,1301.5999755859375,1290.4556884765625,10468940,0.0012307715038371025,0.001230014725473625,1242.5419555664062,1228.3103588867189,1254.3651395024522,1241.9009544708192,0.015907032794337223,4,2,3
2025-04-25,1303.5,1325.199951171875,1288.0999755859375,1300.4000244140625,1289.2659912109375,14431012,-0.0009219202768825374,-0.0009223455067531163,1242.4576904296875,1228.684130859375,1259.7345013037575,1245.409475710828,0.014821834014559158,4,2,4
2025-04-28,1340.0,1374.5999755859375,1320.199951171875,1368.800048828125,1357.0804443359375,31104496,0.05259927244439733,0.05126260273874416,1246.5895141601563,1230.7086499023437,1274.7108002317852,1253.681399312688,0.017371053113080973,4,2,0
2025-04-29,1371.0,1410.9000244140625,1370.0,1399.699951171875,1387.7156982421875,32538970,0.022574383142954124,0.022323352639009735,1252.8677917480468,1233.604638671875,1292.0961691564626,1263.6098659000584,0.017707953481200286,4,2,1
2025-04-30,1402.0,1412.4000244140625,1369.0,1405.0,1392.9703369140625,25480745,0.0037865383223170124,0.003779387431813223,1259.1535095214845,1236.9785009765626,1307.615271888401,1273.1921230122068,0.017693284854762268,4,2,2
2025-05-02,1414.0,1426.699951171875,1409.0999755859375,1419.800048828125,1407.6436767578125,13007841,0.010533849468939094,0.010478755043143157,1266.3265686035156,1241.0086962890625,1323.0042572529258,1283.1514973637331,0.017605038142626442,5,2,4
2025-05-05,1431.0,1439.5,1426.9000244140625,1431.300048828125,1419.0452880859375,12685649,0.008099785134819015,0.00806715793897903,1275.185076904297,1245.2758471679688,1337.7798004580045,1293.2177040838965,0.017475494125853544,5,2,0
2025-05-06,1431.0,1432.0,1410.5999755859375,1420.9000244140625,1408.7342529296875,14084117,-0.007266177649733696,-0.007292704897796054,1283.59990234375,1249.313974609375,1348.6958700690327,1301.7744854798812,0.017596711125400618,5,2,1
2025-05-07,1420.9000244140625,1424.4000244140625,1402.699951171875,1406.0,1393.9617919921875,13440169,-0.010486336160832499,-0.0105417052029552,1291.39755859375,1252.9049633789064,1355.6598580572104,1308.603174851163,0.01780883069272064,5,2,2
2025-05-08,1404.0999755859375,1420.800048828125,1398.0,1407.0,1394.9532470703125,16106175,0.0007112498232164643,0.0007109970049318225,1301.425958251953,1256.5058642578124,1361.7049948284568,1314.9994764970259,0.017634206175236408,5,2,3
2025-05-09,1385.5,1394.800048828125,1374.5,1377.199951171875,1365.4083251953125,13668904,-0.021179865301615197,-0.021407376825865833,1311.910418701172,1259.4752197265625,1362.2747379618193,1318.7334652894915,0.018197472472995958,5,2,4
2025-05-12,1400.0,1439.0,1400.0,1436.5,1424.2005615234375,10674081,0.04305835495745569,0.04215712359779322,1324.5165466308595,1263.51037109375,1371.8017877405298,1326.5458427883023,0.019395512120343607,5,2,0
2025-05-13,1433.5,1447.699951171875,1412.4000244140625,1415.699951171875,1403.57861328125,11407896,-0.014479665855579138,-0.014585519274554228,1335.9354248046875,1267.2292529296874,1376.69053013141,1332.2519739359282,0.019446800983052525,5,2,1
2025-05-14,1420.0,1429.9000244140625,1415.5,1424.4000244140625,1412.204345703125,5570160,0.006145528537022882,0.006126721788797062,1346.1199768066406,1271.3903198242188,1382.15419406552,1338.1743718446094,0.019294508877161557,5,2,2
2025-05-15,1425.0,1461.4000244140625,1412.699951171875,1454.199951171875,1441.7491455078125,20177211,0.020921051471469054,0.02070521148319028,1356.7333190917968,1276.3514770507813,1391.3226481335648,1345.846577301143,0.019542395493638936,5,2,3
2025-05-16,1453.199951171875,1461.0,1447.300048828125,1456.4000244140625,1443.9302978515625,9036695,0.0015128514905287105,0.001511708283568839,1367.4953735351562,1281.2947875976563,1399.4161327055645,1353.1120380826555,0.0195075193167224,5,2,4
2025-05-19,1452.0999755859375,1454.5999755859375,1438.199951171875,1440.800048828125,1428.4638671875,6195791,-0.010711341598050206,-0.010769120984368483,1375.7391784667968,1286.0675708007811,1403.8850149335544,1358.6936550533849,0.0192742356656603,5,2,0
2025-05-20,1438.199951171875,1445.0,1421.800048828125,1424.5999755859375,1412.4024658203125,11270560,-0.011243827538186757,-0.011307517227659583,1382.1389099121093,1291.0911865234375,1405.1953919930556,1362.6720854805646,0.019469711746722768,5,2,1
2025-05-21,1423.9000244140625,1436.199951171875,1418.0999755859375,1429.199951171875,1416.9630126953125,6136364,0.003228928712150969,0.0032237269163143682,1388.9798217773437,1296.3914111328124,1407.0057951780182,1366.69363564462,0.01943320608742431,5,2,2
2025-05-22,1421.199951171875,1423.800048828125,1396.9000244140625,1409.4000244140625,1397.332763671875,12134466,-0.013853748367148477,-0.01395060715100143,1394.4029907226563,1301.0273754882812,1405.5176364847653,1368.9632006836757,0.01827589917382556,5,2,3
2025-05-23,1406.5999755859375,1433.800048828125,1406.5999755859375,1426.800048828125,1414.5838623046875,6474883,0.012345734016484755,0.012270146925169765,1400.6093994140624,1305.3341845703126,1406.9124404570612,1372.3425089518987,0.016857017049196014,5,2,4
2025-05-26,1432.0,1441.0,1425.0999755859375,1434.800048828125,1422.5152587890625,4842944,0.0056068761250060994,0.005591216103663253,1407.2718627929687,1309.0025048828124,1409.3128740466,1376.0590089398368,0.016802230459870976,5,2,0
2025-05-27,1426.0999755859375,1437.0,1413.9000244140625,1422.0999755859375,1409.9239501953125,12640414,-0.008851440092437768,-0.008890846798027239,1409.9140380859376,1312.645048828125,1409.4068857617865,1378.567523106909,0.017025545006735737,5,2,1
2025-05-28,1420.0999755859375,1422.5999755859375,1410.699951171875,1412.9000244140625,1400.8028564453125,5944611,-0.006469209739104365,-0.006490225763507464,1410.5683959960938,1315.9286938476562,1408.0831889438675,1380.2145848356795,0.016648182964547308,5,2,2
2025-05-29,1412.0999755859375,1420.0,1408.5999755859375,1417.800048828125,1405.660888671875,13771917,0.003468034209246351,0.0034620344461955745,1411.2029235839843,1319.1161694335938,1407.710527363561,1382.0994962309533,0.01648708824498715,5,2,3
2025-05-30,1418.0,1430.5999755859375,1409.699951171875,1420.9000244140625,1408.7342529296875,13788484,0.0021864194149390226,0.0021840326783150767,1411.2574523925782,1322.54654296875,1407.8680236045036,1384.0724411716003,0.016464097402088703,5,2,4
2025-06-02,1412.0999755859375,1417.5,1395.5999755859375,1413.699951171875,1401.5958251953125,8098668,-0.0050672635520357945,-0.005080145668467682,1410.3849792480469,1326.013603515625,1406.9030700030896,1385.370469617801,0.015927612768932547,6,2,0
2025-06-03,1422.300048828125,1426.5,1403.4000244140625,1405.5,1393.466064453125,11252626,-0.005800360272230853,-0.005817247695630534,1409.6215698242188,1329.3180688476561,1404.8358383800182,1385.9701433093066,0.015824654682171833,6,2,1
2025-06-04,1414.699951171875,1425.699951171875,1406.0999755859375,1423.5,1411.3118896484375,8126827,0.012806788518611167,0.01272547510905874,1410.4890747070312,1332.8148681640625,1405.832153959775,1387.847309704798,0.015882035775739455,6,2,2
2025-06-05,1428.0,1454.699951171875,1423.5999755859375,1442.4000244140625,1430.0501708984375,13716817,0.013277207814544667,0.013189838190982328,1412.2439208984374,1336.2502001953126,1409.5580027195692,1390.9734475709934,0.015973833066592506,6,2,3
2025-06-06,1441.0,1451.5,1437.0,1443.5,1431.140625,8182161,0.0007625285628107825,0.0007622379856124577,1415.530535888672,1339.5645776367187,1412.8784061473277,1393.948794047216,0.015976448420254107,6,2,4
2025-06-09,1457.0,1457.5,1445.300048828125,1448.800048828125,1436.3953857421875,7885125,0.0036717291441485944,0.0036650048016442895,1416.1402770996094,1342.4734594726563,1416.4964030080753,1397.0929860246215,0.015953845448416326,6,2,0
2025-06-10,1450.0,1453.9000244140625,1436.0,1438.5,1426.1834716796875,7913181,-0.007109403277025583,-0.007134795505135529,1417.2705200195312,1345.5082495117188,1417.9867212652464,1399.2478368138857,0.013119650215669139,6,2,1
2025-06-11,1445.800048828125,1468.5999755859375,1443.0999755859375,1448.9000244140625,1436.4945068359375,8195700,0.007229809741173154,0.007203799955355094,1418.4850280761718,1348.99513671875,1420.8340728915064,1402.0068494081117,0.012566825665982067,6,2,2
2025-06-12,1453.5,1457.0,1434.4000244140625,1441.5999755859375,1429.2569580078125,8828114,-0.005038340761961302,-0.00505107599508277,1417.860418701172,1352.23515625,1422.1299013709381,1404.0253759710527,0.01260808431008397,6,2,3
2025-06-13,1424.0,1435.5,1414.300048828125,1427.9000244140625,1415.67431640625,9757276,-0.00950328877215667,-0.009548733164194292,1416.4476196289063,1355.2649926757813,1421.1367344532937,1404.888260447734,0.012612710068892422,6,2,4
2025-06-16,1426.9000244140625,1442.4000244140625,1424.4000244140625,1437.800048828125,1425.489501953125,8458093,0.006933222869926148,0.006909298598127693,1416.2989013671875,1358.9372802734374,1421.8063909917291,1406.414278337022,0.012589501561385549,6,2,0
2025-06-17,1448.0,1448.0,1425.800048828125,1431.199951171875,1418.9459228515625,10366599,-0.004590408482557651,-0.0046009767617906676,1416.62607421875,1362.5074438476563,1421.3663189701651,1407.3425483010622,0.012543981518537216,6,2,1
2025-06-18,1430.0,1442.800048828125,1425.699951171875,1430.0999755859375,1417.85546875,6681735,-0.0007684958841638334,-0.0007687913285006906,1416.6706970214843,1366.1043798828125,1420.8261881670628,1408.1212831491316,0.012379807398715147,6,2,2
2025-06-19,1430.0999755859375,1439.9000244140625,1425.699951171875,1433.300048828125,1421.028076171875,10007230,0.0022376098916994103,0.002235110170924487,1417.8554626464843,1370.637236328125,1420.8572478601109,1409.077341891557,0.012383246416195773,6,2,3
2025-06-20,1431.0,1471.0,1428.0999755859375,1466.199951171875,1453.6463623046875,29010635,0.0229540053991637,0.02269452544960905,1419.8085876464843,1376.59578125,1425.9017270054303,1412.378750811048,0.012316782392454748,6,2,4
2025-06-23,1453.0,1463.800048828125,1442.0,1456.800048828125,1444.326904296875,5989078,-0.006411090241396078,-0.006431729541337971,1420.899169921875,1382.0407592773438,1428.7363696656525,1414.745280698887,0.009682551281204385,6,2,0
2025-06-24,1465.0,1475.0,1443.0999755859375,1450.800048828125,1438.378173828125,16402744,-0.004118687016805178,-0.0041271921695843535,1422.3218811035156,1387.3043017578125,1430.2197241521867,1416.4958653751269,0.00930683108571283,6,2,1
2025-06-25,1464.0,1472.4000244140625,1460.5,1467.300048828125,1454.737060546875,7525851,0.011373147212886403,0.01130895919549149,1425.0185913085938,1392.2287768554688,1433.991622059062,1419.3285464989601,0.00945696512238359,6,2,2
2025-06-26,1469.0999755859375,1498.800048828125,1465.0999755859375,1495.300048828125,1482.4971923828125,14657893,0.01908257690602988,0.01890278815649555,1428.8604064941405,1397.2890747070312,1441.454017493485,1424.0077054533197,0.009328728552688573,6,2,3
2025-06-27,1499.4000244140625,1522.0,1496.9000244140625,1515.4000244140625,1502.425048828125,11117052,0.013442087140335568,0.01335254382719458,1433.5449462890624,1402.7637915039063,1450.8341761603526,1429.8163975551572,0.009602823884524889,6,2,4
2025-06-30,1513.800048828125,1524.800048828125,1496.0,1500.5999755859375,1487.7518310546875,8409527,-0.009766355922302017,-0.009814359579205782,1437.8527465820312,1407.2470727539062,1456.5138153748658,1434.1079111477152,0.009563299665994235,6,2,0
2025-07-01,1500.5999755859375,1531.4000244140625,1500.0999755859375,1528.4000244140625,1515.3138427734375,10368523,0.018525947099128137,0.018356432157106604,1443.945135498047,1411.8651928710938,1465.5599734361845,1440.123165342213,0.00974874942134649,7,3,1
2025-07-02,1528.4000244140625,1530.0,1508.699951171875,1518.800048828125,1505.796142578125,6361002,-0.006281009205256427,-0.006300817732162143,1448.6693481445313,1416.3782202148439,1471.7501533041755,1444.9878303226508,0.009874430446571901,7,3,2
2025-07-03,1520.800048828125,1531.9000244140625,1513.0,1517.800048828125,1504.8045654296875,11283291,-0.0006585068990413445,-0.0006587238099394964,1452.4070678710937,1420.696923828125,1476.8354474773312,1449.4186995898388,0.009424012771650949,7,3,3
2025-07-04,1524.0,1530.0,1517.199951171875,1527.300048828125,1514.223388671875,6603501,0.006259167109516239,0.006239659880086535,1456.5612060546875,1425.1722778320313,1482.587438430338,1454.2190469292489,0.009269336033557857,7,3,4
2025-07-07,1526.5999755859375,1544.800048828125,1525.0,1541.5,1528.3016357421875,7251074,0.009297338276263556,0.009254384061402419,1461.1565185546874,1429.9529907226563,1489.62039186293,1459.7066461005777,0.009338788504563371,7,3,0
2025-07-08,1536.0,1544.9000244140625,1530.199951171875,1537.5999755859375,1524.43505859375,7171261,-0.002529982994201152,-0.0025331888094234866,1466.0690979003907,1433.3000830078124,1494.9764944369026,1464.5013433222941,0.009144626153729693,7,3,1
2025-07-09,1536.699951171875,1551.0,1510.0999755859375,1519.0,1505.9942626953125,8870660,-0.012096806482165712,-0.012170568304243873,1469.5440856933594,1435.665654296875,1496.6715357074272,1467.5748929054805,0.009392430515883246,7,3,2
2025-07-10,1519.699951171875,1524.699951171875,1507.5,1517.199951171875,1504.209716796875,10047129,-0.00118496195014961,-0.0011856645726700738,1473.2917236328126,1437.8904418945312,1497.8312558750345,1470.2885835641023,0.009413586421267238,7,3,3
2025-07-11,1512.0,1515.0,1490.300048828125,1495.199951171875,1482.3980712890625,7234991,-0.014500401948113417,-0.014606560251559405,1476.627911376953,1439.3855297851562,1495.4569197848848,1471.18558265484,0.009901130415268451,7,3,4
2025-07-14,1492.199951171875,1500.0,1479.0999755859375,1483.699951171875,1470.9964599609375,10311846,-0.007691329035668826,-0.0077210598512722035,1478.9032592773438,1440.4245532226562,1491.693772119662,1471.1715735664027,0.009974727684451441,7,3,0
2025-07-15,1486.199951171875,1496.5,1482.4000244140625,1485.4000244140625,1472.6820068359375,8132454,0.0011458537942672375,0.0011451978048724564,1481.5900634765626,1441.7035083007813,1488.7688851529354,1471.2834575122943,0.009875706679099034,7,3,1
2025-07-16,1473.0,1491.0,1471.5,1485.5999755859375,1472.8802490234375,10409983,0.0001346130302264381,0.00013460397070549533,1484.3413024902343,1443.2818774414063,1486.3244795945511,1471.4017383649716,0.009661427751264171,7,3,2
2025-07-17,1487.4000244140625,1489.5999755859375,1473.9000244140625,1476.4000244140625,1463.759033203125,11854613,-0.006192774888766461,-0.006212029653955375,1486.477850341797,1444.6579931640624,1482.8528724574087,1470.8356120566866,0.00949336520907878,7,3,3
2025-07-18,1484.800048828125,1484.800048828125,1469.0999755859375,1476.0,1463.3624267578125,10296318,-0.00027095063894810867,-0.00027098735270437546,1486.9636535644531,1446.6170751953125,1479.8543423497786,1470.2820427752886,0.009495456829036235,7,3,4
2025-07-21,1465.0,1476.0,1423.0999755859375,1428.5999755859375,1416.3682861328125,22442744,-0.03211380842210021,-0.032640769301522495,1485.56572265625,1446.4604296875,1470.0872567779377,1466.2884311721423,0.011212857279298948,7,3,0
2025-07-22,1427.4000244140625,1431.9000244140625,1410.699951171875,1412.800048828125,1400.70361328125,20396320,-0.011059745551301958,-0.011121359246170002,1483.6819946289063,1446.4029296875,1459.4128500861395,1461.4302965135576,0.011316992357839692,7,3,1
2025-07-23,1426.0,1426.0,1414.4000244140625,1424.5999755859375,1412.4024658203125,8354596,0.008352125623248163,0.008317439622762423,1481.5652648925782,1446.4068920898437,1452.1804832760122,1457.798605351095,0.011345377696822622,7,3,2
2025-07-24,1419.199951171875,1423.0,1396.0,1402.9000244140625,1390.8883056640625,14740507,-0.015232315630201554,-0.015349519059519525,1476.9848205566407,1445.3896752929688,1442.7509174895583,1452.842286855759,0.011634912185728603,7,3,3
2025-07-25,1398.9000244140625,1401.0,1384.0999755859375,1391.699951171875,1379.7841796875,11854722,-0.007983477847461673,-0.008015516440259864,1470.8527770996093,1444.1067529296874,1433.0637270584725,1447.4305752136659,0.011599148811212082,7,3,4
2025-07-28,1392.300048828125,1407.800048828125,1385.0,1387.5999755859375,1375.7193603515625,7748361,-0.002945981984557977,-0.0029503299308987294,1465.251153564453,1443.0518627929687,1424.241516795871,1442.1186333720284,0.011512220348617557,7,3,0
2025-07-29,1383.0,1420.199951171875,1383.0,1417.0999755859375,1404.966796875,10750072,0.02125974044296597,0.021036904912041545,1459.7338012695313,1442.9031494140625,1421.276175269583,1439.3666454833597,0.012190905727876296,7,3,1
2025-07-30,1418.0999755859375,1423.300048828125,1401.300048828125,1410.0999755859375,1398.0267333984375,7209849,-0.004939663693119933,-0.004951904157642629,1454.3453308105468,1442.524423828125,1417.6993380586375,1436.3044297733654,0.012220677811046307,7,3,2
2025-07-31,1388.0999755859375,1402.5999755859375,1382.199951171875,1390.199951171875,1378.2969970703125,17065827,-0.01411256012262685,-0.014213089235438955,1448.019952392578,1442.1437084960937,1411.637439445049,1432.0075829064726,0.012461339577122697,7,3,3
2025-08-01,1386.9000244140625,1405.9000244140625,1384.300048828125,1393.699951171875,1381.76708984375,10321171,0.002517666933043783,0.002514502919160294,1441.3971374511718,1441.487373046875,1407.042001044849,1428.2860649018264,0.011641613980192284,8,3,4
2025-08-04,1395.0999755859375,1416.0999755859375,1391.699951171875,1411.5,1399.4146728515625,6312820,0.012771749405182442,0.012690878461457866,1434.9527893066406,1441.025361328125,1405.8685659381895,1426.1474432684736,0.011893663975348934,8,3,0
2025-08-05,1411.0,1411.0,1388.0999755859375,1391.699951171875,1379.7841796875,9315972,-0.014027645661354837,-0.014126962968679444,1427.7202453613281,1440.4225659179688,1401.8555834380834,1422.7131274476608,0.012119174509384743,8,3,1
2025-08-06,1391.9000244140625,1395.9000244140625,1383.300048828125,1392.800048828125,1380.8748779296875,5834312,0.0007904846701709545,0.0007901724017155158,1421.4642761230468,1440.0240063476563,1398.6277825906377,1419.613997853737,0.011888976308112763,8,3,2
2025-08-07,1387.699951171875,1393.699951171875,1366.0,1389.4000244140625,1377.50390625,9976705,-0.002441185464059914,-0.002444170015513371,1415.1289855957032,1439.4608666992187,1395.3779554613088,1416.4947318090158,0.011224509081320446,8,3,3
2025-08-08,1385.0,1397.199951171875,1365.0,1367.800048828125,1356.0888671875,8793606,-0.015546263763997925,-0.015668374149324184,1408.813525390625,1438.407958984375,1389.3334803422613,1412.0202233185332,0.01106165063851255,8,3,4
2025-08-11,1370.0,1388.0,1361.199951171875,1386.199951171875,1374.331298828125,9997486,0.01345223906930193,0.0133625610528932,1403.9802673339843,1437.8626684570313,1387.0254524170095,1409.2284511340586,0.011404251189386292,8,3,0
2025-08-12,1381.9000244140625,1401.9000244140625,1375.199951171875,1380.4000244140625,1368.5810546875,12244664,-0.004184030550368867,-0.0041928080984340605,1398.7752197265625,1437.3649682617188,1384.1878527663157,1406.217532878758,0.010686310257920651,8,3,1
2025-08-13,1388.0,1391.800048828125,1377.5,1382.5999755859375,1370.7620849609375,7457021,0.00159364347911084,0.0015923749768563212,1393.6693115234375,1436.5539721679688,1382.1223500270266,1403.5912034033638,0.010708110696135795,8,3,2
2025-08-14,1377.300048828125,1380.699951171875,1370.0999755859375,1373.800048828125,1367.4774169921875,7126128,-0.002396234915443829,-0.0023991104809342485,1388.8552307128907,1435.3025170898438,1379.8692834062822,1400.9161081136472,0.010699305542620219,8,3,3
2025-08-18,1390.0,1394.9000244140625,1377.0,1381.699951171875,1375.3409423828125,11785109,0.005750387752597064,0.005733917383452632,1384.4541564941405,1434.1865234375,1379.1726155565177,1399.0216513928447,0.010684303769017002,8,3,0
2025-08-19,1390.0,1421.0,1389.0999755859375,1420.0999755859375,1413.564208984375,14384719,0.0277918481328272,0.027412664169589443,1384.3139526367188,1433.7298999023437,1384.4636299300341,1400.098877881106,0.011892323743016643,8,3,1
2025-08-20,1413.0,1424.9000244140625,1410.0,1413.0,1406.4969482421875,8725641,-0.004999603624136206,-0.005012143455921325,1384.6036193847656,1433.3361694335938,1387.853371208827,1400.5728090189639,0.011900870559080089,8,3,2
2025-08-21,1425.0,1431.9000244140625,1420.300048828125,1424.800048828125,1418.24267578125,11021323,0.008351050852788644,0.008316373753999923,1384.8956298828125,1432.9711328125,1392.5286488353536,1401.8816880383924,0.011924445794640524,8,3,3
2025-08-22,1420.0,1423.4000244140625,1407.9000244140625,1409.199951171875,1402.71435546875,5818868,-0.010948986783200665,-0.011009368086221378,1385.4869323730468,1432.4402807617187,1394.0956806251068,1401.943367107308,0.012036125907622356,8,3,4
2025-08-25,1414.699951171875,1419.5,1405.699951171875,1412.5999755859375,1406.0987548828125,5979407,0.002412750251587381,0.00240984424307567,1386.8026611328125,1432.24876953125,1395.9423074339848,1402.2511736091972,0.01183727770773002,8,3,0
2025-08-26,1408.0,1410.0,1381.5999755859375,1384.9000244140625,1378.5262451171875,12145259,-0.019609227068779322,-0.019804038907330946,1386.9430053710937,1431.3095043945314,1393.2629132314005,1400.493771498678,0.012238734137351735,8,3,1
2025-08-28,1389.9000244140625,1392.199951171875,1366.5,1385.9000244140625,1379.521728515625,13161813,0.0007221359781603987,0.0007218753634335549,1385.670751953125,1430.5210205078124,1391.148884813589,1398.9402868332666,0.01223511582188585,8,3,3
2025-08-29,1381.0999755859375,1403.5,1350.0,1357.199951171875,1350.9537353515625,18758842,-0.02070862138199292,-0.02092605191100228,1383.3171020507812,1429.1829858398437,1384.9650156655848,1395.3857274642514,0.012687089719272413,8,3,4
2025-09-01,1356.0,1363.199951171875,1340.5999755859375,1353.9000244140625,1347.6689453125,11232238,-0.0024314600515965568,-0.0024344208509384127,1381.7856994628905,1427.7158032226562,1379.227158688187,1391.8511510085661,0.012670962204075249,9,3,0
2025-09-02,1354.800048828125,1384.5,1354.5,1366.5,1360.2109375,11517006,0.009306434069823899,0.009263396026687545,1380.7078918457032,1425.8470947265625,1376.3015861976967,1389.507431489413,0.012852910681290644,9,3,1
2025-09-03,1369.699951171875,1376.5,1360.5,1372.5999755859375,1366.2828369140625,7847563,0.004463939560155561,0.004454005733653547,1379.0513000488281,1424.2862133789063,1374.7602401540607,1387.787091150498,0.011606975534452946,9,3,2
2025-09-04,1371.800048828125,1374.0,1357.0999755859375,1359.300048828125,1353.0440673828125,13223177,-0.009689625876550978,-0.009736875771641517,1377.7142944335938,1422.57953125,1371.4192904969457,1385.2135338343733,0.011569208945323163,9,3,3
2025-09-05,1363.0,1381.0,1359.300048828125,1375.0,1368.671875,5777575,0.011550109855192225,0.011483916542132218,1377.1041442871094,1420.8582275390625,1370.9966111897231,1383.988225772568,0.011673460363944526,9,3,4
2025-09-08,1380.0,1386.0,1372.4000244140625,1378.5,1372.15576171875,6986720,0.0025454506535760313,0.002542216481182689,1376.836737060547,1418.6513989257812,1371.1749420403428,1383.1117469537667,0.01137247172454189,9,3,0
2025-09-09,1376.5999755859375,1381.199951171875,1368.699951171875,1376.199951171875,1369.8662109375,9754452,-0.001668579358936717,-0.0016699729879447352,1377.5256042480469,1416.0002221679688,1370.9735987937518,1382.130596137747,0.011285172655546304,9,3,1
2025-09-10,1383.9000244140625,1388.5,1374.0999755859375,1377.0,1370.66259765625,7790815,0.0005813609478000359,0.0005811920229919093,1377.3421691894532,1413.6584375,1370.9257524649054,1381.281114768747,0.011273719461668927,9,3,2
2025-09-11,1376.0,1385.5,1375.0,1383.300048828125,1376.9337158203125,9766072,0.004575245705825681,0.004564811084390663,1377.7598022460938,1410.8908349609376,1371.8500545195834,1380.9590852170113,0.010575562860787669,9,3,3
2025-09-12,1383.300048828125,1396.300048828125,1380.5,1395.0,1388.579833984375,7403368,0.008458009292861446,0.008422440750907756,1378.6506896972655,1408.5465087890625,1374.4238667449358,1381.523585125705,0.010669220695168723,9,3,4
2025-09-15,1393.0,1400.800048828125,1388.5999755859375,1399.300048828125,1392.8599853515625,5396697,0.0030823948774383325,0.003077654037942712,1379.9198181152344,1406.3076171875,1377.2601926844168,1382.3633184757687,0.010351573618229718,9,3,0
2025-09-16,1404.699951171875,1408.0,1398.199951171875,1405.300048828125,1398.8323974609375,8686961,0.004287876866437168,0.004278710117012921,1381.0943908691406,1403.9997973632812,1380.578993419266,1383.583250252448,0.010369078885155283,9,3,1
2025-09-17,1407.0,1416.199951171875,1406.9000244140625,1413.800048828125,1407.2933349609375,7519417,0.0060485713051525725,0.006030352127487597,1380.7808471679687,1401.5796313476562,1384.6888921179848,1385.339552823447,0.0101644721693019,9,3,2
2025-09-18,1420.4000244140625,1422.0,1410.699951171875,1415.0,1408.4876708984375,9332642,0.0008486758999204369,0.0008483159781524423,1380.8803833007812,1399.26068359375,1388.3502426995929,1387.0542282364092,0.009800937836183372,9,3,3
2025-09-19,1414.9000244140625,1417.0,1403.5999755859375,1407.4000244140625,1400.9227294921875,13461373,-0.005370967430211482,-0.005385442930672871,1380.014385986328,1397.1592529296875,1390.284471436915,1388.0815246257262,0.009864045226871275,9,3,4
2025-09-22,1403.9000244140625,1410.699951171875,1388.0,1390.5999755859375,1384.199951171875,7757970,-0.01193697408733907,-0.012008791859278839,1379.0886657714843,1394.7590576171874,1389.3483913961397,1387.7940006661818,0.010111836855747316,9,3,0
2025-09-23,1391.0,1395.0,1376.800048828125,1389.800048828125,1383.40380859375,14014702,-0.0005751644315916682,-0.0005753299021048968,1377.9539184570312,1392.7791723632813,1388.433840195772,1387.468801253409,0.009667011292694233,9,3,1
2025-09-24,1385.300048828125,1396.0,1380.4000244140625,1383.0,1376.635009765625,5922759,-0.004892858315176718,-0.004904867535378982,1377.859356689453,1390.891943359375,1386.6186355142108,1386.66629818024,0.009409999506377815,9,3,2
2025-09-25,1381.300048828125,1384.5,1369.0,1372.4000244140625,1366.0838623046875,11411143,-0.007664448009885971,-0.0076939708390718385,1377.1874633789062,1388.75998046875,1383.4594396358227,1385.1416733005692,0.009485769268183848,9,3,3
2025-09-26,1372.0,1382.699951171875,1366.0,1377.5999755859375,1371.2598876953125,9879109,0.0037889514205171615,0.0037817914243031487,1378.2027709960937,1386.7275732421874,1381.5825854911288,1384.113392885365,0.009507070092440515,9,3,4
2025-09-29,1381.5999755859375,1389.0,1368.0,1372.800048828125,1366.48193359375,14231999,-0.0034843534361621575,-0.0034904379334003196,1379.1434204101563,1384.78203125,1379.2594082761475,1382.807358863764,0.009518815671616904,9,3,0
2025-09-30,1377.0999755859375,1377.0999755859375,1362.800048828125,1364.0,1357.722412109375,14604684,-0.006410272444172027,-0.00643090646765079,1379.018994140625,1382.6692309570312,1375.9460242504902,1380.9492146597352,0.009525277920153197,9,3,1
2025-10-01,1367.0,1378.5999755859375,1362.699951171875,1368.699951171875,1362.4007568359375,12045916,0.003445729911237372,0.0034398069858944365,1378.8248901367188,1381.5898803710938,1373.8621369559437,1379.5752548209352,0.007948402260728805,10,4,2
2025-10-03,1363.199951171875,1371.5999755859375,1356.9000244140625,1363.4000244140625,1357.125244140625,12842347,-0.0038722179717254335,-0.003879734417554317,1379.0289489746094,1380.7183129882812,1371.2872303689714,1377.9122910668382,0.00793245498983594,10,4,4
2025-10-06,1360.0,1377.4000244140625,1359.0,1375.0,1368.671875,12396580,0.008508154209957652,0.008472163862791251,1379.0289489746094,1379.843701171875,1370.8848680045141,1377.227815802628,0.007938999472165083,10,4,0
2025-10-07,1376.0,1395.9000244140625,1375.9000244140625,1384.800048828125,1378.4267578125,11244040,0.00712726183001311,0.007101982941186253,1379.3424987792969,1379.5944702148438,1372.0451587442042,1377.3166263218777,0.007855529911601846,10,4,1
2025-10-08,1384.800048828125,1389.0,1364.5,1367.4000244140625,1361.1068115234375,8525081,-0.012565010212474692,-0.012644617500512156,1378.9045288085938,1379.2209228515626,1370.3623360948554,1376.1158992997712,0.008131705369443677,10,4,2
2025-10-09,1374.0,1380.0,1369.0999755859375,1377.800048828125,1371.458984375,8826633,0.007605702038898432,0.007576924510574216,1378.9443481445312,1379.1357153320312,1370.5310512148776,1375.7709426386768,0.007482102359767499,10,4,3
2025-10-10,1377.800048828125,1388.0,1375.0999755859375,1381.699951171875,1375.3409423828125,6373084,0.0028305316105254885,0.002826533199235726,1378.8647094726562,1378.5431982421876,1371.271034471483,1375.739090767872,0.007500399815361893,10,4,4
2025-10-13,1376.9000244140625,1377.699951171875,1367.800048828125,1375.0,1368.671875,7600682,-0.0048490284679943985,-0.004860823150484037,1377.8693115234375,1377.9561010742189,1370.8711637835625,1375.2155933035851,0.006486189389745248,10,4,0
2025-10-14,1380.0,1388.0,1370.0999755859375,1375.9000244140625,1369.5677490234375,9768174,0.0006545571950453688,0.000654343065919321,1376.7046997070313,1377.7815161132812,1370.670638435851,1374.7972344680186,0.006463267568447139,10,4,1
2025-10-15,1383.0,1384.0,1372.699951171875,1374.300048828125,1367.97509765625,10882743,-0.001162886150263942,-0.0011635628270127284,1375.1618347167969,1377.5056762695312,1370.255939854374,1374.2918910004803,0.006253844166003559,10,4,2
2025-10-16,1375.0999755859375,1400.5,1375.0,1398.300048828125,1391.8646240234375,12315932,0.017463421964418302,0.017312688759116134,1374.390399169922,1377.3546752929688,1373.5803528034605,1375.5935749281068,0.006968383447416737,10,4,3
2025-10-17,1401.0,1423.300048828125,1399.0999755859375,1416.800048828125,1410.279541015625,19335561,0.013230393728203227,0.013143636453259628,1374.4799926757812,1377.9645825195312,1379.2263817591781,1378.1629057494044,0.0070525307349448285,10,4,4
2025-10-20,1440.0,1473.800048828125,1433.300048828125,1466.800048828125,1460.04931640625,24721978,0.035290716445324666,0.03468227273081853,1377.4363220214843,1379.5480712890626,1391.6606793971891,1384.2285657980597,0.009226819800068311,10,4,0
2025-10-21,1468.0,1474.0,1460.0,1465.199951171875,1458.4566650390625,2066169,-0.0010908202546936474,-0.001091415632113552,1381.1491577148438,1381.1671264648437,1401.9369848805543,1389.7269435196154,0.009245953418842986,10,4,1
2025-10-23,1475.0,1482.9000244140625,1444.5999755859375,1448.4000244140625,1441.7340087890625,18707090,-0.0114659946029676,-0.011532235954534913,1384.0656677246093,1382.880029296875,1408.0596039434017,1393.5793187247596,0.00955078743564794,10,4,3
2025-10-24,1450.0,1459.800048828125,1441.0,1451.5999755859375,1444.9193115234375,9700837,0.002209355342217556,0.0022069183055633316,1387.4798828125,1384.2917895507812,1413.7303281864843,1397.3822811542911,0.009548545803532253,10,4,4
2025-10-27,1463.0,1485.0,1458.0,1484.0999755859375,1477.2696533203125,14113867,0.022389029988648,0.022142074916754684,1393.0391723632813,1386.4655615234376,1423.505608976304,1403.2998642777002,0.01025461966468344,10,4,0
2025-10-28,1484.0999755859375,1492.0,1477.5999755859375,1486.9000244140625,1480.056884765625,17631577,0.0018867452120525652,0.001884967543958263,1398.479022216797,1388.6514575195313,1432.205805251584,1408.9855694990279,0.010190686562384886,10,4,1
2025-10-29,1490.0,1508.300048828125,1488.0999755859375,1504.199951171875,1497.277099609375,11884745,0.01163483310742941,0.011567668897626367,1405.018780517578,1391.247451171875,1442.216773614321,1415.525682840535,0.010335440489312241,10,4,2
2025-10-30,1500.0,1503.0999755859375,1484.0,1488.5,1481.6494140625,9318663,-0.010437403705000348,-0.01049225540980897,1411.2151306152343,1393.3736206054687,1448.2833336832716,1420.423737005125,0.01059228764967065,10,4,3
2025-10-31,1490.4000244140625,1497.5,1482.300048828125,1486.4000244140625,1479.5592041015625,8758053,-0.0014107318108448341,-0.0014117278298198745,1417.0730529785155,1394.6935205078125,1453.0950060553164,1424.8041419752315,0.010580857725777406,10,4,4
2025-11-03,1486.0,1495.0,1479.300048828125,1484.699951171875,1477.866943359375,8452085,-0.0011437600722541408,-0.0011444146649845376,1423.1101379394531,1396.1209204101563,1456.9060733328638,1428.7347198555385,0.010592788925991142,11,4,0
2025-11-04,1483.9000244140625,1492.800048828125,1470.0999755859375,1473.0999755859375,1466.3203125,10007806,-0.0078130381840249,-0.007843719882867391,1427.9925598144532,1397.0824731445311,1458.3544178201155,1431.5188378292023,0.010657848505593008,11,4,1
2025-11-06,1484.0,1501.5999755859375,1476.199951171875,1496.0999755859375,1489.2144775390625,16772678,0.015613345081491259,0.01549271085804977,1433.5319458007812,1398.8124755859376,1463.102119315338,1435.7925889188216,0.010640244172241768,11,4,3
2025-11-07,1494.5999755859375,1498.4000244140625,1475.9000244140625,1478.0,1471.19775390625,7821765,-0.012098138921255441,-0.012171917059867947,1439.0364929199218,1400.1144555664061,1464.3476015600938,1438.4151937327053,0.010958117447499667,11,4,4
2025-11-10,1477.9000244140625,1501.0,1475.5,1489.300048828125,1482.44580078125,7068438,0.007645503023053557,0.007616424285153511,1444.5858337402344,1402.1928466796876,1467.13193990181,1441.6767201807459,0.010920837990289681,11,4,0
2025-11-11,1497.0,1498.800048828125,1480.199951171875,1493.4000244140625,1486.5269775390625,7127506,0.0027530023395538894,0.002749219769305914,1450.1451354980468,1404.3329516601561,1470.1157918460026,1444.9989614665471,0.010749839383517364,11,4,1
2025-11-12,1505.0,1524.699951171875,1500.0,1511.5,1504.5435791015625,12384459,0.01211992909292925,0.012047070852696318,1456.938720703125,1407.4047485351562,1475.4123745007041,1449.4096738839557,0.01088104831647871,11,4,2
2025-11-13,1515.0,1522.0999755859375,1506.800048828125,1510.9000244140625,1503.9464111328125,7196443,-0.00039690971869799085,-0.00039698850820929423,1463.6576538085938,1410.5302978515624,1479.8022262902591,1453.4494321986858,0.010830585395423682,11,4,3
2025-11-14,1505.5,1520.9000244140625,1505.5,1518.9000244140625,1511.9095458984375,7682823,0.005294826136542197,0.00528085782944454,1470.8543762207032,1413.5642700195312,1484.7418139222864,1457.77981099126,0.01068012893461441,11,4,4
2025-11-17,1520.9000244140625,1523.699951171875,1511.5,1518.300048828125,1511.3123779296875,5871416,-0.0003949759893837612,-0.0003950540129454881,1476.8267639160156,1416.4648608398438,1488.829593000348,1461.7451863200324,0.010705608462133928,11,4,0
2025-11-18,1521.699951171875,1527.800048828125,1510.5,1519.4000244140625,1512.4072265625,11045042,0.0007244356949636099,0.0007241734180863851,1481.9331481933593,1419.6521240234374,1492.456921240679,1465.4979300416967,0.01062880093934686,11,4,1
2025-11-19,1517.4000244140625,1522.300048828125,1512.0,1518.9000244140625,1511.9095458984375,5692366,-0.0003290652512906167,-0.0003291194051408462,1484.5261596679688,1422.5168774414062,1495.4496327264883,1468.9358275125664,0.010612587998175774,11,4,2
2025-11-20,1530.0,1550.9000244140625,1526.699951171875,1549.0999755859375,1541.9705810546875,18171724,0.019882826481121718,0.01968774469852651,1488.70185546875,1425.913173828125,1502.6067017000573,1474.3458092564274,0.011015871159876872,11,4,3
2025-11-21,1541.0,1557.800048828125,1540.0999755859375,1546.5999755859375,1539.4820556640625,9615271,-0.001613860485537244,-0.0016151641611931852,1493.5892578125,1429.3054907226563,1508.2798330791352,1479.1707163977337,0.010629464126162334,11,4,4
2025-11-24,1550.0,1550.0,1531.800048828125,1535.9000244140625,1528.831298828125,18433951,-0.006918402716518335,-0.0069424458220205595,1497.7848571777345,1432.4688647460937,1511.4415970405182,1482.8492780592442,0.010796905194152849,11,4,0
2025-11-25,1535.9000244140625,1559.5999755859375,1525.0999755859375,1539.699951171875,1532.61376953125,15033482,0.0024740929270772316,0.002471037397909023,1500.5520629882812,1435.5824658203126,1514.6988543467846,1486.5355366868002,0.010798072003583684,11,4,1
2025-11-26,1542.300048828125,1571.5999755859375,1540.5,1569.9000244140625,1562.6748046875,14054299,0.019614227507197768,0.0194243474310957,1504.682958984375,1439.064365234375,1522.079769783818,1492.1754824646298,0.011053132025442976,11,4,2
2025-11-27,1575.0,1575.5,1556.0,1563.4000244140625,1556.2047119140625,9794643,-0.004140396168178739,-0.004148991341546072,1507.6293395996095,1442.331259765625,1527.3297608807786,1496.918388349773,0.01114474755385415,11,4,3
2025-11-28,1568.0,1581.300048828125,1563.0,1567.5,1560.285888671875,8959508,0.002622519213936192,0.0026190864108407044,1511.5611633300782,1445.5603295898438,1532.3999343871012,1501.6122772625215,0.011101794246253016,11,4,4
2025-12-01,1575.0,1577.5,1563.5999755859375,1566.0999755859375,1558.892333984375,8920233,-0.0008931406081523763,-0.000893539695870668,1515.5278198242188,1448.5923095703124,1536.4756881712972,1505.8552444271031,0.010863304631417095,12,4,0
2025-12-02,1561.0999755859375,1567.5,1542.0,1546.300048828125,1539.1834716796875,11389150,-0.012642863060538412,-0.012723464126494088,1518.5936462402344,1451.2062255859375,1536.892270249511,1508.3240020013686,0.011116295671937046,12,4,1
2025-12-03,1545.199951171875,1552.4000244140625,1533.0,1538.800048828125,1531.718017578125,6090883,-0.004850269145247221,-0.004862069873907623,1521.8635314941407,1453.8221313476563,1536.09623137699,1510.0568920440912,0.009371855010006137,12,4,2
2025-12-04,1536.0,1560.5,1517.5999755859375,1535.5999755859375,1528.53271484375,11867930,-0.002079562098127874,-0.002081727389814339,1523.829443359375,1456.7087866210939,1534.9326134487992,1511.4254715107327,0.00938352397004167,12,4,3
2025-12-05,1530.4000244140625,1545.800048828125,1520.5999755859375,1540.5999755859375,1533.5096435546875,10183266,0.003256017134998901,0.0032507277895635223,1526.9450378417969,1459.7109033203126,1534.7136950035513,1513.0613361065812,0.009055444064471074,12,4,4
2025-12-08,1539.199951171875,1551.0,1535.0,1543.0,1535.898681640625,11301491,0.001557889183141814,0.0015566769326596304,1529.6176818847657,1462.8961767578126,1534.8960006400243,1514.7529913313251,0.009055950436305178,12,4,0
2025-12-09,1540.300048828125,1542.5,1520.0999755859375,1529.4000244140625,1522.3612060546875,11503971,-0.008814042063944538,-0.008853115498732357,1531.4093933105469,1466.0217236328126,1532.9675707038186,1515.316562792315,0.00841155178531258,12,4,1
2025-12-10,1534.0,1547.5,1531.4000244140625,1536.9000244140625,1529.8267822265625,7991629,0.004903945359473916,0.004891960186547437,1532.6735534667969,1469.1930615234376,1532.4843724765485,1516.3913938615185,0.008440054196067635,12,4,2
2025-12-11,1536.9000244140625,1550.0,1524.0,1545.0,1537.889404296875,4706197,0.005270284298839245,0.005256444954102387,1534.370703125,1472.6212109375,1533.3159158335218,1517.9838390789523,0.008244820351185898,12,4,3
2025-12-12,1550.800048828125,1559.800048828125,1546.0999755859375,1556.5,1549.3365478515625,5106655,0.007443411420030577,0.007415845936226041,1536.2420532226563,1476.4534936523437,1535.7806284516819,1520.3062619509974,0.008038818200299868,12,4,4
2025-12-15,1551.199951171875,1558.5999755859375,1546.5,1556.199951171875,1549.037841796875,5774543,-0.00019279610688960336,-0.00019281469444813024,1538.1283264160156,1480.1862353515626,1537.8201997355577,1522.4345271247662,0.00802656659410131,12,4,0
2025-12-16,1545.0,1551.699951171875,1538.800048828125,1542.300048828125,1535.201904296875,11731856,-0.008931955777110256,-0.008972084826756283,1539.2680603027343,1483.7477685546876,1537.4173850526836,1523.3802587671446,0.008240197714850225,12,4,1
2025-12-17,1550.0,1550.0,1539.300048828125,1544.4000244140625,1537.292236328125,7116649,0.0013616007284771303,0.0013606745907964086,1540.5371948242187,1487.12017578125,1537.3981314027515,1524.4107756235135,0.00805848137788586,12,4,2
2025-12-18,1535.199951171875,1551.5,1535.199951171875,1544.4000244140625,1537.292236328125,6580829,0.0,0.0,1540.3032775878905,1490.2974853515625,1537.3818398528088,1525.3649578979291,0.007614745603712309,12,4,3
2025-12-19,1554.4000244140625,1574.199951171875,1551.0,1565.0999755859375,1557.8968505859375,13937275,0.013403186310904314,0.013314158233636379,1541.2240173339844,1494.2332861328125,1540.5379953502131,1527.7747277266703,0.007514763962277382,12,4,4
2025-12-22,1573.5,1577.5,1565.300048828125,1575.4000244140625,1568.1495361328125,10184852,0.00658110679344337,0.00655954585499118,1543.1899291992188,1498.1670971679687,1544.7859247013823,1530.7654542752734,0.007489355623643542,12,4,0
2025-12-23,1580.9000244140625,1580.9000244140625,1568.0999755859375,1570.699951171875,1563.4710693359375,7506564,-0.002983431547231463,-0.002987890850689656,1544.7327941894532,1501.9296997070312,1547.6605623374678,1533.188092427915,0.007539942524703652,12,4,1
2025-12-24,1572.699951171875,1575.699951171875,1553.5999755859375,1558.199951171875,1551.0286865234375,8815745,-0.00795817911602592,-0.007990014436726636,1544.15048828125,1505.5768359375,1548.1787352891554,1534.5096179164723,0.007474967343615262,12,4,2
2025-12-26,1554.699951171875,1561.0,1554.300048828125,1559.199951171875,1552.0240478515625,2311495,0.0006417426942348925,0.0006415368654467969,1543.941455078125,1509.2259619140625,1548.770321837218,1535.8069830968493,0.0074704784689599455,12,4,4
2025-12-29,1554.9000244140625,1558.0999755859375,1543.5999755859375,1545.5999755859375,1538.4866943359375,5972105,-0.008722386443924313,-0.00876064911357044,1542.851495361328,1512.6361938476562,1547.1882252985595,1536.0054802256707,0.007634094245611237,12,4,0
2025-12-30,1547.0,1553.5999755859375,1537.800048828125,1539.800048828125,1532.71337890625,8815884,-0.0037525936694431383,-0.0037596523134155097,1541.542547607422,1515.4531689453124,1544.9613258535887,1535.7616208686766,0.00767383066936109,12,4,1
2025-12-31,1541.0,1577.0,1541.0,1570.4000244140625,1563.172607421875,5771830,0.019872749161595316,0.019677863789610932,1542.7420043945312,1518.5110302734374,1547.763061479479,1537.7920643170617,0.008450429683550404,12,4,2
2026-01-01,1573.699951171875,1592.5,1571.0999755859375,1575.5999755859375,1568.3485107421875,6408128,0.0033111527772029525,0.0033056829817391625,1544.5735290527343,1520.6770141601562,1550.9300536737417,1540.055504792997,0.00845480983237838,1,1,3
2026-01-02,1580.0,1594.5999755859375,1578.199951171875,1592.300048828125,1584.9718017578125,6602230,0.010599232824698213,0.010543454746843744,1547.3954833984376,1523.2073168945312,1556.1672456866756,1543.3826379015018,0.007901351093110463,1,1,4
2026-01-05,1593.0,1611.800048828125,1575.300048828125,1578.0999755859375,1570.8370361328125,8704973,-0.008917991859113128,-0.008957995158841681,1549.2618530273437,1525.7893774414063,1558.4241365245427,1545.416297029747,0.008093197134219472,1,1,0
2026-01-06,1569.0,1569.0,1496.300048828125,1507.5999755859375,1500.6614990234375,27417125,-0.04467397667305939,-0.04570261107757986,1547.4999938964843,1526.9042211914064,1549.5375769089883,1542.1011268070574,0.011526621023813171,1,1,1
2026-01-07,1510.0,1520.0,1498.0,1504.199951171875,1497.277099609375,11199340,-0.0022552717026890212,-0.002257818658020246,1546.2457885742188,1527.3043701171875,1541.4975034782785,1538.780828496118,0.011516105289423742,1,1,2
2026-01-08,1500.0,1503.9000244140625,1468.800048828125,1470.5999755859375,1463.831787109375,16518684,-0.022337423385908717,-0.02259068216525811,1542.9460388183593,1526.9798681640625,1529.5489317292165,1533.2290476526555,0.011509832497341561,1,1,3
2026-01-09,1465.0,1479.9000244140625,1465.0,1475.300048828125,1468.51025390625,8335311,0.003196041265173921,0.0031909447814505213,1539.4770812988281,1526.40453125,1520.1583659102987,1528.4350629306996,0.011543111128442139,1,1,4
2026-01-12,1475.300048828125,1485.300048828125,1451.0,1483.199951171875,1476.373779296875,8883745,0.0053547636931428055,0.005340477921300964,1535.8289428710937,1526.2990185546876,1513.4222756620798,1524.5786715504162,0.011590429639461549,1,1,0
2026-01-13,1485.0,1485.800048828125,1444.699951171875,1452.800048828125,1446.11376953125,13499760,-0.020496171220296455,-0.02070913269277348,1530.6827392578125,1525.6301098632812,1503.0671208727213,1518.7664565860334,0.012081184278233759,1,1,1
2026-01-14,1444.0,1467.0,1440.199951171875,1458.800048828125,1452.086181640625,8321764,0.004129973889475558,0.00412146895603885,1526.526953125,1525.1144946289062,1495.2238994523987,1513.8271769604476,0.011979866791676065,1,1,2
2026-01-15,1458.800048828125,1458.800048828125,1458.800048828125,1458.800048828125,1452.086181640625,0,0.0,0.0,1522.266650390625,1524.8298120117188,1488.5873274813564,1509.2537698997198,0.011970976763398162,1,1,3
2026-01-16,1458.800048828125,1480.0,1455.0999755859375,1457.9000244140625,1451.1903076171875,17167161,-0.0006169565104086061,-0.0006171469063911954,1517.9615539550782,1524.0693286132812,1482.8339398099458,1504.9527726936064,0.011972388567621142,1,1,4
2026-01-19,1450.5999755859375,1450.5999755859375,1403.300048828125,1413.5999755859375,1407.0941162109375,20392765,-0.030386222382269512,-0.030857454178798812,1510.4214172363281,1522.787255859375,1471.1816592562523,1497.7039833245199,0.013025404372076747,1,1,0
2026-01-20,1410.699951171875,1416.0,1390.0,1394.0,1387.5843505859375,13189498,-0.013865288327362557,-0.013962309297327348,1501.3931579589844,1520.8900268554687,1458.3205348454344,1489.5469734920323,0.013152026374580347,1,1,1
2026-01-21,1389.5,1412.9000244140625,1373.0,1404.5999755859375,1398.1356201171875,17352720,0.007604056306050433,0.00757529119886442,1493.1263854980468,1519.1221997070313,1449.0613171949349,1482.7757621309327,0.013255612644109613,1,1,2
2026-01-22,1410.0999755859375,1419.5,1395.0,1402.5,1396.0452880859375,15721693,-0.0014950853130218933,-0.0014962040682972614,1485.377215576172,1516.9522338867187,1440.90500502432,1476.351282572044,0.013179515166366906,1,1,3
2026-01-23,1401.800048828125,1407.0,1381.0,1386.0999755859375,1379.720703125,9837802,-0.011693449417618407,-0.01176235549044443,1476.7620483398437,1514.4677197265626,1431.4920355013478,1469.193461872263,0.013178108395682215,1,1,4
2026-01-27,1380.0,1391.5999755859375,1368.0,1380.5,1374.146484375,26302396,-0.00404010662257559,-0.004048289901653133,1468.5450378417968,1511.7124584960939,1422.669643020371,1462.152945020614,0.013014255015375986,1,1,1
2026-01-28,1385.0,1409.9000244140625,1384.9000244140625,1396.699951171875,1390.2718505859375,11121657,0.011734823320726173,0.011666504237041974,1461.4229614257813,1509.2916479492187,1417.6853672612274,1456.8284195069343,0.01331051686254631,1,1,2
2026-01-29,1402.9000244140625,1402.9000244140625,1384.0,1391.0,1384.59814453125,20846683,-0.00408100477061113,-0.0040893547959850295,1452.49423828125,1506.7354663085937,1412.5950253027693,1451.4780287679946,0.013271802658256142,1,1,3
2026-01-30,1382.5999755859375,1398.0,1378.5,1395.4000244140625,1388.9779052734375,11239835,0.0031631999215702145,0.0031582075298831357,1443.5257080078125,1504.2768334960938,1408.9616222213335,1446.84838999062,0.013297905253126182,1,1,4
2026-02-02,1340.0,1392.9000244140625,1335.5,1390.4000244140625,1384.0009765625,15711165,-0.0035831590207748842,-0.003589593911147956,1433.4771667480468,1501.11744140625,1405.1215228892052,1442.1930260329816,0.013283425053219366,2,1,0
2026-02-03,1473.9000244140625,1489.5,1430.199951171875,1437.0999755859375,1430.4859619140625,25456171,0.033587393461975035,0.03303565724385433,1426.4596130371094,1498.93751953125,1409.0237442776447,1441.325836098247,0.014609315660150961,2,1,1
2026-02-04,1444.0,1464.0,1440.300048828125,1456.800048828125,1450.095458984375,8333387,0.013708276482541581,0.013615168000036147,1423.9313110351563,1497.362802734375,1415.3424696171417,1441.9754377935158,0.014822448863708594,2,1,2
2026-02-05,1457.0,1461.5,1439.5,1443.4000244140625,1436.757080078125,11763658,-0.009198276446980902,-0.009240841811502613,1420.9053100585938,1495.4456689453125,1418.6370250726775,1441.588892777561,0.014872804349579192,2,1,3
2026-02-06,1441.5,1452.800048828125,1433.5,1450.800048828125,1444.123046875,8277304,0.0051268004167235315,0.0051137031212075785,1419.919873046875,1493.0746337890625,1422.557951503804,1441.7766078958898,0.014905287788393473,2,1,4
2026-02-09,1458.0,1465.9000244140625,1453.0,1461.5999755859375,1454.873291015625,5775864,0.007444133077086468,0.007416562261122547,1419.2380249023438,1491.0480053710937,1427.5295421979301,1442.7467325714256,0.015002525655651347,2,1,0
2026-02-10,1471.0,1471.0,1452.199951171875,1458.5,1451.7874755859375,10259630,-0.002121020056346845,-0.0021232726050842065,1418.0087097167968,1488.878037109375,1431.2615319499314,1443.4164172391672,0.01494949382707872,2,1,1
2026-02-11,1459.5999755859375,1470.0,1453.5999755859375,1468.699951171875,1461.9405517578125,7106877,0.0069935003177907795,0.006969159214890572,1418.800048828125,1486.9390014648438,1435.981381151144,1444.7885753516593,0.015030182858395144,2,1,2
2026-02-12,1470.0,1473.0,1445.5,1448.9000244140625,1442.231689453125,11135399,-0.01348130215075427,-0.01357299997455974,1418.30732421875,1484.9999658203126,1436.9429670437564,1444.5991763962124,0.01462558818694448,2,1,3
2026-02-13,1445.5,1450.699951171875,1416.300048828125,1419.5999755859375,1413.0665283203125,10755693,-0.02022224400288386,-0.020429512630679544,1416.3563415527344,1482.6269360351562,1433.2696687786113,1442.2634246868865,0.014926928975090657,2,1,4
2026-02-16,1420.0999755859375,1439.5999755859375,1409.300048828125,1437.0999755859375,1430.4859619140625,5896514,0.012327398069824858,0.01225203442456923,1415.3211242675782,1480.6660009765626,1432.8414061840654,1441.3910200370478,0.01498587886704888,2,1,0
2026-02-17,1431.0999755859375,1431.800048828125,1418.5999755859375,1423.0,1416.450927734375,10731630,-0.009811374982602317,-0.009859823681494054,1415.78896484375,1478.3248266601563,1430.3197941148821,1439.5436057924053,0.014998303732426665,2,1,1
2026-02-18,1427.0,1442.0999755859375,1419.199951171875,1441.300048828125,1434.666748046875,5521096,0.012860184532927255,0.01277819454916297,1418.143084716797,1476.3001879882813,1430.9885562582656,1439.1823570705142,0.013086344691922137,2,1,2
2026-02-19,1443.0,1443.0,1400.0,1409.5,1403.0130615234375,11884664,-0.022063441957186347,-0.022310480128286934,1418.3869567871093,1473.9132250976563,1426.6846339913689,1436.5031499929528,0.01361906420263496,2,1,3
2026-02-20,1409.5,1427.4000244140625,1406.0999755859375,1419.4000244140625,1412.8675537109375,8177670,0.007023806447532088,0.006999254417788575,1419.2280700683593,1471.5740405273436,1424.558929332841,1434.7523650831738,0.013160020769576616,2,1,4
2026-02-23,1425.0,1434.9000244140625,1418.300048828125,1428.0,1421.4278564453125,7758856,0.006058814721798367,0.006040533906767389,1421.313427734375,1469.2448095703126,1424.0772258116829,1433.7653644433321,0.0132025321325879,2,1,0
2026-02-24,1425.300048828125,1433.300048828125,1415.0,1428.800048828125,1422.2242431640625,12529409,0.0005602723452611258,0.0005601154513101862,1423.7173156738281,1466.7025634765625,1423.7921515582027,1432.9104665707937,0.01315186080635385,2,1,1
2026-02-25,1435.0,1440.5,1393.5,1398.5,1392.063720703125,10728792,-0.02120658722132207,-0.021434677331364452,1423.8069091796874,1463.5630810546875,1418.9108545035754,1429.884781691707,0.013188463634798179,2,1,2
2026-02-26,1398.5,1412.9000244140625,1391.9000244140625,1406.800048828125,1400.3255615234375,16683858,0.0059349587935093595,0.0059174163006636095,1424.593280029297,1460.8655541992186,1416.0515786604774,1427.695209827391,0.013217630635716165,2,1,3
2026-02-27,1398.0,1410.4000244140625,1388.0999755859375,1393.9000244140625,1387.48486328125,12031440,-0.009169794935556141,-0.009212096300274811,1424.5186279296875,1457.8694067382812,1411.6566993713654,1424.716665638788,0.013296518455393683,2,1,4
2026-03-02,1375.5,1378.5999755859375,1341.5,1358.0,1351.75,23728722,-0.025755137390645833,-0.02609260795212117,1422.9060791015625,1454.1585620117187,1402.4402840834632,1419.3117274433223,0.01401612223009056,3,1,0
2026-03-04,1330.0,1352.800048828125,1307.0,1345.0,1338.8099365234375,32495007,-0.009572822989874274,-0.009618936989953608,1418.3222778320312,1449.7768237304688,1392.6509998434592,1413.3486318196271,0.013058743975419502,3,1,2
2026-03-05,1353.0999755859375,1399.0,1353.0999755859375,1389.4000244140625,1383.005615234375,25957532,0.03301116723536035,0.032478000568284794,1414.9677856445312,1446.0739453125,1391.1670945189849,1411.1010009614604,0.01428435762867837,3,1,3
2026-03-06,1396.5,1424.300048828125,1390.300048828125,1404.800048828125,1398.334716796875,19311971,0.011083904066363504,0.011022927758322568,1413.0466674804688,1442.7712182617188,1392.2698056386603,1410.1553502826023,0.014362251190932495,3,1,4
2026-03-09,1375.0,1429.4000244140625,1370.0,1424.0,1417.4462890625,24870822,0.013667380231682458,0.013574823971311888,1411.7128295898438,1440.0995703125,1396.1431107807896,1410.6954198218539,0.014569328334685033,3,1,0
2026-03-10,1430.5999755859375,1431.5,1400.5999755859375,1408.800048828125,1402.3162841796875,18071259,-0.010674129241834973,-0.010731506425624272,1409.084979248047,1437.1054150390626,1397.0928297652354,1410.0747431076193,0.014540807640778187,3,1,1
2026-03-11,1424.9000244140625,1434.0,1383.5999755859375,1390.199951171875,1383.8017578125,21848087,-0.01320281777802923,-0.013290749801248631,1405.685693359375,1434.0117163085938,1395.0480494648145,1408.1285960487214,0.014737477124650483,3,1,2
2026-03-12,1390.0,1410.9000244140625,1381.0999755859375,1392.199951171875,1385.7926025390625,20939959,0.0014386776973818183,0.0014376437921421565,1401.8782958984375,1431.07330078125,1393.6241345531603,1406.474078010969,0.014581986929263189,3,1,3
2026-03-13,1385.199951171875,1400.800048828125,1378.4000244140625,1380.699951171875,1374.3455810546875,17265090,-0.008260270305528894,-0.008294575381705669,1398.4839904785156,1427.2967602539063,1390.658203245703,1404.0941893475406,0.01464210803252543,3,1,4
2026-03-16,1380.0,1397.300048828125,1363.5,1395.0999755859375,1388.6793212890625,22837802,0.010429502180503425,0.010375490143813606,1397.264630126953,1423.7033764648438,1390.353759867758,1402.9523472691346,0.01475834768726419,3,1,0
2026-03-17,1399.0,1405.9000244140625,1388.199951171875,1397.5999755859375,1391.167724609375,19007744,0.0017919207711702967,0.001790317196511928,1395.2987182617187,1419.827294921875,1390.478985212622,1402.0794122573006,0.014744740240944194,3,1,1
2026-03-18,1397.199951171875,1412.9000244140625,1397.199951171875,1408.0999755859375,1401.6195068359375,9559327,0.007512956232144763,0.007484874539781199,1394.557147216797,1416.4429443359375,1392.1929116162091,1402.0453451890514,0.01342273653171672,3,1,2
2026-03-19,1388.0,1415.699951171875,1376.0999755859375,1384.800048828125,1378.4267578125,16498373,-0.016547107763784985,-0.01668554038231336,1391.7451477050781,1413.9982495117188,1390.0750418002538,1400.2958201981958,0.013447816399213806,3,1,3
2026-03-20,1398.0,1430.0,1396.0999755859375,1414.4000244140625,1407.8905029296875,22994918,0.0213749079885428,0.021149668636858708,1391.9890197753907,1412.210517578125,1392.8158819740127,1400.8583892894173,0.013999343807189587,3,1,4
2026-03-23,1400.0,1415.5999755859375,1391.0,1407.800048828125,1401.3209228515625,18979554,-0.004666257826481779,-0.004677178794144283,1391.411688232422,1410.9603002929687,1394.124349801328,1400.8926510347615,0.01397580314330012,3,1,0
2026-03-24,1420.0,1422.4000244140625,1406.5999755859375,1411.800048828125,1405.302490234375,18620893,0.0028412958929566745,0.0028372670414163665,1390.605419921875,1409.6961450195313,1395.8440637141043,1401.2193057902882,0.013906041564451745,3,1,1
2026-03-25,1420.0,1430.5,1408.4000244140625,1413.0999755859375,1406.596435546875,19041331,0.0009207592824262978,0.0009203356436245065,1389.8240295410155,1408.3005981445312,1397.4982747652998,1401.6176116981835,0.013909138463767323,3,1,2
2026-03-27,1401.0,1404.699951171875,1345.0,1348.0999755859375,1341.8956298828125,23266517,-0.04599812997457742,-0.04708964734140841,1387.315625,1406.2162353515625,1388.9440217064555,1397.193761193341,0.016062404622189864,3,1,4
2026-03-30,1335.0,1365.0,1334.0999755859375,1343.9000244140625,1337.7149658203125,24393861,-0.003115491227037581,-0.0031203544733915027,1384.1850952148438,1403.9288110351563,1381.0626284932027,1392.7879244990427,0.015934052966132026,3,1,0
2026-04-01,1384.199951171875,1384.4000244140625,1362.9000244140625,1369.199951171875,1362.8984375,14404619,0.01882573816032962,0.018650727016000377,1382.9557739257812,1402.1450561523438,1378.2681375711716,1390.5738884250395,0.016021012296235294,4,2,2
2026-04-02,1357.0,1358.199951171875,1328.0,1350.5,1344.2845458984375,21280051,-0.013657577915861752,-0.013751700607661102,1382.582501220703,1400.0069409179687,1373.0398926984433,1387.1450482378839,0.015973552702662555,4,2,3
2026-04-06,1359.0,1359.0,1290.0,1304.699951171875,1298.6953125,29274881,-0.03391338056926663,-0.03450178064181,1380.5767700195313,1397.83896484375,1361.6022649756057,1380.5932159610036,0.016958557524107687,4,2,0
2026-04-07,1295.0,1308.300048828125,1291.0,1304.5999755859375,1298.5958251953125,28388922,-7.660557771316245e-05,-7.660851207029054e-05,1376.3562805175782,1396.0591943359375,1351.9089665478684,1374.5193351635448,0.01671062715434716,4,2,1
2026-04-08,1349.0,1350.5999755859375,1326.199951171875,1347.800048828125,1341.5970458984375,21817543,0.03311362925154748,0.032577183363482205,1373.5193969726563,1394.9284228515626,1350.322517217187,1372.080647069833,0.017574745872059584,4,2,2
2026-04-09,1346.0,1350.0,1326.300048828125,1330.0,1323.87890625,20725390,-0.013206752133664734,-0.013294736804403419,1368.8410278320312,1393.4850952148438,1346.2542693760813,1368.5101477498456,0.01763076022849884,4,2,3
2026-04-10,1337.0,1352.300048828125,1331.5,1350.199951171875,1343.9859619140625,19364461,0.015187987035020889,0.015073804246197876,1365.92451171875,1392.770400390625,1345.905298997309,1366.6935413916394,0.01785231555240356,4,2,4
2026-04-13,1321.199951171875,1327.5999755859375,1310.0,1315.0999755859375,1309.0474853515625,28753269,-0.02599616182950437,-0.026340034720573974,1362.1867980957031,1391.4684204101563,1340.2348661287326,1362.4234631664485,0.01838623557402242,4,2,0
2026-04-15,1337.0,1347.0,1334.199951171875,1344.0999755859375,1337.9140625,15313779,0.02205158901526394,0.021811968996033236,1359.79287109375,1390.4212646484375,1339.8778194166198,1360.607952005971,0.018571708510835255,4,2,2
2026-04-16,1352.0,1353.800048828125,1330.0,1343.300048828125,1337.1177978515625,30211012,-0.0005951538075245066,-0.000595330981852617,1357.9314819335937,1389.4716577148438,1339.4532007143032,1358.8679405871258,0.018523961438174082,4,2,3
2026-04-17,1340.0,1368.4000244140625,1340.0,1365.0,1358.7178955078125,13869105,0.016154221932395352,0.016025130877408516,1356.4334106445312,1388.8664575195312,1342.4169999133046,1358.8568261368061,0.018732193205472487,4,2,4
2026-04-20,1363.199951171875,1373.0,1352.800048828125,1363.300048828125,1357.0257568359375,13614733,-0.0012453936740434157,-0.0012461698212178662,1354.7263122558593,1388.326953125,1344.6645009783251,1358.721191373779,0.01811840932385373,4,2,0
2026-04-21,1359.0,1369.800048828125,1350.0999755859375,1353.300048828125,1347.07177734375,27293629,-0.00733514411354752,-0.007362178565324447,1351.99892578125,1386.6586694335938,1345.0348511883906,1357.8582718159992,0.01808097678056389,4,2,1
2026-04-22,1350.300048828125,1366.0,1349.0999755859375,1362.0999755859375,1355.8311767578125,9525953,0.006502548387833373,0.006481498024790304,1350.8691467285157,1384.7733837890626,1346.695824352917,1357.7081166265039,0.017048755878573275,4,2,2
2026-04-23,1346.0,1355.5,1340.699951171875,1343.4000244140625,1337.21728515625,16385079,-0.013728767947403075,-0.013823878990308855,1347.3354858398438,1382.782587890625,1345.2375875534296,1356.190277258337,0.01706827253805524,4,2,3
2026-04-24,1340.0,1345.9000244140625,1325.0,1327.800048828125,1321.6890869140625,11744802,-0.011612322406057696,-0.01168027196892668,1343.3538940429687,1380.3339086914064,1341.6147413012195,1353.6346335291314,0.016924886500345925,4,2,4
2026-04-27,1313.0,1371.5999755859375,1311.0,1365.800048828125,1359.51416015625,24673098,0.02861873765675349,0.02821687085302721,1341.0644775390624,1378.4267260742188,1344.3684980481473,1354.0701540200291,0.01774609999170943,4,2,0
2026-04-28,1358.0,1395.199951171875,1357.0,1388.9000244140625,1382.5078125,41027699,0.016913139279922884,0.016771704647915515,1339.8600463867188,1377.0411328125,1350.2360848868939,1356.1766472407676,0.01787629441587254,4,2,1
2026-04-29,1392.0,1433.800048828125,1391.300048828125,1425.4000244140625,1418.83984375,30542143,0.026279801764230504,0.025940420840798166,1343.707257080078,1376.1791186523437,1360.7905093273719,1360.8183655007108,0.018503604721358854,4,2,2
2026-04-30,1409.0,1437.0,1393.0999755859375,1430.800048828125,1424.215087890625,30957881,0.0037884784278527928,0.0037813202169092656,1348.0322631835938,1375.8187866210938,1370.5481367986417,1365.5144190110748,0.018427355473278204,4,2,3
2026-05-01,1430.800048828125,1430.800048828125,1430.800048828125,1430.800048828125,1424.215087890625,0,0.0,0.0,1351.098095703125,1376.0417578125,1378.8045908127929,1369.8626167058565,0.018348441003961543,5,2,4
2026-05-04,1433.4000244140625,1467.4000244140625,1433.4000244140625,1463.0999755859375,1456.3663330078125,24035700,0.022574711776720546,0.022323674017795506,1356.7021850585938,1376.559365234375,1390.7371665351036,1376.2702993948901,0.018766700798829788,5,2,0
2026-05-05,1460.0,1473.4000244140625,1450.0,1463.5999755859375,1456.864013671875,23543341,0.0003417276634201105,0.00034166928782079667,1364.6106201171874,1377.367626953125,1400.9105276330686,1382.2402041561481,0.01873573646055929,5,2,1
2026-05-06,1463.0,1473.300048828125,1427.5,1437.9000244140625,1431.2823486328125,14221786,-0.017559404857963812,-0.01771540002643879,1371.2449462890625,1377.2999389648437,1405.583115479183,1385.872955598864,0.01877016537523233,5,2,2
2026-05-07,1438.800048828125,1449.5,1430.300048828125,1436.199951171875,1429.590087890625,19816903,-0.0011823388612344221,-0.001183038375255249,1375.644598388672,1377.8314794921876,1409.2764958501741,1389.11126169455,0.018391472691644786,5,2,3
2026-05-08,1426.0,1442.800048828125,1417.5,1435.199951171875,1428.5947265625,8663105,-0.0006962564559982454,-0.0006964989550920782,1380.880389404297,1378.1460229492188,1412.248531344378,1392.0359627958796,0.018365986364930562,5,2,4
2026-05-11,1420.0,1428.0,1382.0,1388.199951171875,1381.81103515625,15261787,-0.0327480499097329,-0.03329626928541102,1382.7716430664063,1377.3536865234375,1407.5658396231274,1391.2785607484996,0.01935291363832043,5,2,0
2026-05-12,1392.0,1393.5,1360.300048828125,1364.0,1357.722412109375,24357500,-0.017432646312707356,-0.0175863842171055,1385.205389404297,1376.0636499023437,1399.897620005627,1388.7929201085644,0.019598911611937237,5,2,1
2026-05-13,1361.4000244140625,1372.4000244140625,1352.4000244140625,1358.800048828125,1352.54638671875,13797989,-0.00381228544543466,-0.0038195707272034207,1385.9370056152343,1375.2733032226563,1392.6128148845692,1386.1079917093189,0.0176776185242932,5,2,2
2026-05-14,1365.199951171875,1378.0,1358.4000244140625,1361.800048828125,1355.5325927734375,17303059,0.0022078400297471656,0.002205406332433297,1386.8577453613282,1374.3774438476562,1386.9081653290104,1383.843147343698,0.0176676765735184,5,2,3
2026-05-15,1356.800048828125,1364.800048828125,1329.199951171875,1336.4000244140625,1330.24951171875,19976192,-0.01865176919350786,-0.018827907067700874,1385.434326171875,1373.2327368164063,1378.1914493889703,1379.873248408517,0.017658930043795845,5,2,4
2026-05-18,1334.0,1342.0,1318.699951171875,1335.9000244140625,1329.7518310546875,13022473,-0.0003741258009706261,-0.0003741958034884785,1384.0706298828125,1372.7927734375,1370.7392004144654,1376.160550826752,0.017487418904404955,5,2,0
2026-05-19,1338.699951171875,1344.0,1318.4000244140625,1322.699951171875,1316.6124267578125,21665501,-0.009881095096107906,-0.009930237102117835,1382.5476623535155,1372.3488232421876,1362.4120044672882,1371.7495786734971,0.016407585529548314,5,2,1
2026-05-20,1318.699951171875,1362.9000244140625,1312.5999755859375,1359.699951171875,1353.442138671875,13248515,0.027973085446836077,0.027588985218283305,1382.4282104492188,1371.7575537109376,1361.0320251141477,1370.3934720067102,0.017150858625473893,5,2,2
2026-05-21,1367.199951171875,1370.9000244140625,1345.199951171875,1349.5999755859375,1343.388671875,17150630,-0.007428072844503308,-0.007455798361025863,1382.7367797851562,1370.6586328125,1358.3176630773555,1368.3931164413982,0.016143392178578783,5,2,3
2026-05-22,1350.0,1367.4000244140625,1349.0999755859375,1354.5,1348.26611328125,7105813,0.0036307001155833074,0.0036241250338794172,1384.0656311035157,1369.275029296875,1356.7712708010315,1366.9022273184244,0.01595386025163636,5,2,4
2026-05-25,1366.800048828125,1371.0999755859375,1357.0,1367.0,1360.7086181640625,6750071,0.009228523034322533,0.009186200399962478,1384.1253540039063,1368.4428759765624,1357.37701654919,1366.4434414551383,0.015804047739954325,5,2,0
2026-05-26,1360.0999755859375,1368.5,1352.4000244140625,1356.300048828125,1350.0579833984375,13769747,-0.00782727074955647,-0.007858064626510279,1382.502862548828,1367.7680004882814,1356.2510114490744,1365.2297038213085,0.015084095995595095,5,2,1
2026-05-27,1353.0,1361.0,1348.5999755859375,1350.5,1344.2845458984375,13215138,-0.004276436694568342,-0.004285606802899601,1378.77509765625,1366.9378393554687,1354.4100167489764,1363.6782106418366,0.014582969956517002,5,2,2
2026-05-28,1350.5,1350.5,1350.5,1350.5,1344.2845458984375,0,0.0,0.0,1374.7785705566407,1366.3366186523438,1352.8522520027398,1362.2416428830663,0.014582170034244935,5,2,3
2026-05-29,1364.0,1369.0,1317.0,1321.199951171875,1315.119384765625,42634247,-0.021695675384946322,-0.021934486987735678,1369.3237854003905,1364.865419921875,1347.047195504722,1358.7511052447373,0.014797241379639142,5,2,4
2026-06-01,1332.5,1335.5,1318.5,1320.0,1313.9249267578125,10700603,-0.0009082506285353897,-0.0009086633380522158,1362.2017150878905,1363.3205639648438,1341.9514618513513,1355.4306475790393,0.01479716162237532,6,2,0
2026-06-02,1307.699951171875,1327.800048828125,1300.300048828125,1314.5999755859375,1308.5498046875,23302785,-0.004090889791988239,-0.0040992803727456,1354.7860046386718,1361.459169921875,1336.8127453646048,1351.9579925500364,0.014760847320929738,6,2,1
2026-06-03,1315.0,1324.0,1301.0,1313.199951171875,1307.15625,20012293,-0.001064961136754583,-0.0010655286107936225,1348.5796997070313,1360.033759765625,1332.250207616204,1348.6393449537375,0.014695176768981,6,2,2
2026-06-04,1301.0,1311.199951171875,1293.0999755859375,1303.699951171875,1297.699951171875,23474327,-0.007234252850892964,-0.007260546946886467,1341.9851928710937,1357.8299487304687,1326.9347835478457,1344.8660565254513,0.01455005024603657,6,2,3
2026-06-05,1304.5,1306.0,1288.0,1291.0,1291.0,17785223,-0.005162943225685335,-0.005176317269875239,1335.1054565429688,1355.6235302734376,1321.4063553097155,1340.8759782643067,0.014433453216772352,6,2,4
2026-06-08,1277.0,1282.5999755859375,1259.199951171875,1263.300048828125,1263.300048828125,16494759,-0.021456197654434517,-0.021689728359400744,1329.1799072265626,1352.7834814453124,1312.466923543317,1335.1296131208858,0.013810078803816095,6,2,0
2026-06-09,1269.0,1274.199951171875,1257.5,1269.199951171875,1269.199951171875,23620214,0.0046702304406802675,0.004659358750221434,1324.7537841796875,1350.0355517578125,1305.8104662554028,1330.245934457996,0.013395846200565643,6,2,1
2026-06-10,1275.0,1300.5,1254.4000244140625,1258.800048828125,1258.800048828125,21012796,-0.00819406141179535,-0.008227817257789666,1320.0664672851562,1348.3736401367187,1298.5780943435138,1324.9536466335612,0.01224835552568751,6,2,2
2026-06-11,1258.0,1276.0,1253.199951171875,1263.0,1263.0,13117486,0.003336472043979466,0.0033309183708176144,1315.4398376464844,1346.8793408203126,1293.1045413675886,1320.3644876236679,0.012238834898604105,6,2,3
2026-06-12,1277.0,1297.0,1262.5,1293.0,1293.0,11988785,0.02375296912114022,0.02347525642136645,1313.5773620605469,1345.4813720703125,1293.0884580802672,1318.3374885404332,0.013229647196596162,6,2,4
2026-06-15,1315.300048828125,1325.0,1303.300048828125,1307.0,1307.0,18633321,0.010827532869296164,0.010769334852364422,1312.4397705078125,1344.7356811523437,1295.2286952986876,1317.4976745744752,0.012601472915778901,6,2,0
2026-06-16,1313.4000244140625,1333.4000244140625,1306.4000244140625,1328.800048828125,1328.800048828125,18513223,0.0166794558746175,0.0165418814208928,1313.0491516113282,1345.3377758789063,1300.393518918601,1318.3348874821531,0.013116772225249757,6,2,1
2026-06-17,1333.0,1334.0,1317.0,1332.699951171875,1332.699951171875,10029170,0.002934905328449755,0.0029306069020688568,1312.0120422363282,1346.0198583984375,1305.3637392652586,1319.3989662739846,0.012862438560952342,6,2,2
2026-06-18,1330.0,1333.9000244140625,1322.0,1328.0999755859375,1328.0999755859375,15494549,-0.003451621335989863,-0.003457591923677681,1311.247607421875,1345.7499169921875,1308.8616217761323,1320.0434854822774,0.012862336941914443,6,2,3
2026-06-19,1328.0,1338.199951171875,1305.300048828125,1309.5,1309.5,24887034,-0.014004951380058195,-0.014103946075739332,1309.3093017578126,1345.4623388671876,1308.9598338105736,1319.2624865576643,0.01303096869710858,6,2,4
2026-06-22,1316.699951171875,1344.9000244140625,1314.0999755859375,1326.5,1326.5,12931213,0.012982054219167649,0.012898509630027784,1307.5988708496093,1345.1126196289063,1311.6583209166392,1319.798598664504,0.012046234623236021,6,2,0
2026-06-23,1328.9000244140625,1333.0,1304.0,1309.5,1309.5,15400184,-0.012815680361854542,-0.012898509630027795,1305.5709716796875,1345.121669921875,1311.3262715448486,1319.0357395041704,0.011860968047921108,6,2,1
2026-06-24,1305.699951171875,1322.0,1297.5,1313.5999755859375,1313.5999755859375,11030917,0.0031309473737590743,0.00312605616478306,1304.0367431640625,1344.6353881835937,1311.6760721665546,1318.6330903250418,0.011874696521977049,6,2,2
2026-06-25,1318.0,1328.0,1314.5999755859375,1318.0999755859375,1318.0999755859375,12694362,0.00342570042907675,0.003419846083707603,1302.7275146484376,1344.2550317382813,1312.6643650003057,1318.5936003443676,0.011887781267082925,6,2,3
2026-06-26,1318.0999755859375,1318.0999755859375,1318.0999755859375,1318.0999755859375,1318.0999755859375,0,0.0,0.0,1302.8765441894532,1343.4426733398439,1313.5006127827105,1318.557035547447,0.011403324335382903,6,2,4
2026-06-29,1308.0,1313.699951171875,1292.5999755859375,1301.0,1301.0,13757656,-0.01297320074551711,-0.013058087683752058,1302.2302978515625,1342.322158203125,1311.5774415853705,1317.2565143957843,0.011637905785216006,6,2,0
2026-06-30,1306.9000244140625,1306.9000244140625,1290.0,1293.9000244140625,1293.9000244140625,15695263,-0.005457321741689114,-0.0054722673220130545,1301.4978088378907,1341.2587231445314,1308.857838943631,1315.5264040267678,0.011544733803629637,6,2,1
2026-07-01,1298.9000244140625,1312.199951171875,1296.5,1308.0,1308.0,7001401,0.010897268196839782,0.010838320826651824,1301.5399963378907,1340.302099609375,1308.7258637215339,1314.9688926173776,0.01046187332538592,7,3,2
2026-07-02,1310.0,1313.199951171875,1299.0,1303.5,1303.5,17795024,-0.0034403669724770714,-0.0034462986435875977,1301.8299987792968,1339.62775390625,1307.921884687452,1314.1193450160904,0.010403671118952913,7,3,3
2026-07-03,1312.0,1312.0,1302.0,1304.0,1304.0,7839550,0.0003835826620637306,0.000383509113041898,1302.479998779297,1339.2739721679689,1307.3185178124593,1313.3697639037873,0.010371191151164716,7,3,4
2026-07-06,1304.0,1325.5999755859375,1299.4000244140625,1321.300048828125,1321.300048828125,7610709,0.013266908610525263,0.0131796738881813,1305.3799987792968,1338.5096899414064,1309.4695225841,1313.9571924167012,0.010534263884270582,7,3,0
2026-07-07,1323.5,1328.0,1304.0999755859375,1308.4000244140625,1308.4000244140625,14335554,-0.009763130203093273,-0.009811102051071788,1307.3400024414063,1337.0275341796876,1309.3049844040943,1313.5455503424316,0.010583811590170947,7,3,1
2026-07-08,1297.0,1302.300048828125,1271.5999755859375,1275.9000244140625,1275.9000244140625,19955877,-0.024839498160781792,-0.025153204261233,1308.195001220703,1334.1687377929688,1304.1657597902433,1310.7569928662563,0.011435570018302949,7,3,2
