Date,Open,High,Low,Close,Adj Close,Volume,Daily Return,Log Return,SMA_20,SMA_50,EMA_12,EMA_26,Rolling Volatility,Month,Quarter,Day of Week
2021-09-20,3809.0,3871.0,3807.85009765625,3823.5,3339.6796875,2002008,-0.0011366280016479324,-0.001137274453151344,3304.1738403320314,3042.7342138671875,3339.129542272709,3243.515755254213,0.013411852406250346,9,3,0
2021-09-21,3858.0,3871.550048828125,3821.64990234375,3862.949951171875,3374.13818359375,1568129,0.010317904505250608,0.0102650382634875,3314.02431640625,3053.41744140625,3344.5154870913307,3253.1914906867714,0.013436260759320267,9,3,1
2021-09-22,3862.5,3896.85009765625,3852.449951171875,3862.14990234375,3373.439208984375,1744067,-0.00020715648599500813,-0.00020717794586360485,3324.8967041015626,3064.9643505859376,3348.9652904594914,3262.0987290791863,0.013471376225218889,9,3,2
2021-09-23,3870.0,3879.0,3835.0,3869.25,3379.6416015625,2003869,0.001838596220025579,0.0018369080708951122,3334.0790161132813,3076.8976416015626,3353.6847229368773,3270.805608522395,0.013481115861694974,9,3,3
2021-09-24,3890.0,3944.39990234375,3855.0,3871.300048828125,3381.431884765625,2320754,0.000529725756215571,0.0005295855010561663,3342.7896240234377,3088.963486328125,3357.953517064377,3279.0001475033746,0.013502124685478317,9,3,4
2021-09-27,3900.0,3904.0,3802.89990234375,3836.949951171875,3351.42822265625,1673362,-0.008873064172769674,-0.008912664229942522,3347.8906372070314,3099.9586328125,3356.9496256169728,3284.3651901072913,0.01373045984298036,9,3,0
2021-09-28,3850.0,3850.0,3751.25,3779.14990234375,3300.9423828125,2253075,-0.015063977650619731,-0.015178591849079269,3351.2906127929687,3110.0244140625,3348.333126723977,3285.593130307677,0.01306785112740079,9,3,1
2021-09-29,3759.800048828125,3806.0,3722.14990234375,3791.89990234375,3312.078369140625,2489161,0.0033735779170542823,0.0033679001690398,3351.52861328125,3120.4552783203126,3342.755471711154,3287.5549998508577,0.013067949537550829,9,3,2
2021-09-30,3805.0,3805.0,3750.10009765625,3775.550048828125,3297.798095703125,2252412,-0.004311574741271973,-0.004320896383266758,3354.1752197265623,3130.77873046875,3335.838952325303,3288.3137476917664,0.012565830569507329,9,3,3
2021-10-01,3781.75,3810.0,3725.0,3730.199951171875,3258.18603515625,1578374,-0.012011669422238969,-0.012084392460133807,3349.5218505859375,3139.93958984375,3323.89234968391,3286.0820652817283,0.012827326157304699,10,4,4
2021-10-04,3724.800048828125,3783.64990234375,3707.449951171875,3773.300048828125,3295.832275390625,1356860,0.011554355653166315,0.011488113851807997,3346.5193359375,3149.6690673828125,3319.5754151772508,3286.8043030675726,0.012947815162314288,10,4,0
2021-10-05,3754.0,3840.0,3741.60009765625,3833.300048828125,3348.240478515625,1877966,0.015901356242040032,0.015776254129767894,3345.7026977539062,3160.5078564453124,3323.985424921616,3291.3551308785395,0.012674572632750422,10,4,1
2021-10-06,3836.0,3857.449951171875,3795.0,3810.89990234375,3328.67431640625,1678154,-0.0058437147017735835,-0.00586085601444703,3345.4843139648438,3171.222607421875,3324.7067928423285,3294.119514991703,0.012656751144946861,10,4,2
2021-10-07,3830.0,3899.0,3820.050048828125,3892.89990234375,3400.298583984375,1647233,0.021517355190054488,0.021289125038265713,3350.6705078125,3183.6248876953123,3336.336299171874,3301.9846312133823,0.013015290747865066,10,4,3
2021-10-08,3925.0,3989.89990234375,3900.0,3935.64990234375,3437.63916015625,2934339,0.010981558016037729,0.010921698542619757,3356.9703857421873,3196.514560546875,3351.9213547079316,3312.03311483878,0.01311333973628044,10,4,4
2021-10-11,3755.0,3757.5,3660.0,3685.60009765625,3219.2294921875,11845402,-0.06353478587869665,-0.06564290234600847,3349.9935791015623,3205.070986328125,3331.5072220124807,3305.1587724201668,0.017638364016776036,10,4,0
2021-10-12,3706.0,3707.0,3630.60009765625,3652.85009765625,3190.6240234375,5752877,-0.008885812216687383,-0.00892552648344543,3339.8155883789063,3213.55056640625,3309.832883770176,3296.674716939969,0.017688718905669993,10,4,1
2021-10-13,3650.0,3675.449951171875,3645.0,3655.199951171875,3192.676513671875,3545655,0.00064328802745095,0.0006430812064000699,3326.742053222656,3221.1636572265625,3291.8088268319757,3288.9711463275175,0.017135923130875752,10,4,2
2021-10-14,3625.0,3670.0,3608.199951171875,3611.449951171875,3160.515380859375,6442299,-0.010073407899227393,-0.01012448799586258,3314.298693847656,3226.9892822265624,3271.6098351438836,3279.4559044409884,0.016893209237017332,10,4,3
2021-10-18,3603.449951171875,3652.699951171875,3601.449951171875,3647.14990234375,3191.758056640625,3590107,0.009885310468811914,0.009836770414150167,3306.71259765625,3233.6310595703126,3259.3249461433825,3272.9597675668874,0.01580872512936979,10,4,0
2021-10-19,3669.0,3690.10009765625,3625.199951171875,3634.14990234375,3180.380859375,3135441,-0.0035645550394880487,-0.0035709232034205106,3298.74765625,3239.870595703125,3247.1797020251697,3266.1020706637846,0.01580342274673591,10,4,1
2021-10-20,3612.0,3630.0,3578.300048828125,3608.85009765625,3158.239990234375,2933693,-0.006961703682550779,-0.006986049399205216,3287.952746582031,3245.2157421875,3233.496669441971,3258.1122869282726,0.015810951915836008,10,4,2
2021-10-21,3604.10009765625,3607.449951171875,3511.25,3532.5,3091.423583984375,4871211,-0.02115621563168213,-0.0213832157125063,3273.8519653320313,3248.99919921875,3211.639271679264,3245.764975599095,0.01614372110316021,10,4,3
2021-10-22,3560.0,3561.60009765625,3485.0,3498.85009765625,3061.974853515625,2691670,-0.009525944817563636,-0.009571606843899327,3257.9686279296875,3251.99802734375,3188.613976577166,3232.1508924818013,0.016119882120835802,10,4,4
2021-10-25,3503.0,3514.550048828125,3450.0,3492.949951171875,3056.8115234375,2595594,-0.0016862744879163616,-0.0016876978490841324,3241.7376098632812,3254.7136572265626,3168.3366760941403,3219.162791071112,0.01606792340924524,10,4,0
2021-10-26,3494.5,3529.0,3475.0,3482.60009765625,3047.75390625,3878763,-0.0029630931177969666,-0.00296749176943454,3226.5538940429688,3257.1162255859376,3149.7854807335034,3206.465836639919,0.015752758962022297,10,4,1
2021-10-27,3483.0,3511.25,3483.0,3489.75,3054.0107421875,2510813,0.002052933448684735,0.0020508290604328737,3214.207312011719,3257.693505859375,3135.0509055725797,3195.1728666804806,0.015574189835408547,10,4,2
2021-10-28,3518.0,3518.0,3415.0,3421.64990234375,2994.414306640625,2424942,-0.01951415387104627,-0.019707068810504436,3198.324108886719,3256.9120361328123,3113.414505736894,3180.3018622330837,0.015317698000108166,10,4,3
2021-10-29,3400.050048828125,3461.0,3385.949951171875,3397.75,2973.498291015625,3960501,-0.006985010584078188,-0.007009519969401799,3182.1091186523436,3254.3129443359376,3091.888934241314,3164.9830791799386,0.015244376674041465,10,4,4
2021-11-01,3437.949951171875,3487.0,3412.949951171875,3476.39990234375,3042.32861328125,2020718,0.023147927299502546,0.022884077981494607,3171.3162475585937,3252.9594482421876,3084.264269478227,3155.897563187443,0.015776574359558287,11,4,0
2021-11-02,3494.0,3513.60009765625,3469.75,3484.199951171875,3049.154052734375,3087414,0.0022434918513827284,0.002240978981239755,3158.9823364257813,3251.7607958984377,3078.8626976714804,3147.990636487216,0.015802525878267273,11,4,1
2021-11-03,3504.199951171875,3519.89990234375,3466.050048828125,3492.25,3056.198486328125,1537639,0.002310291140400933,0.0023076265210660333,3144.380236816406,3249.3421923828123,3075.3758959263487,3141.191217956913,0.015638236030635896,11,4,2
2021-11-04,3512.949951171875,3513.25,3505.0,3508.64990234375,3070.551025390625,328991,0.0046962064560616135,0.004685213681313953,3131.474072265625,3247.6333837890625,3074.633608151622,3135.958611100151,0.015695818251493573,11,4,3
2021-11-08,3548.0,3548.0,3481.199951171875,3502.75,3065.387939453125,2526082,-0.0016814851454367563,-0.0016829004283245286,3114.7285400390624,3245.0212353515626,3073.2111975826224,3130.7311539411116,0.01567146602381859,11,4,0
2021-11-09,3508.0,3535.0,3496.0,3505.699951171875,3067.969482421875,1782692,0.0008421586499784972,0.0008418042333520238,3096.2450561523438,3242.23623046875,3072.4047798655843,3126.082141235983,0.01567408323041596,11,4,1
2021-11-10,3498.0,3519.699951171875,3480.199951171875,3484.300048828125,3049.2421875,1516489,-0.006104133378501353,-0.006122839763681976,3087.7456909179687,3238.2329150390624,3068.841304117033,3120.390292811095,0.015647144148314227,11,4,2
2021-11-11,3480.0,3510.050048828125,3436.0,3488.199951171875,3052.654541015625,1284514,0.0011190824820717094,0.0011184567760384693,3080.847216796875,3234.6271484375,3066.3510328706625,3115.3728297151342,0.01549597540266119,11,4,3
2021-11-12,3506.0,3534.14990234375,3485.699951171875,3526.050048828125,3085.778564453125,1747259,0.010850891574019972,0.01079244308208328,3075.5023193359375,3230.1963525390624,3069.339883883349,3113.1806619179483,0.015652788774011692,11,4,4
2021-11-15,3528.0,3569.60009765625,3528.0,3553.300048828125,3109.62646484375,1809157,0.007728325248396839,0.007698614719730049,3072.957873535156,3227.4915625,3075.5378194157183,3112.9173880606004,0.015751752712533436,11,4,0
2021-11-16,3569.0,3575.550048828125,3542.0,3556.39990234375,3112.339111328125,2013204,0.0008723383708761911,0.0008719581048905445,3068.986926269531,3222.7132763671875,3081.1995566330115,3112.8745527470837,0.015639932908622763,11,4,1
2021-11-17,3550.60009765625,3562.85009765625,3506.39990234375,3521.89990234375,3082.146484375,1632914,-0.009700943847420596,-0.009748304547751266,3064.0752075195314,3217.2385546875,3081.345237824087,3110.5983995343367,0.015513574953610965,11,4,2
2021-11-18,3515.14990234375,3520.85009765625,3451.60009765625,3475.699951171875,3041.715576171875,2136598,-0.013117776331556641,-0.013204574258988412,3058.248986816406,3210.7814013671873,3075.24836680067,3105.4959681741543,0.015254145214055331,11,4,3
2021-11-22,3478.39990234375,3515.949951171875,3440.300048828125,3458.39990234375,3026.57568359375,3167936,-0.004977418893708396,-0.004989847501874807,3055.006591796875,3204.6520751953126,3067.760261691913,3099.6500211681982,0.015249552800141522,11,4,0
2021-11-23,3445.0,3480.949951171875,3407.800048828125,3464.25,3031.695068359375,2153461,0.0016914775313157104,0.001690048594312536,3053.4926025390623,3199.354482421875,3062.211770409984,3094.6163209601373,0.014562216720269944,11,4,1
2021-11-24,3472.199951171875,3493.050048828125,3424.0,3443.300048828125,3013.36083984375,2161746,-0.006047517346639553,-0.0060658776398884165,3051.320068359375,3193.3888671875,3054.6962426305636,3088.5973964329974,0.014299223223474282,11,4,2
2021-11-25,3443.89990234375,3463.0,3434.050048828125,3445.89990234375,3015.636474609375,1849619,0.0007551816349160578,0.0007548966287437924,3049.7141967773437,3186.5262841796875,3048.687047550381,3083.1928837053215,0.008917245734306117,11,4,3
2021-11-26,3425.0,3490.0,3411.89990234375,3446.85009765625,3016.4677734375,1941251,0.0002756628111924009,0.000275624823180758,3047.837048339844,3178.971962890625,3043.7302361483994,3078.250282944742,0.00883464083629273,11,4,4
2021-11-29,3447.14990234375,3529.35009765625,3406.449951171875,3502.0,3064.731201171875,2981745,0.015999981222864168,0.015873330674857074,3051.352893066406,3171.183642578125,3046.9611538443187,3077.248869480085,0.00940918803301996,11,4,0
2021-11-30,3491.0,3563.75,3491.0,3529.14990234375,3088.491455078125,5588446,0.007752801908749607,0.0077229033722251445,3057.1025512695314,3164.7658203125,3053.350430957212,3078.081653598458,0.00940018171730121,11,4,1
2021-12-01,3535.0,3590.0,3535.0,3577.800048828125,3131.06689453125,2102118,0.013785189330254521,0.013691037884745245,3061.5394653320313,3160.51755859375,3065.3068099686025,3082.006486260146,0.009577275858892788,12,4,2
2021-12-02,3589.199951171875,3648.0,3574.10009765625,3642.89990234375,3188.0380859375,3152938,0.01819545647707388,0.018031900167238383,3068.4836669921874,3157.4847265625,3084.1885447330483,3089.860678828839,0.010151439039567726,12,4,3
2021-12-03,3646.449951171875,3665.949951171875,3630.85009765625,3640.449951171875,3185.89453125,2486263,-0.0006723742407455102,-0.0006726003856803537,3074.968469238281,3153.719853515625,3099.83561958181,3096.9742975267027,0.010064505224702244,12,4,4
2021-12-06,3640.449951171875,3658.0,3522.0,3536.39990234375,3094.836181640625,1849642,-0.028581721308158836,-0.028998132393665773,3076.182727050781,3148.14779296875,3099.0664752831663,3096.8159185721784,0.010683645297442014,12,4,0
2021-12-07,3562.5,3598.0,3524.300048828125,3584.5,3136.930419921875,1484458,0.013601443117074785,0.01350977377779882,3079.7598510742187,3143.2935693359377,3104.8916975352754,3099.7873631166003,0.010799483747029976,12,4,1
2021-12-08,3601.0,3646.449951171875,3601.0,3626.89990234375,3174.035888671875,1428660,0.011828591579319703,0.011759180609791356,3085.0631713867188,3139.1456494140625,3115.5292654024447,3105.2872538984725,0.010970013351706564,12,4,2
2021-12-09,3610.0,3634.75,3566.0,3601.75,3152.026123046875,1567957,-0.006934315299821581,-0.006958469390310715,3090.2023681640626,3135.157607421875,3121.1441665785105,3108.74939235391,0.011047086993493058,12,4,3
2021-12-10,3585.0,3642.0,3575.10009765625,3636.800048828125,3182.699951171875,1510718,0.009731463803780205,0.009684418079500242,3096.704638671875,3132.7927587890626,3130.614287285182,3114.227211525611,0.0111563949718136,12,4,4
2021-12-13,3650.0,3662.0,3601.699951171875,3609.64990234375,3158.939697265625,1883864,-0.007465439491869619,-0.00749344535639154,3100.3626953125,3129.7299853515624,3134.9720426667886,3117.5392475063527,0.010578038327057233,12,4,0
2021-12-14,3605.0,3635.0,3576.699951171875,3623.800048828125,3171.3232421875,1747007,0.003920158695208453,0.003912494895455419,3103.4475341796874,3127.20048828125,3140.564534900744,3121.5232471123636,0.010450974735818717,12,4,1
2021-12-15,3620.0,3623.0,3558.14990234375,3570.35009765625,3124.54736328125,1603233,-0.014749640870410086,-0.014859498401036201,3104.0579467773437,3124.52771484375,3138.100354651591,3121.7472557174665,0.010116950620302113,12,4,2
2021-12-16,3582.0,3608.449951171875,3570.0,3581.60009765625,3134.392333984375,2072320,0.003150847005495949,0.0031458934895230617,3106.6702392578127,3121.298916015625,3137.5298899335576,3122.683928181682,0.010122340070232565,12,4,3
2021-12-17,3602.5,3651.35009765625,3573.699951171875,3584.35009765625,3136.799072265625,4333992,0.000767848445504038,0.0007675538007051266,3111.4244140625,3117.070087890625,3137.417456446183,3123.7294944101222,0.010119209922062609,12,4,4
2021-12-20,3589.0,3606.0,3510.14990234375,3556.89990234375,3112.77685546875,2312310,-0.007658194306823907,-0.007687668854481875,3115.73447265625,3112.752138671875,3133.6265947573474,3122.9181878218724,0.010211109775584674,12,4,0
2021-12-21,3582.64990234375,3641.199951171875,3566.39990234375,3608.300048828125,3157.75830078125,2340989,0.014450584606947814,0.014347169986461608,3122.037634277344,3107.9013330078124,3137.3391649148707,3125.4989369299747,0.010512275087853252,12,4,1
2021-12-22,3624.0,3636.800048828125,3606.25,3630.75,3177.40576171875,1224328,0.006221964781990774,0.0062026882762884535,3130.239880371094,3102.6966650390623,3143.503256730852,3129.3438869143283,0.01055452071300429,12,4,2
2021-12-23,3648.0,3670.5,3630.0,3662.699951171875,3205.3662109375,1792861,0.008799772932880146,0.00876128058218753,3139.7263671875,3102.4193994140624,3153.0206343011055,3134.9751701753044,0.010548501921551181,12,4,3
2021-12-24,3685.0,3705.0,3644.800048828125,3670.89990234375,3212.5419921875,2209923,0.002238677510705056,0.0022361754057814475,3149.530078125,3102.8577587890627,3162.1777662836275,3140.7208606947265,0.010548283895222197,12,4,4
2021-12-27,3671.0,3700.0,3653.10009765625,3696.10009765625,3234.595458984375,1534135,0.006864802654877655,0.006841347180748595,3158.023291015625,3103.6961376953127,3173.3189497760504,3147.674534642108,0.010454473611140859,12,4,0
2021-12-28,3710.0,3725.0,3693.85009765625,3706.550048828125,3243.74072265625,1456218,0.0028273284210775795,0.002823339045824275,3165.785754394531,3105.36064453125,3184.1530686806964,3154.7905485690812,0.010393916408979508,12,4,1
2021-12-29,3692.25,3719.949951171875,3685.0,3694.699951171875,3233.370361328125,1456923,-0.0031970376842057613,-0.0032021591277279454,3170.900927734375,3106.192890625,3191.724959857224,3160.6112754401215,0.010428358595955003,12,4,2
2021-12-30,3681.35009765625,3740.0,3680.0,3733.75,3267.544677734375,1966475,0.010569255169461167,0.010513791059311198,3174.876257324219,3107.9361669921873,3203.389531838324,3168.532268202659,0.01034566167202765,12,4,3
2021-12-31,3742.800048828125,3760.0,3731.300048828125,3738.35009765625,3271.570068359375,1207141,0.001231931319081836,0.0012311731143345994,3179.1600341796875,3110.2027685546873,3213.8788451492546,3176.1646978438976,0.009946584635037385,12,4,4
2022-01-03,3750.0,3830.0,3745.0,3817.75,3341.05615234375,2346158,0.021239369028468014,0.02101695737384761,3191.4710327148437,3115.195419921875,3233.4445847176385,3188.3788796587014,0.01040976433402192,1,1,0
2022-01-04,3831.10009765625,3889.14990234375,3811.699951171875,3884.75,3399.6904296875,2488606,0.017549623433481765,0.017397407104593043,3204.609033203125,3121.9497314453124,3259.0208685591556,3204.031587068242,0.010720476098624181,1,1,1
2022-01-05,3865.0,3870.0,3812.39990234375,3860.949951171875,3378.8623046875,1733031,-0.006126476933934977,-0.006145320797498557,3214.8503540039064,3128.3907470703125,3277.4580125789007,3216.9820105955946,0.010723007281988623,1,1,2
2022-01-06,3812.0,3835.0,3772.0,3807.449951171875,3332.0419921875,1810293,-0.01385682761770024,-0.013953729664882276,3223.8511474609377,3134.0765087890627,3285.8555479033002,3225.504972194995,0.01119142320595561,1,1,3
2022-01-07,3820.0,3864.89990234375,3796.39990234375,3853.5,3372.342041015625,2460591,0.012094700163627792,0.012022143723983659,3233.333251953125,3140.443134765625,3299.1611622282735,3236.3817921076343,0.011285570870977002,1,1,4
2022-01-10,3978.0,3978.0,3861.0,3879.85009765625,3395.402099609375,3937092,0.0068379951716894816,0.00681472211649513,3245.1563720703125,3148.462890625,3313.9674602869045,3248.1610741448003,0.011065470233754916,1,1,0
2022-01-11,3856.0,3925.0,3856.0,3915.89990234375,3426.950927734375,1906106,0.00929163238976316,0.00924873071980259,3257.9377563476564,3157.531943359375,3331.3495322019,3261.4047670032874,0.011089497658318511,1,1,1
2022-01-12,3925.0,3929.0,3836.550048828125,3859.89990234375,3377.943115234375,3203744,-0.0143007044843797,-0.01440394501565545,3270.6075439453125,3164.2442333984377,3338.5177757453575,3270.0372372426273,0.011375880388640668,1,1,2
2022-01-13,3918.0,3923.0,3857.0,3897.89990234375,3411.198486328125,6684507,0.009844858234518528,0.009796713346205526,3284.4478515625,3171.4851220703126,3349.699423527322,3280.493626063775,0.011079310170117691,1,1,3
2022-01-14,3877.85009765625,3977.0,3860.050048828125,3968.14990234375,3472.676513671875,3348123,0.018022412823572198,0.0178619344120732,3301.2417236328124,3179.8146826171874,3368.618975857253,3294.729395516227,0.01142568716961452,1,1,4
2022-01-17,3992.699951171875,4043.0,3962.300048828125,4019.14990234375,3517.30859375,3442604,0.012852357512255885,0.012770466877532418,3321.468310546875,3188.749833984375,3391.4943016869065,3311.2167435335436,0.009884177787759381,1,1,0
2022-01-18,4033.949951171875,4041.699951171875,3980.0,3990.60009765625,3492.32373046875,2389041,-0.007103403814395559,-0.007128753102755791,3338.19658203125,3197.2885498046876,3407.0065214994975,3324.632075899114,0.009936590401876673,1,1,1
2022-01-19,4012.0,4012.0,3910.5,3914.64990234375,3431.876708984375,3102539,-0.01730853899854856,-0.017460082975359455,3350.920129394531,3204.5666943359374,3410.8327041894786,3332.576122794319,0.01051490108395938,1,1,2
2022-01-20,3910.0,3920.0,3811.0,3826.550048828125,3354.6416015625,6176776,-0.02250521040563014,-0.02276231747506307,3358.383898925781,3210.6746826171875,3402.1879191699436,3334.210602703073,0.011355529778700921,1,1,3
2022-01-21,3807.0,3851.550048828125,3771.10009765625,3833.5,3360.734619140625,3112358,0.0018162946453912365,0.001814647176829038,3365.7935302734377,3216.8362841796875,3395.8104883962023,3336.1753446614102,0.0112646821077294,1,1,4
2022-01-24,3840.0,3849.64990234375,3740.10009765625,3771.35009765625,3306.2490234375,3258414,-0.0162124064758965,-0.016345265470790654,3369.3762084960936,3221.245693359375,3382.031801479479,3333.9585801263056,0.01162236302004239,1,1,0
2022-01-25,3769.5,3809.39990234375,3722.199951171875,3769.89990234375,3304.977783203125,3330501,-0.00038449621470237894,-0.0003845701523250372,3372.4380615234377,3225.1527197265623,3370.1773371292707,3331.811854428292,0.011619121433143212,1,1,1
2022-01-27,3731.0,3733.39990234375,3625.10009765625,3649.25,3199.20751953125,5718297,-0.0320033206303022,-0.032526622114648636,3370.7299194335938,3226.890087890625,3343.8742882680367,3321.9893111025854,0.012813817269912634,1,1,3
2022-01-28,3646.0,3729.800048828125,3646.0,3690.050048828125,3234.975341796875,3143862,0.011180213239454284,0.011118176615620102,3369.101452636719,3229.9466650390623,3327.12060419555,3315.543831894755,0.012946331986911528,1,1,4
2022-01-31,3749.0,3758.0,3721.39990234375,3736.25,3275.478271484375,2739393,0.012520320994163336,0.012442589914847221,3369.2968627929686,3234.6219189453127,3319.1756299322924,3312.5760126050973,0.013111601170917862,1,1,0
2022-02-01,3770.0,3808.0,3736.39990234375,3800.64990234375,3331.935791015625,2105169,0.017236420104739247,0.017089558196143242,3368.8408447265624,3240.72912109375,3321.1387316374203,3314.010070265136,0.013296731877813217,2,1,1
2022-02-02,3827.89990234375,3864.0,3800.64990234375,3856.199951171875,3380.63525390625,1984212,0.014615966796821311,0.014510183062721043,3367.8880859375,3247.7079248046875,3330.292042755702,3318.9452690533667,0.013301952208682338,2,1,2
2022-02-03,3851.0,3882.5,3816.050048828125,3824.60009765625,3352.932373046875,1960538,-0.008194578467867863,-0.008228338585790614,3366.591589355469,3254.49935546875,3333.775170492805,3321.462832312145,0.013417600056240238,2,1,3
2022-02-04,3815.300048828125,3824.699951171875,3769.0,3814.89990234375,3344.428466796875,2307366,-0.002536259400386376,-0.002539481154882394,3367.2109130859376,3261.0751953125,3335.4141391549697,3323.1639904221247,0.013375602143531916,2,1,4
2022-02-07,3791.0,3831.800048828125,3756.14990234375,3779.0,3312.9560546875,1919149,-0.00941040073717514,-0.00945495831495353,3364.2416137695313,3267.0049609375,3331.9590492368975,3322.4078470343748,0.01352181448926887,2,1,0
2022-02-08,3791.550048828125,3799.699951171875,3721.0,3743.449951171875,3281.790283203125,2946443,-0.009407239628270503,-0.009451767181245654,3358.5610229492186,3271.346142578125,3324.240777539394,3319.3991386024304,0.013609304850307615,2,1,1
2022-02-09,3750.0,3777.949951171875,3746.10009765625,3760.550048828125,3296.78076171875,1638721,0.004567774666269564,0.004557374043343413,3352.0525146484374,3275.5119287109374,3320.0161597208335,3317.7237032777134,0.013622949899450376,2,1,2
2022-02-10,3789.800048828125,3789.800048828125,3758.0,3770.35009765625,3305.372802734375,2112459,0.002606191201851571,0.0026028009746705866,3348.4239990234373,3278.998046875,3317.7633355690705,3316.808821755985,0.013607915185360137,2,1,3
2022-02-11,3752.5,3752.5,3690.0,3694.949951171875,3239.271240234375,3851488,-0.01999821697731563,-0.020200887908272156,3339.82763671875,3280.0227099609374,3305.687628594502,3311.0652971988284,0.013992053836427562,2,1,4
2022-02-14,3724.0,3793.25,3710.0,3733.75,3273.28662109375,5951745,0.0105009362713675,0.010446184403778879,3329.8581420898436,3281.7705517578124,3300.702858209771,3308.2668767466002,0.014126334521471997,2,1,0
2022-02-15,3786.0,3835.0,3748.0,3817.800048828125,3346.97119140625,3931683,0.02251088243774957,0.02226125184908797,3321.341271972656,3286.813251953125,3307.821063316922,3311.1338630176856,0.014193649571317858,2,1,1
2022-02-16,3844.0,3854.10009765625,3806.0,3813.10009765625,3342.8505859375,3256906,-0.0012311445880771599,-0.0012319030691727106,3313.8676147460938,3290.9316552734376,3313.2102206431646,3313.4832499006347,0.013809024304468995,2,1,2
2022-02-17,3825.0,3835.0,3779.0,3784.199951171875,3317.514404296875,3134372,-0.007579214502499099,-0.007608082706781343,3308.1494995117187,3293.8012255859376,3313.8724027437356,3313.7818539299856,0.013832074391618357,2,1,3
2022-02-18,3769.0,3815.949951171875,3757.60009765625,3793.89990234375,3326.01806640625,3688883,0.002563263055726628,0.0025599835000273815,3306.7183227539062,3297.281064453125,3315.7409663841227,3314.6882400393383,0.013609121014297674,2,1,4
2022-02-21,3810.0,3827.800048828125,3705.550048828125,3719.39990234375,3260.706298828125,7465922,-0.019636624418187254,-0.019831984633653127,3301.716906738281,3298.84119140625,3307.2740944524307,3310.6895777273967,0.013869672083413883,2,1,0
2022-02-22,3650.0,3667.89990234375,3570.0,3586.39990234375,3144.107666015625,5408531,-0.03575870444216478,-0.03641370909779596,3293.6098388671876,3298.54455078125,3282.1715670006142,3298.350176859858,0.015157244301736053,2,1,1
2022-02-23,3611.0,3622.89990234375,3555.64990234375,3563.800048828125,3124.295654296875,2426203,-0.006301314656904533,-0.006321251737447104,3284.575732421875,3297.6039990234376,3257.882965046193,3285.4572492626,0.015007403933072634,2,1,2
2022-02-24,3474.0,3483.85009765625,3391.10009765625,3401.64990234375,2982.142333984375,5039136,-0.04549931761963533,-0.04656692090787927,3273.7224731445312,3294.7558984375,3215.461329498221,3262.989477760509,0.016794388839643102,2,1,3
2022-02-25,3468.0,3530.0,3462.0,3520.75,3086.554443359375,2549723,0.03501245000452324,0.03441345563486221,3266.3014282226563,3293.799140625,3195.629500861475,3249.9202159530178,0.018088919319922556,2,1,4
2022-02-28,3490.0,3563.75,3455.89990234375,3554.199951171875,3115.879638671875,3288942,0.009500948663190512,0.009456098506014933,3258.321496582031,3293.380751953125,3183.360291293844,3239.9912843025627,0.017809427051615267,2,1,0
2022-03-02,3552.5,3571.949951171875,3506.0,3546.14990234375,3108.822265625,2761341,-0.002264969724531163,-0.002267538648213636,3247.1658203125,3293.30166015625,3171.8929027294066,3230.275060696817,0.017544060462189235,3,1,2
2022-03-03,3562.85009765625,3578.60009765625,3530.10009765625,3544.39990234375,3107.28759765625,1928039,-0.0004936493107756679,-0.0004937711957106091,3233.4984375,3292.29224609375,3161.9536250258443,3221.1648782493676,0.017544685350254725,3,1,3
2022-03-04,3501.5,3561.199951171875,3487.050048828125,3524.35009765625,3089.7109375,2370257,-0.005656592640316815,-0.005672651748990003,3220.337365722656,3290.538349609375,3150.839365406484,3211.42754930497,0.01736189211418471,3,1,4
2022-03-07,3450.0,3548.0,3431.550048828125,3484.89990234375,3055.125732421875,3054130,-0.011193670145113743,-0.011256790746928876,3205.8722290039063,3287.5335400390627,3136.114191101159,3199.849636943259,0.017051560694155653,3,1,0
2022-03-08,3460.0,3609.0,3460.0,3599.949951171875,3155.9873046875,3300992,0.033013885875547766,0.03248063232745279,3198.023791503906,3286.4024462890625,3139.1715931913654,3196.6005752946844,0.018261951897596808,3,1,1
2022-03-09,3605.0,3654.0,3597.050048828125,3632.60009765625,3184.6103515625,2719654,0.009069442970346175,0.009028562561560758,3193.164794921875,3285.402744140625,3146.1621714023095,3195.712410573782,0.018163261520769802,3,1,2
2022-03-10,3684.0,3684.0,3615.0,3620.949951171875,3174.397216796875,2005441,-0.0032070280625112746,-0.0032121815983138305,3187.045617675781,3284.0158740234374,3150.506024539935,3194.133507331048,0.01816679970680395,3,1,3
2022-03-11,3603.25,3639.85009765625,3592.85009765625,3599.14990234375,3155.28564453125,1623423,-0.006020535856224529,-0.006038732354095157,3179.541259765625,3282.4541796875,3151.241350692445,3191.2558878643963,0.017242612937959294,3,1,4
2022-03-14,3580.0,3648.35009765625,3580.0,3643.0,3193.728271484375,1765688,0.012183564749439935,0.012109942508774785,3177.264111328125,3280.9778515625,3157.7778000450494,3191.4390273918025,0.017266637843283143,3,1,0
2022-03-15,3659.0,3659.0,3585.39990234375,3593.89990234375,3150.683349609375,3651133,-0.013477953731797498,-0.01356960580343909,3171.1339477539063,3278.5601171875,3156.686346131869,3188.4200882968075,0.0172543074138678,3,1,1
2022-03-16,3640.5,3668.0,3616.25,3655.89990234375,3205.036865234375,3090475,0.0172513418816711,0.01710422702552716,3164.0372314453125,3275.8397314453123,3164.1248875322544,3189.650960662553,0.017254855910982532,3,1,2
2022-03-17,3696.60009765625,3710.0,3660.300048828125,3672.75,3219.808837890625,3600452,0.004608986815872296,0.004598397959604628,3157.885144042969,3272.242099609375,3172.6916491258503,3191.8848774942626,0.017034906614215695,3,1,3
2022-03-21,3696.0,3713.949951171875,3615.0,3626.699951171875,3179.43798828125,2413831,-0.012538275295816304,-0.012617542751272014,3150.9813232421875,3268.25361328125,3173.7295474574503,3190.962885700706,0.017112207488391505,3,1,0
2022-03-22,3640.0,3711.0,3625.0,3700.949951171875,3244.531494140625,2907611,0.020473274238810735,0.020266514035862018,3146.9069946289064,3266.5034033203124,3184.6221546394772,3194.9309307703293,0.017579343948605806,3,1,1
2022-03-23,3708.0,3729.800048828125,3690.0,3712.39990234375,3254.569091796875,1596195,0.0030936970944424047,0.0030889214606275098,3146.600134277344,3264.1479443359376,3195.3832218944617,3199.348572327851,0.01751776164971908,3,1,2
2022-03-24,3700.0,3758.199951171875,3695.0,3749.85009765625,3287.40087890625,1879046,0.010087906012543169,0.010037362721768469,3153.764794921875,3261.987919921875,3209.53978451166,3205.8709654077325,0.017535367288071178,3,1,3
2022-03-25,3759.89990234375,3779.5,3672.0,3707.449951171875,3250.229736328125,1690133,-0.011307152351462624,-0.011371564201971952,3160.0614990234376,3258.45349609375,3215.7997770988086,3209.1568002907247,0.01763843666236975,3,1,4
2022-03-28,3695.0,3713.0,3661.199951171875,3707.699951171875,3250.44873046875,1760990,6.737804967360539e-05,6.737577987477232e-05,3173.4768188476564,3255.9036083984374,3221.1303853095687,3212.215461785393,0.017629986971442857,3,1,0
2022-03-29,3694.75,3722.0,3691.0,3705.35009765625,3248.388916015625,2689063,-0.0006337015667458035,-0.0006339024404507889,3181.5685424804688,3252.6474169921876,3225.324005418193,3214.8949769135584,0.01723812343445796,3,1,1
2022-03-30,3738.0,3738.0,3706.199951171875,3731.550048828125,3271.357666015625,1583455,0.007070812822552286,0.007045931842552033,3189.3424438476563,3248.6210400390623,3232.4061070485673,3219.077398328526,0.017178977663096045,3,1,2
2022-03-31,3740.0,3754.64990234375,3720.199951171875,3739.949951171875,3278.721435546875,2168110,0.0022509827059720156,0.0022484530398459543,3197.83740234375,3243.849296875,3239.531542202153,3223.495475159515,0.016658904772147102,3,1,3
2022-04-01,3748.0,3763.0,3728.050048828125,3758.75,3295.202880859375,1387014,0.005026790362186118,0.005014198232547623,3207.2331665039064,3239.9068798828125,3248.0963635340336,3228.8071348409862,0.016689256339120342,4,2,4
2022-04-04,3762.0,3780.0,3737.10009765625,3770.35009765625,3305.372802734375,1472994,0.003086280949216702,0.003081528160617639,3218.016259765625,3237.3768017578127,3256.908123411009,3234.478665796052,0.016643332800333983,4,2,0
2022-04-05,3772.0,3835.60009765625,3772.0,3814.800048828125,3344.340576171875,2314947,0.011789221901161495,0.011720270418448989,3232.477001953125,3237.17078125,3270.3592699896035,3242.61658508315,0.016776795269931095,4,2,1
2022-04-06,3809.300048828125,3809.300048828125,3731.14990234375,3755.35009765625,3292.222412109375,2051729,-0.015583988196010035,-0.015706695051003212,3239.2887573242188,3235.800537109375,3273.722830315722,3246.291090788796,0.016626202967962182,4,2,2
2022-04-07,3745.5,3745.5,3679.0,3684.14990234375,3229.802978515625,2494829,-0.018959664864730996,-0.019141703916187785,3241.548388671875,3234.2716162109373,3266.9659300387843,3245.069749138931,0.01561672169887423,4,2,3
2022-04-08,3690.0,3705.0,3642.5,3685.64990234375,3231.1181640625,2296773,0.0004072030261981219,0.0004071201415456736,3244.3844360351563,3232.794423828125,3261.450889119356,3244.036298392529,0.015556259521089391,4,2,4
2022-04-11,3690.0,3712.35009765625,3656.10009765625,3696.39990234375,3240.542236328125,2291660,0.002916659740408889,0.0029124145409199966,3248.647265625,3233.6211181640624,3258.2341733053204,3243.7774789803507,0.012809164570880879,4,2,0
2022-04-12,3683.0,3739.0,3648.35009765625,3691.10009765625,3235.896240234375,4483476,-0.0014337094704910402,-0.0014347382153122915,3250.7556640625,3233.6395361328123,3254.797568217483,3243.1936835176857,0.01129234515339949,4,2,1
2022-04-13,3707.0,3709.85009765625,3655.550048828125,3661.949951171875,3210.341064453125,1621672,-0.007897402723703872,-0.007928752371541472,3253.7385498046874,3232.3367919921875,3247.9581060998894,3240.76015617957,0.011321307427919283,4,2,2
2022-04-18,3610.0,3610.0,3522.5,3528.050048828125,3092.95458984375,3820792,-0.036565110140212354,-0.03725037010049784,3248.1344360351563,3227.55716796875,3224.111411291253,3229.81159571025,0.013238140879879826,4,2,0
2022-04-19,3550.0,3563.550048828125,3439.14990234375,3471.89990234375,3043.72900390625,3170014,-0.015915392388604954,-0.016043402281325884,3239.3304443359375,3220.81904296875,3196.3602716935598,3216.027700021065,0.01355027408540491,4,2,1
2022-04-20,3500.0,3569.14990234375,3480.0,3556.800048828125,3118.158447265625,2640370,0.02445337389230584,0.02415917657507142,3236.266467285156,3216.123564453125,3184.3292217815697,3208.778125742884,0.014259365255634924,4,2,2
2022-04-21,3580.0,3644.0,3567.39990234375,3628.64990234375,3181.1474609375,2280996,0.020200709725675114,0.019999382179526067,3233.097265625,3212.8579443359376,3183.839720113251,3206.731409831374,0.01452834499781882,4,2,3
2022-04-22,3581.10009765625,3617.0,3571.5,3612.550048828125,3167.03369140625,1581465,-0.004436691384023583,-0.004446562707406302,3228.720495605469,3209.9394970703124,3181.254177235251,3203.79083809618,0.013277882983797038,4,2,4
2022-04-25,3558.0,3584.0,3533.10009765625,3548.199951171875,3110.619384765625,1960694,-0.017812979632551795,-0.017973540321316334,3219.8814208984377,3206.5160791015624,3170.387286086078,3196.8892489605832,0.013562860132028884,4,2,0
2022-04-26,3575.14990234375,3587.89990234375,3518.14990234375,3546.300048828125,3108.953369140625,1943469,-0.0005355896748922007,-0.0005357331542751308,3212.8176025390626,3202.75953125,3160.9359142483163,3190.3754800850306,0.013554559254833502,4,2,1
2022-04-27,3546.0,3568.449951171875,3506.300048828125,3561.199951171875,3122.01611328125,1727648,0.004201653286371343,0.0041928509887233815,3206.3959716796876,3199.0923974609377,3154.9482525610756,3185.3118232847505,0.013542206027139556,4,2,2
2022-04-28,3588.0,3604.39990234375,3538.050048828125,3584.300048828125,3142.267333984375,1703660,0.006486584299477238,0.006465636947254174,3201.089892578125,3197.1523193359376,3152.997342010814,3182.1233425958335,0.013400839774332944,4,2,3
2022-04-29,3597.0,3623.25,3536.85009765625,3546.699951171875,3109.3046875,2051115,-0.010490083427299846,-0.010545492188117418,3192.9872436523438,3193.8726806640625,3146.2753951629966,3176.72936814429,0.013311513892152335,4,2,4
2022-05-02,3519.89990234375,3547.949951171875,3492.75,3542.39990234375,3105.534423828125,1324161,-0.0012125745305798796,-0.001213310293914712,3184.3278930664064,3189.0439453125,3140.00755341917,3171.4556685653147,0.012889584262538093,5,2,0
2022-05-04,3538.5,3545.449951171875,3465.300048828125,3479.75,3050.611083984375,2305825,-0.01768563227711617,-0.017843891794330262,3172.0983032226563,3183.1991552734376,3126.254250429202,3162.5042178556155,0.013195895175625649,5,2,2
2022-05-05,3512.10009765625,3533.0,3485.35009765625,3513.39990234375,3080.110595703125,1612262,0.009670033611830053,0.009623578081067322,3160.8351928710936,3178.4510791015623,3119.1552266251897,3156.4009865850603,0.01319060850459311,5,2,3
2022-05-06,3459.0,3474.5,3424.5,3432.60009765625,3009.276123046875,2010812,-0.02299737962496118,-0.02326594488047527,3144.0819702148438,3172.116240234375,3102.250749151603,3145.5028485451944,0.013141040603127683,5,2,4
2022-05-09,3398.0,3456.0,3346.85009765625,3445.10009765625,3020.234375,2481830,0.00364149101147615,0.003634876835195299,3130.482568359375,3167.3068017578125,3089.632845435972,3136.2237023566613,0.01314934693596875,5,2,0
2022-05-10,3434.0,3464.800048828125,3422.0,3438.75,3014.66748046875,1622685,-0.0018431995136967139,-0.0018449002961626302,3119.725793457031,3164.717998046875,3078.0997123640914,3127.2195377723715,0.012937227940043148,5,2,1
2022-05-11,3435.0,3448.449951171875,3382.14990234375,3412.0,2991.21630859375,1841769,-0.007779024395537459,-0.007809438838280372,3107.7307006835936,3162.0564111328126,3064.733034860962,3117.145224499881,0.012873118098589202,5,2,2
2022-05-12,3378.0,3449.699951171875,3350.10009765625,3408.64990234375,2988.279052734375,2807195,-0.0009819603653993259,-0.000982442804328729,3095.117541503906,3162.1791455078123,3052.970883764564,3107.5995821468805,0.012866809165804275,5,2,3
2022-05-13,3435.0,3439.89990234375,3382.14990234375,3414.89990234375,2993.758544921875,2187823,0.0018336614789995487,0.0018319823740830924,3083.0106567382813,3160.3232275390624,3043.861293173381,3099.166912722806,0.012888463999951586,5,2,4
2022-05-16,3415.0,3430.0,3366.60009765625,3376.800048828125,2960.35693359375,1195813,-0.011157082585962708,-0.011219789687003072,3070.5114501953126,3157.2127734375,3031.0144686226686,3088.88469204658,0.012844636498171358,5,2,0
2022-05-17,3370.0,3467.0,3350.39990234375,3451.60009765625,3025.932861328125,1754076,0.022151358503506025,0.021909581112719012,3067.160363769531,3155.5549853515627,3030.2326828850464,3084.2215934748424,0.01362817596421465,5,2,1
2022-05-18,3465.0,3495.0,3443.050048828125,3448.800048828125,3023.47802734375,1866781,-0.0008112651856054809,-0.0008115944392929152,3066.147814941406,3153.8787939453123,3029.1935051094624,3079.722070057724,0.013557296743806723,5,2,2
2022-05-19,3397.0,3405.0,3230.0,3261.949951171875,2859.6708984375,4642963,-0.05417837583895435,-0.055701285678844005,3053.2234375,3149.2779931640625,3003.113104083007,3063.421983271041,0.016430431056559416,5,2,3
2022-05-20,3310.0,3313.89990234375,3270.050048828125,3293.0,2886.8916015625,3065125,0.009518823700962686,0.00947380515556568,3038.51064453125,3145.913310546875,2985.2328729260057,3050.3456587000383,0.016357001489112174,5,2,4
2022-05-23,3304.800048828125,3338.89990234375,3267.0,3321.75,2912.09619140625,2293690,0.008730701849043454,0.008692809662191993,3025.76376953125,3141.03548828125,2973.9810757691203,3040.104957419017,0.016404498686608836,5,2,0
2022-05-24,3315.14990234375,3324.85009765625,3275.60009765625,3288.0,2882.508056640625,1711510,-0.010160424938208124,-0.010212394376403955,3014.358203125,3134.9934423828126,2959.9083035955055,3028.431112916914,0.016204306540381495,5,2,1
2022-05-25,3292.85009765625,3292.85009765625,3154.050048828125,3167.64990234375,2795.7060546875,3548046,-0.0301133597018588,-0.030576079986052655,2998.695837402344,3127.419619140625,2934.64641914812,3011.192219714735,0.016884226227904506,5,2,2
2022-05-26,3191.0,3241.5,3180.550048828125,3226.949951171875,2848.04345703125,2813186,0.01872063847914096,0.018547564032829207,2984.997204589844,3121.274775390625,2921.3228865147553,2999.107126182625,0.017368801266425107,5,2,3
2022-05-27,3253.199951171875,3278.89990234375,3229.199951171875,3261.300048828125,2878.360107421875,3103153,0.010644728863170805,0.010588472606481315,2971.8018432617187,3114.967412109375,2914.7132281927734,2990.1629025707175,0.01757265048969996,5,2,4
2022-05-30,3297.0,3386.60009765625,3286.35009765625,3375.25,2978.93017578125,2094624,0.03494005774331521,0.034343509816331025,2965.2831176757813,3111.5323486328125,2924.592758591001,2989.3308487344607,0.01891284908591367,5,2,0
2022-05-31,3354.14990234375,3383.39990234375,3325.0,3364.35009765625,2969.31005859375,4840965,-0.0032293865984881487,-0.0032346123210078444,2958.4718994140626,3106.8178125,2931.4723432068085,2987.847827242556,0.017776365041494043,5,2,1
2022-06-01,3388.0,3388.0,3340.050048828125,3355.199951171875,2961.234375,1493835,-0.0027197171849323576,-0.00272342233521409,2954.003063964844,3101.6463232421875,2936.051117328838,2985.8764604097737,0.017561779614887717,6,2,2
2022-06-02,3355.0,3432.0,3346.300048828125,3423.0,3021.0732421875,2657939,0.020207406645244008,0.02000594647371328,2951.0511962890623,3098.4790283203124,2949.1314442301705,2988.483629430346,0.017367569116789976,6,2,3
2022-06-03,3459.39990234375,3477.300048828125,3431.199951171875,3440.14990234375,3036.20947265625,1913622,0.005010216322259842,0.004997706954156694,2952.3978637695313,3094.312587890625,2962.5280639880284,2992.018877076709,0.016947322928558318,6,2,4
2022-06-06,3418.0,3453.0,3377.14990234375,3430.949951171875,3028.089599609375,1084210,-0.002674345469244388,-0.0026779279196543224,2952.790625,3089.782998046875,2972.6144540836203,2994.6907824494992,0.01693953275020593,6,2,0
2022-06-07,3401.050048828125,3418.85009765625,3356.0,3362.699951171875,2967.85400390625,2308256,-0.019892276539933085,-0.02009279146046113,2950.449951171875,3083.392060546875,2971.8820771332557,2992.7028729277768,0.017013291151281907,6,2,1
2022-06-08,3380.14990234375,3413.949951171875,3346.5,3404.14990234375,3004.43701171875,2185707,0.012326417594783923,0.01225106588858214,2951.110986328125,3078.4762060546873,2976.890528607947,2993.5720683937748,0.017197500912661,6,2,2
2022-06-09,3385.0,3437.0,3353.10009765625,3427.10009765625,3024.6923828125,1279197,0.006741819187669584,0.006719194754324354,2952.9316528320314,3073.9610791015625,2984.244660024032,2995.877276869236,0.017230189898765236,6,2,3
2022-06-10,3382.0,3393.0,3352.0,3359.89990234375,2965.38232421875,1527582,-0.01960862497316196,-0.019803424769122894,2951.512841796875,3068.300947265625,2981.3427622078343,2993.6183914877183,0.01750047347910139,6,2,4
2022-06-13,3290.0,3293.0,3192.449951171875,3219.60009765625,2841.556640625,3030921,-0.04175707212606139,-0.04265395500027097,2945.5728271484377,3059.7049267578127,2959.8372050412445,2982.35455809048,0.018911271361737675,6,2,0
2022-06-14,3190.0,3238.89990234375,3174.699951171875,3210.550048828125,2833.5693359375,2611493,-0.0028108905426369457,-0.002814848514148043,2935.9546508789062,3050.801884765625,2940.411379025284,2971.3334305235926,0.018908831732452766,6,2,1
2022-06-15,3218.5,3234.0,3201.0,3206.300048828125,2829.818115234375,1404536,-0.0013238499780291457,-0.0013247270415637931,2926.2716552734373,3041.494189453125,2923.39703074976,2960.850814576243,0.018701756380899236,6,2,2
2022-06-16,3240.0,3244.85009765625,3133.050048828125,3142.0,2773.06787109375,2032028,-0.020054378701977016,-0.02025819732846675,2921.94150390625,3030.8480908203123,2900.269467725758,2946.940966910873,0.018831022416855903,6,2,3
2022-06-17,3092.0,3118.75,3023.85009765625,3088.89990234375,2726.203125,5240434,-0.016899963604304347,-0.017044397587902556,2913.907080078125,3018.485341796875,2873.4900303833338,2930.5900156582156,0.018643295821848538,6,2,4
2022-06-20,3094.0,3138.75,3069.0,3112.39990234375,2746.94384765625,1502769,0.007607915369934215,0.007579121132328519,2905.649462890625,3007.5797705078126,2854.021386886859,2916.9865958062182,0.018706838886473714,6,2,0
2022-06-21,3130.0,3237.75,3125.39990234375,3211.949951171875,2834.80517578125,2964461,0.03198511982688146,0.03148424818301781,2903.2643188476563,2999.679814453125,2851.065046716765,2910.899083211776,0.01976754135019725,6,2,1
2022-06-22,3199.89990234375,3250.550048828125,3183.0,3222.949951171875,2844.513671875,3336315,0.0034247489657113217,0.0034188978681933724,2905.704699707031,2991.947724609375,2850.057142894955,2905.981645334978,0.01975764772614971,6,2,2
2022-06-23,3222.949951171875,3318.0,3222.949951171875,3308.800048828125,2920.282958984375,3692578,0.02663699171445022,0.026288403725402917,2909.3166748046874,2985.5425390625,2860.86111460102,2907.0410019016,0.020414416092660096,6,2,3
2022-06-24,3339.0,3345.0,3277.5,3293.10009765625,2906.42626953125,2132118,-0.004744981786951263,-0.004756274951097605,2910.7199829101564,2978.9531396484376,2867.8711384364397,2906.995466170463,0.02042310774129332,6,2,4
2022-06-27,3350.0,3362.89990234375,3306.5,3314.699951171875,2925.490234375,2037686,0.006559245986592632,0.006537827739986026,2908.047985839844,2973.256123046875,2876.73561473468,2908.3654490004283,0.020368857359418208,6,2,0
2022-06-28,3307.0,3330.0,3272.60009765625,3318.14990234375,2928.534912109375,1400046,0.001040741034989523,0.0010401998395022536,2906.009228515625,2969.9677294921876,2884.7047374077097,2909.8594833047946,0.01993025853892926,6,2,1
2022-06-29,3271.0,3333.0,3271.0,3290.5,2904.13134765625,2133994,-0.008333028352237593,-0.008367942126601809,2903.1540771484374,2967.1757763671876,2887.6934466767157,2909.4351769604577,0.019976413329648255,6,2,2
2022-06-30,3272.0,3310.89990234375,3255.0,3267.10009765625,2883.479736328125,2719603,-0.007111114772681226,-0.007136519257114236,2896.2744018554686,2962.4822021484374,2887.045183546163,2907.512551728433,0.01734243334598566,6,2,3
2022-07-01,3260.0,3333.0,3252.050048828125,3315.10009765625,2925.84326171875,1502879,0.014691806173249278,0.014584927147845476,2890.7560913085936,2957.3761181640625,2893.014118649638,2908.8703820980863,0.017461309216824664,7,3,4
2022-07-04,3312.0,3317.949951171875,3225.050048828125,3235.050048828125,2855.192626953125,2622535,-0.024147101688599015,-0.02444342287152257,2882.1112426757813,2951.139296875,2887.1954276194056,2904.894252087349,0.017957747327622387,7,3,0
2022-07-05,3255.0,3272.0,3206.949951171875,3216.300048828125,2838.644287109375,2170627,-0.005795875097019065,-0.00581273636318229,2875.6507568359375,2945.699794921875,2879.726021387093,2899.9868472741655,0.017894364267510978,7,3,1
2022-07-06,3218.5,3268.5,3202.25,3260.75,2877.87451171875,2182144,0.01382005656274865,0.01372543041018203,2869.3226318359375,2941.0782177734377,2879.4411737458095,2898.3488964922826,0.017157642643950803,7,3,2
2022-07-07,3271.0,3319.39990234375,3265.050048828125,3287.85009765625,2901.792724609375,1989921,0.00831106873952625,0.008276721982015716,2863.1776489257813,2936.67375,2882.8798738786654,2898.6039948713264,0.01689239182485913,7,3,3
2022-07-08,3300.0,3305.0,3250.0,3265.449951171875,2882.02294921875,2136916,-0.006812952290824348,-0.0068362664025760685,2859.0096801757813,2931.4688623046877,2882.7480393156015,2897.3757692674317,0.016840806447782575,7,3,4
2022-07-11,3206.14990234375,3225.0,3106.0,3113.800048828125,2748.179931640625,6974600,-0.046440649480049,-0.04755361097061577,2854.3408447265624,2924.2463671875,2862.0452535194513,2886.32422573952,0.01758640537295256,7,3,0
2022-07-12,3114.89990234375,3136.199951171875,3080.25,3084.699951171875,2722.4970703125,3734815,-0.009345407494040114,-0.009389349801446352,2848.7872314453125,2916.5856201171873,2840.5763022568435,2874.188880893074,0.017630150473929344,7,3,1
2022-07-13,3104.0,3110.0,3035.0,3038.75,2681.94189453125,3863530,-0.014896315674122973,-0.015008380074835891,2841.393420410156,2909.212236328125,2816.1710087605984,2859.948363384791,0.017769356984560822,7,3,2
2022-07-14,3056.0,3057.0,2967.0,2998.75,2653.624755859375,4764908,-0.01055844600124134,-0.010614581880295616,2835.4212646484375,2900.68251953125,2791.163892929641,2844.6651331977228,0.01725564092342885,7,3,3
2022-07-15,3018.550048828125,3028.89990234375,2953.0,2994.60009765625,2649.952392578125,4574806,-0.0013839045151885498,-0.0013848629954409527,2831.6087280273437,2893.496044921875,2769.4390467217154,2830.2419672259007,0.017177673089417023,7,3,4
2022-07-18,3023.0,3076.949951171875,3014.300048828125,3063.5,2710.9228515625,3202795,0.023008133714076617,0.022747437782531306,2829.8076782226562,2887.309814453125,2760.4365551587593,2821.4035142137973,0.01789084999096043,7,3,0
2022-07-19,3030.050048828125,3078.949951171875,3030.050048828125,3074.25,2720.435546875,1865074,0.0035090247245572748,0.0035028824620053807,2824.0891967773437,2881.42517578125,2754.282553884335,2813.9244055220347,0.017661323945168884,7,3,1
2022-07-20,3107.800048828125,3171.949951171875,3098.050048828125,3164.800048828125,2800.564453125,3402251,0.029454440242866697,0.02902899224989394,2821.891735839844,2877.612138671875,2761.4028460752065,2812.9347794185505,0.018425655827365963,7,3,2
2022-07-21,3167.0,3184.0,3144.050048828125,3177.300048828125,2811.62548828125,2420640,0.003949573502551429,0.00394179441312172,2816.4588623046875,2874.0790673828124,2769.1294064145977,2812.8377948898615,0.018386073175306356,7,3,3
2022-07-22,3185.0,3197.0,3143.5,3171.0,2806.05078125,2075886,-0.0019827345620834214,-0.001984702782324445,2811.440087890625,2870.324912109375,2774.8096179277363,2812.335053138761,0.01809209626546564,7,3,4
2022-07-25,3165.0,3186.449951171875,3149.10009765625,3166.75,2802.289794921875,1797504,-0.0013403129954938642,-0.001341212018361286,2805.280065917969,2867.1635693359376,2779.037337465296,2811.59095993751,0.016433656726717802,7,3,0
2022-07-26,3164.699951171875,3168.89990234375,3096.5,3115.89990234375,2757.29150390625,2639367,-0.01605768650236239,-0.016188008142637177,2796.7178955078125,2861.7907421875,2775.691824610058,2807.5687780092685,0.016678677121527832,7,3,1
2022-07-27,3115.0,3194.10009765625,3110.0,3188.85009765625,2821.84619140625,1389808,0.023412354989867934,0.023142489809501995,2792.6036376953125,2857.75810546875,2782.792496424857,2808.6263641868227,0.017252153793838022,7,3,2
2022-07-28,3216.0,3264.0,3201.64990234375,3260.5,2885.25,2106333,0.02246891017194419,0.022220202772747014,2792.6921508789064,2858.2696875,2798.555189282571,2814.302189061873,0.017290217092807224,7,3,3
2022-07-29,3290.0,3317.300048828125,3275.0,3301.89990234375,2921.885009765625,2430257,0.012697343303223363,0.012617407972808687,2792.49423828125,2858.9695556640627,2817.5290078184253,2822.2712868917806,0.017048746601460905,7,3,4
2022-08-01,3327.0,3327.0,3271.0,3298.800048828125,2919.141845703125,1306913,-0.0009388336821373189,-0.000939274662505096,2795.69169921875,2859.11046875,2833.161752108379,2829.4468838407693,0.017031057438821568,8,3,0
2022-08-02,3290.0,3312.89990234375,3271.64990234375,3291.800048828125,2912.947509765625,1269114,-0.0021219715467467593,-0.002124226118358529,2799.4068603515625,2859.7192578125,2845.4364840556473,2835.632115390759,0.01608416313907456,8,3,1
2022-08-03,3280.0,3349.0,3277.050048828125,3339.5,2955.157958984375,2895824,0.014490631594712866,0.014386645736128939,2803.271032714844,2862.9082958984377,2862.3167109677593,2844.485881582879,0.016266770503756946,8,3,2
2022-08-04,3350.0,3387.89990234375,3307.35009765625,3354.949951171875,2968.82958984375,2150567,0.004626362126535444,0.004615693405529096,2806.6228759765627,2865.3240185546874,2878.7033077179117,2853.6965266392394,0.015570793644768082,8,3,3
2022-08-05,3361.199951171875,3377.0,3355.0,3365.050048828125,2977.76708984375,1106933,0.003010445608119472,0.0030059232905937545,2811.4100830078123,2867.312158203125,2893.943889583425,2862.8869387284626,0.01554218578241886,8,3,4
2022-08-08,3365.0,3378.89990234375,3336.0,3374.449951171875,2986.085205078125,1068836,0.0027934069332506972,0.002789512622680396,2823.3053466796873,2867.4552587890626,2908.1194765826094,2872.0127362358453,0.015510295371824839,8,3,0
2022-08-10,3385.0,3385.0,3335.0,3354.25,2968.2109375,1878359,-0.005985853165786481,-0.006003840199261213,2835.5910400390626,2867.4332763671873,2917.3643167237465,2879.138528922079,0.01555951987993784,8,3,2
2022-08-11,3400.0,3428.699951171875,3375.050048828125,3422.5,3028.605712890625,1449248,0.02034719791225248,0.02014295948666078,2852.9242309570313,2868.780703125,2934.4783776724967,2890.210172179008,0.015871818377722325,8,3,3
2022-08-12,3419.0,3419.0,3381.25,3401.550048828125,3010.06640625,1472354,-0.0061213998777445155,-0.006140212458152574,2870.7463134765626,2868.56056640625,2946.107305145959,2899.0884117398223,0.015854273235013316,8,3,4
2022-08-16,3411.0,3414.85009765625,3387.5,3392.699951171875,3002.23486328125,839942,-0.002601784117615802,-0.0026051746401284065,2888.3604370117187,2867.88107421875,2954.74231408985,2906.72888963178,0.015673532149780303,8,3,1
2022-08-17,3385.10009765625,3417.949951171875,3371.10009765625,3401.10009765625,3009.66845703125,1622326,0.0024760200612272687,0.002472959774069461,2903.297717285156,2867.5126513671876,2963.1924899269884,2914.3540427724815,0.014938294304256996,8,3,2
2022-08-18,3390.0,3392.0,3362.0,3381.25,2992.10302734375,1430659,-0.005836333781703895,-0.005853431736413615,2916.8810913085936,2867.9976318359377,2967.640264914183,2920.1132268147976,0.014939011709987305,8,3,3
2022-08-19,3387.0,3421.5,3371.25,3385.75,2996.0849609375,1398410,0.0013308143327153132,0.0013299295841915863,2926.657116699219,2867.8305908203124,2972.016371994693,2925.7407626757386,0.014767404669990086,8,3,4
2022-08-22,3365.0,3384.10009765625,3347.39990234375,3354.550048828125,2968.475830078125,1536532,-0.009215069405353549,-0.009257790813796204,2934.4996337890625,2866.706259765625,2971.471673238298,2928.9063232240637,0.01483308995265633,8,3,0
2022-08-23,3319.949951171875,3341.89990234375,3270.0,3284.60009765625,2906.57666015625,1849256,-0.020852172449807638,-0.021072649331662245,2939.525927734375,2865.530146484375,2961.4878250718293,2927.252274107929,0.015297843854328044,8,3,1
2022-08-24,3292.0,3308.0,3250.199951171875,3255.35009765625,2880.6923828125,1691923,-0.008905417049058117,-0.008945307278143572,2943.4460571289064,2866.312861328125,2949.0577570319324,2923.8033932712306,0.012638936522684994,8,3,2
2022-08-25,3276.0,3278.14990234375,3214.75,3218.199951171875,2847.818359375,1946930,-0.01141184794101624,-0.011477462746151504,2947.9723999023436,2866.597841796875,2933.4824650847117,2918.17487224188,0.012706365251745856,8,3,3
2022-08-26,3234.300048828125,3257.0,3216.800048828125,3222.199951171875,2851.3583984375,1457962,0.0012430705247918894,0.0012422985523050224,2949.4480102539064,2867.0286474609375,2920.847993292833,2913.225503811926,0.012320574071314348,8,3,4
2022-08-29,3125.0,3142.699951171875,3081.0,3132.550048828125,2772.025634765625,2539173,-0.027822796220688395,-0.02821718272292794,2943.7867919921873,2867.007802734375,2897.952245827109,2902.7662542529406,0.013297500511102442,8,3,0
2022-08-30,3155.0,3226.5,3142.10009765625,3211.14990234375,2841.57958984375,3431525,0.025091382347193214,0.024781762125890363,2939.771520996094,2869.31533203125,2889.2795295219767,2898.2339087411488,0.013958764220894723,8,3,1
2022-09-01,3190.0,3190.0,3121.0,3131.699951171875,2771.273681640625,3546935,-0.024741840226615297,-0.025053063777376715,2932.3781127929688,2869.8019287109373,2871.1247836940765,2888.8294474744434,0.01425001383412131,9,3,3
2022-09-02,3163.0,3163.0,3120.300048828125,3130.39990234375,2770.122802734375,2052900,-0.0004152887944176564,-0.00041537505069070993,2925.2368774414062,2868.50828125,2855.586017392584,2880.036362678883,0.014242603826610805,9,3,4
2022-09-05,3123.64990234375,3147.949951171875,3112.25,3133.39990234375,2772.77783203125,2147912,0.000958451839844221,0.0009579928181562773,2916.11787109375,2867.073564453125,2842.8462965677636,2872.0912863346143,0.01316861457501486,9,3,0
2022-09-06,3135.5,3140.85009765625,3106.35009765625,3127.050048828125,2767.158935546875,1936453,-0.0020264503053455396,-0.002028506333861534,2906.0343383789063,2864.011083984375,2831.2020871799346,2864.3185196095965,0.01314810408802735,9,3,1
2022-09-07,3102.0,3161.89990234375,3102.0,3149.60009765625,2787.11376953125,1291534,0.007211307499556785,0.00718543035253222,2896.501672363281,2861.624833984375,2824.419269080137,2858.5996492334225,0.013218056122864067,9,3,2
2022-09-08,3170.0,3183.5,3160.10009765625,3169.64990234375,2804.85595703125,1346113,0.006365792345456978,0.00634561626857271,2887.4402099609374,2859.2121484375,2821.409528764924,2854.6186349962245,0.013268731105282318,9,3,3
2022-09-09,3195.0,3233.5,3168.5,3217.64990234375,2847.33154296875,1561185,0.015143589042789118,0.015030069525463624,2881.396240234375,2857.5880810546873,2825.397530950128,2854.078850401597,0.013179831223796198,9,3,4
2022-09-12,3239.89990234375,3269.800048828125,3225.0,3242.949951171875,2869.719970703125,1785928,0.007862950765133547,0.007832198863042247,2873.451953125,2856.899853515625,2832.2163678352044,2855.2374519054138,0.01256582478536628,9,3,0
2022-09-13,3263.449951171875,3263.449951171875,3225.0,3229.35009765625,2857.68505859375,1972678,-0.004193758356996202,-0.004202576825226956,2865.8328857421875,2856.3839599609373,2836.134627951904,2855.41875610455,0.01189338388234112,9,3,1
2022-09-14,3135.0,3141.39990234375,3113.800048828125,3120.39990234375,2761.27392578125,5090269,-0.033737494102986765,-0.03431973645066439,2853.7848388671873,2853.0925732421874,2824.6175968487264,2848.445064969491,0.013109486004484605,9,3,2
2022-09-15,3130.0,3137.75,3100.0,3104.35009765625,2747.0712890625,2138023,-0.00514350879358394,-0.005156782168983208,2840.65498046875,2850.930146484375,2812.6873956508452,2840.935896383788,0.013122440227435105,9,3,3
2022-09-16,3076.0,3094.35009765625,3000.0,3008.699951171875,2662.4296875,5322221,-0.03081157809755486,-0.03129623614656745,2824.1713134765623,2847.4058544921877,2789.5708251661,2827.713214244248,0.014141999576364899,9,3,4
2022-09-19,3036.0,3042.0,2987.800048828125,3028.800048828125,2680.216064453125,2072220,0.006680505793873692,0.0066582901015308504,2808.3778686523438,2843.452685546875,2772.7470158256424,2816.7874994449053,0.013880368476655715,9,3,0
2022-09-20,3050.0,3079.949951171875,3030.0,3040.300048828125,2690.392822265625,1544295,0.00379699157372837,0.003789801196676091,2794.4737182617187,2839.2246875,2760.077139893332,2807.424930764959,0.013865151271654661,9,3,1
2022-09-21,3028.0,3041.39990234375,2998.14990234375,3001.199951171875,2655.792724609375,2253818,-0.012860611792412047,-0.012944025398679825,2781.934521484375,2834.7000830078123,2744.0333836958002,2796.192915494175,0.013923323721714004,9,3,2
2022-09-22,2990.0,3029.949951171875,2979.300048828125,3007.39990234375,2661.27880859375,2017983,0.0020657048773193853,0.0020635742426696807,2770.9638427734376,2832.962060546875,2731.301910603177,2786.199277945995,0.013912227577718999,9,3,3
2022-09-23,3004.0,3022.5,2979.0,2982.050048828125,2638.84716796875,2652374,-0.008428895368859601,-0.008464619391770649,2760.515283203125,2831.2890625,2717.0781040440343,2775.2843068365696,0.013932979847748965,9,3,4
2022-09-26,2959.85009765625,3025.85009765625,2926.10009765625,2994.39990234375,2649.775390625,2925489,0.004141286690984014,0.00413273516467374,2750.4361328125,2830.645732421875,2706.723840441106,2765.987350080157,0.013261735849872934,9,3,0
2022-09-27,3009.39990234375,3025.0,2976.0,3017.449951171875,2670.172607421875,2227447,0.007697715387138482,0.00766823914588755,2745.3434814453126,2830.976689453125,2701.1005738227627,2758.889961735099,0.013437232785519785,9,3,1
2022-09-28,2980.0,3049.949951171875,2980.0,3035.64990234375,2686.278076171875,2739767,0.006031620841751684,0.00601350343182681,2737.578405761719,2831.703203125,2698.8201895687803,2753.5113035452305,0.01355785784498996,9,3,2
2022-09-29,3054.0,3055.85009765625,2990.0,2997.300048828125,2652.342041015625,2493902,-0.012633105804374156,-0.012713581979915128,2731.6318237304686,2830.5315869140627,2691.669705175987,2746.017284098593,0.013604526560309926,9,3,3
2022-09-30,2990.85009765625,3019.699951171875,2950.10009765625,3004.550048828125,2658.756591796875,2817353,0.0024184478027553524,0.00241552806441037,2726.063513183594,2829.2980078125,2686.606149271508,2739.5535291132805,0.013651883089672677,9,3,4
2022-10-03,2995.0,3020.699951171875,2974.0,2984.949951171875,2641.412841796875,1763331,-0.0065232560413808205,-0.006544625458887596,2719.495263671875,2826.1149755859374,2679.6533327369493,2732.2838485713246,0.013624610859199178,10,4,0
2022-10-04,3029.949951171875,3098.0,3023.0,3091.14990234375,2735.390380859375,2145875,0.03557851221718522,0.03496021956563554,2717.9068359375,2824.5902734375,2688.228263217323,2732.513962074143,0.015385451554234885,10,4,1
2022-10-06,3111.0,3124.0,3092.449951171875,3101.949951171875,2744.947265625,1790816,0.0034937919035245013,0.003487702791197884,2715.7985107421873,2823.368203125,2696.954263587735,2733.434947522355,0.015027841553809396,10,4,3
2022-10-07,3097.39990234375,3105.0,3058.10009765625,3064.89990234375,2712.160888671875,1939879,-0.011944264781953762,-0.012016170661361111,2711.1637573242188,2821.565625,2699.2937443699107,2731.859091311208,0.015087539214414124,10,4,4
2022-10-10,3010.0,3127.0,3005.0,3118.550048828125,2759.636962890625,3064063,0.01750488859899413,0.017353442842967283,2706.7790283203126,2821.6125341796874,2708.5773164500206,2733.916711428202,0.015379584094272156,10,4,0
2022-10-11,3100.0,3145.0,3053.35009765625,3069.550048828125,2716.276123046875,4730645,-0.015712515967437612,-0.015837266030210587,2699.1068359375,2819.5011328125,2709.761748234152,2732.610001177733,0.01560672336967871,10,4,1
2022-10-12,3084.89990234375,3109.89990234375,3062.050048828125,3100.75,2743.8857421875,1665247,0.010164511224159067,0.010113199989427718,2693.4168701171875,2816.67384765625,2715.011593457744,2733.4452412525306,0.014923337624778469,10,4,2
2022-10-13,3100.75,3110.0,3052.35009765625,3103.300048828125,2746.142333984375,2054781,0.0008224073481557514,0.0008220693565311037,2692.660290527344,2813.158994140625,2719.8009381541488,2734.3857666400745,0.014140515524597799,10,4,3
2022-10-14,3145.0,3150.0,3071.0,3099.14990234375,2742.469482421875,2245977,-0.0013374585566987562,-0.0013383537526749042,2692.4302001953124,2809.625546875,2723.28840650303,2734.9845604016896,0.013414835855284241,10,4,4
2022-10-17,3072.64990234375,3128.39990234375,3071.449951171875,3111.75,2760.74609375,1517005,0.006664289774333199,0.0066421815645564194,2697.3460205078127,2806.5815185546876,2729.0511276179486,2736.8928221311944,0.013474166631058038,10,4,0
2022-10-18,3150.0,3155.35009765625,3128.550048828125,3144.699951171875,2789.979248046875,1793722,0.010588860150180235,0.010533190808960752,2702.8341796875,2803.2779443359377,2738.424684607014,2740.8251499768003,0.013612414805536216,10,4,1
2022-10-19,3159.0,3159.0,3112.0,3121.85009765625,2769.706787109375,1194289,-0.007266169076953433,-0.007292696262268551,2706.7998779296877,2799.29548828125,2743.2373157612233,2742.9645305051395,0.01367670412416688,10,4,2
2022-10-20,3105.0,3160.0,3105.0,3157.300048828125,2801.158203125,1587601,0.011355503825171809,0.011291514059975178,2714.068151855469,2795.763310546875,2752.1482215094966,2747.275172921425,0.01377138594629801,10,4,3
2022-10-21,3157.800048828125,3160.39990234375,3127.0,3137.39990234375,2783.50244140625,1021913,-0.00630302197821353,-0.006322969886822661,2720.179333496094,2791.7116552734374,2756.971947647459,2749.9586742906713,0.013771923930835876,10,4,4
2022-10-24,3170.10009765625,3178.0,3155.0,3161.699951171875,2805.06201171875,260949,0.0077454828103573625,0.0077156405544418025,2728.4900756835937,2788.4486767578123,2764.370419043042,2754.040402989048,0.013552887128722569,10,4,0
2022-10-25,3180.5,3184.25,3151.14990234375,3162.10009765625,2805.4169921875,2069643,0.00012654995407124225,0.00012654194730130167,2736.2721557617188,2783.98490234375,2770.6852764498817,2757.8460762630075,0.013463362855405536,10,4,1
2022-10-27,3160.699951171875,3174.0,3134.35009765625,3157.39990234375,2801.24658203125,2438421,-0.0014865562473826976,-0.0014876622683651748,2742.8258544921873,2779.808505859375,2775.387015770092,2761.0609285421365,0.013447975027775306,10,4,3
2022-10-28,3150.0,3178.5,3145.0,3163.25,2806.436767578125,1355739,0.0018528128084716045,0.0018510984680612677,2748.8337890625,2775.8925439453124,2780.163900663636,2764.4221018040616,0.011902853132872232,10,4,4
2022-10-31,3199.0,3199.0,3177.800048828125,3193.14990234375,2832.964599609375,1919414,0.009452495897187996,0.009408100602801896,2757.8649169921873,2772.358466796875,2788.2870851168263,2769.4993238637144,0.011957778287013008,10,4,0
2022-11-01,3214.5,3262.60009765625,3203.449951171875,3259.699951171875,2892.007080078125,2991060,0.02084123482407474,0.020627027408608525,2769.52744140625,2770.3565478515625,2804.2440074185643,2778.573972472189,0.01087472517040225,11,4,1
2022-11-02,3270.0,3270.0,3222.050048828125,3241.699951171875,2876.03759765625,1405955,-0.0055219375263229065,-0.005537239781408067,2781.258679199219,2767.9556005859376,2815.289175147439,2785.7935002636004,0.010953179520010178,11,4,2
2022-11-03,3228.050048828125,3228.050048828125,3195.0,3206.75,2845.02978515625,1422652,-0.010781435028968,-0.010839975849207059,2786.7406494140623,2765.4866796875,2819.864653610333,2790.181373218612,0.011209944126054958,11,4,3
2022-11-04,3217.0,3220.050048828125,3166.14990234375,3217.39990234375,2854.479248046875,1464013,0.0033213933084028646,0.0033158896647913013,2792.217248535156,2764.4447314453123,2825.1899758313393,2794.944178761446,0.01085775259381049,11,4,4
2022-11-07,3229.0,3242.800048828125,3195.10009765625,3233.699951171875,2868.940185546875,1474498,0.005066051017850182,0.005053261757237459,2800.0562133789062,2764.2096875,2831.920777326037,2800.4253644492555,0.010867768118659856,11,4,0
2022-11-09,3249.800048828125,3249.800048828125,3201.64990234375,3216.050048828125,2853.281494140625,1162267,-0.005458005532891663,-0.005472954865597222,2804.7384399414063,2764.3189501953125,2835.2070414513582,2804.340633315283,0.010777300411198874,11,4,2
2022-11-10,3170.0,3225.0,3170.0,3205.64990234375,2844.0537109375,1573092,-0.003234094926166553,-0.0032393359141146454,2811.1273193359375,2764.1728564453124,2836.568067526149,2807.2823427687804,0.01082643331240066,11,4,3
2022-11-11,3269.60009765625,3341.60009765625,3255.050048828125,3315.949951171875,2941.912109375,3265394,0.034408069742551506,0.03382934982032324,2821.0286376953127,2767.5705859375,2852.774843195203,2817.2549180729447,0.012276797546160904,11,4,4
2022-11-14,3324.0,3349.0,3309.0,3335.5,2959.257080078125,1342074,0.005895815394298065,0.005878503088162387,2831.684375,2769.9241357421874,2869.1567257925753,2827.7735967399954,0.012275783563175817,11,4,0
2022-11-15,3321.0,3339.949951171875,3292.0,3332.60009765625,2956.68408203125,1400708,-0.000869474323199726,-0.0008698525352454114,2842.3951049804687,2773.63234375,2882.6224729062174,2837.3225215763846,0.011932252750935221,11,4,1
2022-11-16,3338.89990234375,3367.89990234375,3321.449951171875,3355.35009765625,2976.868408203125,1748235,0.006826676645821594,0.006803480397825267,2853.201220703125,2777.767255859375,2897.1218475672804,2847.659253919106,0.011943122793683562,11,4,2
2022-11-17,3340.0,3360.0,3317.75,3349.0,2971.23388671875,1417986,-0.0018927680742784059,-0.0018945616233088066,2862.263952636719,2781.736376953125,2908.5236997444295,2856.812930422783,0.011833963619801751,11,4,3
2022-11-18,3350.0,3362.75,3321.0,3343.449951171875,2966.310302734375,1164540,-0.0016570839496624634,-0.0016584584319020816,2872.094128417969,2785.719404296875,2917.4139463582674,2864.9238468903086,0.010254650492826553,11,4,4
2022-11-21,3322.5,3333.699951171875,3273.0,3283.5,2913.12255859375,1304194,-0.017930606953559747,-0.01809330810758424,2877.692346191406,2788.239580078125,2916.753732856034,2868.4941218313043,0.010925530252364422,11,4,0
2022-11-22,3280.0,3318.949951171875,3255.25,3314.949951171875,2941.025390625,1149739,0.009578324107558212,0.009532742791803073,2885.568493652344,2790.96296875,2920.4878340512596,2873.866808408615,0.010679363449717172,11,4,1
2022-11-23,3330.0,3330.0,3291.0,3308.300048828125,2935.12548828125,1150011,-0.0020060698430407475,-0.0020080846962234147,2892.071667480469,2792.71884765625,2922.7397808558735,2878.4044883991805,0.010339050886823357,11,4,2
2022-11-24,3316.25,3392.949951171875,3308.300048828125,3380.14990234375,2998.87060546875,1296591,0.02171802106656351,0.021485544774812963,2901.744348144531,2795.3018603515625,2934.4522154117008,2887.327904478408,0.010372760608863753,11,4,3
2022-11-25,3383.0,3403.35009765625,3348.0,3389.64990234375,3007.29931640625,1588981,0.0028106284152871197,0.0028066859846534666,2912.046984863281,2798.2941455078126,2945.6594617185547,2896.214675732322,0.01029290271139743,11,4,4
2022-11-28,3366.0,3417.0,3365.550048828125,3395.25,3012.267578125,2195437,0.0016520675849076571,0.0016507044224063133,2922.338525390625,2803.3140185546877,2955.906864242623,2904.8111870206685,0.010287654850022287,11,4,0
2022-11-29,3383.0,3429.0,3383.0,3397.35009765625,3014.130615234375,1576028,0.0006184832725035783,0.000618292090548894,2931.396826171875,2808.655205078125,2964.8643643952005,2912.9089224439062,0.010264481080258894,11,4,1
2022-11-30,3383.0,3414.89990234375,3375.0,3390.800048828125,3008.319580078125,3410702,-0.0019279307694494152,-0.001929791620087431,2937.212451171875,2815.5730029296874,2971.5497821925733,2919.9763785649593,0.010284449694665968,11,4,2
2022-12-01,3425.0,3480.0,3420.0,3475.64990234375,3083.59814453125,2180856,0.02502345992481625,0.02471550005997942,2947.590478515625,2823.64064453125,2988.7879917831388,2932.096509377277,0.010970504848107795,12,4,3
2022-12-02,3458.10009765625,3468.89990234375,3413.0,3439.14990234375,3051.215576171875,2411749,-0.010501552680204251,-0.010557083097093644,2957.899768066406,2830.857099609375,2998.3922355352524,2940.9201439546546,0.011094166415997461,12,4,4
2022-12-05,3433.0,3439.14990234375,3407.0,3425.89990234375,3039.459716796875,1475065,-0.0038528445734238304,-0.003860285898739978,2967.148791503906,2838.530439453125,3004.710309575502,2948.219371572597,0.011060361427861608,12,4,0
2022-12-06,3400.050048828125,3407.949951171875,3368.0,3385.35009765625,3003.484375,1166999,-0.011836097579469684,-0.011906701854825674,2973.8760009765624,2845.37455078125,3004.5217042561935,2952.3130755301822,0.011261418564699185,12,4,1
2022-12-07,3368.300048828125,3393.699951171875,3354.0,3380.60009765625,2999.27001953125,1167505,-0.0014031554496600762,-0.0014041407941035066,2981.175427246094,2852.5830078125,3003.713752760048,2955.7913676784096,0.011241110991626498,12,4,2
2022-12-08,3360.0,3380.60009765625,3339.449951171875,3350.550048828125,2972.609619140625,1285619,-0.008888963053347076,-0.008928705573914453,2987.60322265625,2859.0396923828125,2998.9285014339825,2957.037164083018,0.011420148129635396,12,4,3
2022-12-09,3374.10009765625,3374.10009765625,3276.35009765625,3292.75,2921.32958984375,1797896,-0.017250845508499646,-0.01740137503006647,2986.5740966796875,2864.06283203125,2986.9902073431776,2954.392158583813,0.011936811456339983,12,4,4
2022-12-12,3255.5,3296.0,3236.10009765625,3286.449951171875,2915.73974609375,1527610,-0.001913458778986632,-0.0019152917798570368,2984.398229980469,2868.6520654296874,2976.028597920189,2951.5290169178825,0.011952424514165404,12,4,0
2022-12-13,3277.199951171875,3336.449951171875,3267.800048828125,3332.10009765625,2956.240966796875,1378016,0.013890547247018548,0.013794957771893164,2984.37607421875,2874.7300439453124,2972.984346978141,2951.8780502422524,0.012083009790389282,12,4,1
2022-12-14,3348.800048828125,3377.0,3340.89990234375,3365.35009765625,2985.740234375,1213311,0.009978641088276285,0.009929183192207664,2984.8196655273437,2881.269716796875,2974.946791193042,2954.3863601780113,0.011637700162424852,12,4,2
2022-12-15,3358.800048828125,3364.75,3298.949951171875,3305.10009765625,2932.28662109375,1415694,-0.017902968471883662,-0.018065165398970438,2982.8723022460936,2887.0871923828126,2968.383688100843,2952.749342468066,0.012092332071978682,12,4,3
2022-12-16,3275.0,3292.0,3225.199951171875,3240.25,2874.7509765625,2703680,-0.019621425858359354,-0.019816481767679,2978.2943359375,2889.874404296875,2953.9786555564824,2946.9716857343205,0.01248354208798208,12,4,4
2022-12-19,3227.0,3245.5,3194.5,3202.050048828125,2840.860595703125,2120965,-0.011788979684041911,-0.01185902072419135,2974.6812377929687,2891.7926708984373,2936.575877117504,2939.111604991269,0.012665997550437765,12,4,0
2022-12-20,3198.89990234375,3249.0,3163.64990234375,3243.949951171875,2878.033935546875,1529971,0.01308523899411873,0.013000366834263725,2971.5316650390623,2895.1101318359374,2927.5694245681766,2934.5873331805733,0.012861507123581266,12,4,1
2022-12-21,3249.0,3283.050048828125,3240.0,3268.550048828125,2899.859375,1432566,0.007583454518571564,0.007554844677268863,2969.768359375,2897.914580078125,2923.3063400192264,2932.014891833864,0.01288457672066265,12,4,2
2022-12-22,3294.0,3294.0,3245.10009765625,3259.699951171875,2892.007080078125,1384101,-0.0027078192099831977,-0.002711491984057235,2964.425183105469,2901.42919921875,2918.4910692590565,2929.0513502223275,0.012879506059322518,12,4,3
2022-12-23,3217.0,3266.85009765625,3217.0,3228.35009765625,2864.19384765625,1360281,-0.009617276739558922,-0.00966382140787381,2957.269909667969,2903.835361328125,2910.1376505509324,2924.247090772988,0.011311647367877996,12,4,4
2022-12-26,3228.35009765625,3272.0,3225.050048828125,3252.89990234375,2885.974609375,870157,0.007604499861827874,0.007575731407175449,2950.9552612304688,2906.6320068359373,2906.420259600789,2921.412092150915,0.011350915808877444,12,4,0
2022-12-27,3269.199951171875,3273.800048828125,3231.5,3259.5,2891.830078125,835883,0.0020289398011259507,0.0020268842826469016,2944.840234375,2909.61921875,2904.1756162968213,2919.220831852699,0.011362398251524604,12,4,1
2022-12-28,3249.800048828125,3266.10009765625,3226.0,3257.10009765625,2889.70068359375,910795,-0.0007363484277163046,-0.0007366196653782624,2938.909289550781,2912.198310546875,2901.948703573272,2917.034154203888,0.011273733657625398,12,4,2
2022-12-29,3231.10009765625,3271.5,3228.0,3268.75,2900.03662109375,1037927,0.0035768194120180397,0.003570437806172249,2929.7312133789064,2914.3994580078124,2901.654537037961,2915.7750776772114,0.011301799010939372,12,4,3
2022-12-30,3286.050048828125,3299.0,3246.199951171875,3256.699951171875,2889.345458984375,1163131,-0.003686561070164296,-0.003693373183761744,2921.6377075195314,2916.7922314453126,2899.7608327220246,2913.8173281444087,0.01131350545300539,12,4,4
2023-01-02,3261.0,3266.85009765625,3235.199951171875,3261.449951171875,2893.56005859375,709547,0.0014586693315850052,0.0014576065068898753,2914.342724609375,2918.6402685546873,2898.806867471521,2912.316789659175,0.010846144989947296,1,1,0
2023-01-03,3252.0,3320.0,3245.300048828125,3311.35009765625,2937.831298828125,1245178,0.015299920975509584,0.015184057491401148,2911.0600708007814,2921.726845703125,2904.8106261417674,2914.2067533013196,0.011071397444325528,1,1,1
2023-01-04,3306.699951171875,3327.35009765625,3286.199951171875,3314.64990234375,2940.758544921875,1231668,0.0009963969322941413,0.0009959008583678107,2908.1344970703126,2924.4407763671875,2910.341075184861,2916.17355268062,0.01106599305274239,1,1,2
2023-01-05,3330.199951171875,3337.300048828125,3281.949951171875,3311.10009765625,2937.60986328125,1826057,-0.001070703899190284,-0.0010712775120930895,2906.3845092773436,2927.0846337890625,2914.536273353536,2917.761427539926,0.010287250772787547,1,1,3
2023-01-06,3300.0,3301.550048828125,3200.0,3211.550048828125,2849.28857421875,2488376,-0.030065697343433784,-0.030526938998470567,2902.7824584960936,2928.0454736328124,2904.4981657943385,2912.68936433095,0.011577558157065435,1,1,4
2023-01-09,3229.0,3327.0,3221.14990234375,3319.949951171875,2945.461181640625,2885060,0.033753200111801496,0.03319606298512152,2904.2685302734376,2930.8259619140626,2910.8001682322288,2915.1169063538887,0.013262062789476283,1,1,0
2023-01-10,3285.0,3298.0,3230.10009765625,3286.39990234375,2915.6953125,3864655,-0.010105673544828497,-0.010157082505094752,2902.241247558594,2932.480576171875,2911.5532673503476,2915.159751253601,0.013370433744021666,1,1,1
2023-01-11,3290.10009765625,3349.5,3271.14990234375,3328.699951171875,2953.224365234375,2720512,0.01287139042734764,0.012789258102260542,2900.6154541015626,2933.704921875,2917.9642054863516,2917.9793522892137,0.0136067056453281,1,1,2
2023-01-12,3329.0,3350.0,3315.550048828125,3334.35009765625,2958.23681640625,2250391,0.0016972808537278894,0.0016958421003286856,2901.9129638671875,2935.34890625,2924.1599917817207,2920.9613866682535,0.012734871923506742,1,1,3
2023-01-13,3342.89990234375,3379.0,3305.0,3374.550048828125,2993.90234375,1742837,0.012056346248532357,0.011984247426503282,2907.8705322265623,2938.326357421875,2934.8895843922255,2926.3644205261603,0.012838629640038415,1,1,4
2023-01-16,3317.0,3353.0,3298.050048828125,3334.050048828125,3025.206298828125,1843607,0.010455903861885885,0.010401618969629281,2917.0878173828123,2941.7408984375,2948.78446353621,2933.6860411411208,0.012976826488215886,1,1,0
2023-01-17,3330.0,3381.800048828125,3321.0,3378.39990234375,3065.447998046875,1688475,0.013302133885658707,0.01321443734740557,2926.4585205078124,2945.6710546875,2966.7326996147735,2943.4461860971023,0.013002807795092122,1,1,1
2023-01-18,3380.0,3408.949951171875,3372.25,3390.0,3075.973876953125,2421189,0.0034337163484607913,0.003427834604793903,2935.2642456054687,2950.12490234375,2983.5390345899045,2953.2630520864373,0.013005014075383103,1,1,2
2023-01-19,3380.0,3387.0,3361.0,3373.10009765625,3060.6396484375,1585044,-0.004985162140198063,-0.004997629512821846,2943.6958740234377,2954.45662109375,2995.4006674895345,2961.2168740383677,0.012922712228766004,1,1,3
2023-01-20,3365.0,3394.64990234375,3355.60009765625,3363.10009765625,3051.56591796875,1529349,-0.0029646516777570575,-0.002969054962499409,2953.0644775390624,2956.649697265625,3004.0414752555675,2967.9093958109884,0.01248057399872889,1,1,4
2023-01-23,3388.0,3419.0,3355.60009765625,3414.89990234375,3098.56689453125,1067916,0.01540224849338534,0.015284837920457496,2963.694091796875,2959.4358935546875,3018.5838474518264,2977.587729049526,0.012714039414116434,1,1,0
2023-01-24,3425.0,3451.949951171875,3417.300048828125,3436.300048828125,3117.98486328125,1387863,0.006266757959710878,0.00624720348496647,2975.0018310546875,2962.6619091796874,3033.876311425584,2987.9875167703944,0.012545472439900666,1,1,1
2023-01-25,3425.300048828125,3435.0,3405.0,3429.75,3112.04150390625,874110,-0.0019061540179337033,-0.0019079730414306,2986.1188720703126,2965.36537109375,3045.901725653379,2997.17670100268,0.012467448609335893,1,1,2
2023-01-27,3426.0,3446.0,3382.300048828125,3411.050048828125,3095.07373046875,1785879,-0.005452296640710563,-0.0054672146597258085,2995.8707275390625,2967.84216796875,3053.466649471128,3004.428332814982,0.011999196469344614,1,1,4
2023-01-30,3420.0,3458.449951171875,3385.550048828125,3433.64990234375,3115.579833984375,1953798,0.006625400653224256,0.006603549149858542,3007.1824462890627,2970.82755859375,3063.022524011628,3012.661777346048,0.011315381253719314,1,1,0
2023-01-31,3449.0,3449.0,3351.0,3358.699951171875,3047.57275390625,2820375,-0.021828065304670408,-0.02206982205177864,3014.8830810546874,2973.5165625,3060.645636303108,3015.2477756097664,0.011893751022326877,1,1,1
2023-02-01,3363.0,3419.0,3355.0,3408.35009765625,3092.6240234375,2205161,0.014782672365575289,0.014674473671684644,3022.6227172851563,2976.54853515625,3065.5653881699377,3020.979349522932,0.011950178474968733,2,1,2
2023-02-02,3427.0,3469.0,3420.10009765625,3460.39990234375,3139.85205078125,1813847,0.015271182977895759,0.015155752156453957,3032.577392578125,2980.64306640625,3076.994105494755,3029.7847348013256,0.012144481852011219,2,1,3
2023-02-03,3504.0,3504.0,3452.89990234375,3482.300048828125,3159.723876953125,1804469,0.006328905263842222,0.006308961845363169,3043.6830932617186,2983.8601318359374,3089.7217626421966,3039.4098564421993,0.012117116724160559,2,1,4
2023-02-06,3473.14990234375,3473.14990234375,3436.85009765625,3459.949951171875,3139.44384765625,1138714,-0.006418291625036154,-0.006438977417865928,3058.1908569335938,2986.5030224609377,3097.3713141828202,3046.819781717314,0.012015663846135666,2,1,0
2023-02-07,3468.89990234375,3493.0,3461.39990234375,3472.550048828125,3150.877197265625,1455647,0.003641839180500206,0.0036352237409049406,3068.4616577148436,2989.27521484375,3105.6029885032517,3054.5277384245965,0.011986560103472587,2,1,1
2023-02-08,3478.050048828125,3539.89990234375,3478.050048828125,3520.10009765625,3194.0224609375,1986946,0.013693095912883368,0.013600192603585111,3082.3780151367187,2992.8730517578124,3119.2059842623667,3064.86068083296,0.012142106712133954,2,1,2
2023-02-09,3515.0,3547.60009765625,3505.300048828125,3540.85009765625,3212.850341796875,1655427,0.0058947240007349855,0.005877418090950493,3095.3593139648438,2996.9636669921874,3133.612808498445,3075.8228779413985,0.012124747596966568,2,1,3
2023-02-10,3520.0,3542.35009765625,3508.14990234375,3537.550048828125,3209.85546875,1187821,-0.0009321545444909152,-0.0009325892707140016,3107.9402465820312,2999.4888134765624,3145.3424485371456,3085.7512180012945,0.012153097541924016,2,1,4
2023-02-13,3549.0,3549.0,3473.39990234375,3482.39990234375,3159.814208984375,1087939,-0.01558987943625767,-0.01571267957157697,3116.23583984375,3001.6607861328125,3147.568873221335,3091.237365481523,0.012581253452740858,2,1,0
2023-02-14,3505.0,3524.85009765625,3495.0,3500.10009765625,3175.87548828125,1579818,0.005082982173827633,0.005070107429571484,3123.7692993164064,3004.3891015625,3151.9237370767064,3097.5068560592804,0.012582710141174683,2,1,1
2023-02-15,3487.0,3526.0,3460.14990234375,3520.64990234375,3194.520751953125,1429449,0.005870905122280279,0.005853738515048599,3130.222937011719,3008.2098291015627,3158.4771239807706,3104.6930705699356,0.012385871444319753,2,1,2
2023-02-16,3527.199951171875,3575.0,3527.0,3558.050048828125,3228.456298828125,1618931,0.010623047871657132,0.010567019742329363,3137.847058105469,3012.7935546875,3169.2431508803634,3113.860717107579,0.012460128761283945,2,1,3
2023-02-17,3526.14990234375,3538.89990234375,3490.0,3501.14990234375,3176.827392578125,1061369,-0.01599182441117153,-0.016121073439167046,3143.6564453125,3016.87791015625,3170.4099572954037,3118.5249152905826,0.012925238256013195,2,1,4
2023-02-20,3502.0,3522.0,3475.050048828125,3487.300048828125,3164.2607421875,1296082,-0.003955723379867604,-0.003963567947724128,3149.2911865234373,3021.736533203125,3169.46392420188,3121.912754319984,0.011436630616441113,2,1,0
2023-02-21,3494.0,3508.89990234375,3444.75,3451.0,3131.3232421875,1139541,-0.010409224360325542,-0.01046377924916745,3150.92900390625,3026.048203125,3163.5961269688983,3122.609827495355,0.01019121151006634,2,1,1
2023-02-22,3414.949951171875,3447.0,3395.0,3401.550048828125,3086.45361328125,1218430,-0.014329286833672517,-0.01443294246328724,3149.35244140625,3028.6524560546877,3151.7280479400292,3119.931589405421,0.010392709917856825,2,1,2
2023-02-23,3421.0,3452.39990234375,3408.0,3413.800048828125,3097.5693359375,1441570,0.0036014546301355033,0.003594984921331172,3148.6288330078123,3030.8890380859375,3143.3959384011787,3118.275126185575,0.01019271829161178,2,1,3
2023-02-24,3422.5,3433.949951171875,3382.300048828125,3400.449951171875,3085.455810546875,977592,-0.0039106551224167285,-0.003918321728321755,3148.1479370117186,3033.952421875,3134.48207257744,3115.8440657678934,0.010242974465372505,2,1,4
2023-02-27,3390.0,3390.0,3316.0,3331.85009765625,3023.21044921875,1128022,-0.020173797698010976,-0.02038006763473781,3143.5294677734373,3036.921611328125,3117.3633612914873,3108.9823163938827,0.010769447364979532,2,1,0
2023-02-28,3328.5,3392.0,3299.89990234375,3312.85009765625,3005.970703125,4116217,-0.005702463121019297,-0.005718784240472197,3141.449365234375,3040.2238134765626,3100.226029265874,3101.3518265221137,0.0106516154348728,2,1,1
2023-03-01,3323.0,3389.0,3315.0,3385.699951171875,3072.072265625,1669307,0.0219900887361546,0.021751793824658503,3140.42177734375,3044.104580078125,3095.8946810134316,3099.1829701593647,0.01113721691477207,3,1,2
2023-03-02,3361.0,3369.89990234375,3318.0,3321.449951171875,3013.773681640625,1556538,-0.018976957227441527,-0.019159330627848258,3134.1178588867188,3046.3828662109377,3083.260681109923,3092.8563561950136,0.01164799693808627,3,1,3
2023-03-03,3354.0,3358.0,3331.10009765625,3342.14990234375,3032.5556640625,1043190,0.0062320480586486315,0.006212709152883501,3127.7594482421873,3049.193837890625,3075.4599092564736,3088.389638259272,0.01168286346389521,3,1,4
2023-03-06,3361.89990234375,3404.949951171875,3359.0,3371.85009765625,3059.505126953125,1334132,0.008886716642992454,0.008847462167498535,3123.7625122070312,3053.1000634765624,3073.005327363651,3086.250044829187,0.011787497733401518,3,1,0
2023-03-08,3364.0,3396.0,3330.85009765625,3390.39990234375,3076.336669921875,1844590,0.0055013939412849044,0.005486316546152662,3120.0354858398437,3056.9073046875,3073.5178416033773,3085.515720761979,0.011480454413794833,3,1,2
2023-03-09,3385.0,3385.0,3330.85009765625,3336.85009765625,3027.747802734375,1648500,-0.015794391967096977,-0.015920452504205953,3111.7217529296877,3059.6256591796873,3066.4762971619925,3081.236615722897,0.011756760098795019,3,1,3
2023-03-10,3312.89990234375,3337.25,3290.0,3331.0,3022.439208984375,1024404,-0.001753314376186088,-0.0017548532308306636,3102.2011962890624,3062.2804296875,3059.701360519282,3076.881252260784,0.011756347318301682,3,1,4
2023-03-13,3333.0,3369.800048828125,3272.0,3281.949951171875,2977.932861328125,1901233,-0.01472530779906256,-0.014834801357644306,3090.6050659179687,3063.8383544921876,3047.1215914129502,3069.5517418213276,0.011999382444401846,3,1,0
2023-03-14,3280.0,3304.39990234375,3209.39990234375,3214.949951171875,2917.138671875,2670334,-0.02041489593086776,-0.020626160155781875,3078.4712890625,3064.39421875,3027.1242191763426,3058.2618847882663,0.012399019569623948,3,1,1
2023-03-15,3250.0,3260.35009765625,3192.0,3198.89990234375,2902.575927734375,1780522,-0.00499213296955292,-0.005004635291537592,3064.8063110351563,3064.5745361328127,3007.9629435698857,3046.729591673163,0.011844715823288278,3,1,2
2023-03-16,3208.0,3219.800048828125,3172.0,3185.0,2889.963623046875,1901060,-0.00434521094417839,-0.004354678809789545,3049.5784545898437,3063.6171826171876,2989.809201950961,3035.1172977008455,0.011442912021147644,3,1,3
2023-03-17,3150.5,3221.39990234375,3144.0,3179.300048828125,2884.791748046875,6739966,-0.0017895986505696015,-0.0017912018952965928,3032.395227050781,3062.4978466796874,2973.6526705811016,3023.9820718005512,0.010958733608898964,3,1,4
2023-03-20,3169.64990234375,3169.64990234375,3095.050048828125,3143.300048828125,2852.125732421875,2289468,-0.011323526437260645,-0.011388125686589671,3016.1601440429686,3060.7881640625,2954.956218556605,3011.2519725873162,0.01092764939785736,3,1,0
2023-03-21,3143.300048828125,3156.75,3097.449951171875,3106.10009765625,2818.372314453125,1815297,-0.011834477556530554,-0.01190506242880818,2998.86572265625,3060.1698388671875,2933.9433102329926,2996.964590503302,0.011024396919926092,3,1,1
2023-03-22,3130.050048828125,3143.5,3106.10009765625,3130.800048828125,2840.7841796875,1123939,0.007952059818159274,0.007920608813971212,2984.33876953125,3058.076298828125,2919.6111363029167,2985.395671183613,0.01114848570517446,3,1,2
2023-03-23,3114.89990234375,3146.35009765625,3101.0,3124.64990234375,2835.203857421875,1372218,-0.001964359807945293,-0.0019662916930323518,2971.7762817382813,3056.4664697265625,2906.625401090449,2974.270351645707,0.010677867949601984,3,1,3
2023-03-24,3148.89990234375,3170.0,3106.0,3120.5,2831.4384765625,1329577,-0.0013280811711362528,-0.0013289638525364022,2958.4697387695314,3054.030751953125,2895.058181932303,2963.690212750654,0.010529591171860014,3,1,4
2023-03-27,3135.0,3152.75,3106.0,3122.300048828125,2833.071533203125,1524217,0.000576758652586884,0.0005765923912405921,2945.8505249023438,3051.5274462890625,2885.5217744355064,2954.0147550063925,0.01054907725299519,3,1,0
2023-03-28,3127.0,3149.550048828125,3110.14990234375,3115.89990234375,2827.2646484375,1303530,-0.0020496781311623025,-0.0020517815961586037,2936.0532348632814,3048.1946923828127,2876.5591396665823,2944.625858223512,0.010327853210461197,3,1,1
2023-03-29,3129.0,3150.0,3104.10009765625,3138.89990234375,2848.134033203125,1740616,0.007381475511023972,0.007354365745636919,2928.1614013671874,3044.6532470703123,2872.186046364512,2937.4783156294093,0.010403110155039742,3,1,2
2023-03-31,3189.949951171875,3213.0,3152.0,3205.89990234375,2908.927001953125,2382581,0.02134484123334235,0.021120230672875568,2920.0041381835936,3041.5228271484375,2877.8385010704524,2935.36340350524,0.011237566359291446,3,1,4
2023-04-03,3224.949951171875,3224.949951171875,3173.75,3200.0,2903.573974609375,1521830,-0.001840206832332325,-0.0018419020929979575,2914.4941528320314,3038.0748291015625,2881.797804691825,2933.0086309944354,0.010940894833967723,4,2,0
2023-04-05,3185.5,3264.35009765625,3185.5,3239.800048828125,2939.687255859375,2655065,0.012437527531861337,0.012360816891859704,2909.850732421875,3035.65578125,2890.703874102217,2933.5033439473937,0.011049695222469022,4,2,2
2023-04-06,3225.0,3257.35009765625,3215.0,3220.699951171875,2922.3564453125,1703464,-0.005895460652261986,-0.005912907485620888,2902.993298339844,3033.071591796875,2895.5735004422604,2932.6776477522167,0.011064030098525851,4,2,3
2023-04-10,3220.0,3272.0,3215.0,3263.39990234375,2961.101318359375,2203187,0.01325809283430246,0.013170973500851686,2897.2315307617187,3030.3222802734376,2905.6547031987393,2934.7831048342287,0.011327780130491648,4,2,0
2023-04-11,3264.0,3272.949951171875,3192.14990234375,3213.800048828125,2916.095703125,2348779,-0.015198944715377305,-0.015315632539942354,2891.64892578125,3026.2844970703127,2907.2610108797026,2933.3988528557675,0.011362011781779903,4,2,1
2023-04-12,3227.949951171875,3260.949951171875,3199.0,3241.64990234375,2941.365966796875,2417727,0.008665786806926201,0.008628454397865241,2887.595263671875,3022.870986328125,2912.5079271746517,2933.9890094439975,0.011482450513123852,4,2,2
2023-04-13,3210.0,3230.0,3180.0,3188.85009765625,2893.45703125,4174070,-0.016287988671823572,-0.01642209618097514,2883.371472167969,3018.83865234375,2909.577020109321,2930.986640688887,0.011784517038751972,4,2,3
2023-04-17,3134.10009765625,3163.39990234375,3070.25,3139.5,2848.677978515625,5505048,-0.015475969489351704,-0.015596972353058873,2879.9484375,3013.500615234375,2900.207936787214,2924.8897027501266,0.01156485062998896,4,2,0
2023-04-18,3154.949951171875,3156.85009765625,3110.60009765625,3130.75,2840.739013671875,2617302,-0.0027868944484510383,-0.0027907850689648374,2876.856591796875,3009.3639404296873,2891.0588716925463,2918.65631837396,0.011544161755813043,4,2,1
2023-04-19,3130.75,3140.0,3071.5,3089.60009765625,2803.40087890625,3298034,-0.013143810320456972,-0.013230954643264037,2872.528454589844,3003.5794775390623,2877.5730266485007,2910.118878413389,0.010803958613614323,4,2,2
2023-04-20,3090.0,3113.0,3078.0,3104.800048828125,2817.193115234375,2419999,0.004919823073432861,0.004907760292217056,2869.1485229492187,2997.126298828125,2868.283809507866,2903.235488548277,0.01046004342308593,4,2,3
2023-04-21,3110.0,3164.449951171875,3100.800048828125,3160.85009765625,2868.051025390625,1929184,0.018052688642900883,0.017891673805584877,2869.944787597656,2991.292841796875,2868.2479965667517,2900.6292320180805,0.010997193751148174,4,2,4
2023-04-24,3151.10009765625,3180.949951171875,3126.14990234375,3174.800048828125,2880.70849609375,1640676,0.004413265521104659,0.004403555622583069,2873.0615966796877,2986.118134765625,2870.164996493982,2899.1536219496115,0.01087697878072744,4,2,0
2023-04-25,3183.0,3191.199951171875,3147.5,3176.0,2881.797119140625,2024090,0.000377901147704085,0.00037782976104953317,2875.1122436523438,2980.736533203125,2871.9545538242346,2897.867955074872,0.010795900420961079,4,2,1
2023-04-26,3181.0,3208.39990234375,3181.0,3198.14990234375,2901.8955078125,2000029,0.006974255244542871,0.0069500476147218585,2878.446826171875,2974.893994140625,2876.560854437814,2898.1662923146964,0.01059989267718583,4,2,2
2023-04-27,3185.0,3199.199951171875,3170.64990234375,3187.949951171875,2892.640380859375,2434446,-0.0031893384610880426,-0.0031944352407865324,2881.5069213867187,2968.489794921875,2879.034627733439,2897.756965540228,0.010604972003173247,4,2,3
2023-04-28,3200.39990234375,3227.25,3196.25,3219.25,2921.040771484375,2931312,0.009818154656529687,0.00977026974861528,2885.905383300781,2962.7135009765625,2885.497111387429,2899.481691906461,0.010488219862527579,4,2,4
2023-05-02,3235.0,3235.0,3210.0,3219.39990234375,2921.176513671875,2321159,4.647048710348933e-05,4.646940738385345e-05,2890.6009765625,2957.9407470703127,2890.9862502004207,2901.0887157409365,0.009797055307121676,5,2,1
2023-05-03,3216.0,3216.0,3173.14990234375,3179.89990234375,2885.336181640625,2468285,-0.012269142882502249,-0.012345030169505035,2892.461083984375,2952.1299609375,2890.117008883529,2899.9218613631356,0.010014949656976227,5,2,2
2023-05-04,3180.14990234375,3224.449951171875,3178.0,3220.699951171875,2922.3564453125,1953253,0.012830485372011369,0.012748872045624552,2893.1325561523436,2946.6866748046873,2895.0769221802934,2901.583682396422,0.010254924992729902,5,2,3
2023-05-05,3220.0,3244.0,3210.050048828125,3230.699951171875,2931.430419921875,1710027,0.003105019794532593,0.0031002091760417303,2894.5253784179686,2940.7461572265624,2900.6697679866907,2903.794551842752,0.010257454834640323,5,2,4
2023-05-08,3245.0,3254.85009765625,3231.300048828125,3250.60009765625,2949.486572265625,928235,0.0061595022761042895,0.006140610079953384,2895.015344238281,2936.1993408203125,2908.180045568065,2907.17914594815,0.010052105708135466,5,2,0
2023-05-09,3252.60009765625,3298.0,3246.0,3283.25,2979.1123046875,1107375,0.010044369315137525,0.009994259903260881,2897.853137207031,2932.4963720703126,2919.0927008172084,2912.5075280769906,0.00986819201360048,5,2,1
2023-05-10,3290.0,3306.5,3266.050048828125,3286.800048828125,2982.333251953125,1559987,0.0010811768527680954,0.00108059280201148,2898.9147338867188,2929.516572265625,2928.8220163765805,2917.6798039196674,0.00980234296314764,5,2,2
2023-05-11,3309.0,3309.699951171875,3272.0,3282.14990234375,2978.114013671875,1719623,-0.0014147440694251001,-0.0014157457646891767,2902.0156494140624,2927.3497802734373,2936.4054005758567,2922.156412049461,0.009795830313096018,5,2,3
2023-05-12,3279.14990234375,3290.0,3260.0,3274.300048828125,2970.991455078125,1027479,-0.0023916339539225007,-0.0023944984785816675,2903.496923828125,2924.81822265625,2941.726332037744,2925.773822644177,0.009809033663362053,5,2,4
2023-05-15,3284.0,3292.0,3248.35009765625,3255.050048828125,2953.5244140625,1150390,-0.005879195978759744,-0.005896546489562921,2906.50029296875,2922.1795947265623,2943.5414215800147,2927.829422008497,0.009903784678986472,5,2,0
2023-05-16,3256.199951171875,3285.0,3250.449951171875,3258.14990234375,2956.337158203125,986306,0.0009523348197946202,0.0009518816366886689,2911.883251953125,2920.84212890625,2945.5099964451083,2929.9411061710625,0.009882491638772733,5,2,1
2023-05-17,3255.949951171875,3280.0,3198.25,3208.699951171875,2911.46826171875,1588815,-0.01517719193829925,-0.015293544284937177,2915.419714355469,2918.952080078125,2940.272806487207,2928.572747322743,0.010272928053689064,5,2,2
2023-05-18,3225.949951171875,3228.949951171875,3195.0,3199.85009765625,2903.43798828125,1369364,-0.0027581524906472588,-0.002761963201856073,2920.4215698242188,2915.57939453125,2934.6059113785986,2926.7109133196695,0.009524758908016157,5,2,3
2023-05-19,3210.0,3234.5,3203.050048828125,3222.85009765625,2924.3076171875,1152449,0.007187902407588265,0.007162192563463933,2925.777294921875,2913.7900732421876,2933.021558426122,2926.5328913839535,0.00960749848538266,5,2,4
2023-05-22,3230.0,3308.449951171875,3217.050048828125,3298.699951171875,2993.13134765625,1333243,0.02353505153296509,0.023262372267500785,2932.0313110351562,2913.0015869140625,2942.2692183076797,2931.4661103670865,0.010281657455683785,5,2,0
2023-05-23,3306.0,3327.949951171875,3290.10009765625,3297.050048828125,2991.634033203125,1687418,-0.0005002501658664116,-0.0005003753327255383,2937.577587890625,2911.6441650390625,2949.863805214671,2935.9229935401263,0.010210123963927573,5,2,1
2023-05-24,3276.0,3317.199951171875,3276.0,3303.35009765625,2997.350341796875,1016555,0.0019107646624909602,0.0019089414737801932,2943.3552490234374,2910.0644384765624,2957.1694262273177,2940.473167485071,0.009940526409711182,5,2,2
2023-05-25,3294.0,3306.0,3267.10009765625,3293.5,2988.412841796875,1374917,-0.00298180025049799,-0.0029862546738691842,2947.681115722656,2909.2777392578123,2961.976105545711,2944.0242544711305,0.009518471263325232,5,2,3
2023-05-26,3293.5,3338.64990234375,3291.0,3328.89990234375,3020.533447265625,1791115,0.010748382893923214,0.010691029630387625,2954.0757690429687,2909.2396240234375,2970.984927348775,2949.6916020855374,0.009584722361914263,5,2,4
2023-05-29,3360.800048828125,3372.0,3312.0,3320.35009765625,3012.77587890625,1210372,-0.002568277588979373,-0.0025715812715947006,2958.6625244140623,2909.936484375,2977.4143045114633,2954.364511479664,0.009047086271202006,5,2,0
2023-05-30,3315.0,3326.949951171875,3301.35009765625,3316.199951171875,3009.01025390625,1344224,-0.0012498855379070584,-0.0012506672963095678,2963.0542114257814,2911.773916015625,2982.275219802969,2958.412344252004,0.008488288351327176,5,2,1
2023-05-31,3309.0,3327.699951171875,3265.14990234375,3289.5,2984.782958984375,5815424,-0.008051582705782878,-0.008084171744588928,2968.0265502929688,2913.418056640625,2982.6610258308774,2960.3657231210686,0.008640758781982567,5,2,2
2023-06-01,3314.0,3340.0,3297.5,3324.0,3016.08740234375,1177314,0.010488013295957277,0.010433395639730302,2972.713098144531,2915.9405322265625,2987.803545294396,2964.4932549153414,0.008313162350753127,6,2,3
2023-06-02,3326.25,3335.89990234375,3297.449951171875,3305.60009765625,2999.391845703125,2030661,-0.005535501599738479,-0.0055508792636964075,2976.1111694335937,2918.2325341796877,2989.586360741893,2967.0783357144364,0.00842548212957846,6,2,4
2023-06-05,3315.0,3327.0,3285.050048828125,3288.89990234375,2984.238525390625,1861468,-0.005052130929210974,-0.005064936089779248,2977.848767089844,2920.8747900390626,2988.7636168416975,2968.349460875636,0.007962656745213365,6,2,0
2023-06-06,3280.0,3288.85009765625,3220.60009765625,3232.300048828125,2932.882080078125,2022849,-0.01720922938148106,-0.01735902928425571,2975.537255859375,2923.1649853515623,2980.1664573396097,2965.7222474832274,0.008627167336771789,6,2,1
2023-06-07,3253.0,3278.85009765625,3241.0,3274.89990234375,2971.53564453125,1567196,0.013179378985497925,0.013093286574964518,2974.9973754882812,2925.7800146484374,2978.8386399844776,2966.1528694867843,0.008925478478761835,6,2,2
2023-06-08,3261.0,3270.0,3233.0,3236.449951171875,2936.64697265625,1759366,-0.011740956881741704,-0.01181042620895117,2972.9240234375,2927.808876953125,2972.347614241673,2963.967247499337,0.009149171851507001,6,2,3
2023-06-09,3245.0,3250.0,3205.35009765625,3209.300048828125,2912.0126953125,1775689,-0.008388572944969197,-0.008423955032084426,2969.9750854492186,2929.420361328125,2963.0653190218004,2960.118762152164,0.009268699888409384,6,2,4
2023-06-12,3215.0,3254.39990234375,3211.0,3246.89990234375,2946.1298828125,2324605,0.011716016058212597,0.011647914941816112,2969.605358886719,2931.6815283203123,2960.4598672972925,2959.082548867744,0.009342343400470023,6,2,0
2023-06-13,3260.0,3265.0,3239.0,3243.699951171875,2943.225830078125,1371928,-0.000985717823004717,-0.0009862039623083846,2968.9497924804687,2934.000751953125,2957.808476955882,2957.9079771055503,0.009345313225459943,6,2,1
2023-06-14,3243.699951171875,3255.85009765625,3225.85009765625,3251.050048828125,2949.89501953125,1658544,0.0022659455434814735,0.0022633821604723416,2970.871130371094,2936.0359716796875,2956.591021967477,2957.314424692639,0.009043495819654024,6,2,2
2023-06-15,3245.300048828125,3247.449951171875,3210.0,3216.300048828125,2940.068603515625,2273810,-0.0033311070226446082,-0.003336667511465592,2972.7026611328124,2936.6588037109377,2954.0491114364227,2956.0369564573048,0.008778212456598652,6,2,3
2023-06-16,3197.0,3199.39990234375,3156.0,3174.89990234375,2902.2236328125,4156189,-0.012872138649374198,-0.012955702497578023,2971.5984619140627,2936.631796875,2946.075960878896,2952.050784335467,0.009077861372002363,6,2,4
2023-06-19,3190.0,3214.89990234375,3175.0,3210.39990234375,2934.675048828125,1468186,0.011181569762140242,0.011119518138880045,2968.675646972656,2936.531552734375,2944.321974409547,2950.7636928164047,0.00924572500012145,6,2,0
2023-06-20,3214.0,3232.5,3201.050048828125,3227.699951171875,2950.4892578125,1528452,0.005388742781143652,0.005374275457281732,2966.618408203125,2937.094208984375,2945.2707872407705,2950.743364297597,0.009107154531205882,6,2,1
2023-06-21,3250.0,3261.39990234375,3223.949951171875,3258.199951171875,2978.3701171875,1645987,0.009449571558742376,0.009405203643615254,2965.669396972656,2937.4395849609373,2950.3629918479596,2952.78979043759,0.00927691707729252,6,2,2
2023-06-22,3260.0,3267.64990234375,3230.10009765625,3238.5,2960.361328125,1529603,-0.006046524895806371,-0.006064879151172883,2964.2668212890626,2938.3248974609373,2951.9011974290424,2953.350645081102,0.009339556794829293,6,2,3
2023-06-23,3237.300048828125,3249.39990234375,3209.14990234375,3216.35009765625,2940.114013671875,1119505,-0.006839474040133187,-0.00686297043933377,2960.245849609375,2938.2998583984377,2950.0877845433242,2952.3701538656032,0.009411278832836541,6,2,4
2023-06-26,3205.0,3213.89990234375,3173.0,3189.64990234375,2915.70751953125,1978803,-0.00830120669713208,-0.008335853587341341,2955.392431640625,2938.7448681640626,2944.798513003005,2949.6544031741696,0.009470940616125165,6,2,0
2023-06-27,3202.0,3209.64990234375,3182.300048828125,3197.35009765625,2922.74609375,863542,0.0024140192977524233,0.002411110233917689,2951.0792236328125,2940.22623046875,2941.405833117927,2947.6611950686756,0.009481817638918342,6,2,1
2023-06-28,3208.0,3230.949951171875,3193.39990234375,3215.449951171875,2939.291748046875,1575872,0.005660996120140593,0.005645032898426789,2948.8046630859376,2942.19728515625,2941.0805892608423,2947.0412360300234,0.009113331190377489,6,2,2
2023-06-30,3220.0,3310.0,3214.10009765625,3302.25,3018.63671875,2672406,0.026994588324159574,0.026636661530551047,2948.93212890625,2946.502001953125,2953.012301489943,2952.344605120392,0.010303787629881751,6,2,4
2023-07-03,3314.300048828125,3318.800048828125,3268.75,3272.300048828125,2991.258544921875,1687264,-0.009069714702026888,-0.009111094959193449,2948.5254638671877,2949.983310546875,2958.896338941009,2955.227119179761,0.010413048749617992,7,3,0
2023-07-04,3290.0,3315.0,3277.300048828125,3308.85009765625,3024.669921875,1656681,0.011169672046519086,0.011107751918081868,2950.5470336914063,2953.1156884765624,2969.0153517000845,2960.3710304905194,0.00970289502741737,7,3,1
2023-07-05,3320.0,3329.0,3305.0,3319.949951171875,3034.816162109375,1453008,0.0033544950346466873,0.003348881266912118,2955.6437377929688,2956.197841796875,2979.1385533015136,2965.885484684509,0.009716148074650145,7,3,2
2023-07-06,3306.550048828125,3328.449951171875,3302.0,3322.89990234375,3037.51318359375,1848238,0.000888693528803497,0.0008882988745099317,2958.9426147460936,2959.3121630859373,2988.1192656541657,2971.1912401592676,0.009712906551695613,7,3,3
2023-07-07,3302.0,3356.89990234375,3302.0,3329.25,3043.317626953125,1789326,0.001910919561016522,0.0019090960768836343,2964.2761474609374,2962.14060546875,2996.611321238621,2976.5339354773314,0.009693672763392098,7,3,4
2023-07-10,3324.75,3324.75,3265.199951171875,3271.949951171875,2990.939208984375,1407431,-0.017210960007874587,-0.017360790216459213,2968.2224731445312,2964.10658203125,2995.7386885841215,2977.6009927741497,0.010027821814292095,7,3,0
2023-07-11,3295.0,3295.0,3260.800048828125,3272.39990234375,2991.3505859375,1110172,0.0001375410613124739,0.00013753160340792398,2970.483508300781,2965.5127783203125,2995.0635958692565,2978.61948115662,0.010018691907417289,7,3,1
2023-07-12,3280.949951171875,3289.14990234375,3250.10009765625,3259.89990234375,2979.92333984375,1515240,-0.003820095894968012,-0.003827411097083199,2972.3183837890624,2966.68771484375,2992.7343257114862,2978.716063281593,0.010039041249209952,7,3,2
2023-07-13,3284.0,3367.449951171875,3272.75,3340.550048828125,3053.64697265625,4585146,0.02474011053464409,0.02443902974305064,2977.5059814453125,2970.0539306640626,3002.1055021645266,2984.2665010130495,0.010910507208023367,7,3,3
2023-07-14,3365.0,3524.85009765625,3352.0,3514.64990234375,3212.794677734375,6306101,0.05211725733302064,0.050804569447339666,2991.14228515625,2975.8626953125,3034.519221482965,3001.194514103518,0.01430273970111084,7,3,4
2023-07-17,3510.0,3549.89990234375,3477.050048828125,3491.699951171875,3191.815185546875,2743228,-0.006529982240351062,-0.006551395845593329,3005.621862792969,2981.070390625,3058.7186005697204,3015.314563840063,0.01432243860740227,7,3,0
2023-07-18,3476.0,3524.0,3465.0,3496.85009765625,3196.52294921875,2600090,0.0014749487041707532,0.0014738620357197037,3018.7142578125,2986.0111181640623,3079.9192695926477,3028.7374072014472,0.014258340341204014,7,3,1
2023-07-19,3500.0,3516.85009765625,3445.64990234375,3470.050048828125,3172.025146484375,2405370,-0.007663890772429016,-0.007693409297867977,3029.791052246094,2989.869375,3094.0894044990673,3039.3513138149974,0.013908100335628452,7,3,2
2023-07-20,3453.10009765625,3478.89990234375,3436.050048828125,3463.300048828125,3174.087158203125,1715404,0.0006500615926816611,0.000649850394167593,3039.576904296875,2993.704453125,3106.396751222768,3049.3317467326365,0.013770255772751466,7,3,3
2023-07-21,3404.050048828125,3434.89990234375,3359.050048828125,3368.300048828125,3087.020263671875,3770223,-0.027430530477474124,-0.027813772084494447,3045.9098510742188,2995.882578125,3103.415753138015,3052.1234887281357,0.014594791963359437,7,3,4
2023-07-24,3381.0,3413.449951171875,3372.10009765625,3394.75,3111.26171875,1680132,0.007852703580666143,0.007822031571395334,3054.467236328125,2998.6879833984376,3104.622824770628,3056.5040983593854,0.014506029208746376,7,3,0
2023-07-25,3397.5,3406.800048828125,3380.199951171875,3399.14990234375,3115.2939453125,1272980,0.0012960100843333322,0.0012951709881704662,3064.4465576171874,3001.9233740234376,3106.2645356232238,3060.8589018373937,0.014397358682288898,7,3,1
2023-07-26,3400.35009765625,3420.85009765625,3385.0,3388.300048828125,3105.35009765625,1066803,-0.003191945232395188,-0.0031970503559896808,3073.5767578125,3004.9036328125,3106.123852859074,3064.1545459721237,0.01441855133063773,7,3,2
2023-07-27,3394.949951171875,3411.64990234375,3385.050048828125,3396.89990234375,3113.232177734375,1701769,0.0025382259102038063,0.0025350100553794153,3082.273779296875,3008.9389111328123,3107.217441301428,3067.789926102661,0.01441888312479293,7,3,3
2023-07-28,3385.0,3393.699951171875,3331.0,3355.39990234375,3075.197509765625,2599831,-0.012217099720596258,-0.01229234193919212,3085.1018188476564,3012.3741015625,3102.2912979882276,3068.338636003621,0.014619856265764753,7,3,4
2023-07-31,3364.39990234375,3426.64990234375,3360.89990234375,3421.449951171875,3135.73193359375,2743678,0.01968472712269409,0.01949348846151142,3092.32548828125,3016.602587890625,3107.436011158308,3073.3307321214083,0.014716506065514839,7,3,0
2023-08-01,3415.0,3460.0,3415.0,3452.050048828125,3163.77685546875,1956167,0.008943660513371254,0.00890390285848879,3099.2808349609377,3020.015498046875,3116.1038333599145,3080.0304449619525,0.014677578669516148,8,3,1
2023-08-02,3434.949951171875,3446.39990234375,3413.60009765625,3440.64990234375,3153.32861328125,1914899,-0.0033024586324537086,-0.0033079237845729625,3105.2064575195313,3023.2493896484375,3121.8307225785816,3085.45993891153,0.014706616366435677,8,3,2
2023-08-03,3420.0,3433.25,3368.0,3399.949951171875,3116.02734375,2026351,-0.011829172948909839,-0.011899694306502395,3109.1321655273437,3025.6229296875,3120.9378950664923,3087.724191121787,0.014863290710077614,8,3,3
2023-08-04,3401.25,3471.0,3401.25,3443.550048828125,3155.98681640625,2248493,0.012823851734292013,0.012742322421043633,3114.765625,3028.9744091796874,3126.3300368110704,3092.7806818835993,0.0149271428665224,8,3,4
2023-08-07,3453.949951171875,3488.0,3441.25,3484.050048828125,3193.104736328125,1853889,0.011761113743859575,0.011692489387447583,3124.8739013671875,3032.4258349609377,3136.603067506002,3100.2120933239344,0.0149232441687611,8,3,0
2023-08-08,3484.050048828125,3489.949951171875,3456.60009765625,3470.60009765625,3180.777587890625,1634225,-0.0038605524890096277,-0.0038680236565248978,3134.345251464844,3035.785869140625,3143.3991475651746,3106.1799077362816,0.014830438734678753,8,3,1
2023-08-09,3464.89990234375,3467.0,3425.050048828125,3462.5,3173.353759765625,1794589,-0.002333966434265311,-0.0023366943793715874,3144.0167724609373,3039.0727392578124,3148.007549442167,3111.155748627344,0.014862313788796327,8,3,2
2023-08-10,3450.0,3464.89990234375,3430.050048828125,3442.10009765625,3154.657958984375,1096701,-0.005891495936661939,-0.005908919265532311,3149.0673217773438,3042.4702392578124,3149.0306893717375,3114.378134579717,0.014936482000933183,8,3,3
2023-08-11,3438.10009765625,3466.64990234375,3414.0,3448.800048828125,3160.798095703125,1679974,0.001946371618914533,0.0019444798919464672,3146.467492675781,3045.364453125,3150.8410595765663,3117.816650218488,0.014200014754674363,8,3,4
2023-08-14,3440.699951171875,3455.0,3411.0,3449.85009765625,3161.760498046875,1190425,0.0003044808034584623,0.0003044344585858023,3144.9647583007813,3048.611826171875,3152.520973187383,3121.071750057628,0.014058856595435008,8,3,0
2023-08-16,3450.0,3466.0,3435.199951171875,3458.39990234375,3169.59619140625,1328445,0.0024782691048912397,0.0024752032602936855,3143.6184204101564,3052.3189794921873,3155.1479298364393,3124.6661531204886,0.013951322003236481,8,3,2
2023-08-17,3455.0,3460.800048828125,3413.199951171875,3435.75,3148.837890625,1843241,-0.006549194133161906,-0.006570734203300384,3142.4590576171877,3056.638095703125,3154.177154573141,3126.456652194897,0.014026667103638792,8,3,3
2023-08-18,3410.0,3410.0,3356.5,3367.10009765625,3085.920654296875,2526749,-0.019981097317028573,-0.020183419051527585,3138.050732421875,3058.9257958984376,3143.6761545306385,3123.453985683932,0.014556513391939035,8,3,4
2023-08-21,3375.0,3409.75,3372.0,3401.64990234375,3117.58544921875,1375579,0.010261052849101837,0.010208765623453466,3139.578991699219,3062.5445654296873,3139.6621998672713,3123.0192792791036,0.014661339851226201,8,3,0
2023-08-22,3400.0,3411.0,3365.050048828125,3382.14990234375,3099.7138671875,1222012,-0.005732507519795038,-0.0057490014054473945,3139.001599121094,3066.2985888671874,3133.516302531922,3121.292952457503,0.01431797963322117,8,3,1
2023-08-23,3388.0,3402.0,3376.0,3398.25,3114.46923828125,1330046,0.004760236501163861,0.004748942402927534,3138.9603637695313,3069.6653759765627,3130.5859849548956,3120.7874921481507,0.014330027583750217,8,3,2
2023-08-24,3408.0,3413.050048828125,3378.10009765625,3387.75,3104.84619140625,1152881,-0.0030897870997469434,-0.0030945703472599114,3138.935168457031,3072.897783203125,3126.6260167166424,3119.606655056158,0.014321395599307486,8,3,3
2023-08-25,3375.0,3385.800048828125,3350.25,3381.300048828125,3098.934814453125,1158046,-0.0019039194178077645,-0.0019057341761841593,3138.2203002929687,3075.8785791015625,3122.3658317530244,3118.0754076040816,0.013638264113001187,8,3,4
2023-08-28,3394.0,3394.0,3360.10009765625,3375.550048828125,3093.66455078125,1037485,-0.0017006694194712235,-0.0017021171994046017,3139.14365234375,3078.950498046875,3117.950250065059,3116.2671959875756,0.009553081509097143,8,3,0
2023-08-29,3381.050048828125,3389.550048828125,3365.0,3376.14990234375,3094.21484375,944517,0.00017787738771191108,0.0001778615694051664,3137.0677978515623,3082.790322265625,3114.2986490935114,3114.6336884144216,0.009502745606173639,8,3,1
2023-08-30,3398.0,3408.10009765625,3383.050048828125,3390.949951171875,3107.77880859375,1188200,0.004383653213721583,0.004374072993344599,3134.2678955078127,3086.2523974609376,3113.295596708933,3114.1259195388166,0.009543522798175353,8,3,2
2023-08-31,3401.0,3417.39990234375,3343.64990234375,3356.800048828125,3076.48095703125,3417652,-0.010070810533862273,-0.010121864203372941,3130.4255126953126,3088.7722314453126,3107.631805989289,3111.3374037975154,0.009612269385580324,8,3,3
2023-09-01,3366.0,3389.0,3356.800048828125,3379.199951171875,3097.010009765625,1277950,0.0066729009609034495,0.0066507357070119694,3129.474645996094,3091.145029296875,3105.997683493341,3110.276115350709,0.009709763116638324,9,3,4
2023-09-04,3378.0,3432.85009765625,3370.050048828125,3418.5,3133.0283203125,1828332,0.011630027165976387,0.011562918218120785,3128.3267211914062,3094.598369140625,3110.1562430039808,3111.961463866397,0.008563123224948945,9,3,0
2023-09-05,3420.0,3447.0,3405.14990234375,3429.35009765625,3142.97265625,1501842,0.003174033210305627,0.003169006600504585,3125.8201171875,3098.6555419921874,3115.204921964907,3114.2585892281454,0.008467202923823098,9,3,1
2023-09-06,3434.0,3443.89990234375,3398.10009765625,3429.89990234375,3143.47607421875,1314818,0.0001601725575781643,0.00016015973132365476,3123.955041503906,3103.2109130859376,3119.55433000396,3116.4228473755975,0.00846547136829605,9,3,2
2023-09-07,3430.800048828125,3460.0,3422.300048828125,3455.25,3166.709228515625,1885092,0.0073909117640251765,0.007363732811674623,3123.6228149414064,3108.09017578125,3126.8089297749852,3120.147764497081,0.00853366177713596,9,3,3
2023-09-08,3455.25,3465.0,3435.050048828125,3441.89990234375,3154.47412109375,1518917,-0.003863666203294036,-0.00387114944293823,3123.613623046875,3112.3938232421874,3131.0651130547953,3122.690457578316,0.008565772988234844,9,3,4
2023-09-11,3462.0,3485.699951171875,3445.0,3480.64990234375,3189.98828125,1783604,0.011258345699769468,0.011195442211658812,3125.073132324219,3115.8208544921877,3140.1302158540575,3127.6754815539966,0.008437720909034075,9,3,0
2023-09-12,3492.0,3589.89990234375,3483.0,3580.800048828125,3281.774658203125,4476016,0.02877326462063312,0.028367087208490002,3131.073840332031,3121.6311767578127,3161.921668523145,3139.090235379858,0.00924657217046294,9,3,1
2023-09-13,3571.10009765625,3588.85009765625,3545.0,3567.85009765625,3269.90625,1754929,-0.0036164604335214845,-0.0036230156357469658,3136.0893432617186,3126.5359033203126,3178.534681058046,3148.7803105369053,0.009184854394265737,9,3,2
2023-09-14,3570.050048828125,3597.699951171875,3545.60009765625,3560.050048828125,3262.75830078125,2604721,-0.0021859798637193784,-0.002188372605327604,3141.785363769531,3131.09474609375,3191.492161015462,3157.223124629079,0.009168476383717773,9,3,3
2023-09-15,3567.85009765625,3607.35009765625,3562.449951171875,3598.300048828125,3297.813720703125,2952897,0.010744105658540892,0.01068679787053044,3152.380017089844,3136.3007568359376,3207.849324044333,3167.6372428567856,0.00898868175070885,9,3,4
2023-09-18,3580.050048828125,3619.300048828125,3575.25,3606.14990234375,3305.00830078125,1395753,0.0021816211246130646,0.0021792448447147407,3161.7511596679688,3141.5345703125,3222.796858926936,3177.8128767771163,0.00875080734976849,9,3,0
2023-09-20,3580.0,3625.0,3580.0,3606.050048828125,3304.916748046875,1649396,-2.770121162887218e-05,-2.7701595314520754e-05,3172.0113037109377,3147.81412109375,3235.430688022311,3187.227978352654,0.008539812875183664,9,3,2
2023-09-21,3588.550048828125,3605.0,3528.0,3585.300048828125,3285.89892578125,2004073,-0.005754402823267557,-0.00577102319005348,3180.5827880859374,3153.705087890625,3243.195032292917,3194.5369374214392,0.008585260492219369,9,3,3
2023-09-22,3584.0,3633.75,3565.050048828125,3603.64990234375,3302.716796875,1989083,0.005118194890839867,0.005105141452451974,3190.476318359375,3160.16095703125,3252.3522268440065,3202.5502603439254,0.008589690910897669,9,3,4
2023-09-25,3602.5,3620.0,3558.64990234375,3577.14990234375,3278.4296875,1238778,-0.0073536760396714085,-0.007380847604528524,3199.451062011719,3164.656611328125,3256.364143868005,3208.170958651783,0.008636326161333438,9,3,0
2023-09-26,3567.60009765625,3594.949951171875,3536.0,3585.699951171875,3286.265869140625,1726062,0.00239022409737899,0.002387372055536489,3209.0811279296877,3166.12603515625,3260.964409294562,3213.9557668361417,0.008637817120216362,9,3,1
2023-09-27,3590.0,3614.0,3555.699951171875,3589.300048828125,3289.565185546875,1541134,0.001003971235934431,0.001003467593879709,3218.8486450195314,3168.08103515625,3265.3645287179947,3219.556464518418,0.00863588525526694,9,3,2
2023-09-28,3600.0,3602.800048828125,3527.35009765625,3536.75,3241.403564453125,1755753,-0.014640725560130075,-0.01474895868932919,3225.5298828125,3168.9786474609373,3261.6782265233996,3221.1747682172854,0.009111758026265342,9,3,3
2023-09-29,3537.199951171875,3568.449951171875,3505.550048828125,3528.60009765625,3233.93408203125,2243791,-0.002304397546726067,-0.0023070567567896457,3233.4025390625,3170.216826171875,3257.4098966015304,3222.1199025738756,0.009026467368258259,9,3,4
2023-10-03,3534.199951171875,3534.199951171875,3480.10009765625,3513.85009765625,3220.41552734375,1948148,-0.004180219616291336,-0.004188981159619717,3239.5728149414062,3171.1433935546875,3251.718455177256,3221.993652556829,0.008186199486190718,10,4,1
2023-10-04,3486.300048828125,3548.0,3477.300048828125,3537.75,3242.31982421875,1788138,0.0068016989388530735,0.006778671741697198,3245.037390136719,3174.249384765625,3250.2725119528704,3223.4992949021566,0.008081577655819384,10,4,2
2023-10-05,3554.0,3624.0,3551.199951171875,3589.35009765625,3289.611328125,2990768,0.014585699890862891,0.01448035171923504,3252.3693237304688,3177.816376953125,3256.3246375178132,3228.396482548293,0.008316409274090596,10,4,3
2023-10-06,3591.0,3634.949951171875,3575.050048828125,3621.39990234375,3318.984375,2075691,0.008929032625791145,0.008889404532969939,3261.144738769531,3181.890185546875,3265.9645971304576,3235.106696803975,0.008398250083091736,10,4,4
2023-10-09,3645.050048828125,3679.0,3631.0,3638.35009765625,3334.51953125,4233074,0.0046806958077347804,0.004669775414546115,3269.53525390625,3186.47357421875,3276.511510071926,3242.4706104666434,0.008350570776005602,10,4,0
2023-10-10,3640.050048828125,3648.0,3601.35009765625,3628.89990234375,3325.858154296875,1848148,-0.0025974887452160367,-0.0026008680722178,3278.104455566406,3190.72609375,3284.1033014911486,3248.647465565179,0.008363890069904706,10,4,1
2023-10-11,3650.0,3650.0,3605.0,3609.89990234375,3308.44482421875,2426417,-0.005235740452618987,-0.005249494972733541,3284.0272827148438,3195.3910400390623,3287.8481511415484,3253.0768995395174,0.008448017589700905,10,4,2
2023-10-12,3575.0,3588.64990234375,3538.10009765625,3542.550048828125,3246.7197265625,4241281,-0.018656831513224836,-0.01883306561653724,3282.2745361328125,3197.6107958984376,3281.5207012063106,3252.605997837516,0.00926913420541931,10,4,3
2023-10-13,3530.0,3577.0,3525.0,3570.85009765625,3272.65576171875,2890357,0.007988381301921033,0.00795664309655697,3282.41201171875,3199.7883740234374,3280.156864362071,3254.091165532422,0.009329013006526896,10,4,4
2023-10-16,3566.0,3574.64990234375,3519.10009765625,3524.050048828125,3229.76416015625,1671104,-0.013106053519045924,-0.013192695695767165,3280.7623046875,3201.3170849609373,3272.4041406380984,3252.289165134187,0.009477101078538022,10,4,0
2023-10-17,3530.0,3534.14990234375,3503.35009765625,3507.050048828125,3214.18408203125,1672065,-0.0048239058186361206,-0.004835578405745958,3276.5808227539064,3203.2802197265623,3263.4472085447374,3249.4665663858214,0.0095000480196952,10,4,1
2023-10-18,3511.0,3522.699951171875,3484.0,3487.25,3196.036865234375,1408245,-0.005645979301038273,-0.005661978089810986,3271.1322509765623,3204.081220703125,3253.0763864969895,3245.5088107449733,0.009373930497642468,10,4,2
2023-10-19,3469.5,3476.85009765625,3451.89990234375,3455.64990234375,3175.270751953125,1514545,-0.006497457368886517,-0.006518657727195705,3264.649951171875,3203.724541015625,3241.1062888748565,3240.3059915752065,0.009452115063220575,10,4,3
2023-10-20,3450.39990234375,3499.5,3444.050048828125,3494.550048828125,3211.01513671875,1481211,0.011257113977961808,0.011194224201876227,3260.90576171875,3204.3292919921873,3236.47688085084,3238.1362986228764,0.00965795169541288,10,4,4
2023-10-23,3473.0,3478.949951171875,3401.300048828125,3410.14990234375,3133.46240234375,1106272,-0.024152092429638672,-0.024448537119592384,3252.4430419921873,3203.53146484375,3220.628499542057,3230.3826766762745,0.01058314984235676,10,4,0
2023-10-25,3390.5,3425.0,3377.199951171875,3390.10009765625,3115.03955078125,1518537,-0.005879391292111902,-0.005896742958010774,3244.27353515625,3202.7390966796875,3204.3840458865484,3221.8387414247914,0.0106129273127722,10,4,2
2023-10-26,3368.050048828125,3373.699951171875,3330.0,3336.75,3066.01806640625,1984471,-0.015737034338040856,-0.015862176106158418,3233.2611450195313,3200.84349609375,3183.0969721203483,3210.296469201196,0.01073714960909182,10,4,3
2023-10-27,3350.0,3362.0,3337.0,3350.949951171875,3079.06591796875,1108851,0.0042556342721729035,0.004246604669370657,3222.736181640625,3199.1896044921873,3167.092194558564,3200.575687628422,0.009194192000589595,10,4,4
2023-10-30,3350.0,3382.85009765625,3333.75,3378.550048828125,3104.426513671875,910972,0.008236457542245557,0.008202723034465679,3215.8873291015625,3197.8862109375,3157.4513205759968,3193.4535265946038,0.009378798744765058,10,4,0
2023-10-31,3399.0,3399.0,3350.050048828125,3368.75,3095.421630859375,999811,-0.0029006590340736604,-0.002904874098439312,3208.961706542969,3196.8178857421876,3147.908291388824,3186.191904688291,0.009381017611900617,10,4,1
2023-11-01,3355.0,3371.60009765625,3311.0,3330.64990234375,3060.412841796875,1563475,-0.011309861220030526,-0.011374304054177109,3200.961572265625,3196.3077294921877,3134.447452990063,3176.874937066704,0.009234325940745833,11,4,2
2023-11-02,3343.199951171875,3375.949951171875,3343.199951171875,3360.10009765625,3087.473388671875,1245384,0.008842123031712168,0.008803260379418094,3193.2192504882814,3195.70548828125,3127.220673864188,3170.252600148569,0.009427465972471438,11,4,3
2023-11-03,3382.0,3387.89990234375,3344.300048828125,3350.89990234375,3079.019775390625,1402598,-0.0027380359980645474,-0.002741791274916359,3182.6896728515626,3195.2916064453125,3119.805151022101,3163.494613129462,0.009418677298682527,11,4,4
2023-11-06,3375.0,3392.300048828125,3359.0,3380.25,3105.988525390625,1099852,0.008758875215921114,0.008720738794713686,3172.0398803710937,3195.1219921875,3117.6795163095667,3159.234902926585,0.009606729987705115,11,4,0
2023-11-07,3378.0,3404.14990234375,3366.0,3370.449951171875,3096.98388671875,1191144,-0.002899121680026928,-0.0029033322732686345,3160.1630981445314,3194.96474609375,3114.495573295595,3154.6237165408197,0.009517869731364533,11,4,1
2023-11-08,3371.449951171875,3401.949951171875,3369.550048828125,3381.550048828125,3107.183349609375,992899,0.003293353554199907,0.0032879423428166933,3149.229357910156,3195.129716796875,3113.3706158054074,3151.1096152866385,0.009513626213209139,11,4,2
2023-11-09,3390.10009765625,3391.5,3342.050048828125,3347.449951171875,3075.849853515625,2112352,-0.01008421215236277,-0.010135402251709317,3137.599609375,3194.7734228515624,3107.5981908377485,3145.534818118415,0.009598986169616288,11,4,3
2023-11-10,3338.0,3347.449951171875,3322.35009765625,3333.449951171875,3062.98583984375,1338557,-0.004182263206759518,-0.004191033330710648,3128.4129150390627,3194.1488427734375,3100.734752223287,3139.4200789869583,0.009586759817342347,11,4,4
2023-11-13,3356.0,3356.0,3327.0,3331.550048828125,3061.239990234375,1030990,-0.0005699829188450245,-0.0005701454208607614,3117.8421264648437,3193.21806640625,3094.6586349942236,3133.6289613015815,0.009303793993267756,11,4,0
2023-11-15,3383.10009765625,3413.0,3356.050048828125,3404.300048828125,3128.08740234375,2059802,0.02183671071938953,0.021601704769075265,3112.7582885742186,3194.2501953125,3099.8015222787662,3133.218475452853,0.010259196721139917,11,4,2
2023-11-16,3430.050048828125,3529.35009765625,3414.199951171875,3497.85009765625,3214.046875,3951984,0.02747988198534479,0.02710908762026344,3112.751428222656,3196.5909326171877,3117.3777303897255,3139.205764308197,0.011482389590639118,11,4,3
2023-11-17,3497.85009765625,3524.5,3492.550048828125,3502.449951171875,3218.2734375,2021292,0.0013150282694616156,0.0013141643770658842,3113.8632568359376,3198.2958349609376,3132.900146868229,3145.0626289890715,0.011413769391344789,11,4,4
2023-11-20,3491.25,3533.89990234375,3491.25,3519.60009765625,3234.032470703125,1475621,0.004896735317607703,0.004884785304047333,3116.8013427734377,3200.11703125,3148.4589659197513,3151.6529876345567,0.011114554726735284,11,4,0
2023-11-21,3519.60009765625,3539.050048828125,3501.0,3510.199951171875,3225.394775390625,1807236,-0.0026708746404831007,-0.0026744477898631596,3117.5203247070312,3201.7554052734376,3160.295244299886,3157.1153422831544,0.010975830734749961,11,4,1
2023-11-22,3500.0,3532.64990234375,3481.10009765625,3530.14990234375,3243.725830078125,1798051,0.0056833522604313735,0.005667262946016304,3123.03349609375,3203.2957373046875,3173.1307190349994,3163.5309339716705,0.010994904000680662,11,4,2
2023-11-23,3530.0,3544.0,3500.0,3508.25,3223.60302734375,2729804,-0.006203607761106733,-0.006222930089279418,3128.461669921875,3204.6783154296877,3180.895689544038,3167.9807186658986,0.011034180271495149,11,4,3
2023-11-24,3494.25,3504.550048828125,3453.0,3457.10009765625,3176.603271484375,1989733,-0.014579883273686756,-0.014687214298520794,3133.990930175781,3204.410615234375,3180.235317534859,3168.619426282082,0.01128738256424999,11,4,4
2023-11-28,3457.10009765625,3481.25,3433.0,3470.14990234375,3188.593994140625,1689195,0.0037746994608636175,0.003767593160006496,3139.467333984375,3202.547001953125,3181.5212677819,3170.099023901233,0.010831239960334606,11,4,1
2023-11-29,3481.0,3518.0,3475.800048828125,3513.75,3228.65673828125,1441634,0.012564391770869765,0.012486114787101292,3145.678845214844,3201.72201171875,3188.772878627954,3174.436632373827,0.010986669439126675,11,4,2
2023-11-30,3499.449951171875,3516.64990234375,3481.0,3487.60009765625,3204.62890625,3266235,-0.0074420522152011115,-0.007469882447789662,3151.139208984375,3200.559423828125,3191.212267492884,3176.673097105395,0.0108078783699896,11,4,3
2023-12-01,3500.0,3516.949951171875,3490.050048828125,3511.64990234375,3226.726806640625,1172141,0.006895619130042663,0.006871953080868629,3159.4549072265627,3199.137685546875,3196.676042746383,3180.38077929319,0.010846867080111301,12,4,4
2023-12-04,3544.64990234375,3547.800048828125,3498.0,3512.449951171875,3227.462646484375,1625213,0.0002280452879479533,0.0002280192895737384,3166.4543701171874,3197.5867724609375,3201.4124433214583,3183.8683250110557,0.010790823119338424,12,4,0
2023-12-05,3538.0,3538.0,3502.800048828125,3531.60009765625,3245.058349609375,1377656,0.005451868867999643,0.0054370612260900885,3174.756298828125,3196.3896044921876,3208.127198134984,3188.400919425746,0.01074857164410843,12,4,1
2023-12-06,3532.60009765625,3612.85009765625,3525.14990234375,3604.10009765625,3311.676025390625,1896572,0.020528960839569788,0.020321081933746495,3185.040673828125,3196.905146484375,3224.057786943544,3197.5324087564777,0.01118464938844421,12,4,2
2023-12-07,3605.0,3630.550048828125,3591.699951171875,3614.89990234375,3321.599853515625,1967653,0.002996618041412935,0.002992137131055912,3196.2714721679686,3197.2828076171877,3239.0642587238644,3206.7225898497477,0.010119479163219026,12,4,3
2023-12-08,3633.0,3645.0,3602.050048828125,3626.699951171875,3332.442138671875,1641155,0.003264175588391316,0.0032588597320399016,3207.5344116210936,3198.363056640625,3253.4300864081733,3216.0351490217568,0.010011261066018368,12,4,4
2023-12-11,3622.89990234375,3653.0,3615.0,3642.89990234375,3347.32763671875,1102503,0.004466843662230158,0.004456896925424665,3221.10830078125,3199.5842919921874,3267.875863379031,3225.7605184807935,0.009418084995328794,12,4,0
2023-12-12,3638.949951171875,3698.39990234375,3631.0,3672.10009765625,3374.15869140625,2236866,0.008015664314773074,0.007983709523246963,3236.666943359375,3201.276162109375,3284.227067690911,3236.752975734531,0.009460665887219626,12,4,1
2023-12-13,3643.550048828125,3650.0,3563.0,3593.550048828125,3301.982421875,3850968,-0.02139089359225399,-0.02162299462397037,3248.704064941406,3202.4877392578123,3286.9586606423095,3241.5847865597507,0.010405042023446024,12,4,2
2023-12-14,3630.0,3678.0,3627.60009765625,3667.25,3369.702392578125,3290396,0.0205088828621538,0.02030140765139196,3260.784814453125,3205.20310546875,3299.6884655555123,3251.0749795981487,0.010883067884713547,12,4,3
2023-12-15,3666.699951171875,3895.949951171875,3666.699951171875,3861.0,3547.73193359375,8531230,0.05283242265184618,0.05148407770650959,3277.4690673828127,3211.74943359375,3337.848999099857,3273.049568783008,0.01388391469228957,12,4,4
2023-12-18,3858.10009765625,3929.0,3830.14990234375,3859.199951171875,3546.078125,2521612,-0.00046615940119087984,-0.000466268087262541,3293.8593017578123,3217.824599609375,3369.8842492383405,3293.273906280563,0.013899764726457141,12,4,0
2023-12-19,3845.0,3855.10009765625,3790.0,3816.199951171875,3506.567138671875,2004435,-0.011142164649326491,-0.011204703545567725,3307.48603515625,3222.1637158203125,3390.912386074269,3309.073404976216,0.014137883068760246,12,4,1
2023-12-20,3827.25,3898.800048828125,3766.550048828125,3780.050048828125,3473.3505859375,2586083,-0.009472669828006208,-0.009517820925359204,3319.883825683594,3225.2510400390624,3403.5951860532277,3321.2420850474223,0.014336227252951134,12,4,2
2023-12-21,3756.25,3806.699951171875,3743.35009765625,3787.5,3480.19580078125,1517562,0.0019707814326213047,0.001968841990619866,3331.70732421875,3228.1645654296876,3415.379896011385,3333.016434361039,0.014284873228876217,12,4,3
2023-12-22,3800.0,3845.949951171875,3762.0,3824.0,3513.734375,2413058,0.0096369791065265,0.009590839616734443,3346.2138916015624,3231.92208984375,3430.5113543173256,3346.4029484824437,0.014321060184284194,12,4,4
2023-12-26,3819.85009765625,3834.0,3790.14990234375,3795.550048828125,3487.592041015625,1285231,-0.0074400427563267035,-0.007467857924340129,3361.763330078125,3235.5050341796873,3439.292998424756,3356.861399781198,0.014237982002572114,12,4,1
2023-12-27,3799.0,3818.199951171875,3768.0,3811.199951171875,3501.972900390625,1293976,0.004123435082393545,0.004114957021785112,3377.432275390625,3240.61009765625,3448.936060265659,3367.6103998263407,0.014147967583890978,12,4,2
2023-12-28,3824.0,3838.0,3792.10009765625,3799.89990234375,3491.58935546875,1682889,-0.0029650557606304417,-0.0029694602469819984,3390.57890625,3244.98876953125,3455.498105681519,3376.794026170223,0.014184680771644953,12,4,3
2023-12-29,3792.0,3822.60009765625,3765.39990234375,3793.39990234375,3485.616455078125,1574996,-0.0017106537403288602,-0.0017121185792316387,3404.628283691406,3250.1058154296875,3460.1316978963814,3384.854946830067,0.013838979667469962,12,4,4
2024-01-01,3790.0,3832.0,3773.0,3811.10009765625,3501.881103515625,825907,0.004666218629363117,0.0046553655799198524,3418.3859985351564,3255.859755859375,3466.554683376265,3393.523551028997,0.013094265711939529,1,1,0
2024-01-02,3811.10009765625,3811.10009765625,3767.25,3783.199951171875,3476.244140625,1344068,-0.007320911856455448,-0.007347841243939794,3430.8250732421875,3261.4639013671876,3468.0453691068396,3399.6510021101826,0.01322559238028825,1,1,1
2024-01-03,3767.0,3771.85009765625,3687.050048828125,3691.75,3392.21435546875,1803075,-0.024172578724905747,-0.02446953066802233,3438.1828735351564,3265.8027734375,3456.379059316364,3399.1001393960023,0.014092302772176591,1,1,2
2024-01-04,3701.75,3719.0,3651.0,3666.800048828125,3369.288818359375,3598144,-0.006758280788599191,-0.0067812213859619426,3441.063513183594,3268.9682470703124,3442.9805607075964,3396.891893393289,0.01415551258463597,1,1,3
2024-01-05,3675.0,3747.75,3674.85009765625,3737.89990234375,3434.61962890625,1963127,0.01939008914607876,0.019204496634124657,3446.714501953125,3274.9913916015626,3441.694263507389,3399.6865404683235,0.014510233060669215,1,1,4
2024-01-08,3737.89990234375,3739.75,3672.39990234375,3678.300048828125,3379.85595703125,1067805,-0.015944610405793203,-0.016073093276104587,3449.0851928710936,3280.2877197265625,3432.180677895675,3398.2176083618738,0.014806299719661777,1,1,0
2024-01-09,3709.949951171875,3752.35009765625,3682.75,3689.89990234375,3390.51513671875,1370944,0.003153737858362149,0.003148775258211636,3451.2445678710938,3286.7776611328127,3425.770594637687,3397.6470549068276,0.014485122547183054,1,1,1
2024-01-10,3690.0,3729.25,3688.0,3713.050048828125,3411.786376953125,1292227,0.00627374878938336,0.006254150753504982,3453.1259521484376,3293.4320703125,3423.6191765323697,3398.694412095442,0.0145012226663268,1,1,2
2024-01-11,3724.0,3773.0,3707.0,3735.550048828125,3432.460693359375,1777909,0.006059674939177473,0.006041388943270981,3459.649865722656,3299.99275390625,3424.9794098903703,3401.1956181149926,0.014391569535164846,1,1,3
2024-01-12,3848.0,3905.25,3821.60009765625,3882.800048828125,3567.763671875,6813450,0.03941865343932105,0.03866156978418293,3469.5529296875,3309.4395947265625,3446.946219426467,3413.5339924675854,0.0157906213291019,1,1,4
2024-01-15,3960.0,3965.0,3885.0,3903.800048828125,3587.059326171875,2801505,0.005408333082424832,0.0053937605674571456,3471.5192993164064,3319.9725244140627,3468.502082002684,3426.387720890126,0.015782585754156107,1,1,0
2024-01-16,3899.0,3899.0,3855.550048828125,3861.300048828125,3548.008056640625,1432672,-0.010886708576667403,-0.010946402430226317,3471.6157958984377,3329.1832177734377,3480.733770408521,3435.396634649422,0.015994806170866068,1,1,1
2024-01-17,3819.0,3909.949951171875,3812.550048828125,3884.60009765625,3569.41748046875,3458696,0.006034209473694485,0.0060160765404237565,3474.7583129882814,3338.991171875,3494.377418110095,3445.324104710113,0.015997881885016538,1,1,2
2024-01-18,3898.0,3908.800048828125,3862.0,3902.60009765625,3585.95703125,2239110,0.004633683471253036,0.004622981008478914,3480.388635253906,3348.5905419921874,3508.466589362388,3455.7413585278823,0.015667490546428707,1,1,3
2024-01-19,3945.0,3963.550048828125,3915.050048828125,3943.050048828125,3648.36572265625,2941975,0.01740363614577256,0.017253927359028927,3488.7971313476564,3359.6181787109376,3529.9895329460587,3470.009829944798,0.01589375352151424,1,1,4
2024-01-23,3900.0,3933.89990234375,3842.75,3858.25,3569.903564453125,2618854,-0.02150611100084543,-0.021740737439749563,3491.6055908203125,3368.8725830078124,3536.130153177915,3477.4093658343036,0.016524060379224513,1,1,1
2024-01-24,3880.0,3883.64990234375,3805.60009765625,3841.800048828125,3554.682861328125,2657709,-0.004263617447977652,-0.0042727325830414185,3494.9601318359373,3378.4492431640624,3538.984415970255,3483.1333284634757,0.01656373394282147,1,1,2
2024-01-25,3839.89990234375,3861.0,3778.699951171875,3810.300048828125,3525.537353515625,2205154,-0.008199186523663693,-0.008232984725447276,3496.1383544921873,3387.7002734375,3536.915637131081,3486.2743673562272,0.016629692223849794,1,1,3
2024-01-29,3800.800048828125,3820.0,3780.85009765625,3801.0,3516.932373046875,1646747,-0.002440757140232619,-0.002443740643601561,3497.4055053710936,3396.81412109375,3533.841288810434,3488.5453307407197,0.01607717125714927,1,1,0
2024-01-30,3807.449951171875,3847.800048828125,3787.0,3800.550048828125,3516.51611328125,1411621,-0.00011835876311272475,-0.00011836576806386455,3498.95048828125,3404.5826953125,3531.1758771905597,3490.6172405585367,0.01570514842718032,1,1,1
2024-01-31,3811.199951171875,3834.0,3796.449951171875,3815.949951171875,3530.7646484375,2459358,0.00405188962519909,0.004043702827647313,3500.394665527344,3410.91705078125,3531.11261122855,3493.591122623645,0.01238599113858687,1,1,2
2024-02-01,3820.0,3904.89990234375,3805.050048828125,3854.14990234375,3566.10986328125,2363107,0.010010640289884964,0.00996086573815615,3504.8879516601564,3417.873779296875,3536.4968038520424,3498.9628811908747,0.012521858568106649,2,1,3
2024-02-02,3875.050048828125,3984.39990234375,3872.0,3966.300048828125,3669.87890625,2826510,0.029098666879900925,0.02868333843578831,3518.7711791992188,3426.5907080078123,3557.017127297882,3511.6233274915508,0.013383650602343927,2,1,4
2024-02-05,3983.0,4022.0,3962.10009765625,3973.300048828125,3676.35546875,1691523,0.0017647891566585638,0.0017632337459872174,3534.12451171875,3435.609921875,3575.376872136669,3523.82570832551,0.013219178564860184,2,1,0
2024-02-06,3997.0,4149.89990234375,3990.0,4136.0,3826.89599609375,4474396,0.040948305631320014,0.04013213002452092,3553.738330078125,3447.2733251953123,3614.07212197622,3546.2753592713057,0.015012193838528006,2,1,1
2024-02-07,4153.0,4155.0,4073.949951171875,4083.39990234375,3778.226806640625,2124267,-0.012717667138799515,-0.012799228922489417,3573.656872558594,3458.36580078125,3639.326688847667,3563.456947965329,0.015238782941485484,2,1,2
2024-02-08,4090.0,4158.0,4086.050048828125,4134.10009765625,3825.138427734375,2345173,0.012416306244849462,0.012339856083075723,3595.388037109375,3471.33650390625,3667.9131102148526,3582.840761281555,0.01522188022440211,2,1,3
2024-02-09,4136.5498046875,4184.75,4100.0,4133.7001953125,3824.76806640625,2100596,-9.682298696422897e-05,-9.682767461221514e-05,3616.0371215820314,3484.0599853515623,3692.0446419366062,3600.761302401903,0.015232501931848302,2,1,4
2024-02-12,4130.0,4159.60009765625,4105.5498046875,4120.7001953125,3812.739501953125,1013716,-0.0031449134285486124,-0.0031498690615371873,3635.051062011719,3495.741640625,3710.613081939148,3616.4633912575487,0.015234987964638803,2,1,0
2024-02-13,4125.4501953125,4170.0,4081.5,4149.5,3839.38671875,1257415,0.006988994863988074,0.006964685041144284,3648.632214355469,3508.436796875,3730.424410679279,3632.9762303310636,0.01522407138313613,2,1,1
2024-02-14,4107.0,4114.89990234375,4049.5,4100.10009765625,3793.678955078125,1391283,-0.011904964782176508,-0.011976396368457574,3658.9631958007812,3519.77583984375,3740.1558790483323,3644.880135867883,0.015472824548196065,2,1,2
2024-02-15,4128.0,4146.2998046875,4083.0,4103.2001953125,3796.546875,1091582,0.0007559732797199903,0.0007556876758503635,3671.39013671875,3531.1575244140627,3748.8314168870506,3656.1147091369285,0.015360762329759792,2,1,3
2024-02-16,4113.25,4147.9501953125,4100.10009765625,4128.2998046875,3819.771240234375,1307556,0.006117233896756558,0.006098599576532927,3683.907824707031,3542.6517822265623,3759.745235863562,3668.2374151441463,0.014479566732098902,2,1,4
2024-02-19,4123.0498046875,4128.2998046875,4055.0,4103.7998046875,3797.102294921875,772291,-0.0059346342717395695,-0.005952314197675667,3694.465087890625,3552.3603076171876,3765.4924757186873,3677.7829617943485,0.014459103544065996,2,1,0
2024-02-20,4082.10009765625,4098.0,4010.0,4030.64990234375,3729.419189453125,1193648,-0.017824936020098048,-0.01798571362443766,3698.5177612304688,3560.5166943359377,3759.942739370139,3681.6078675468502,0.014695865248918834,2,1,1
2024-02-21,4013.0,4063.35009765625,3980.60009765625,3991.5,3693.19482421875,1885939,-0.009713138532889576,-0.009760618767862241,3704.68232421875,3567.731748046875,3749.673829346848,3682.4661606336576,0.014463226824000242,2,1,2
2024-02-22,3971.0,4094.949951171875,3971.0,4087.10009765625,3781.650390625,2982052,0.023950961326542508,0.023668636141037157,3716.0307006835938,3576.418203125,3754.5933003127175,3689.8131406330162,0.014957857426140241,2,1,3
2024-02-23,4130.0,4130.0,4046.39990234375,4052.10009765625,3749.26611328125,2538072,-0.008563530204704572,-0.008600407916018505,3727.217138671875,3583.9203515625,3753.773733077107,3694.217064532885,0.01511608642466137,2,1,4
2024-02-26,4036.0,4050.0,3982.75,4001.050048828125,3702.031494140625,1379284,-0.012598363976700111,-0.012678396258504247,3736.4720947265623,3591.9213330078123,3745.813388625341,3694.7959111704954,0.015378405175329369,2,1,0
2024-02-27,3999.0,4124.0,3999.0,4104.39990234375,3797.65771484375,2960475,0.02583074208160485,0.02550276440836063,3750.5291748046875,3600.480439453125,3753.7894388127884,3702.4153040351807,0.014428481023040616,2,1,1
2024-02-28,4095.60009765625,4154.89990234375,4089.0,4118.9501953125,3811.12060546875,1939225,0.0035450510909338373,0.0035387822086186287,3764.54697265625,3605.748212890625,3762.609618298321,3710.4675485858156,0.014418126618228937,2,1,2
2024-02-29,4099.0,4138.10009765625,4064.550048828125,4095.10009765625,3789.052734375,3772719,-0.005790389068790924,-0.005807218368482003,3775.6941162109374,3610.607705078125,3766.6777900024254,3716.2886734590884,0.014289024267260994,2,1,3
2024-03-01,4107.2001953125,4140.0,4086.800048828125,4094.35009765625,3788.359130859375,2043265,-0.00018305459550149727,-0.00018307135203890303,3781.618127441406,3616.243544921875,3770.013380903494,3721.62722585911,0.01427794610101549,3,1,4
2024-03-04,4105.0,4117.89990234375,4075.89990234375,4080.699951171875,3775.728759765625,1749271,-0.0033339951829975956,-0.0033395653289434125,3786.5867919921875,3622.2911083984377,3770.8926699592066,3725.6347468892222,0.014302963714608164,3,1,0
2024-03-05,4062.0,4064.0,3980.0,4012.10009765625,3712.255859375,2070859,-0.016810768047481495,-0.016953672832069493,3780.85478515625,3626.9323095703126,3761.871622177021,3724.643718184465,0.014381245465685038,3,1,1
2024-03-06,3994.050048828125,4072.0,3958.449951171875,4064.300048828125,3760.5546875,1744204,0.013010640956502284,0.01292672961068675,3779.9711791992186,3631.8687158203124,3761.6690168420946,3727.3037899856154,0.01391853779803309,3,1,2
2024-03-07,4065.0,4124.0,4037.699951171875,4108.60009765625,3801.544189453125,2688905,0.010899855303094785,0.010840880041149593,3778.791467285156,3638.1477587890627,3767.803658782253,3732.80307883506,0.013964931833667937,3,1,3
2024-03-11,4089.0,4153.0,4089.0,4122.35009765625,3814.266357421875,2304068,0.0033465790044071575,0.003340991671055534,3778.2663818359374,3644.3936279296877,3774.951766265272,3738.8373957674166,0.013823017161404832,3,1,0
2024-03-12,4122.35009765625,4229.9501953125,4121.0498046875,4192.25,3878.942626953125,4039801,0.016956411396231275,0.016814256163867492,3781.5765380859375,3652.140693359375,3790.9503602172495,3749.215561040432,0.014025530803703024,3,1,1
2024-03-13,4205.0,4241.0,4131.89990234375,4149.0,3838.92431640625,2837260,-0.010316809088333656,-0.010370396247500361,3781.55341796875,3659.2068505859374,3798.330968861711,3755.8606540304927,0.014234908745467798,3,1,2
2024-03-14,4153.4501953125,4225.0,4086.0,4207.60009765625,3893.145263671875,2919608,0.014123994847698107,0.014025180580324847,3786.5267333984375,3667.0321337890623,3812.91778344789,3766.0298843742985,0.014378014479704687,3,1,3
2024-03-15,4192.60009765625,4239.0,4177.0,4219.25,3903.924072265625,3373143,0.0027686633464028,0.002764837657775717,3791.8955932617187,3675.585732421875,3826.918750958311,3776.244268662545,0.01432321146030798,3,1,4
2024-03-18,4215.25,4254.75,4117.85009765625,4152.5,3842.16259765625,1526904,-0.01582035753413924,-0.01594683511100225,3793.0151611328124,3684.584697265625,3829.263958142609,3781.127107847264,0.01385395939018312,3,1,0
2024-03-19,4051.25,4058.0,3966.60009765625,3977.300048828125,3680.05615234375,8931209,-0.04219145889645226,-0.043107373694774784,3787.1628540039064,3690.8000439453126,3806.3089110966307,3773.6403704025597,0.01599704394276219,3,1,1
2024-03-20,3986.0,4018.0,3960.199951171875,3970.89990234375,3674.134765625,1817913,-0.0016090479257983015,-0.0016103438337172495,3784.3986328125,3695.5903466796876,3785.974427177918,3766.269584863481,0.014019795720927312,3,1,2
2024-03-21,3990.050048828125,4008.39990234375,3948.0,3972.949951171875,3676.03125,3829582,0.0005161716964612317,0.000516038525675141,3783.5404541015623,3701.5138525390626,3769.060092227469,3759.585263762483,0.013854120078943589,3,1,3
2024-03-22,3897.0,3938.0,3855.0,3910.89990234375,3618.61865234375,5852485,-0.015618092924604476,-0.01574134028124326,3775.3888671875,3706.0759228515626,3745.9152553222816,3749.1432925462805,0.01387596640509031,3,1,4
2024-03-26,3875.0,3946.699951171875,3871.449951171875,3877.5,3587.71484375,3440925,-0.008540222544239029,-0.008576899212021582,3767.3113037109374,3709.5944921875,3721.5767304650076,3737.185629672482,0.013926714057706567,3,1,1
2024-03-27,3888.5,3895.0,3829.39990234375,3840.89990234375,3553.85009765625,1968575,-0.009439085202867847,-0.009483915696526653,3759.902233886719,3712.0222802734374,3695.7726331098143,3723.6052198935017,0.013991253290321578,3,1,2
2024-03-28,3850.10009765625,3915.0,3840.5,3876.300048828125,3586.60498046875,4311783,0.009216731688852509,0.009174516807908081,3749.3495971679686,3712.3991064453126,3678.977609626573,3713.4570540101868,0.014047755723306668,3,1,3
2024-04-01,3897.699951171875,3933.300048828125,3888.050048828125,3916.75,3624.031982421875,1569676,0.010435217192006796,0.010381146149827863,3739.995166015625,3713.1385595703123,3670.524436210466,3706.8329746332747,0.014106014621405828,4,2,0
2024-04-02,3890.0,3909.85009765625,3873.0,3883.800048828125,3593.5439453125,2142666,-0.008412739528032676,-0.008448326350214743,3730.2197265625,3714.04927734375,3658.681283764625,3698.441194683588,0.014156320117897631,4,2,1
2024-04-03,3851.0,3981.0,3851.0,3947.300048828125,3652.29833984375,3973090,0.01634998637150109,0.016217764613576244,3723.4166870117188,3715.70689453125,3657.6992923921825,3695.0232054361923,0.014471748089624124,4,2,2
2024-04-04,3975.89990234375,4028.64990234375,3935.25,4003.300048828125,3704.11328125,3394637,0.01418694109432117,0.014087248230336346,3719.8359130859376,3718.07001953125,3664.839906062616,3695.6965443853633,0.014718123141537982,4,2,3
2024-04-05,3978.0,4002.0,3960.5,3979.25,3681.86083984375,1636819,-0.006007494835239102,-0.006025612429682792,3718.316162109375,3718.739921875,3667.4585112597138,3694.671677382281,0.014399254182313661,4,2,4
2024-04-08,3983.0,4032.64990234375,3960.0,3972.550048828125,3675.66162109375,2302538,-0.00168371891813901,-0.0016851379659120742,3714.0715087890626,3720.8550830078125,3668.720528157258,3693.2635250646117,0.014293004640281347,4,2,0
2024-04-09,3984.0,4015.85009765625,3925.050048828125,3946.550048828125,3651.6044921875,1876992,-0.006544979213590207,-0.006566491506424504,3706.5745239257812,3722.793515625,3666.087291854218,3690.177670777418,0.013593832703743897,4,2,1
2024-04-10,3956.39990234375,3990.199951171875,3918.0,3984.64990234375,3686.857177734375,2101965,0.00965402622937317,0.009607723882352454,3700.204064941406,3726.019912109375,3669.2826589127035,3689.931708329785,0.013654581841651055,4,2,2
2024-04-12,3971.0,4013.35009765625,3945.5,4001.39990234375,3702.355224609375,4354821,0.004203592959498348,0.004194782544250465,3691.3746948242188,3729.728369140625,3674.3707459429606,3690.85196879494,0.013483412960801683,4,2,4
2024-04-15,4001.39990234375,4064.199951171875,3919.050048828125,3941.199951171875,3646.654052734375,4200329,-0.01504479405562087,-0.015159115042721709,3681.761181640625,3732.3311279296877,3670.1066392954863,3687.57804908675,0.012842773878354785,4,2,0
2024-04-16,3902.0,3928.699951171875,3862.85009765625,3872.800048828125,3583.3662109375,3051420,-0.017355044070994308,-0.017507408280130494,3666.2722290039064,3733.3831591796875,3656.761958009642,3679.858653668287,0.013136033181044475,4,2,1
2024-04-18,3876.800048828125,3936.0,3850.0,3862.0,3573.373779296875,3476284,-0.002788559988684658,-0.0027924552652501024,3649.7447143554687,3733.5284375,3643.933007438447,3671.9708851963305,0.013117330739207202,4,2,3
2024-04-19,3838.0,3852.550048828125,3800.89990234375,3826.199951171875,3540.2490234375,2957749,-0.009269882722957923,-0.009313115468208726,3634.649035644531,3730.93583984375,3627.981625284455,3662.213710251232,0.01318184264239822,4,2,4
2024-04-22,3837.0,3878.0,3812.0,3864.60009765625,3575.779296875,1728883,0.010036094410952101,0.009986067255161898,3629.435192871094,3728.92431640625,3619.950497836847,3655.8111611122517,0.013365885237897081,4,2,0
2024-04-23,3877.050048828125,3895.0,3860.60009765625,3874.699951171875,3585.124267578125,1807586,0.0026134081349180605,0.002609999122014556,3624.98466796875,3724.0888818359376,3614.592616258582,3650.5750949245385,0.013077253385998664,4,2,1
2024-04-24,3890.0,3898.0,3824.449951171875,3831.050048828125,3544.736572265625,1317312,-0.011265354363792612,-0.01132928908663328,3618.4199340820314,3719.4190771484373,3603.8455325673576,3642.735204357212,0.012925644543683345,4,2,2
2024-04-25,3811.199951171875,3873.64990234375,3811.0,3852.199951171875,3564.30517578125,2856271,0.005520467633259862,0.0055052857004318665,3615.7042602539063,3714.202412109375,3597.7624007541103,3636.9255726108445,0.012778622006785856,4,2,3
2024-04-26,3855.14990234375,3876.800048828125,3802.550048828125,3821.35009765625,3535.76171875,2039178,-0.008008140611863723,-0.00804037799289521,3613.1066040039063,3708.42228515625,3588.2238342919395,3629.431953806338,0.012780936892077441,4,2,4
2024-04-29,3838.0,3877.800048828125,3819.199951171875,3870.199951171875,3580.960205078125,1110693,0.012783238782307915,0.01270222288527514,3614.462109375,3703.78669921875,3587.1063528744294,3625.8414539005444,0.012583687439481047,4,2,0
2024-04-30,3872.0,3881.75,3810.0,3820.64990234375,3535.113525390625,2203078,-0.012802901194625238,-0.012885564646743302,3611.8875366210937,3697.7012353515624,3579.107456338459,3619.1208666035136,0.012644410233714891,4,2,1
2024-05-02,3778.050048828125,3871.10009765625,3778.050048828125,3863.300048828125,3574.576416015625,2491044,0.011163118338792133,0.01110127058349823,3609.414758300781,3693.3191845703127,3578.4103732118692,3615.8212776710775,0.012519774595966376,5,2,3
2024-05-03,3890.14990234375,3893.60009765625,3797.60009765625,3843.39990234375,3556.163330078125,2962234,-0.005151123880021591,-0.005164436655484313,3607.5457275390627,3688.511513671875,3574.9877511912932,3611.40217044197,0.012482507878585888,5,2,4
2024-05-06,3853.0,3939.949951171875,3853.0,3921.050048828125,3628.010009765625,2053831,0.020203425157618193,0.020002043840416334,3606.3313110351564,3684.6762890625,3583.1450217411907,3612.632380762241,0.012934125344930273,5,2,0
2024-05-07,3930.800048828125,3988.0,3913.5,3978.949951171875,3681.583251953125,2062112,0.014766564051172715,0.014658599886398851,3605.2048095703126,3682.365908203125,3598.289364850719,3617.739852702307,0.010811113953654567,5,2,1
2024-05-08,3961.0,3984.300048828125,3938.60009765625,3976.949951171875,3679.732421875,1247685,-0.0005027266671595587,-0.0005028530765785281,3605.098388671875,3681.3721728515625,3610.8190659313773,3622.3318948632473,0.010807074316048524,5,2,2
2024-05-09,3962.0,3971.0,3910.050048828125,3960.199951171875,3664.234130859375,1726486,-0.004211798369765152,-0.004220692976163582,3604.5270141601563,3680.792958984375,3619.036768227992,3625.435764196294,0.010835340608539848,5,2,3
2024-05-10,3962.60009765625,3973.60009765625,3885.050048828125,3893.89990234375,3602.889404296875,1672489,-0.016741486589480825,-0.01688320926832344,3602.091259765625,3677.2177392578124,3616.552558392436,3623.765663463004,0.010892785781060633,5,2,4
2024-05-13,3884.5,3955.0,3870.0,3947.800048828125,3652.760986328125,931326,0.013842107385192648,0.013747180406642912,3600.3864501953126,3675.28763671875,3622.123085767157,3625.9134651567165,0.011059144183691536,5,2,0
2024-05-14,3936.0,3945.800048828125,3892.89990234375,3901.199951171875,3609.643798828125,1058317,-0.011803999128709108,-0.011874219460591775,3595.75087890625,3673.4398828125,3620.2031954688446,3624.708304687932,0.011141720445358017,5,2,1
2024-05-15,3904.5,3926.949951171875,3875.5,3880.39990234375,3590.398193359375,1115021,-0.005331718734961632,-0.0053459830721771275,3592.9380859375,3669.2946923828126,3615.6178105289264,3622.1668149598904,0.011069188222452005,5,2,2
2024-05-16,3891.10009765625,3909.5,3843.5,3900.949951171875,3635.646484375,2599399,0.012602582938938012,0.012523831349290686,3595.552099609375,3665.7852099609377,3618.699144966784,3623.1653089906395,0.011145814904586316,5,2,3
2024-05-17,3919.0,3920.0,3830.0,3834.10009765625,3573.3427734375,2765804,-0.01713690019237679,-0.017285436277648468,3595.5505493164064,3661.4710107421874,3611.7212416545863,3619.474750801518,0.011485997713215316,5,2,4
2024-05-21,3830.60009765625,3844.75,3810.050048828125,3820.199951171875,3560.38818359375,1908117,-0.003625342057875902,-0.003631929536455622,3596.557507324219,3656.911591796875,3603.823848106765,3615.097968045387,0.011069492278619874,5,2,1
2024-05-22,3835.0,3841.25,3817.550048828125,3832.0,3571.3857421875,1311168,0.0030888650412970176,0.0030841042986836315,3596.3378295898438,3652.8247314453124,3598.833370273032,3611.860025389247,0.010732013144898257,5,2,2
2024-05-23,3840.949951171875,3905.0,3825.5,3893.449951171875,3628.65625,2095742,0.0160359344934331,0.01590871712673483,3598.5144287109374,3651.1527392578123,3603.421505615642,3613.1041901752283,0.011135698576370092,5,2,3
2024-05-24,3878.25,3883.800048828125,3844.300048828125,3849.5,3587.695556640625,1309452,-0.011288116188844066,-0.011352310518276057,3600.6623779296874,3647.695556640625,3601.002128850255,3611.2220691726648,0.011309828767019164,5,2,4
2024-05-27,3855.0,3908.35009765625,3841.35009765625,3847.050048828125,3585.412109375,1841538,-0.0006364662858303616,-0.0006366689164798073,3601.717724609375,3643.3729150390627,3598.6036643156003,3609.310220298764,0.011256671020363708,5,2,0
2024-05-28,3858.0,3870.0,3830.0,3839.89990234375,3578.748291015625,1801993,-0.001858592026827477,-0.0018603213520608332,3603.867053222656,3638.6625537109376,3595.5489915002195,3607.046373685198,0.011091899098123617,5,2,1
2024-05-29,3848.89990234375,3848.89990234375,3800.0,3803.64990234375,3544.96337890625,1568095,-0.009440427032600063,-0.009485270313512852,3602.0672119140627,3631.98296875,3587.7665895626856,3602.447633331202,0.011153609314598056,5,2,2
2024-05-30,3777.0,3794.39990234375,3715.449951171875,3736.10009765625,3482.0078125,2919230,-0.017759158467152925,-0.017918744554613786,3599.4119262695312,3624.844638671875,3571.4960084761187,3593.5261651214832,0.011278533322965197,5,2,3
2024-05-31,3740.0,3749.800048828125,3653.75,3670.949951171875,3421.288818359375,10956800,-0.01743792587789461,-0.01759175746643204,3591.7475463867186,3615.407509765625,3548.3872099966197,3580.767843139105,0.011282566166968138,5,2,4
2024-06-03,3732.800048828125,3751.550048828125,3696.0,3702.85009765625,3451.01953125,2156773,0.008689916130752762,0.008652376132433493,3586.4903564453125,3606.3494189453127,3533.4075671125247,3571.156857073245,0.01143032774986817,6,2,0
2024-06-04,3700.0,3745.0,3591.5,3715.0,3462.3427734375,3395997,0.003281129557501705,0.003275758397689078,3578.206994628906,3598.7530224609377,3522.474521931752,3563.0965545817085,0.011350306282054594,6,2,1
2024-06-05,3716.0,3783.800048828125,3700.0,3746.449951171875,3491.65380859375,2799670,0.008465665323814653,0.008430032541365269,3568.7105224609377,3594.9849755859377,3517.732873725906,3557.8044993233416,0.011302704921951954,6,2,2
2024-06-06,3781.0,3839.89990234375,3741.5,3830.39990234375,3569.89453125,4328036,0.022407926714751003,0.022160557657587794,3563.2186279296875,3592.9001708984374,3525.757744114228,3558.7000572438346,0.012057288404897528,6,2,3
2024-06-07,3837.300048828125,3915.0,3837.300048828125,3893.949951171875,3629.1220703125,4552445,0.01659083722054988,0.016454712829068414,3561.463024902344,3591.9619873046877,3541.659948144731,3563.9165026563282,0.012236808539125857,6,2,4
2024-06-10,3895.0,3905.89990234375,3841.89990234375,3858.699951171875,3596.269775390625,1734661,-0.009052408347081653,-0.009093630356407428,3561.132043457031,3591.515009765625,3550.0614600287145,3566.313041377387,0.012334154428977171,6,2,0
2024-06-11,3845.0,3879.949951171875,3841.0,3852.10009765625,3590.118896484375,1419898,-0.0017103496929904427,-0.001711814010928616,3557.9999389648438,3591.5630908203125,3556.2241425603543,3568.0764380519786,0.012239856704964346,6,2,1
2024-06-12,3874.39990234375,3893.5,3827.449951171875,3831.64990234375,3571.059326171875,2177001,-0.0053088966861694065,-0.005323038953612992,3556.0707153320313,3591.907275390625,3558.5064785005884,3568.297392727526,0.012062329394778989,6,2,2
2024-06-13,3856.800048828125,3890.0,3852.0,3878.14990234375,3614.39697265625,1932323,0.012135795719426579,0.012062747356710282,3557.270654296875,3592.463115234375,3567.105016062998,3571.7121764259505,0.012010379078812283,6,2,3
2024-06-14,3889.0,3889.0,3828.0,3832.050048828125,3571.431884765625,1860730,-0.011887207801374866,-0.0119584256059135,3554.059924316406,3591.41111328125,3567.770688171094,3571.691414080741,0.012062355502923365,6,2,4
2024-06-18,3826.050048828125,3842.0,3795.050048828125,3815.10009765625,3555.63525390625,1774045,-0.004423052537207095,-0.004432863173408069,3553.1745483398436,3590.652939453125,3565.9036982841953,3570.5020688826307,0.012052277395584272,6,2,1
2024-06-19,3827.64990234375,3833.85009765625,3792.949951171875,3801.699951171875,3543.146484375,1509050,-0.003512387699927788,-0.0035185706157156113,3552.312463378906,3588.46990234375,3562.402588452011,3568.475729289473,0.011448482008399364,6,2,2
2024-06-20,3796.0,3809.949951171875,3780.050048828125,3787.25,3529.6787109375,2846526,-0.0038010772337220278,-0.003808319686363454,3550.2271118164062,3584.9812109375,3557.368145757471,3565.6018760782154,0.011077986636448947,6,2,3
2024-06-21,3827.0,3877.800048828125,3798.050048828125,3810.75,3551.580810546875,4642195,0.006205125566105085,0.006185953045514782,3546.37333984375,3582.3756103515625,3556.4777864943026,3564.563278631449,0.01116292773285602,6,2,4
2024-06-24,3808.75,3857.0,3791.300048828125,3816.800048828125,3557.219482421875,1702154,0.0015876512955175226,0.0015863923095770628,3544.8495361328123,3580.006767578125,3556.591893560083,3564.0192937270363,0.011157766790561695,6,2,0
2024-06-25,3817.0,3847.64990234375,3792.89990234375,3838.449951171875,3577.397216796875,1338808,0.005672333257677575,0.005656306154203453,3544.4487915039062,3578.5226220703125,3559.7927125195897,3565.010250991469,0.010807248785170155,6,2,1
2024-06-26,3844.5,3866.949951171875,3841.0,3855.85009765625,3593.613525390625,1639845,0.004532990778214341,0.004522747718315854,3545.1920532226563,3576.6577490234376,3564.9959144997492,3567.1290120580734,0.010520589391263989,6,2,2
2024-06-27,3831.0,3942.0,3818.10009765625,3934.14990234375,3666.588134765625,4526556,0.020306749420715198,0.02010331681074756,3551.273291015625,3575.9424072265624,3580.6254868483456,3574.496354480855,0.0109543982850563,6,2,3
2024-06-28,3917.800048828125,3960.0,3897.85009765625,3904.14990234375,3638.628662109375,2731571,-0.0076254740452427194,-0.007654696624584433,3559.1043334960937,3575.7818994140625,3589.5490522731193,3579.2468957866713,0.011004969759932605,6,2,4
2024-07-01,3884.0,4001.699951171875,3884.0,3978.199951171875,3707.642578125,2658723,0.018967012691978535,0.018789381481049548,3573.422021484375,3578.2674267578127,3607.7172870195627,3588.757687070992,0.011303549880186226,7,3,0
2024-07-02,3993.60009765625,4023.39990234375,3982.550048828125,4017.39990234375,3744.176513671875,2307449,0.009853683244017253,0.009805452283544482,3588.079870605469,3581.6834814453123,3628.7110141968415,3600.270192745131,0.010900575169498376,7,3,1
2024-07-03,4020.0,4026.10009765625,3955.0,3965.25,3695.573486328125,1821198,-0.012980965818859214,-0.013065954849965346,3599.74140625,3584.789970703125,3638.997548370885,3607.3296959735007,0.01118576686150492,7,3,2
2024-07-04,3999.85009765625,4047.35009765625,3982.10009765625,4020.949951171875,3747.4853515625,2518001,0.014047039093235236,0.013949293731324475,3612.5329833984374,3588.224091796875,3655.6879796311337,3617.711596387501,0.011422500287184846,7,3,3
2024-07-05,4010.0,4026.75,3988.0,4011.800048828125,3738.957763671875,1668616,-0.0022755493592708786,-0.0022781423561225107,3620.9861450195312,3591.30076171875,3668.498715637402,3626.692793964121,0.011113350153514626,7,3,4
2024-07-08,4022.0,4031.25,3978.050048828125,3993.199951171875,3721.622314453125,1758882,-0.004636438899412898,-0.004647220520707063,3625.6111572265627,3594.8384765625,3676.671576993667,3633.7246102966396,0.010923263134124695,7,3,0
2024-07-09,3985.0,4006.949951171875,3975.10009765625,3985.5,3714.4462890625,1305801,-0.001928198184634855,-0.0019300595518626088,3631.519982910156,3597.841298828125,3682.4830711581026,3639.7039939089254,0.010933618676894982,7,3,1
2024-07-10,3983.699951171875,4003.300048828125,3902.0,3909.14990234375,3643.28857421875,2669716,-0.01915701811418835,-0.019342891467364575,3634.178466796875,3599.9918359375,3676.4531485520483,3639.9695183763197,0.011541723956827784,7,3,2
2024-07-11,3931.0,3980.0,3895.60009765625,3923.699951171875,3656.84912109375,4872189,0.003722062251933389,0.003715152518560697,3638.4679565429688,3601.5096142578127,3673.4371443276946,3641.219859318351,0.011393746777115162,7,3,3
2024-07-12,3980.0,4199.9501953125,3971.300048828125,4183.9501953125,3899.399658203125,13509164,0.06632773983216156,0.06422072673893149,3652.7180908203127,3608.7953369140623,3708.2006080008377,3660.3442888653713,0.016004502650967804,7,3,4
2024-07-15,4235.7001953125,4240.0,4157.0498046875,4169.2001953125,3885.653076171875,4848030,-0.003525307287323476,-0.0035315358257081665,3668.429150390625,3615.0168701171874,3735.500987719459,3677.033828665853,0.015560230614791648,7,3,0
2024-07-16,4172.0,4194.5498046875,4144.89990234375,4178.4501953125,3894.27392578125,2029521,0.00221863595137739,0.002216178412885931,3685.361083984375,3621.77908203125,3759.927593575119,3693.125687711438,0.015543062459596585,7,3,1
2024-07-18,4160.0,4325.0,4160.0,4315.5498046875,4022.04931640625,5613364,0.032811094715009315,0.03228430285802032,3709.3062255859377,3629.6598681640626,3800.254012472216,3717.4904009480906,0.01639770473224949,7,3,3
2024-07-19,4317.39990234375,4358.75,4285.25,4302.39990234375,4019.1064453125,3903354,-0.0007316844877425233,-0.0007319522994810897,3733.7776123046874,3636.41033203125,3833.923617524567,3739.832330160269,0.016419236362267945,7,3,4
2024-07-22,4299.9501953125,4319.9501953125,4265.0,4287.35009765625,4005.0478515625,1896386,-0.003497940137016431,-0.0035040722335981265,3756.450964355469,3642.916640625,3860.250422761172,3759.477924338212,0.01614164588256096,7,3,0
2024-07-23,4283.0,4361.7001953125,4266.2998046875,4302.35009765625,4019.060546875,2365208,0.0034987585247034936,0.0034926521082025166,3779.543017578125,3650.0131689453124,3884.682749547915,3778.706266748344,0.01596450742345872,7,3,1
2024-07-24,4287.5,4339.10009765625,4268.10009765625,4306.25,4022.70361328125,1809793,0.0009064472564570547,0.0009060366812338094,3801.8083374023436,3658.409453125,3905.916728583813,3796.7801442693003,0.015796555889784576,7,3,2
2024-07-25,4295.0,4343.0,4274.2001953125,4322.5,4037.88330078125,2810342,0.003773503832070313,0.003766402026671472,3824.021826171875,3666.1118994140625,3926.219278152649,3814.6396373442594,0.01576156773552502,7,3,3
2024-07-26,4350.0,4422.4501953125,4337.0498046875,4387.85009765625,4098.9306640625,3552210,0.01511865468460627,0.015005506828441467,3845.638952636719,3675.89763671875,3952.790260600318,3835.6982319159806,0.015784874924896188,7,3,4
2024-07-29,4415.0,4431.0,4371.0,4381.10009765625,4092.62451171875,1746803,-0.001538487195950733,-0.0015396718826162063,3868.3387451171875,3685.9421630859374,3974.3032223108457,3854.7298081976674,0.01576086561106695,7,3,0
2024-07-30,4391.10009765625,4398.0,4327.2998046875,4365.35009765625,4077.911865234375,1797906,-0.0035949172571896337,-0.0036013945003274695,3886.8522094726563,3694.787470703125,3990.24301352985,3871.2618124226087,0.015538928389321876,7,3,1
2024-07-31,4350.0,4414.0,4345.0,4385.35009765625,4096.59521484375,2330091,0.004581597206319454,0.004571133637571318,3904.47314453125,3705.25251953125,4006.604890655065,3887.9531755649155,0.015446437565136244,7,3,2
2024-08-01,4399.39990234375,4419.2998046875,4365.0498046875,4397.10009765625,4107.5712890625,2202244,0.0026793162719565,0.0026757333026256845,3925.073034667969,3716.196181640625,4022.1381827177474,3904.221183972144,0.015372116469998979,8,3,3
2024-08-02,4365.0,4398.0,4270.0,4283.0498046875,4001.030517578125,2811282,-0.025937656095724515,-0.02627996927276138,3937.75029296875,3724.7890771484376,4018.890849619344,3911.3922457207354,0.0163140954035901,8,3,4
2024-08-05,4239.0,4239.0,4110.5,4155.0498046875,3881.458740234375,2787771,-0.029885245018357987,-0.030340910377301696,3944.875341796875,3729.845126953125,3997.7474481755025,3909.1749490180423,0.017460143760258513,8,3,0
2024-08-06,4170.9501953125,4258.25,4160.7998046875,4171.2001953125,3896.5458984375,2203067,0.0038869814708411,0.0038794466771214318,3953.6215209960938,3736.0221337890625,3982.1779789850407,3908.2394637898537,0.017458278720969334,8,3,1
2024-08-07,4228.0,4244.9501953125,4180.2998046875,4200.4501953125,3923.8701171875,1237666,0.007012420605890135,0.006987947926386748,3964.0927124023438,3742.7912939453126,3973.207538708496,3909.3972899674573,0.017466571316691236,8,3,2
2024-08-08,4181.0,4232.0,4160.0,4172.5498046875,3897.806640625,2441283,-0.006642288298059573,-0.006664446470126896,3976.8186157226564,3749.1724609375,3961.607400541804,3908.538723349497,0.017556780687441906,8,3,3
2024-08-09,4217.0,4253.64990234375,4205.5498046875,4228.75,3950.306396484375,1302536,0.01346905085341965,0.013379149545205842,3991.4914794921874,3757.2793212890624,3959.868784532969,3911.632625063192,0.017365800308475406,8,3,4
2024-08-12,4230.0,4239.0,4186.35009765625,4195.64990234375,3919.385498046875,936912,-0.00782746838701387,-0.007858263823153421,3992.490771484375,3766.026875,3953.6405866120317,3912.2069119508724,0.017369952607474787,8,3,0
2024-08-13,4213.0,4234.0,4183.0,4196.9501953125,3920.600830078125,1495593,0.00031008229015894173,0.00031003422458153945,3994.2381591796875,3776.013115234375,3948.5575471452767,3912.8286836640023,0.017096474105197056,8,3,1
2024-08-14,4209.0,4306.2001953125,4188.14990234375,4295.25,4012.42724609375,3226545,0.023421516240865303,0.02315144144072737,4000.1458251953127,3787.24126953125,3958.383654675811,3920.2063549550944,0.017486355091806852,8,3,2
2024-08-16,4350.0,4427.0,4325.10009765625,4416.0498046875,4125.2734375,3457058,0.028124171351919136,0.027735948991378576,4005.30703125,3800.4998828125,3984.0590058795324,3935.39650921768,0.01784201603354883,8,3,4
2024-08-19,4421.0,4494.25,4390.35009765625,4490.0,4194.35400390625,2055210,0.016745693940742656,0.0166070306752478,4014.0694091796877,3814.55388671875,4016.4120824990273,3954.5785458612777,0.017902035599793236,8,3,0
2024-08-20,4505.0,4565.0,4500.0,4523.2998046875,4225.46044921875,2212298,0.007416266076618827,0.007388900790897491,4025.0900390625,3827.665205078125,4048.573369686677,3974.643872035905,0.0178739085770377,8,3,1
2024-08-21,4518.0,4560.0,4492.5498046875,4551.5,4251.8046875,1896990,0.006234643205835999,0.006215288223830249,4036.72724609375,3840.118857421875,4079.8397262733415,3995.174302811023,0.01779783667432646,8,3,2
2024-08-22,4560.0,4560.9501953125,4497.2001953125,4502.0,4205.56396484375,1829872,-0.010875551925561,-0.010935123046678258,4045.870263671875,3852.3047412109377,4099.181916822636,4010.758722220855,0.017984983230046922,8,3,3
2024-08-23,4500.0,4506.0,4455.0,4463.89990234375,4169.97216796875,1809253,-0.008463025927682555,-0.00849904067136993,4052.47470703125,3863.901806640625,4110.072724691268,4022.552310794773,0.01760598250719106,8,3,4
2024-08-26,4489.0,4552.14990234375,4485.0,4502.4501953125,4205.984375,1844164,0.008636078510996903,0.008599000902141869,4057.827392578125,3876.6003076171874,4124.828363200304,4036.139871106271,0.01761982866013499,8,3,0
2024-08-27,4505.0,4510.0,4486.7998046875,4497.14990234375,4201.0341796875,930697,-0.001176940965811335,-0.0011776341047389442,4063.2478759765627,3888.3330517578124,4136.552334967565,4048.35426433451,0.013267014522558766,8,3,1
2024-08-28,4498.75,4562.5,4457.2998046875,4506.0498046875,4209.34716796875,1848058,0.0019787956787984395,0.001976840441547688,4069.8196411132812,3901.091357421875,4147.75154004467,4060.279664603713,0.013217759355883056,8,3,2
2024-08-29,4460.0,4556.0,4460.0,4511.7998046875,4214.71875,2133641,0.001276108103443141,0.0012752945695285681,4075.7258178710936,3914.27302734375,4158.054187730106,4071.7195968552896,0.013220198351942833,8,3,3
2024-08-30,4500.0,4592.25,4487.7998046875,4553.75,4253.90673828125,3637222,0.009297889279385574,0.009254929988703243,4083.042590332031,3928.488232421875,4172.800733968744,4085.2149406646204,0.012017191276665016,8,3,4
2024-09-02,4576.0,4588.0,4512.0,4521.0498046875,4223.35986328125,1216500,-0.007180899083918835,-0.00720680583676573,4094.1590576171875,3942.36185546875,4180.579061555283,4095.4478978954817,0.012123841999667437,9,3,0
2024-09-03,4521.0498046875,4555.89990234375,4495.89990234375,4512.35009765625,4215.232421875,1717263,-0.0019244018197245305,-0.0019262558599004447,4110.847741699219,3955.6348876953125,4185.910347758317,4104.320825597668,0.012103854547784152,9,3,1
2024-09-04,4476.9501953125,4487.0,4436.7001953125,4479.25,4184.31201171875,1265505,-0.007335398635621604,-0.00736243496818308,4125.236047363282,3968.17673828125,4185.664449906076,4110.246098643674,0.012211868576062025,9,3,2
2024-09-05,4481.0,4499.0,4454.14990234375,4475.9501953125,4181.22900390625,1688793,-0.0007368016065402161,-0.0007370731782484239,4138.103991699219,3980.2533740234376,4184.98207359841,4115.504091626087,0.012217917807792798,9,3,3
2024-09-06,4473.9501953125,4518.9501953125,4440.0,4456.75,4163.29345703125,1649179,-0.004289539477087767,-0.004298765945871785,4151.378332519531,3991.64697265625,4181.645363357309,4119.044044619061,0.012251666517713242,9,3,4
2024-09-09,4455.0,4490.25,4430.5,4449.5498046875,4156.56787109375,1184938,-0.0016154484441016637,-0.0016167546879086677,4161.69140625,4001.4465673828126,4177.787287624454,4121.8235873208905,0.011968735950364394,9,3,0
2024-09-10,4442.4501953125,4539.9501953125,4440.4501953125,4507.85009765625,4211.02880859375,1385591,0.01310238138507036,0.0130172876670431,4176.273571777344,4012.8945703125,4182.901367773577,4128.43138148925,0.012177942894963614,9,3,1
2024-09-11,4521.4501953125,4549.35009765625,4471.25,4479.35009765625,4184.4052734375,1325919,-0.006322335079237074,-0.006342405679759574,4189.463793945312,4022.42982421875,4183.132737875719,4132.577595707639,0.012223700632989339,9,3,2
2024-09-12,4510.25,4532.60009765625,4431.2998046875,4517.7001953125,4220.23046875,2742216,0.00856159787865618,0.008525155256525349,4199.853955078125,4031.9509033203126,4188.840081087146,4139.070401118185,0.012286115025947338,9,3,3
2024-09-13,4530.0,4547.0,4505.0,4522.60009765625,4224.80810546875,1458786,0.0010846887990232368,0.0010841009491788995,4204.8306884765625,4042.535595703125,4194.373623299701,4145.42134218119,0.012282337467070924,9,3,4
2024-09-16,4527.0,4546.0498046875,4494.4501953125,4513.25,4216.0732421875,1155120,-0.0020675171660324843,-0.0020696574301791422,4205.916650390625,4051.907353515625,4197.712026205516,4150.654816255732,0.011201983450176128,9,3,0
2024-09-17,4513.25,4535.7998046875,4466.0,4505.64990234375,4208.9736328125,1699364,-0.0016839388139557876,-0.0016853582326202933,4205.092309570313,4061.3076708984377,4199.444581068129,4154.97472859327,0.009505562834844073,9,3,1
2024-09-18,4497.0498046875,4497.0498046875,4321.0,4346.14990234375,4059.97607421875,2961779,-0.035399974338681583,-0.03604174474419892,4195.50087890625,4068.07474609375,4177.987887706686,4147.937791232194,0.011777794886614292,9,3,2
2024-09-19,4390.0498046875,4422.2001953125,4281.7998046875,4296.14990234375,4013.26806640625,2927551,-0.011504503218405793,-0.011571191989738867,4185.886083984375,4074.051181640625,4152.646376737388,4137.962256059902,0.01195937030353094,9,3,3
2024-09-20,4316.89990234375,4330.7001953125,4227.5,4284.89990234375,4002.759033203125,5447908,-0.0026185724524839804,-0.0026220069102228702,4177.525427246093,4081.2405908203127,4129.586785424424,4127.947202514955,0.011895180844910645,9,3,4
2024-09-23,4300.0,4309.39990234375,4253.0,4268.5,3987.43896484375,1702319,-0.003827377124701714,-0.00383472027518811,4166.598156738281,4087.8523876953127,4107.717889950474,4117.53918490968,0.011685013305723961,9,3,0
2024-09-24,4251.64990234375,4291.0,4240.0,4271.2998046875,3990.05419921875,3012026,0.0006558681895969531,0.000655653202053082,4156.049157714844,4089.665478515625,4089.6157836840553,4108.095852636278,0.011581785668029271,9,3,1
2024-09-25,4252.35009765625,4289.60009765625,4240.0,4274.75,3993.277099609375,2713073,0.0008077334867420127,0.0008074074456069598,4145.245654296875,4091.817958984375,4074.794447672566,4099.590759819471,0.011581622429115587,9,3,2
2024-09-26,4260.0,4316.7998046875,4260.0,4292.5,4009.8583984375,3964251,0.004152303587884543,0.004143706565423079,4135.00263671875,4094.1296484375,4064.8042862517864,4092.943918235621,0.010783588623134645,9,3,3
2024-09-27,4335.0,4378.0,4300.0498046875,4308.7001953125,4024.991943359375,3012477,0.003774084622981233,0.003766980634037255,4123.556896972656,4094.1885009765624,4058.6793104221847,4087.9104386151585,0.009427593291101238,9,3,4
2024-09-30,4286.89990234375,4298.75,4260.0498046875,4268.5,3987.43896484375,2503416,-0.009329951225761302,-0.009373747847120343,4111.760852050781,4093.5551513671876,4047.7192572562717,4080.468107224684,0.008946141858162546,9,3,0
2024-10-01,4255.5498046875,4295.75,4242.9501953125,4287.89990234375,4005.5615234375,1823365,0.004544911847813138,0.0045346149232493764,4101.277307128907,4093.5654248046876,4041.2334520533836,4074.9194713885963,0.008860799507407986,10,4,1
2024-10-03,4262.60009765625,4279.0,4210.0,4232.75,3954.043212890625,3350119,-0.012861694982196359,-0.012945122701038078,4089.7638671875,4092.265078125,4027.819569105267,4065.9656744628205,0.008953487774047603,10,4,3
2024-10-04,4225.0,4298.0,4224.0498046875,4252.25,3972.259033203125,2965463,0.004606884480451434,0.0045963052671758094,4079.3153686523438,4091.2561865234375,4019.271794351091,4059.0244417769172,0.00889279999567304,10,4,4
2024-10-07,4273.89990234375,4297.25,4229.39990234375,4272.85009765625,3991.502197265625,1472619,0.004844388017410495,0.004832691728808966,4070.7258056640626,4090.328564453125,4014.999548645635,4054.02279403534,0.008884067795345117,10,4,0
2024-10-08,4272.60009765625,4279.39990234375,4203.9501953125,4253.25,3973.193115234375,1541867,-0.004587015395805749,-0.004597568033365943,4061.5570678710938,4087.8138134765627,4008.567789659287,4048.035410420454,0.008694018498482784,10,4,1
2024-10-09,4260.0,4295.0,4246.7001953125,4252.9501953125,3972.912841796875,1082504,-7.054110620130505e-05,-7.05435943421486e-05,4049.65126953125,4085.419580078125,4003.08241306507,4042.470775707596,0.008699357275828861,10,4,2
2024-10-10,4253.25,4293.85009765625,4198.60009765625,4227.39990234375,3949.044677734375,2378875,-0.006007724058629149,-0.00602584303848043,4037.8832397460938,4082.842236328125,3994.7689153218857,4035.550324005876,0.008701227372515162,10,4,3
2024-10-11,4143.0,4241.9501953125,4112.4501953125,4149.2001953125,3875.994384765625,5759183,-0.018498218918774012,-0.01867145061497436,4020.671435546875,4078.4302197265624,3976.4959106209226,4023.731365543635,0.00917371394844179,10,4,4
2024-10-14,4140.0,4165.39990234375,4122.2001953125,4136.64990234375,3864.270263671875,2137590,-0.0030248034258849588,-0.003029387389827945,4002.6445434570314,4073.56419921875,3959.2304264749155,4011.919432071653,0.008887174571336594,10,4,0
2024-10-15,4131.0498046875,4169.9501953125,4095.0,4116.7998046875,3845.727294921875,2759474,-0.004798569324801938,-0.004810119422694612,3984.12724609375,4070.458134765625,3941.7684062359863,3999.6089033938915,0.008860596087632688,10,4,1
2024-10-16,4085.0,4115.0,4067.199951171875,4094.949951171875,3825.316650390625,2359151,-0.005307356181547651,-0.005321490228160724,3964.9443969726562,4069.33529296875,3923.852751490546,3986.69836613439,0.008866920001529393,10,4,2
2024-10-17,4112.7998046875,4129.9501953125,4092.949951171875,4109.0,3838.441162109375,2522659,0.0034309608636999833,0.0034250885454386332,3953.8676513671876,4068.1731982421875,3910.7125069703657,3975.716351021426,0.00891119492294373,10,4,3
2024-10-18,4090.0,4146.14990234375,4080.0,4123.0498046875,3860.962158203125,2361000,0.005867224517093872,0.005850079385530514,3946.2523559570313,4066.9150390625,3903.058607160021,3967.2160404422925,0.009045320402594354,10,4,4
2024-10-21,4132.60009765625,4139.9501953125,4070.0,4079.85009765625,3820.508544921875,1595450,-0.010477599008656635,-0.010532875498099194,3937.1398315429688,4065.3690771484376,3890.3585975849214,3956.3488185518913,0.009154770422268251,10,4,0
2024-10-22,4066.0,4089.800048828125,4006.35009765625,4015.5,3760.2490234375,1928049,-0.015772644080189413,-0.015898355854427462,3925.7803344726562,4061.5679296875,3870.3417400237795,3941.822907802677,0.00945069273587778,10,4,1
2024-10-23,3999.60009765625,4113.5498046875,3995.14990234375,4066.25,3807.77294921875,1966476,0.012638504919497473,0.012559305625196488,3916.6662719726564,4059.3356787109374,3860.7157722076213,3931.893281240905,0.009423286063360896,10,4,2
2024-10-24,4004.0,4079.0,4004.0,4047.89990234375,3790.58935546875,2676744,-0.0045127674310322385,-0.004522980704309989,3906.531884765625,4056.73544921875,3849.9270927093335,3921.4263237763007,0.00940909592046767,10,4,3
2024-10-25,4057.050048828125,4092.0,4032.699951171875,4057.550048828125,3799.626220703125,1759676,0.002384026436769604,0.00238118915428688,3896.0202758789064,4052.4794287109376,3842.188497016071,3912.4040939190286,0.009207205910365925,10,4,4
2024-10-28,4068.949951171875,4134.0,4051.0,4090.85009765625,3830.809326171875,1532534,0.008206887640379357,0.008173394264144446,3886.311145019531,4046.590146484375,3840.4378553477327,3906.360037048869,0.009417634692468622,10,4,0
2024-10-29,4095.85009765625,4103.5,4060.10009765625,4075.25,3816.20068359375,1445885,-0.0038134611603661828,-0.003820750942144986,3877.749230957031,4039.027080078125,3836.7090596932735,3899.6815664225637,0.009415696350912401,10,4,1
2024-10-30,4075.0,4107.0,4060.050048828125,4084.64990234375,3825.0029296875,1935002,0.0023065469621637025,0.002303890966055153,3868.721301269531,4031.0179296875,3834.9081166154624,3894.1498155532995,0.009466963146228575,10,4,2
2024-10-31,4070.0,4078.300048828125,3960.0,3968.449951171875,3716.18994140625,3740372,-0.028447818284452864,-0.028860299084671578,3856.8286376953124,4020.305634765625,3816.6437819678913,3880.967602653518,0.008704425122004486,10,4,3
2024-11-01,3989.85009765625,3998.949951171875,3976.050048828125,3984.199951171875,3730.9384765625,154895,0.0039687247930790814,0.003960870179844389,3844.7626098632813,4010.813125,3803.458350367062,3869.8543340541837,0.00863563700684469,11,4,4
2024-11-04,3966.300048828125,3991.89990234375,3913.25,3964.14990234375,3712.162841796875,2269192,-0.005032416075358093,-0.005045121324459597,3830.7956420898436,4001.6569384765626,3789.41288751011,3858.1734827758646,0.008649053511673433,11,4,0
2024-11-05,3941.10009765625,3986.0,3941.10009765625,3971.35009765625,3718.905517578125,967590,0.0018163739223213682,0.0018147263100268295,3818.081262207031,3991.915361328125,3778.5655998282664,3847.8573372056617,0.008679895343577904,11,4,1
2024-11-06,4003.60009765625,4149.7998046875,3975.25,4139.64990234375,3876.50732421875,3792017,0.042378545487560704,0.041505164774364556,3813.260986328125,3985.42482421875,3793.6335574268023,3849.9795584658905,0.011909136911263381,11,4,2
2024-11-07,4169.7001953125,4205.7998046875,4085.050048828125,4150.89990234375,3887.041748046875,3724349,0.0027175039144928803,0.002713818176558461,3810.16083984375,3978.9787158203126,3808.0040482914287,3852.72490584226,0.011923641401410421,11,4,3
2024-11-08,4155.0,4169.75,4117.64990234375,4147.0,3883.39013671875,1648039,-0.0009394319806211859,-0.0009398735233988898,3810.530627441406,3972.3521435546877,3819.601908049478,3854.996404425704,0.011886454677800282,11,4,4
2024-11-11,4128.2001953125,4234.2998046875,4117.64990234375,4198.7001953125,3931.8037109375,1406487,0.012466832461921262,0.012389761399700125,3813.9072998046877,3965.9100830078123,3836.863723878404,3860.6858345376886,0.012110680916886538,11,4,0
2024-11-12,4216.0,4218.0,4164.35009765625,4197.39990234375,3930.5859375,1587640,-0.00030972386391325823,-0.0003097718382553184,3818.1502319335937,3960.0546044921875,3851.282525974034,3865.863619942304,0.012000769961582433,11,4,1
2024-11-13,4178.10009765625,4196.75,4131.0498046875,4150.35009765625,3886.527099609375,1098813,-0.01120922900330934,-0.011272525861214003,3821.2107543945312,3953.480498046875,3856.7047680717787,3867.3942480657906,0.012120590018832256,11,4,2
2024-11-14,4135.0,4160.0,4116.4501953125,4145.89990234375,3882.359619140625,1825432,-0.001072289054454001,-0.0010728643676669635,3823.4066772460938,3947.4414501953124,3860.6516682362167,3868.502794071334,0.011909837173665542,11,4,3
2024-11-18,4213.0,4213.0,3990.199951171875,4019.5,3763.9951171875,3313944,-0.03048777381919232,-0.03096219356841735,3818.5583251953126,3939.0967724609377,3845.781429613337,3860.7614846725314,0.013055179813662493,11,4,0
2024-11-19,4019.89990234375,4132.14990234375,4014.10009765625,4039.550048828125,3782.7705078125,1776233,0.004988154883428519,0.004975755255938178,3816.671423339844,3931.4863134765624,3836.0874416439774,3854.9843752754923,0.013057695415627856,11,4,1
2024-11-21,4044.89990234375,4092.449951171875,4024.0,4072.85009765625,3813.953369140625,2384347,0.008243392313576292,0.00820960113079901,3819.356640625,3924.6340234375,3832.682199720385,3851.945041487724,0.013169738112378489,11,4,3
2024-11-22,4071.0,4254.9501953125,4054.0,4244.60009765625,3974.785888671875,3096553,0.04216950339051717,0.04130460130176264,3827.7072875976564,3919.9091650390624,3854.5443057129223,3861.044363501365,0.015376484946104945,11,4,4
2024-11-25,4280.0,4328.10009765625,4252.2001953125,4315.10009765625,4040.803955078125,4052167,0.01660921323948572,0.016472788786652797,3840.218017578125,3917.037138671875,3883.199636384492,3874.3598888033466,0.015617781122251696,11,4,0
2024-11-26,4321.0498046875,4366.60009765625,4310.0,4352.7001953125,4076.014404296875,2060669,0.0087137237070114,0.00867597832664948,3854.0374267578127,3914.1528173828124,3912.863446832551,3889.2972603213857,0.015238954412392465,11,4,1
2024-11-27,4358.9501953125,4377.39990234375,4324.0498046875,4332.5498046875,4057.144775390625,1558993,-0.004629431359800429,-0.004640180364507591,3865.35419921875,3910.79955078125,3935.0605743030237,3901.730409585774,0.01525923934979247,11,4,2
2024-11-28,4319.0,4339.9501953125,4233.0,4244.89990234375,3975.066162109375,2558544,-0.020230634553421223,-0.020438076395689935,3873.297473144531,3905.9794091796875,3941.215280119385,3907.1626875504853,0.01573968998988874,11,4,3
2024-11-29,4220.0,4298.7001953125,4195.64990234375,4270.85009765625,3999.366943359375,2017425,0.006113302334848303,0.0060946919110468215,3882.015673828125,3901.787275390625,3950.1616898486145,3913.992632425218,0.015714411705259577,11,4,4
2024-12-02,4270.0,4288.2001953125,4230.0498046875,4276.64990234375,4004.79833984375,1670944,0.0013580640539607725,0.0013571427190336718,3896.44609375,3900.683720703125,3958.5673283094047,3920.718981122887,0.01571065292378838,12,4,0
2024-12-03,4314.35009765625,4325.0,4265.4501953125,4302.75,4029.239501953125,2010905,0.006102969496918131,0.006084421804324291,3911.3611450195312,3901.0031494140626,3969.439970408439,3928.7575382214227,0.01571295399600252,12,4,1
2024-12-04,4313.5498046875,4386.9501953125,4289.0498046875,4354.39990234375,4077.60595703125,3302642,0.01200386699640954,0.011932392000670429,3929.63330078125,3902.500087890625,3986.080891427333,3939.7833470221503,0.015655959396336752,12,4,2
2024-12-05,4400.7998046875,4489.0,4360.0,4464.0498046875,4180.28564453125,3746747,0.02518136587547004,0.02486953925545774,3952.7023071289063,3906.357021484375,4015.958545751013,3957.5983320228243,0.015811315066295857,12,4,3
2024-12-06,4453.0,4465.0,4412.75,4445.5,4162.9150390625,1842087,-0.004155363280371693,-0.004164020794100827,3967.0226928710936,3909.81423828125,4038.5672370297034,3972.806976988726,0.0157795880109203,12,4,4
2024-12-09,4430.4501953125,4469.39990234375,4415.5498046875,4452.14990234375,4169.14208984375,2066639,0.0014958390269363964,0.0014947213741527564,3981.1277099609374,3913.3315380859376,4058.655675924172,3987.350318681691,0.015717689130095868,12,4,0
2024-12-10,4426.14990234375,4493.7998046875,4412.10009765625,4432.5498046875,4150.78857421875,2087828,-0.004402228379241424,-0.004411946718647117,3994.4976318359377,3916.1501416015626,4072.829967969492,3999.4568561288806,0.015779985711710312,12,4,1
2024-12-11,4431.85009765625,4448.64990234375,4407.0,4427.4501953125,4146.0126953125,1635256,-0.0011505955605433105,-0.0011512580038002132,4005.2080810546877,3918.570556640625,4084.0888490991856,4010.312844216556,0.01576743091652659,12,4,2
2024-12-12,4430.0498046875,4485.0,4426.0,4454.9501953125,4171.7646484375,1914642,0.0062112576630832805,0.0061920473081428515,4017.2670166015623,3922.2570703125,4097.577433612772,4022.2722371218115,0.015729531272317444,12,4,3
2024-12-13,4434.9501953125,4494.89990234375,4394.39990234375,4473.89990234375,4189.51025390625,1967048,0.004253740794173622,0.004244719213397399,4032.4161743164063,3925.936044921875,4111.720944427154,4034.660238365103,0.015730193258582527,12,4,4
2024-12-16,4459.0,4475.0,4397.0,4415.2001953125,4134.54150390625,1646224,-0.013120567003923167,-0.013207402029359881,4045.0252685546875,3929.5460107421877,4115.23179973163,4042.0588506274103,0.014895010122994625,12,4,0
2024-12-17,4410.0,4432.9501953125,4318.0,4328.5,4053.351806640625,3225027,-0.0196369288321131,-0.01983229514502135,4059.4931030273438,3931.1678662109375,4105.711800794553,4042.8953658876485,0.015490212131444945,12,4,1
2024-12-18,4311.7001953125,4362.0,4289.60009765625,4347.85009765625,4071.472900390625,1575404,0.0044706442012538705,0.004460680556370553,4073.92822265625,3932.7672802734373,4100.444277655487,4045.0122202952766,0.015419800564338651,12,4,2
2024-12-19,4282.0,4364.0,4262.0,4271.89990234375,4000.350341796875,3015763,-0.017468508408081562,-0.01762288324153304,4083.2480712890624,3933.3104248046875,4085.045210600316,4041.7039329990985,0.01587466970047755,12,4,3
2024-12-20,4329.0,4382.0,4152.5,4170.2998046875,3905.20849609375,4116989,-0.02378337834790467,-0.024070768781917846,4079.7692016601563,3931.956337890625,4057.378023753152,4031.5931598949983,0.01470409065055152,12,4,4
2024-12-23,4200.0498046875,4217.0,4114.89990234375,4158.2998046875,3893.9716796875,2195338,-0.0028773921846912964,-0.0028815398357734745,4072.427587890625,3930.8548779296875,4032.2385862045903,4021.398976175924,0.014708509099764901,12,4,0
2024-12-24,4158.2998046875,4218.0,4158.2998046875,4179.5,3913.823974609375,1181886,0.005098212456303264,0.005085260573493642,4064.31806640625,3931.6114697265625,4014.0209536514803,4013.430457541365,0.014734179610238684,12,4,1
2024-12-26,4179.5,4199.9501953125,4143.14990234375,4169.10009765625,3904.0849609375,1208464,-0.002488362720208137,-0.0024914638402643518,4056.665075683594,3932.407763671875,3997.1077240031755,4005.3307911262636,0.0145626038947548,12,4,3
2024-12-27,4163.0,4180.9501953125,4147.25,4164.85009765625,3900.105224609375,858100,-0.0010193774899738273,-0.001019897408566264,4052.917028808594,3933.495322265625,3982.184262557975,3997.536304717605,0.01456347613177972,12,4,4
2024-12-30,4151.0,4199.2998046875,4112.0,4158.7998046875,3894.439453125,1527169,-0.001452722723639499,-0.00145377894835375,4047.670654296875,3934.8777783203127,3968.6850611067484,3989.899500895931,0.014416358231568418,12,4,0
2024-12-31,4135.0,4139.9501953125,4032.050048828125,4094.800048828125,3834.50830078125,1555429,-0.015388903349276561,-0.015508541509557145,4039.15615234375,3934.79912109375,3948.042482595133,3978.389041628177,0.01469313081376538,12,4,1
2025-01-01,4094.39990234375,4134.0,4085.449951171875,4112.4501953125,3851.03662109375,763161,0.004310414534539619,0.00430115130717014,4030.2460083007813,3934.6006103515624,3933.1185039026127,3968.955528995997,0.013558293291320309,1,1,2
2025-01-02,4120.0,4183.0,4096.9501953125,4175.75,3910.3125,1720835,0.015392187802518276,0.015274929787278346,4021.8813354492186,3936.396689453125,3929.6098879175956,3964.6116009222196,0.013798702582927345,1,1,3
2025-01-03,4179.9501953125,4179.9501953125,4092.300048828125,4099.89990234375,3839.283935546875,1791953,-0.018164421501638328,-0.018331419984249416,4004.83125,3937.9773876953127,3915.7135875528693,3955.3280701536755,0.014171014931164202,1,1,4
2025-01-06,4105.5,4149.64990234375,4066.39990234375,4095.0,3834.6953125,2085593,-0.001195176789189789,-0.001195891582561557,3988.420263671875,3938.5158349609374,3903.2492375447355,3946.3923103274774,0.011761567436016045,1,1,0
2025-01-07,4114.9501953125,4140.35009765625,4011.550048828125,4028.300048828125,3772.2353515625,2669054,-0.016288115703455897,-0.01642222531596492,3968.5749267578126,3938.1487548828127,3883.09325508593,3933.4917948634047,0.011583021659004291,1,1,1
2025-01-08,4034.89990234375,4126.0,4017.75,4108.39990234375,3847.24365234375,2181277,0.019884310969669583,0.019689200245604027,3953.3976806640626,3939.101103515625,3877.577931587133,3927.1030435656526,0.012114154295061524,1,1,2
2025-01-09,4101.0,4137.75,4025.300048828125,4038.85009765625,3782.114501953125,2392472,-0.0169287823376999,-0.01707371215888729,3935.202770996094,3938.12720703125,3862.891250104978,3916.3631515943543,0.01241574223703845,1,1,3
2025-01-10,4200.0,4297.0,4170.0,4265.64990234375,3994.497802734375,7894300,0.056154645945164505,0.05463461958587403,3926.3394287109377,3941.6931494140626,3883.1384120479624,3922.150903530652,0.015936932985288466,1,1,4
2025-01-13,4245.0,4322.9501953125,4227.39990234375,4291.10009765625,4018.330322265625,4003771,0.005966336873420186,0.005948608765205434,3917.7804321289063,3945.559697265625,3903.9371674660642,3929.275304918428,0.01593510170598123,1,1,0
2025-01-14,4302.0,4313.89990234375,4219.0498046875,4233.0498046875,3963.970458984375,3441709,-0.01352797279507889,-0.013620309517114274,3909.2518798828123,3950.5153076171873,3913.173058468881,3931.8453163307204,0.016130899090745315,1,1,1
2025-01-15,4218.0,4256.4501953125,4207.4501953125,4249.60009765625,3979.46826171875,1653474,0.003909666556482394,0.0039020436723545375,3905.5577026367187,3955.4859033203124,3923.372320507323,3935.3729419150186,0.016106216798311042,1,1,2
2025-01-16,4260.0,4294.0,4191.85009765625,4206.2998046875,3938.9208984375,2637705,-0.01018914101446744,-0.010241405635934881,3898.9301025390623,3960.021064453125,3925.764409419658,3935.6357535092766,0.016031551232699393,1,1,3
2025-01-17,4159.89990234375,4160.60009765625,4100.0498046875,4124.2998046875,3933.197998046875,1761466,-0.0014529107179824807,-0.0014539672162154293,3895.5724853515626,3964.3069140625,3926.9080384392296,3935.45517903058,0.015248277311179621,1,1,4
2025-01-20,4145.7998046875,4145.7998046875,4068.10009765625,4077.800048828125,3888.85302734375,1287799,-0.01127453301998671,-0.011338572364850225,3894.7547119140627,3964.553828125,3921.053421347617,3932.0031677945185,0.015339420322740015,1,1,0
2025-01-21,4095.300048828125,4111.0,4030.0,4035.85009765625,3848.846923828125,1971591,-0.01028737862663609,-0.01034065943436064,3892.4984741210938,3963.789931640625,3909.9447294215415,3925.8434460192298,0.015393466426405237,1,1,1
2025-01-22,4050.0,4163.14990234375,4044.199951171875,4156.60009765625,3964.001953125,2409223,0.029919358076818448,0.029480506047174893,3895.007373046875,3965.40216796875,3918.26122537592,3928.670002101139,0.016487450399834003,1,1,2
2025-01-23,4168.0,4191.35009765625,4140.0498046875,4145.4501953125,3953.36865234375,1822998,-0.0026824660802367006,-0.002686070339350615,3897.4715576171875,3965.833466796875,3923.662367986355,3930.4995317487396,0.016489010124888608,1,1,3
2025-01-24,4104.0,4178.0,4104.0,4152.35009765625,3959.948974609375,1910099,0.0016644848594435935,0.0016631011397607867,3900.4637451171875,3966.4207275390627,3929.244922851435,3932.680971960638,0.016436927378635415,1,1,4
2025-01-27,4102.0,4156.35009765625,4041.050048828125,4065.14990234375,3876.7890625,1551782,-0.021000248397791133,-0.021223890177696787,3899.5812255859373,3966.225966796875,3921.1747904896756,3928.5408305191095,0.01676974656239191,1,1,0
2025-01-28,4070.800048828125,4102.0,4028.300048828125,4040.300048828125,3853.090576171875,2468272,-0.006112916113326761,-0.0061316764777942685,3900.5103393554687,3965.6405859375,3910.700295979245,3922.951922789685,0.016664443424958743,1,1,1
2025-01-29,4054.0,4107.85009765625,4054.0,4099.7998046875,3909.833251953125,1217089,0.014726535662606954,0.014619153200350402,3903.4501708984376,3968.5573486328126,3910.566904590611,3921.9801693943846,0.016606537526336444,1,1,2
2025-01-30,4099.89990234375,4129.89990234375,4058.5,4100.0498046875,3910.072021484375,1531251,6.106898066060573e-05,6.106711602632009e-05,3903.4381469726563,3971.10337890625,3910.490768728113,3921.0980843640136,0.016575295436589622,1,1,3
2025-01-31,4110.0,4128.4501953125,4085.25,4112.39990234375,3921.849853515625,1492943,0.0030121777723108867,0.003007650254358995,3907.566442871094,3973.26130859375,3912.238320233884,3921.153770967837,0.01630236369229657,1,1,4
2025-02-01,4113.0,4135.89990234375,4056.0,4073.14990234375,3884.41845703125,437172,-0.009544321654950894,-0.009590160593764104,3910.052600097656,3971.4539599609375,3907.958341279633,3918.4326366021637,0.015801717284325785,2,1,5
2025-02-03,4030.89990234375,4077.0,3998.699951171875,4068.64990234375,3880.126953125,1265713,-0.0011047995867906613,-0.0011054103277264755,3915.4471801757813,3968.240419921875,3903.6765892558433,3915.5951785668185,0.015794128229789737,2,1,0
2025-02-04,4083.699951171875,4118.85009765625,4066.050048828125,4107.0498046875,3916.74755859375,2547132,0.009437991568615134,0.00939373198928555,3918.9223754882814,3965.0550830078123,3905.687507615521,3915.680540050295,0.01586216181531183,2,1,1
2025-02-05,4150.0,4150.0,4076.0,4091.10009765625,3901.53662109375,1693912,-0.003883563408784263,-0.0038911240222553054,3924.8934814453123,3961.942919921875,3905.0489096890947,3914.63284234981,0.015872189667370213,2,1,2
2025-02-06,4105.39990234375,4139.5,4051.550048828125,4082.75,3893.573486328125,2284536,-0.002041025252094819,-0.0020431109826370324,3919.847265625,3960.31306640625,3903.283459941253,3913.0728900519075,0.015875765462934073,2,1,3
2025-02-07,4090.0,4090.0,4008.0,4029.39990234375,3842.69580078125,1548940,-0.013067092665780322,-0.013153218217592872,3911.065539550781,3957.1796435546876,3893.962281608945,3907.8597723281555,0.016054633519436964,2,1,4
2025-02-10,4040.0,4052.0,4014.35009765625,4036.949951171875,3849.895751953125,1339511,0.0018736719077296904,0.0018719187740440914,3905.3618041992186,3954.081591796875,3887.1828155080498,3903.5661411892643,0.015803428757660967,2,1,0
2025-02-11,4018.39990234375,4040.0,3955.0,3963.550048828125,3779.89697265625,1810908,-0.018181993437449084,-0.018349317169318015,3895.3832397460938,3949.0947412109376,3870.6773012231574,3894.4054620386705,0.016134341400937526,2,1,1
2025-02-12,3971.10009765625,4021.75,3940.14990234375,3950.14990234375,3767.117431640625,1678002,-0.0033809231066539436,-0.003386651341973472,3886.79306640625,3942.884970703125,3854.7450135950753,3884.976719046223,0.015858509320256148,2,1,2
2025-02-13,3968.0,3984.449951171875,3902.25,3910.14990234375,3728.970947265625,2277310,-0.010126173411691752,-0.01017779186627169,3876.5817138671873,3933.8586767578126,3835.3951572366987,3873.420735951364,0.015626871814384474,2,1,3
2025-02-14,3925.0,3948.0,3900.0,3934.85009765625,3752.527099609375,1681975,0.006317065130535093,0.006297196106647637,3869.765417480469,3925.65091796875,3822.6462252940337,3864.465651777883,0.015681331840514373,2,1,4
2025-02-17,3856.5,3934.0,3856.199951171875,3904.5,3723.5830078125,1799806,-0.007713226587994004,-0.0077431273737873,3863.5022216796874,3916.739736328125,3807.4057302968745,3854.0299003730397,0.015462228727818937,2,1,0
2025-02-18,3898.39990234375,3924.39990234375,3864.5,3873.199951171875,3693.7333984375,2149879,-0.008016367383880563,-0.008048671212292366,3849.9887939453124,3907.5986328125,3789.917679241586,3842.1560854148515,0.015038408781939787,2,1,1
2025-02-19,3872.199951171875,3874.949951171875,3768.14990234375,3784.10009765625,3608.761962890625,4366672,-0.02300421453882384,-0.023272940703851868,3832.7584594726563,3896.8536181640625,3762.047569033746,3824.867631894538,0.01529554893319462,2,1,2
2025-02-20,3761.5,3788.0,3751.300048828125,3779.39990234375,3604.279541015625,2888572,-0.0012420940813202552,-0.001242866119535962,3814.974987792969,3885.503916015625,3737.775564723266,3808.527773310915,0.010758174354601682,2,1,3
2025-02-21,3776.10009765625,3817.0,3775.0,3786.0,3610.573974609375,1833931,0.0017463777495949628,0.00174485460503883,3801.6642333984373,3873.9251904296875,3718.206089321129,3793.864528962653,0.01065909242123024,2,1,4
2025-02-24,3743.14990234375,3763.199951171875,3670.0,3675.60009765625,3505.289306640625,2508516,-0.029160091638931407,-0.029593697238467075,3784.274169921875,3861.340146484375,3685.449661216436,3772.4885865684287,0.011513760878197617,2,1,0
2025-02-25,3625.0,3658.0,3621.25,3629.550048828125,3461.373291015625,4101954,-0.012528499585413133,-0.012607642962986602,3761.851171875,3849.500576171875,3650.9763734932344,3749.443009120073,0.011514197925651448,2,1,1
2025-02-27,3611.699951171875,3638.0,3600.699951171875,3612.550048828125,3445.16064453125,3823856,-0.004683876924357344,-0.004694880649386234,3738.605603027344,3836.9743310546874,3619.3124151913908,3726.903574706086,0.011465395399996569,2,1,3
2025-02-28,3584.949951171875,3600.0,3457.0,3483.25,3321.851806640625,7085018,-0.03579189785717596,-0.03644813407680141,3708.6057006835936,3823.4043603515624,3573.549244645119,3696.8997400345706,0.012798547839421208,2,1,4
2025-03-03,3485.0,3523.25,3476.14990234375,3493.050048828125,3331.197998046875,4990439,0.0028135485717835085,0.002809597952438755,3680.944677734375,3811.924150390625,3536.2644374761585,3669.810722109556,0.012839110531491558,3,1,0
2025-03-04,3474.0,3551.0,3464.300048828125,3532.050048828125,3368.390625,2797737,0.01116494035326987,0.011103072481533425,3655.357861328125,3801.412529296875,3510.437697095211,3647.483307508848,0.013132326335588617,3,1,1
2025-03-05,3520.85009765625,3600.35009765625,3520.85009765625,3547.050048828125,3382.695556640625,2501894,0.004246814943152488,0.0042378226745825335,3628.6552612304686,3790.7899609375,3490.7850601021983,3627.869400037128,0.011565078176358165,3,1,2
2025-03-06,3557.0,3609.449951171875,3536.10009765625,3601.60009765625,3434.718017578125,2786513,0.015378995852988853,0.015261937728265708,3605.3143310546875,3781.4026220703126,3482.159361252341,3613.5618902253495,0.01215603346390067,3,1,3
2025-03-07,3600.0,3625.0,3574.39990234375,3611.199951171875,3443.873291015625,2051315,0.002665509480151096,0.0026619633099258565,3582.8293212890626,3772.2779833984373,3476.2691966005386,3600.9923643579623,0.012175193991452763,3,1,4
2025-03-10,3606.5,3622.10009765625,3582.60009765625,3589.64990234375,3423.32177734375,1004626,-0.005967558018319052,-0.00598543504963256,3561.8606201171874,3762.8556298828125,3468.123439791802,3587.831580134687,0.011778605978343485,3,1,0
2025-03-11,3558.0,3588.75,3537.64990234375,3575.300048828125,3409.63671875,1995450,-0.003997596335909903,-0.004005608083091329,3539.8476684570314,3754.3581982421874,3459.1254827084476,3574.6319607728583,0.011772285726749336,3,1,1
2025-03-12,3565.0,3569.25,3486.85009765625,3506.199951171875,3343.738525390625,3174167,-0.019327042378735837,-0.01951625153194405,3518.03974609375,3744.212236328125,3441.37364312109,3557.5287433371373,0.011543943245220175,3,1,2
2025-03-13,3502.300048828125,3524.300048828125,3484.10009765625,3511.050048828125,3348.36376953125,1693004,0.0013832553309724993,0.0013822995146409965,3497.1020629882814,3732.97326171875,3427.064431799576,3542.0350415737385,0.011566965267264103,3,1,3
2025-03-17,3489.0,3530.449951171875,3477.35009765625,3497.699951171875,3335.632080078125,2690906,-0.0038023614904025838,-0.003809608844059785,3477.4351196289062,3722.900224609375,3412.997916150122,3526.745933314804,0.011468849380491301,3,1,0
2025-03-18,3497.699951171875,3497.699951171875,3497.699951171875,3497.699951171875,3335.632080078125,0,0.0,0.0,3456.590368652344,3712.9189599609376,3401.095479831353,3512.5893515935686,0.011479939536602275,3,1,1
2025-03-19,3547.0,3547.0,3462.75,3497.10009765625,3335.060302734375,3051244,-0.00017141499122907966,-0.0001714296844578058,3437.1642333984373,3704.175458984375,3390.9362218164333,3499.4390516780727,0.011492117934759382,3,1,2
2025-03-20,3512.0,3578.949951171875,3512.0,3563.14990234375,3398.049560546875,2845192,0.01888699216648515,0.01871084737081031,3422.3800415039063,3695.1915771484373,3392.0305816211167,3491.9287190016876,0.01201802994825679,3,1,3
2025-03-21,3475.0,3616.25,3465.0,3578.10009765625,3412.30712890625,4161925,0.004195809421061014,0.004187031557640783,3412.5572998046873,3687.7954296875,3395.1500504342143,3486.0308234390627,0.012125923325602988,3,1,4
2025-03-24,3600.0,3649.75,3566.60009765625,3628.949951171875,3460.80078125,1834751,0.014211397307396956,0.014111362047246924,3405.3833618164062,3677.1214892578123,3405.2501628674117,3484.1619314250584,0.012588457197387534,3,1,0
2025-03-25,3645.0,3710.0,3638.0,3657.75,3488.266357421875,3135390,0.007936191045921692,0.007904865111679076,3399.2679809570313,3666.5202099609373,3418.02188510656,3484.465962980378,0.012641683247299548,3,1,1
2025-03-26,3647.75,3680.5,3625.85009765625,3635.800048828125,3467.33349609375,1734499,-0.0060009354743185694,-0.006019013447050709,3397.3701904296877,3656.587470703125,3425.608286796897,3483.1968913591463,0.012615663936874175,3,1,2
2025-03-27,3614.85009765625,3663.0,3610.5,3651.199951171875,3482.019775390625,2528474,0.0042356119806243875,0.004226667025543198,3398.4025146484373,3646.6385009765627,3434.286977349778,3483.1096975837004,0.012371771485142222,3,1,3
2025-03-28,3651.0,3660.949951171875,3591.89990234375,3606.14990234375,3439.056884765625,2051919,-0.012338497020793149,-0.012415248258549382,3398.0973266601563,3636.641220703125,3435.0208092599087,3479.8465262638433,0.012497283676124755,3,1,4
2025-04-01,3572.699951171875,3584.0,3525.0,3550.800048828125,3386.27197265625,2618493,-0.015348659204563408,-0.015467669207365727,3401.3183349609376,3625.7027001953124,3427.5209882439613,3472.915077848466,0.012636202913418723,4,2,1
2025-04-02,3544.0,3564.10009765625,3530.050048828125,3543.949951171875,3379.739013671875,1764313,-0.0019292481635048153,-0.0019311115597645892,3403.7453857421874,3615.520419921875,3420.169915232871,3466.0131471687187,0.012512692370272619,4,2,2
2025-04-03,3491.0,3502.0,3396.14990234375,3403.14990234375,3245.46337890625,4537821,-0.03972958687710715,-0.04054035384836606,3397.5990234375,3603.4527490234377,3393.2919865672375,3449.6761272974245,0.014150893504964571,4,2,3
2025-04-04,3362.60009765625,3399.64990234375,3295.5,3299.39990234375,3146.5205078125,5317367,-0.03048651595849916,-0.03096089615323969,3385.7902709960936,3587.1031201171877,3355.327143681893,3427.220155483726,0.014918775895892501,4,2,4
2025-04-07,3100.0,3291.39990234375,3056.050048828125,3274.050048828125,3122.34521484375,6623955,-0.007683183029865925,-0.007712850739928557,3370.171630859375,3570.4826513671874,3319.4837700144863,3404.6368265474316,0.014546638990381142,4,2,0
2025-04-08,3302.050048828125,3349.0,3255.300048828125,3292.949951171875,3140.369384765625,5557558,0.005772638411725817,0.005756040579498853,3354.996435546875,3554.0910595703126,3291.9277107454304,3385.06146048952,0.014660251957074951,4,2,1
2025-04-09,3260.550048828125,3270.0,3212.050048828125,3246.60009765625,3096.167236328125,2990265,-0.014075461521160793,-0.014175460291221503,3338.638708496094,3538.478623046875,3261.8107146812295,3363.661888329417,0.014713146238114564,4,2,2
2025-04-11,3289.550048828125,3298.949951171875,3206.0,3231.5,3081.766845703125,7108961,-0.004651037726914886,-0.004661887457626221,3322.24521484375,3523.0521484375,3234.1116579153677,3342.7807740608023,0.01398820403041844,4,2,4
2025-04-15,3314.39990234375,3314.39990234375,3238.60009765625,3248.199951171875,3097.693115234375,3512160,0.0051679021576391815,0.005154594380453043,3309.9429443359377,3506.809345703125,3213.1241898106,3324.626132666252,0.013997455800273301,4,2,1
2025-04-16,3248.199951171875,3278.10009765625,3229.0,3273.800048828125,3122.10693359375,2384391,0.007881290189563517,0.007850395044936623,3298.6301025390626,3491.0500439453126,3199.1215350080074,3309.624710512733,0.014150976753045637,4,2,2
2025-04-17,3245.5,3303.60009765625,3218.0,3298.89990234375,3146.04345703125,2932346,0.007666785266047027,0.007637544826240798,3289.150671386719,3475.533916015625,3190.9556768577368,3297.5075806252157,0.012863072213366848,4,2,3
2025-04-21,3290.10009765625,3354.0,3284.10009765625,3321.60009765625,3167.69189453125,2432946,0.0068811628941796155,0.006857595743955881,3280.753662109375,3461.199384765625,3187.376633422893,3287.8916038775146,0.012933860048250267,4,2,0
2025-04-22,3322.60009765625,3333.89990234375,3295.0,3314.39990234375,3160.825439453125,2710498,-0.002167652444348911,-0.0021700052034996143,3272.0419189453123,3446.8133544921875,3183.2918343506212,3278.4792954016343,0.01270739442616451,4,2,1
2025-04-23,3365.0,3420.89990234375,3337.300048828125,3413.0,3254.85693359375,3543923,0.029749031049590036,0.0293151133766694,3264.882287597656,3433.5755419921875,3194.301849618795,3276.7294908232725,0.013935987735199575,4,2,2
2025-04-24,3401.10009765625,3412.5,3387.699951171875,3401.60009765625,3243.985107421875,2252175,-0.003340185573032617,-0.0033457764460375454,3256.4661865234375,3420.42451171875,3201.9454277423456,3274.3039809416878,0.01358320081913191,4,2,3
2025-04-25,3420.0,3477.800048828125,3405.0,3448.0,3288.235107421875,2742991,0.013640629822486261,0.01354843389238448,3247.8379028320314,3408.317744140625,3215.220763077658,3275.3359162365164,0.01385308959720196,4,2,4
2025-04-28,3435.0,3457.800048828125,3405.0,3443.5,3283.943603515625,1593296,-0.001305108596573179,-0.0013059609925245097,3237.6217651367188,3397.1427001953125,3225.793507760422,3275.973522701636,0.013826753398594942,4,2,0
2025-04-29,3455.0,3495.0,3430.39990234375,3472.5,3311.599853515625,1578332,0.008421658024331702,0.008386393713374738,3229.8350830078125,3386.3767822265627,3238.994484030453,3278.6125101693387,0.013928482415399767,4,2,1
2025-04-30,3472.0,3509.89990234375,3366.0,3453.699951171875,3293.670654296875,2809332,-0.005414059672612992,-0.005428768808464239,3220.417626953125,3376.652255859375,3247.4062025329795,3279.7279282528602,0.013518594937816262,4,2,2
2025-05-02,3472.0,3491.5,3420.0,3431.0,3272.02294921875,1721761,-0.0065725166084482645,-0.006594210704516907,3212.0659301757814,3366.7503662109375,3251.1933943307904,3279.1571890651485,0.013560096980002812,5,2,4
2025-05-05,3450.0,3504.5,3446.39990234375,3454.300048828125,3294.2431640625,1284443,0.0067909715758733835,0.006768016793318736,3207.464489746094,3358.055810546875,3257.8164358279764,3280.274668694582,0.013613779354356424,5,2,0
2025-05-06,3460.0,3473.0,3437.0,3460.0,3299.679443359375,1324763,0.0016502361926953313,0.0016488760491159987,3203.4615112304687,3348.998857421875,3264.2568985251146,3281.7120594104927,0.013618474618969005,5,2,1
2025-05-07,3420.60009765625,3459.5,3420.60009765625,3445.10009765625,3285.4697265625,1477128,-0.00430639310296399,-0.004315692320736993,3205.4618286132813,3340.236591796875,3267.5204105308662,3281.990405125456,0.013638344010482781,5,2,2
2025-05-08,3448.0,3477.0,3428.699951171875,3448.89990234375,3289.093505859375,2543591,0.0011029714465415896,0.001102363620437815,3212.590478515625,3332.1437939453126,3270.8393482737138,3282.516560735376,0.013148420311190722,5,2,3
2025-05-09,3399.0,3446.199951171875,3398.10009765625,3440.300048828125,3280.891845703125,2531757,-0.002493592882549245,-0.002496707063357805,3220.5178100585936,3325.5863916015624,3272.3858863397772,3282.396211473728,0.013113918068150463,5,2,4
2025-05-12,3505.0,3630.5,3502.199951171875,3620.39990234375,3452.646728515625,2228678,0.05235005934055459,0.05102581499165304,3236.1316772460937,3322.5537353515624,3300.1183235976,3295.007360884239,0.016157361568310838,5,2,0
2025-05-13,3620.39990234375,3623.0,3510.5,3515.0,3352.130859375,3062887,-0.029112700210669695,-0.02954488355539955,3248.9298583984373,3317.384873046875,3308.1202521787386,3299.2387311428142,0.016930925439896032,5,2,1
2025-05-14,3521.0,3561.0,3508.60009765625,3548.699951171875,3384.269287109375,2119499,0.009587462149484027,0.009541794096047702,3264.05498046875,3314.96447265625,3319.8354883219135,3305.5372908440413,0.01701711279421468,5,2,2
2025-05-15,3564.0,3600.0,3514.10009765625,3579.89990234375,3414.0234375,3548330,0.00879189800408553,0.008753474316025658,3279.8714965820313,3314.0174755859375,3334.3259420416193,3313.573301707446,0.017082597348018577,5,2,3
2025-05-16,3593.89990234375,3593.89990234375,3546.10009765625,3561.300048828125,3396.285400390625,1666727,-0.005195640110298716,-0.005209184382855976,3293.580419921875,3313.039970703125,3343.858166403005,3319.7001238321254,0.01696149303164369,5,2,4
2025-05-19,3550.0,3550.0,3503.699951171875,3518.800048828125,3355.75439453125,2537377,-0.01193392223595613,-0.012005703142679033,3304.065966796875,3313.7180224609374,3345.6883553458115,3322.370810550579,0.016868074352166692,5,2,0
2025-05-20,3531.800048828125,3558.0,3494.0,3498.300048828125,3336.20458984375,2038374,-0.005825755519939024,-0.005842791430550056,3312.4916015625,3313.818154296875,3344.2293144993405,3323.3955349426656,0.016897106033940283,5,2,1
2025-05-21,3508.0,3537.0,3498.300048828125,3525.800048828125,3362.430419921875,1440153,0.00786097775836736,0.007830241246983552,3322.5718505859377,3313.6989501953126,3347.0294845643457,3326.2870079040886,0.01521767959352153,5,2,2
2025-05-22,3495.0,3497.800048828125,3451.300048828125,3477.0,3315.89111328125,2034383,-0.013840972400465668,-0.013937651786720339,3325.6235595703124,3312.362861328125,3342.238965905408,3325.51694163573,0.014294514623566781,5,2,3
2025-05-23,3477.0,3535.0,3465.60009765625,3514.60009765625,3351.74951171875,1274331,0.01081410613692202,0.010756051852929426,3331.0117797851562,3310.7034912109375,3343.702126799768,3327.4600949752125,0.01426819025148296,5,2,4
2025-05-26,3521.0,3545.0,3510.10009765625,3537.300048828125,3373.3974609375,967470,0.006458701386563126,0.006437933349829873,3335.2698974609375,3309.293974609375,3348.2706397440343,3330.862862824271,0.014274226053728384,5,2,0
2025-05-27,3532.0,3540.0,3483.10009765625,3498.699951171875,3336.5859375,2467680,-0.010912299503323175,-0.01097227535897494,3337.9020141601563,3307.5592578125,3346.4729932449522,3331.286794281732,0.01415889031970024,5,2,1
2025-05-28,3520.0,3529.0,3493.0,3497.699951171875,3335.632080078125,1222933,-0.0002858782719049602,-0.00028591914288773673,3339.103625488281,3306.0791650390624,3344.8051604500556,3331.608667303687,0.014104219429311771,5,2,2
2025-05-29,3504.699951171875,3532.5,3486.5,3498.10009765625,3336.013916015625,3188072,0.00011447183872004274,0.00011446528731907528,3341.2207885742187,3305.9246728515627,3343.452661306297,3331.93498202309,0.014104362268179923,5,2,3
2025-05-30,3490.0,3506.699951171875,3453.10009765625,3463.39990234375,3302.921630859375,3404365,-0.009919708367336133,-0.009969236482887868,3342.76572265625,3305.015830078125,3337.217118160617,3329.785844899852,0.014246870168620718,5,2,4
2025-06-02,3450.0,3460.0,3418.60009765625,3449.800048828125,3289.951904296875,1877585,-0.003926743656683551,-0.003934473556749126,3342.551159667969,3304.1022265625,3329.945546796964,3326.8351826329645,0.014244398134516998,6,2,0
2025-06-03,3446.0,3473.5,3400.5,3405.199951171875,3247.418212890625,2848125,-0.012928362676274507,-0.013012661307417923,3339.938098144531,3302.33794921875,3317.2490338882963,3320.952444133532,0.014448288422689283,6,2,1
2025-06-04,3389.0,3394.800048828125,3370.0,3380.89990234375,3252.902587890625,2544807,0.0016888416090756753,0.0016874171196845256,3338.3097412109373,3300.694794921875,3307.349580657885,3315.9117140414646,0.014436943955789906,6,2,2
2025-06-05,3409.0,3409.0,3363.699951171875,3371.10009765625,3243.4736328125,3584683,-0.0028986281707991113,-0.0029028373292600417,3336.0287475585938,3297.6032763671874,3297.5225117585946,3310.5459302467266,0.013392247583578529,6,2,3
2025-06-06,3371.10009765625,3390.89990234375,3358.699951171875,3384.199951171875,3256.077392578125,2070390,0.0038858832204213822,0.0038783526784535232,3334.7880249023438,3294.478681640625,3291.146339576984,3306.511223752756,0.013395665616752045,6,2,4
2025-06-09,3400.0,3434.0,3390.89990234375,3421.89990234375,3292.350341796875,1718678,0.011140075878242506,0.011078482249269696,3326.7732055664064,3291.1096728515627,3291.3315706877365,3305.4622695338016,0.01331675887575057,6,2,0
2025-06-10,3440.0,3485.800048828125,3423.199951171875,3462.89990234375,3331.7978515625,2419874,0.0119815650433166,0.011910354338994802,3325.756555175781,3287.980302734375,3297.557152360777,3307.413053387779,0.013487366279590452,6,2,1
2025-06-11,3470.0,3489.0,3449.10009765625,3471.89990234375,3340.45703125,2847013,0.002598951098860658,0.0025955796656501663,3323.5659423828124,3285.4427734375,3304.1571337283494,3309.860755451647,0.013412153275423676,6,2,2
2025-06-12,3471.89990234375,3474.699951171875,3423.199951171875,3434.199951171875,3304.1845703125,4060134,-0.01085853240983814,-0.010917916547199584,3318.0739990234374,3281.8860693359375,3304.161354741296,3309.4402972931916,0.013529508963691088,6,2,3
2025-06-13,3393.199951171875,3450.5,3393.199951171875,3445.699951171875,3315.2490234375,2178493,0.0033486183624280574,0.0033430242249018545,3314.022180175781,3279.409912109375,3305.8671499253273,3309.8705733038814,0.013479582580841068,6,2,4
2025-06-16,3440.0,3509.0,3426.199951171875,3496.300048828125,3363.933837890625,1934088,0.014685115389203807,0.014578333218472963,3314.43115234375,3278.9631494140626,3314.8004865353732,3313.875259569566,0.013681672551479864,6,2,0
2025-06-17,3510.0,3520.0,3488.10009765625,3515.300048828125,3382.214111328125,2111940,0.005434195295874966,0.0054194833310118005,3316.7316284179688,3279.0126513671876,3325.1718134265657,3318.937396736867,0.013707319959576584,6,2,1
2025-06-18,3519.10009765625,3538.0,3443.10009765625,3451.39990234375,3320.733154296875,2696327,-0.018177724711552212,-0.018344969401617044,3314.646765136719,3280.518046875,3324.488942791229,3319.0704158153862,0.01411729381878394,6,2,2
2025-06-19,3450.0,3451.0,3413.0,3424.0,3294.370849609375,2672768,-0.007938700119095254,-0.007970379371666324,3313.570751953125,3283.4750537109376,3319.8553899940207,3317.240818318645,0.014199175022106119,6,2,3
2025-06-20,3425.0,3446.300048828125,3410.89990234375,3435.699951171875,3305.627685546875,2351248,0.003416991119513657,0.003411166470103781,3311.2646606445314,3287.140703125,3317.6665123867674,3316.3805862614768,0.014202238728167522,6,2,4
2025-06-23,3415.0,3425.0,3370.0,3393.60009765625,3265.121826171875,3123421,-0.012253606040421028,-0.012329300459559683,3305.85087890625,3289.635751953125,3309.5827145075527,3312.5836410696543,0.010446426490243197,6,2,0
2025-06-24,3434.60009765625,3442.10009765625,3382.0,3390.39990234375,3262.042724609375,3403048,-0.0009430280787133816,-0.0009434730094354383,3302.1237182617188,3292.95326171875,3302.268869907833,3308.839869480004,0.00908463051199915,6,2,1
2025-06-25,3407.300048828125,3450.0,3400.0,3444.800048828125,3314.38330078125,1757699,0.016045337412968097,0.015917971598654886,3301.061279296875,3297.6055908203125,3304.132628503743,3309.250494020837,0.009411539861088582,6,2,2
2025-06-26,3444.800048828125,3451.39990234375,3415.300048828125,3441.800048828125,3311.496826171875,2879106,-0.0008708934204123553,-0.0008712728684090525,3299.8354248046876,3301.8816650390627,3305.265581991148,3309.416888994988,0.009240978655510254,6,2,3
2025-06-27,3455.0,3466.39990234375,3431.0,3441.10009765625,3310.82373046875,1778433,-0.00020326025916894697,-0.00020328091933506691,3300.2305297851562,3305.6560009765626,3306.1206817569328,3309.5210994745257,0.009207233702479826,6,2,4
2025-06-30,3439.89990234375,3464.89990234375,3430.0,3462.0,3330.931884765625,1468351,0.006073459638404888,0.006055090520955625,3302.2795288085936,3309.35376953125,3309.937789912116,3311.1070835701626,0.009042401888360287,6,2,0
2025-07-01,3455.0,3485.0,3413.5,3429.699951171875,3299.854736328125,2375183,-0.009329866089317185,-0.009373661908880296,3304.9013549804686,3311.9970263671876,3308.3865508991944,3310.273576367049,0.00913958167613435,7,3,1
2025-07-02,3487.199951171875,3489.89990234375,3420.0,3423.300048828125,3293.697265625,3090585,-0.0018659823522948482,-0.0018677254661149914,3306.9410888671873,3314.654462890625,3306.1266608570104,3309.045701497267,0.009010804125798192,7,3,2
2025-07-03,3430.0,3435.300048828125,3397.60009765625,3400.800048828125,3272.049072265625,2531870,-0.006572611753153046,-0.0065943064787036786,3308.3698608398436,3314.9983056640626,3300.883954919874,3306.3052104430712,0.008737438628286631,7,3,3
2025-07-04,3408.0,3427.0,3390.10009765625,3419.800048828125,3290.329833984375,1109320,0.005586946074158883,0.005571396978695897,3310.082482910156,3315.9252001953123,3299.2602440067203,3305.1218492239086,0.008556202081200589,7,3,4
2025-07-07,3418.300048828125,3426.10009765625,3408.39990234375,3411.699951171875,3282.536376953125,1639174,-0.0023685944645289725,-0.002371404021742237,3309.5917846679686,3315.8112255859373,3296.6873413830904,3303.448851277925,0.008456974090756065,7,3,0
2025-07-08,3405.0,3425.0,3393.39990234375,3406.199951171875,3277.24462890625,2325242,-0.0016120912121579956,-0.001613392029408166,3306.864123535156,3315.67724609375,3293.696154848192,3301.507797768912,0.0082441351479956,7,3,1
2025-07-09,3410.0,3414.0,3367.0,3383.800048828125,3255.69287109375,2034938,-0.00657618220574907,-0.006597900560218361,3302.6259155273438,3314.5591064453124,3287.849495809047,3298.114099496678,0.008316462819052474,7,3,2
2025-07-10,3380.0,3399.0,3356.0,3382.0,3253.9609375,3035012,-0.0005319708161439785,-0.0005321123628199527,3300.1147338867186,3313.764912109375,3282.6358714538087,3294.8434949043317,0.00831491657130936,7,3,3
2025-07-11,3299.89990234375,3335.0,3261.10009765625,3266.0,3142.352294921875,7635550,-0.03429931849884871,-0.034901346302616,3291.4698974609373,3311.1714990234377,3261.053782756588,3283.5478504611865,0.010212227846176774,7,3,4
2025-07-14,3266.0,3272.0,3200.0,3222.699951171875,3100.691650390625,3924009,-0.013257789267796194,-0.013346458331797793,3278.3077880859373,3307.30046875,3236.382685469517,3270.0029467522563,0.01042513265039612,7,3,0
2025-07-15,3206.0,3259.39990234375,3206.0,3252.300048828125,3129.171142578125,2590889,0.009184883696484958,0.009142959171283703,3265.6556396484375,3303.890302734375,3219.888601947764,3259.570961257876,0.010401681866330954,7,3,1
2025-07-16,3227.0,3244.89990234375,3220.60009765625,3233.10009765625,3121.2548828125,2540733,-0.002529826399684465,-0.002533031817732784,3255.6817260742187,3300.606005859375,3204.7141836192623,3249.325325817478,0.010390029037116503,7,3,2
2025-07-17,3224.10009765625,3242.0,3204.10009765625,3209.199951171875,3098.181640625,2947640,-0.007392296705583057,-0.007419755135138021,3245.872265625,3296.7877685546873,3188.324561620145,3238.129497284702,0.010445761533835307,7,3,3
2025-07-18,3225.0,3228.800048828125,3187.0,3189.89990234375,3079.549072265625,3432645,-0.006014033559251342,-0.006032190694091241,3234.5683349609376,3292.7609130859373,3171.5898709502185,3226.382799135141,0.010426977165241932,7,3,4
2025-07-21,3190.0,3197.60009765625,3152.0,3158.199951171875,3048.946044921875,3844346,-0.009937502740047344,-0.009987209300617484,3223.7595458984374,3284.6868994140623,3152.721590022781,3213.2393358600843,0.010233072738710502,7,3,0
2025-07-22,3159.60009765625,3180.10009765625,3154.60009765625,3159.60009765625,3050.297607421875,3198036,0.0004432884282261629,0.00044319020493728946,3213.1722900390623,3278.650234375,3136.9640542380266,3201.1695781979947,0.009880545703677211,7,3,1
2025-07-23,3159.60009765625,3182.0,3157.60009765625,3179.10009765625,3069.122802734375,1922875,0.00617159298381087,0.006152626698625337,3200.9092651367187,3272.3473046875,3126.5269386220803,3191.38833557106,0.009970114929615763,7,3,2
2025-07-24,3165.10009765625,3173.699951171875,3140.0,3148.0,3039.098876953125,2934778,-0.009782575579739161,-0.009830739340054717,3187.2893676757812,3264.8488134765626,3113.0764675960872,3180.107634932694,0.009941915692945703,7,3,3
2025-07-25,3140.0,3156.89990234375,3125.60009765625,3135.800048828125,3027.32080078125,2568917,-0.003875515950202746,-0.0038830452216462186,3173.114221191406,3257.469521484375,3099.8832880861123,3168.790091662217,0.009876742639140597,7,3,4
2025-07-28,3110.0,3118.0,3069.89990234375,3079.300048828125,2972.775390625,3374473,-0.018017717231082253,-0.018182012777275238,3155.206396484375,3249.80994140625,3080.328226938249,3154.2704841779787,0.009662610469257073,7,3,0
2025-07-29,3060.0,3074.0,3041.199951171875,3056.0,2950.281494140625,4785312,-0.007566631692159542,-0.007595403880666486,3137.727734375,3242.0914794921873,3060.3210372770764,3139.1601886196563,0.00951218706184119,7,3,1
2025-07-30,3060.0,3069.0,3047.199951171875,3053.60009765625,2947.96435546875,2880121,-0.0007853957923936727,-0.0007857043772537741,3120.4410888671873,3233.802158203125,3043.0353939219494,3124.997534312182,0.009173798640347964,7,3,2
2025-07-31,3041.699951171875,3059.800048828125,3015.0,3036.800048828125,2931.74560546875,2968371,-0.005501677783149805,-0.005516867751524008,3103.425915527344,3226.119248046875,3025.9138880060727,3110.682576620076,0.009147739720245162,7,3,3
2025-08-01,3029.89990234375,3036.800048828125,3000.0,3003.0,2899.11474609375,2053847,-0.011130181047813936,-0.011192584989722455,3083.8651611328123,3217.066552734375,3006.4063277118694,3095.0108854699774,0.009135408624019917,8,3,4
2025-08-04,3009.10009765625,3079.39990234375,2991.60009765625,3074.39990234375,2968.044677734375,2519252,0.023776199867045822,0.02349794791339347,3068.140576171875,3208.9594970703124,3000.5045354076397,3085.605981193266,0.010345196006197406,8,3,0
2025-08-05,3074.39990234375,3077.5,3042.0,3063.89990234375,2957.907958984375,1927996,-0.003415285095282883,-0.003421130494354921,3052.1737426757813,3201.3859375,2993.9512159579062,3076.1468684370516,0.010337077330982394,8,3,1
2025-08-06,3063.0,3066.800048828125,3026.0,3032.300048828125,2927.401123046875,1487081,-0.010313652879170299,-0.010367207141976895,3035.7591552734375,3193.221318359375,2983.71274012544,3065.128665074816,0.009747834048267501,8,3,2
2025-08-07,3016.0,3051.60009765625,3010.89990234375,3047.0,2941.5927734375,2543076,0.004847866689295488,0.0048361536239094225,3020.1407470703125,3185.3328955078123,2977.2327452503723,3055.9778582868666,0.009868007755358038,8,3,3
2025-08-08,3048.10009765625,3059.800048828125,3025.0,3036.39990234375,2931.359130859375,2762140,-0.0034789460562095753,-0.003485011661068036,3009.5910888671874,3177.9016455078126,2970.175266113296,3046.746841440386,0.00984386396643732,8,3,4
2025-08-11,3036.39990234375,3049.89990234375,3021.300048828125,3040.800048828125,2935.607177734375,1884215,0.0014491731259671514,0.0014481240879621294,3001.336865234375,3170.8147509765627,2964.857098670385,3038.5142737584592,0.009716023309740454,8,3,0
2025-08-12,3041.0,3096.39990234375,3026.89990234375,3035.39990234375,2930.393798828125,3358232,-0.0017759116225739557,-0.00177749042310325,2991.397998046875,3164.4742626953125,2959.5550525408066,3030.5053496895457,0.009675126158701794,8,3,1
2025-08-13,3036.10009765625,3044.39990234375,3028.60009765625,3036.199951171875,2931.166259765625,2148166,0.0002636031163487651,0.00026356837915171225,2981.8935668945314,3158.0395361328124,2955.187545960009,3023.14689858407,0.00969838456959739,8,3,2
2025-08-14,3034.0,3055.89990234375,3019.10009765625,3022.300048828125,2917.7470703125,3342174,-0.004578105867729887,-0.004588617488877214,2972.8718383789064,3151.5250048828125,2949.427472783469,3015.339503897287,0.009685789962515753,8,3,3
2025-08-18,3046.5,3049.0,3003.39990234375,3011.199951171875,2907.03125,2945609,-0.0036726351031353133,-0.0036793957855247254,2964.245947265625,3144.54408203125,2942.904976970628,3007.316670275266,0.009523602567557606,8,3,0
2025-08-19,3011.199951171875,3025.0,3011.10009765625,3016.199951171875,2911.858154296875,2650784,0.0016604239451760705,0.0016590469653733164,2957.391552734375,3136.93423828125,2938.1285427131274,3000.2456690916815,0.009576769040386813,8,3,1
2025-08-20,3010.89990234375,3103.39990234375,3010.89990234375,3098.60009765625,2991.40771484375,4952358,0.02731917433185682,0.0269526658491695,2954.447058105469,3130.126435546875,2946.3253384255313,2999.591005814057,0.011147335936919082,8,3,2
2025-08-21,3130.0,3130.0,3083.10009765625,3102.60009765625,2995.26953125,3230726,0.0012909695950462652,0.0012901370102826398,2950.75439453125,3123.222685546875,2953.8552142446806,2999.2708965870897,0.011152287351209106,8,3,3
2025-08-22,3086.0,3095.699951171875,3050.0,3054.0,2948.3505859375,1593791,-0.01566434834093866,-0.015788330684856494,2946.2169799804688,3116.106005859375,2953.008348351268,2995.499021724157,0.01138983081532474,8,3,4
2025-08-25,3087.300048828125,3152.0,3077.10009765625,3140.60009765625,3031.955078125,3448370,0.028356360531295532,0.027961761175606163,2946.448693847656,3110.440126953125,2965.153999085688,2998.1994703464416,0.011237758651153838,8,3,0
2025-08-26,3129.0,3162.0,3120.0,3157.199951171875,3047.98046875,5522097,0.0052854973810860795,0.005271578164914786,2950.208947753906,3104.1210595703124,2977.896532880198,3001.886951709668,0.011056244401064147,8,3,1
2025-08-28,3145.0,3146.5,3086.5,3093.699951171875,2986.67724609375,3116051,-0.02011273473855002,-0.020317749382104032,2952.0287353515623,3096.210322265625,2979.247411836129,3000.76030684923,0.011456782225437749,8,3,3
2025-08-29,3093.0,3115.0,3077.199951171875,3084.699951171875,2977.988525390625,2271789,-0.0029091595733984343,-0.002913399403000675,2953.5299438476563,3089.3554296875,2979.053736998359,2999.0735082226665,0.011458179390354638,8,3,4
2025-09-01,3090.0,3131.10009765625,3090.0,3112.60009765625,3004.92333984375,1246862,0.009044633390449919,0.00900397566611405,2957.188830566406,3083.5664794921877,2983.03367589765,2999.5068290834874,0.01155934712187525,9,3,0
2025-09-02,3121.10009765625,3155.0,3103.10009765625,3111.5,3003.861572265625,2185229,-0.0003533426507247306,-0.0003534050909481037,2962.426171875,3077.5311572265623,2986.2379676465694,2999.829402652535,0.011520037452224111,9,3,1
2025-09-03,3129.89990234375,3141.89990234375,3088.0,3097.5,2990.345947265625,1799774,-0.0044994167257201845,-0.004509569567178946,2963.5412353515626,3072.0356396484376,2986.8699645110396,2999.126924475727,0.01141302412625375,9,3,2
2025-09-04,3116.0,3118.0,3090.800048828125,3095.699951171875,2988.60791015625,1481391,-0.0005812160666441857,-0.0005813850381780674,2965.0762329101562,3066.566943359375,2987.137340764149,2998.3477382298397,0.011411376457185651,9,3,3
2025-09-05,3097.10009765625,3103.39990234375,3028.60009765625,3048.300048828125,2942.84765625,2802055,-0.01531156153028368,-0.015429993967496291,2965.8485595703123,3059.13623046875,2980.323543146588,2994.236621046148,0.011642329162527115,9,3,4
2025-09-08,3050.0,3064.89990234375,3016.0,3019.0,2914.56103515625,2626187,-0.00961198960934151,-0.009658482950345534,2964.49697265625,3051.1975146484374,2970.2062342249974,2988.334725795044,0.011638101622513606,9,3,0
2025-09-09,3032.10009765625,3060.0,3030.800048828125,3049.39990234375,2943.909423828125,2489301,0.010069574223310562,0.01001921385029438,2965.1244873046876,3043.859228515625,2966.160571087017,2985.043962686383,0.011810091473262709,9,3,1
2025-09-10,3056.39990234375,3122.699951171875,3053.39990234375,3110.0,3002.413330078125,2079428,0.019872862179952655,0.019677974605740858,2968.464794921875,3037.288857421875,2971.7379186241105,2986.3305824931786,0.011937728445000042,9,3,2
2025-09-11,3139.0,3139.0,3110.10009765625,3124.199951171875,3016.1220703125,2263446,0.004565907064507435,0.004555514931847636,2972.7512084960936,3031.6142041015623,2978.5662496530936,2988.537359368684,0.011863844391239185,9,3,3
2025-09-12,3144.0,3148.699951171875,3121.0,3133.39990234375,3025.003662109375,1447167,0.0029447056816087613,0.0029403785285466283,2977.443078613281,3026.24033203125,2985.71046695406,2991.2385669791056,0.011866163533061238,9,3,4
2025-09-15,3134.0,3134.0,3096.0,3111.89990234375,3004.24755859375,1732539,-0.00686151351669817,-0.006885161938627504,2981.768103027344,3020.8843017578124,2988.56232720632,2992.202195987598,0.011894135192678798,9,3,0
2025-09-16,3128.0,3150.0,3109.10009765625,3145.699951171875,3036.878173828125,2573429,0.01086149346815124,0.010802931116098211,2988.26044921875,3015.8152685546875,2995.995534378905,2995.511527679489,0.011805602012245928,9,3,1
2025-09-17,3152.0,3182.39990234375,3142.39990234375,3172.800048828125,3063.040771484375,2418271,0.00861496449930721,0.008578067452372566,2995.819580078125,3011.4253564453124,3006.3101862412855,3000.5136938872583,0.011129383869626551,9,3,2
2025-09-18,3185.0,3203.0,3161.39990234375,3176.699951171875,3066.805908203125,2633138,0.001229215345026402,0.0012284604783766332,2999.589489746094,3007.21658203125,3015.6172203892606,3005.424228281026,0.011096515524882318,9,3,3
2025-09-19,3170.0,3180.5,3144.0,3169.199951171875,3059.565185546875,4901694,-0.002360998013236637,-0.0023637895638083817,3002.8042724609377,3003.2940283203125,3022.3784457981246,3009.434669559978,0.010903685784015403,9,3,4
2025-09-22,3095.0,3106.89990234375,3065.0,3073.800048828125,2967.465576171875,3634901,-0.030102188967919608,-0.03056456248581529,3003.7600219726564,2997.56412109375,3013.930312009471,3006.325847827526,0.01231301721713762,9,3,0
2025-09-23,3070.0,3080.699951171875,3052.0,3062.39990234375,2956.4599609375,3177741,-0.0037087591926079355,-0.003715653691953148,2999.9852661132813,2993.8462744140625,3005.08871953686,3002.6320784282652,0.012315562481290251,9,3,1
2025-09-24,3050.0,3057.0,3033.0,3035.39990234375,2930.393798828125,1625714,-0.008816680237099916,-0.008855777135174223,2994.1059326171876,2990.4403173828123,2993.597193273978,2997.2810947541807,0.012426306889094078,9,3,2
2025-09-25,3022.0,3029.60009765625,2951.0,2957.39990234375,2855.092041015625,4974361,-0.025696804928611816,-0.02603273520551735,2987.5266723632812,2984.9587353515626,2972.2887083111546,2986.7485722550286,0.013283136787804427,9,3,3
2025-09-26,2941.0,2954.800048828125,2891.300048828125,2899.10009765625,2798.809326171875,3934636,-0.019713099975484094,-0.019909995034882864,2978.5677124023437,2978.50982421875,2945.5995725974194,2972.8271466192396,0.0137223680713834,9,3,4
2025-09-29,2916.0,2929.300048828125,2894.0,2896.10009765625,2795.912841796875,3110035,-0.001034898786392735,-0.0010354346638929929,2968.1171875,2972.4644482421877,2922.5708447819507,2959.7223832990644,0.013709740436217257,9,3,0
2025-09-30,2911.0,2915.300048828125,2885.10009765625,2888.39990234375,2788.479248046875,2253458,-0.0026587358657512716,-0.0026622765812304794,2957.3480712890623,2966.6430517578124,2901.94136836117,2947.037706613717,0.013705014858304148,9,3,1
2025-10-01,2891.0,2924.800048828125,2866.60009765625,2914.199951171875,2813.38671875,1952902,0.008932277592013982,0.008892620776035217,2948.500109863281,2961.931865234375,2888.317576113298,2937.137633438627,0.013822908150049152,10,4,2
2025-10-03,2924.0,2924.0,2891.10009765625,2901.89990234375,2801.51220703125,2899519,-0.004220717912546967,-0.004229650285272913,2939.1453247070312,2956.9561572265625,2874.962903946829,2927.091305556599,0.012748177117565887,10,4,4
2025-10-06,2902.0,2993.60009765625,2895.60009765625,2988.39990234375,2885.019775390625,2112774,0.029808033015093605,0.02937240915793148,2936.2539306640624,2953.2740966796873,2876.510114938182,2923.9748959146746,0.014010790978914578,10,4,0
2025-10-07,2995.0,3004.5,2955.5,2973.699951171875,2870.828125,3062943,-0.004919082535128738,-0.004931221044870686,2934.06728515625,2949.908681640625,2875.63596264,2920.038098069143,0.013762206687489533,10,4,1
2025-10-08,2975.0,3043.0,2968.0,3027.199951171875,2922.477783203125,4121889,0.017991205308790503,0.017831278905149073,2932.995703125,2947.8118212890627,2882.8423965727884,2920.218815486475,0.0131202190650977,10,4,2
2025-10-09,3034.0,3066.0,3020.0,3061.699951171875,2955.7841796875,3211304,0.01139662948878617,0.011332177137712389,2930.6642456054688,2947.4719970703127,2894.064209359667,2922.853286908773,0.013270034821641477,10,4,3
2025-10-10,3050.0,3070.0,3006.89990234375,3028.300048828125,2923.53955078125,8817365,-0.010908992993412303,-0.010968932374947931,2926.035119628906,2946.937158203125,2898.5988772706796,2922.9041212696975,0.012913035888476197,10,4,4
2025-10-13,3027.0,3035.5,2998.199951171875,3007.199951171875,2903.16943359375,2866865,-0.006967621553830683,-0.006992008775530659,2919.943408203125,2946.041259765625,2899.302039781921,2921.4422925529607,0.012958900592570636,10,4,0
2025-10-14,3021.0,3027.199951171875,2955.5,2960.300048828125,2857.89208984375,3611416,-0.015595832343120453,-0.015718726771557605,2912.625634765625,2944.564189453125,2892.9312782529714,2916.734870130056,0.013095762059862449,10,4,1
2025-10-15,2971.0,2979.699951171875,2951.0,2969.800048828125,2877.756591796875,4282226,0.00695075297759451,0.00692670785097348,2904.6695556640625,2944.1370263671874,2890.5967111058794,2913.8475902535242,0.013187084156325512,10,4,2
2025-10-16,2969.89990234375,2975.0,2943.10009765625,2970.699951171875,2878.628662109375,3251495,0.00030303824687116787,0.0003029923400557476,2895.4489501953126,2942.3487060546877,2888.755472798725,2911.238780761365,0.01317660905718547,10,4,3
2025-10-17,2970.0,2988.800048828125,2955.39990234375,2962.199951171875,2870.391845703125,4374683,-0.002861368162788369,-0.0028654697025485374,2885.6282470703127,2940.5983837890626,2885.930299399402,2908.2130818681617,0.013179586027828209,10,4,4
2025-10-20,2985.5,3023.0,2978.5,3015.199951171875,2921.749267578125,3133039,0.01789212924077943,0.017733949096109494,2878.737451171875,2940.4853466796876,2891.440909888436,2909.215762291122,0.013351964685873713,10,4,0
2025-10-21,3031.10009765625,3031.800048828125,2996.0,3006.699951171875,2913.512939453125,310644,-0.002818971571721174,-0.0028229523549855714,2876.0398193359374,2939.92375,2894.8366067445418,2909.534071710529,0.013243187043530981,10,4,1
2025-10-23,3055.0,3098.0,3036.10009765625,3073.199951171875,2977.951904296875,5564758,0.022117274294942924,0.021876234997615148,2877.1144165039063,2940.85560546875,2907.623575598747,2914.6020593095177,0.01373048606487851,10,4,3
2025-10-24,3080.0,3090.0,3058.300048828125,3063.199951171875,2968.26171875,2684318,-0.0032539765108002827,-0.003259282205229863,2879.0078125,2941.5086962890623,2916.9525206989397,2918.576848897702,0.013244435013843462,10,4,4
2025-10-27,3066.5,3094.199951171875,3060.199951171875,3084.89990234375,2989.2890625,1946312,0.007084059878269544,0.007059085801959024,2885.717663574219,2942.6866015625,2928.0812194375644,2923.8147906460204,0.013284233068117947,10,4,0
2025-10-28,3076.0,3090.199951171875,3040.199951171875,3057.89990234375,2963.1259765625,3470737,-0.008752277009845044,-0.00879080314527131,2893.93349609375,2943.3257958984377,2933.4727205337085,2926.7267303435374,0.013359813921946738,10,4,1
2025-10-29,3057.89990234375,3076.0,3046.10009765625,3057.60009765625,2962.83544921875,2895420,-9.804758422282678e-05,-9.805239120142374e-05,2902.2796264648437,2944.2275634765624,2937.99006340833,2929.40145026022,0.013307512808107658,10,4,2
2025-10-30,3049.10009765625,3063.800048828125,3032.800048828125,3035.300048828125,2941.226318359375,2241536,-0.0072933955427977315,-0.007320122384312642,2909.9169799804686,2944.91146484375,2938.487948785414,2930.277366415713,0.013191109318171863,10,4,3
2025-10-31,3035.0,3067.39990234375,3025.10009765625,3058.0,2963.222900390625,1868085,0.007478711139617289,0.007450884232937461,2917.4087890625,2945.938759765625,2942.2933259554466,2932.717776339781,0.013164207270226064,10,4,4
2025-11-03,3046.89990234375,3058.0,3010.0,3016.800048828125,2923.2998046875,2194877,-0.013472862840612554,-0.013564445373351774,2923.4981689453125,2944.5766015625,2939.371245760378,2932.0201488099824,0.013349938504919412,11,4,0
2025-11-04,3019.60009765625,3029.300048828125,2976.0,2990.199951171875,2897.5244140625,2670720,-0.008817224488459674,-0.008856326227858017,2924.123400878906,2942.62169921875,2932.933271653012,2929.4649091990577,0.013416004686659004,11,4,1
2025-11-06,2990.10009765625,3024.0,2990.0,3010.89990234375,2917.582763671875,2542721,0.006922581743237899,0.006898730684909703,2926.4611328125,2942.0063427734376,2930.5716550405295,2928.584750271118,0.01237840996760299,11,4,3
2025-11-07,3001.0,3004.0,2960.5,2991.800048828125,2899.074951171875,1830520,-0.006343543268231833,-0.006363749034925165,2925.2909912109376,2939.348740234375,2925.7260082915054,2926.3988392267297,0.012411330175883377,11,4,4
2025-11-10,2993.0,3047.89990234375,2992.0,3025.199951171875,2931.439453125,1556656,0.011163734121479862,0.011101879567834249,2924.0737548828124,2937.017919921875,2926.604999804351,2926.772218034009,0.012489877520622333,11,4,0
2025-11-11,3045.0,3055.699951171875,3018.0,3047.0,2952.56396484375,2806868,0.007206190697962578,0.007180350172679934,2925.5249755859377,2936.335654296875,2930.598686733489,2928.6827177976934,0.011557500964408274,11,4,1
2025-11-12,3060.0,3136.39990234375,3057.10009765625,3131.800048828125,3034.735595703125,4460315,0.027830601415513634,0.027450368839237838,2932.1032836914064,2937.470595703125,2946.619749651895,2936.538486531429,0.01184922171140801,11,4,2
2025-11-13,3131.800048828125,3131.89990234375,3102.0,3105.699951171875,3009.444580078125,1740435,-0.008333844853175787,-0.008368765488978167,2939.680908203125,2937.5610205078124,2956.285108179007,2941.9389379052586,0.012003936524969757,11,4,3
2025-11-14,3090.0,3113.10009765625,3077.300048828125,3106.0,3009.7353515625,2210794,9.661965078211487e-05,9.661498340429411e-05,2946.2798461914062,2937.67849609375,2964.508222545698,2946.960894472462,0.011973406089749875,11,4,4
2025-11-17,3106.0,3123.5,3086.60009765625,3102.199951171875,3006.052978515625,2232853,-0.0012234873225525078,-0.0012242363942155218,2952.6510620117188,2937.99263671875,2970.8997234641483,2951.3380858830665,0.011932199107923182,11,4,0
2025-11-18,3102.0,3105.0,3078.0,3087.10009765625,2991.421142578125,2548350,-0.004867457773390704,-0.004879342427028742,2958.702526855469,2938.0489013671877,2974.0568648662984,2954.3072011938116,0.011944923978542531,11,4,1
2025-11-19,3097.0,3155.0,3083.5,3147.699951171875,3050.142822265625,3151053,0.019630027631913904,0.019439843490164282,2965.122204589844,2940.1948046875,2985.7623967738873,2961.40613608802,0.011260347106064944,11,4,2
2025-11-20,3148.0,3164.5,3138.10009765625,3144.800048828125,3047.3330078125,2700767,-0.0009212075030106126,-0.0009216320754086265,2971.8132080078126,2942.850244140625,2995.2347984721355,2967.7710895490923,0.011200139942465976,11,4,3
2025-11-21,3144.800048828125,3170.0,3135.199951171875,3150.60009765625,3052.952880859375,4177037,0.0018441939336684143,0.0018424954958811007,2975.5632568359374,2945.03111328125,3004.1145034547876,2974.0808518683725,0.010788110269925294,11,4,4
2025-11-24,3158.0,3178.89990234375,3131.0,3141.199951171875,3043.84423828125,6703764,-0.002983551641177362,-0.0029880113040070145,2979.3423828125,2945.8597314453127,3010.2267703511666,2979.2485101211782,0.010652428589900665,11,4,0
2025-11-25,3145.300048828125,3149.800048828125,3115.0,3119.199951171875,3022.526123046875,2737920,-0.007003681386276384,-0.007028322281476516,2981.0042358398437,2945.9878125,3012.118978458199,2982.4542592267853,0.01052454806768141,11,4,1
2025-11-26,3118.800048828125,3178.0,3117.0,3162.89990234375,3064.87158203125,2508527,0.01400995632808244,0.013912723984773319,2986.091516113281,2946.7851708984376,3020.234763623284,2988.55924610119,0.010661655021715939,11,4,2
2025-11-27,3180.0,3180.0,3125.0,3136.60009765625,3039.386962890625,2836233,-0.008315069150053866,-0.00834983217630847,2989.919091796875,2947.487958984375,3023.181255818259,2992.324262159667,0.010328186147868575,11,4,3
2025-11-28,3140.0,3147.300048828125,3125.0,3137.5,3040.2587890625,1616690,0.0002868427687949815,0.00028680163727330823,2994.870715332031,2947.5555712890623,3025.8085686250656,2995.874967856173,0.01029198617618497,11,4,4
2025-12-01,3137.89990234375,3154.0,3122.199951171875,3133.39990234375,3036.285888671875,1747647,-0.0013067638863236697,-0.0013076184468046137,2998.5238647460938,2947.0204736328124,3027.4204640168828,2998.8683693980765,0.010304699384956014,12,4,0
2025-12-02,3131.0,3144.0,3120.39990234375,3135.699951171875,3038.5146484375,2512003,0.0007340414728205236,0.0007337721961440546,3004.2846069335938,2946.4546484375,3029.1272616200545,3001.8051308084046,0.010269103739096556,12,4,1
2025-12-03,3140.0,3211.89990234375,3139.0,3180.0,3081.441650390625,3952112,0.0141276271204418,0.014028762258953232,3013.48046875,2946.892177734375,3037.175629123219,3007.7041322589394,0.010088998589991823,12,4,2
2025-12-04,3194.0,3250.0,3187.39990234375,3229.199951171875,3129.11669921875,5025905,0.015471670158700324,0.015353204218044397,3024.057165527344,2950.1252001953126,3051.320409137916,3016.6976557374437,0.010348063880922137,12,4,3
2025-12-05,3230.0,3271.60009765625,3222.39990234375,3238.199951171875,3137.837890625,5244013,0.0027871096684977115,0.002783232880031443,3035.9953125,2953.7527587890627,3064.6307909051598,3025.6710064698555,0.009659059835121466,12,4,4
2025-12-08,3243.0,3259.89990234375,3208.60009765625,3236.5,3136.190673828125,2544725,-0.000524952803265033,-0.000525090639228222,3046.232873535156,2957.8686962890624,3075.640003662539,3033.8576484963937,0.009622704805305868,12,4,0
2025-12-09,3230.0,3233.699951171875,3181.199951171875,3208.300048828125,3108.86474609375,2734893,-0.00871309514514318,-0.00875127610331537,3054.0479125976562,2962.944150390625,3080.7515024981103,3039.413729799902,0.00975939433690264,12,4,1
2025-12-10,3225.0,3225.0,3178.10009765625,3189.199951171875,3090.356689453125,1386849,-0.005953316773873896,-0.005971108412161416,3056.828967285156,2968.77509765625,3082.2292235681125,3043.1872823668073,0.009672439631749777,12,4,2
2025-12-11,3205.0,3208.39990234375,3153.10009765625,3191.89990234375,3092.972900390625,1914362,0.0008465724835029498,0.0008462143431316402,3061.0053833007814,2974.716298828125,3083.882096925422,3046.8751059241267,0.009668772401312975,12,4,3
2025-12-12,3197.699951171875,3223.0,3185.699951171875,3220.5,3120.6865234375,1146554,0.008960189416265196,0.00892028510870838,3066.552941894531,2981.3604443359377,3089.544316388819,3052.3426183325246,0.00961551277819103,12,4,4
2025-12-15,3211.10009765625,3238.199951171875,3197.300048828125,3230.199951171875,3130.0859375,1562190,0.0030119699597850325,0.003007443065900083,3072.75458984375,2987.6944287109377,3095.781488867462,3058.1013827153006,0.00956251816848025,12,4,0
2025-12-16,3220.0,3220.0,3191.10009765625,3205.10009765625,3105.763916015625,1734623,-0.0077704005481079585,-0.007800747417553696,3078.471728515625,2993.779462890625,3097.3172468902567,3061.6319407375468,0.009300059039441618,12,4,1
2025-12-17,3200.5,3236.89990234375,3200.5,3217.800048828125,3118.0703125,1376350,0.003962437846905864,0.003954608066590495,3081.8681030273438,2998.4404736328124,3100.5100262148326,3065.8125608680984,0.00907451627881751,12,4,2
2025-12-18,3228.0,3287.800048828125,3221.0,3280.800048828125,3179.117919921875,2307422,0.019578650031444766,0.019389453747277467,3088.4573486328127,3004.60626953125,3112.6035483236083,3074.2055504276373,0.009568538390365621,12,4,3
2025-12-19,3299.0,3317.89990234375,3278.800048828125,3282.0,3180.280517578125,3902511,0.0003656981859543329,0.0003656313346704933,3094.82373046875,3009.76232421875,3123.01538974738,3082.0629554017473,0.009422096488561939,12,4,4
2025-12-22,3310.0,3328.60009765625,3291.0,3324.89990234375,3221.850830078125,2632816,0.013071272257346944,0.012986580400003144,3103.7240600585938,3015.0836572265625,3138.2208421059563,3092.4176127851824,0.009484389190099878,12,4,0
2025-12-23,3319.89990234375,3319.89990234375,3293.5,3310.0,3207.41259765625,2365420,-0.0044813472700487855,-0.004491418606761147,3112.9683837890625,3020.7611181640623,3148.865727575232,3100.935759812669,0.009553806993780969,12,4,1
2025-12-24,3304.10009765625,3327.10009765625,3296.10009765625,3319.0,3216.1337890625,1367708,0.0027190737520401687,0.0027153837584021068,3120.531494140625,3027.0204052734375,3159.2146601117347,3109.4689471645083,0.008304135484271292,12,4,2
2025-12-26,3313.10009765625,3320.0,3271.800048828125,3280.0,3178.342529296875,1176664,-0.01175052477423244,-0.01182010781912589,3127.4792724609374,3033.4294140625,3162.157409217141,3114.570693989128,0.008472057706761214,12,4,4
2025-12-29,3280.0,3288.0,3242.89990234375,3251.5,3150.7255859375,2079473,-0.008689102293038431,-0.00872707265461295,3133.0026123046873,3038.8887939453125,3160.398667174119,3117.248834133452,0.008684177485455738,12,4,0
2025-12-30,3250.0,3267.5,3239.5,3246.800048828125,3146.17138671875,2807593,-0.0014454445792031478,-0.0014464902419721092,3138.4968872070312,3044.2396484375,3158.20985479637,3119.3912454360666,0.00868672789135728,12,4,1
2025-12-31,3240.0,3246.0,3198.5,3206.199951171875,3106.82958984375,3362634,-0.012504657896603266,-0.012583499075304289,3141.912634277344,3048.9684033203125,3150.305198649813,3118.4607524292287,0.008988145041262892,12,4,2
2026-01-01,3215.0,3234.10009765625,3198.199951171875,3227.39990234375,3127.37255859375,1255735,0.0066121968250705265,0.006590432140549301,3144.2091796875,3053.080869140625,3146.7771001796496,3119.1208862191934,0.00836543563245993,1,1,3
2026-01-02,3234.0,3254.300048828125,3219.5,3250.699951171875,3149.950439453125,1184324,0.007219440740225513,0.0071935053292231585,3145.250866699219,3057.809619140625,3147.2653062217223,3121.4045568291144,0.008437136312087255,1,1,4
2026-01-05,3240.5,3247.0,3191.0,3216.10009765625,3116.4228515625,2341703,-0.010643846160463988,-0.010700897079608198,3144.1801147460938,3060.5790380859376,3142.5203131972266,3121.03554162418,0.008704953267563669,1,1,0
2026-01-06,3210.0,3263.199951171875,3205.0,3255.800048828125,3154.892578125,2912325,0.012344193453469376,0.012268625148433012,3145.1152099609376,3064.3116552734373,3144.42373857073,3123.5434702538705,0.00892691332265477,1,1,1
2026-01-07,3242.89990234375,3300.60009765625,3223.199951171875,3295.60009765625,3193.458984375,1989442,0.01222431676989788,0.012150203190266367,3149.344921875,3068.3950537109376,3151.967622540618,3128.722397225806,0.009005026306706696,1,1,2
2026-01-08,3286.89990234375,3286.89990234375,3182.0,3203.89990234375,3104.600830078125,4159336,-0.027825049493868992,-0.02821950048535141,3150.05712890625,3071.22455078125,3144.6804237002343,3126.935614474126,0.01021843963732452,1,1,3
2026-01-09,3191.0,3229.699951171875,3191.0,3207.800048828125,3108.380126953125,1938673,0.0012173213504245162,0.0012165810155454768,3150.827490234375,3074.1354443359373,3139.0957626622176,3125.561133917015,0.010082830129831043,1,1,4
2026-01-12,3203.0,3252.0,3174.300048828125,3239.60009765625,3139.19482421875,2228342,0.00991342628864067,0.009864610633394694,3151.7529052734376,3078.094814453125,3139.111002901684,3126.5710369023286,0.01021828343191959,1,1,0
2026-01-13,3245.0,3280.0,3210.5,3268.0,3166.71435546875,5645341,0.008766429862105962,0.008728227817196694,3153.584326171875,3082.1646435546877,3143.357672527387,3129.544616055397,0.010301004809064105,1,1,1
2026-01-14,3260.0,3260.0,3183.0,3192.5,3093.554443359375,3539511,-0.023102782220641882,-0.023373834336960927,3152.9738525390626,3085.569736328125,3135.69563727077,3126.8786773371735,0.011235422156338042,1,1,2
2026-01-15,3192.5,3192.5,3192.5,3192.5,3093.554443359375,0,0.0,0.0,3151.7480590820314,3089.4903369140625,3129.2123766690165,3124.4102155610403,0.010943755276937216,1,1,3
2026-01-16,3219.39990234375,3221.89990234375,3171.0,3206.699951171875,3163.8017578125,4293470,0.02270763800647435,0.022453657274097552,3150.9822509765627,3094.414716796875,3134.53381992186,3127.3281075796667,0.011363875887840592,1,1,4
2026-01-19,3188.0,3220.0,3152.10009765625,3163.60009765625,3121.278564453125,3387562,-0.013440536612122078,-0.013531678206939108,3148.0321533203123,3098.8587890625,3132.494549849747,3126.879993273997,0.011630895559085266,1,1,0
2026-01-20,3151.60009765625,3160.0,3091.10009765625,3102.300048828125,3060.798583984375,4499273,-0.019376668637503203,-0.01956685710240956,3139.979541015625,3101.4459716796873,3121.4644012550743,3121.9850740673583,0.012151642229873564,1,1,1
2026-01-21,3100.0,3138.5,3082.0,3122.60009765625,3080.826904296875,2015150,0.006543495026852808,0.006522179298980759,3133.650256347656,3104.01123046875,3115.212478646121,3118.936320751026,0.012125643474029873,1,1,2
2026-01-22,3150.0,3160.0,3122.300048828125,3150.39990234375,3108.2548828125,2269827,0.008902797647401428,0.008863401396338238,3128.256311035156,3105.4816162109373,3114.142079287102,3118.1451031259503,0.012187075775694587,1,1,3
2026-01-23,3190.300048828125,3194.5,3152.0,3162.5,3120.193115234375,2068857,0.00384081514289214,0.0038334580445638098,3125.348840332031,3107.6965869140627,3115.0730078943748,3118.296807726574,0.012204255452990065,1,1,4
2026-01-27,3175.0,3175.0,3130.0,3158.0,3115.75341796875,4279874,-0.0014228918216465658,-0.0014239050935128462,3123.600231933594,3109.8169482421877,3115.1776863673554,3118.1084084852537,0.012098851750532711,1,1,1
2026-01-28,3176.0,3205.199951171875,3170.60009765625,3200.10009765625,3157.290283203125,2751234,0.013331242772560037,0.01324316369449784,3124.1561767578123,3112.8416943359375,3121.6565474190124,3121.0107695754664,0.012331355806675909,1,1,2
2026-01-29,3200.10009765625,3200.10009765625,3125.60009765625,3144.39990234375,3102.335205078125,2457641,-0.01740577305082225,-0.01755903454555526,3123.9314575195312,3115.0599755859375,3118.684033212722,3119.6273944275154,0.01267127556134876,1,1,3
2026-01-30,3141.0,3141.0,3092.0,3123.89990234375,3082.109375,3022068,-0.006519550190778212,-0.00654089528229976,3121.6682983398437,3115.699306640625,3113.057162718457,3116.848281877329,0.012703892317457425,1,1,4
2026-02-02,3198.0,3198.0,3134.0,3169.60009765625,3127.1982421875,2636272,0.014629223593825236,0.014523248804669715,3120.5306884765623,3117.296611328125,3115.2327134060024,3117.6149456040084,0.01246664432933781,2,1,0
2026-02-03,3350.0,3350.0,3186.300048828125,3225.300048828125,3182.153076171875,4366060,0.017573185237509392,0.017420562271375405,3123.8171997070312,3119.880615234375,3125.528153831521,3122.395547868295,0.012895069728725995,2,1,1
2026-02-04,3120.0,3120.0,2986.0,2999.10009765625,2958.979248046875,10852595,-0.07013296431153393,-0.07271367543435361,3114.021533203125,3118.1833154296874,3099.905245249268,3110.290636770412,0.01796154532297713,2,1,2
2026-02-05,2990.0,3029.699951171875,2972.300048828125,2991.5,2951.480712890625,3521545,-0.002534162806717699,-0.002537379232396491,3101.9226196289064,3116.7624072265626,3077.0707018094768,3098.526938705243,0.017958304002119018,2,1,3
2026-02-06,2976.60009765625,2985.0,2916.0,2941.60009765625,2902.248291015625,4687389,-0.01668058397264016,-0.016821271609054028,3091.8049926757812,3113.50994140625,3050.1749463027304,3083.987779617123,0.018108507208187605,2,1,4
2026-02-09,2959.10009765625,2977.0,2937.5,2948.199951171875,2908.760009765625,2380318,0.00224368079401005,0.0022411675009069297,3081.8239868164064,3110.89740234375,3028.4188022200988,3071.0079448133088,0.018062301648515754,2,1,0
2026-02-10,2949.800048828125,3011.60009765625,2943.5,2984.60009765625,2944.673095703125,3547763,0.012346527667091323,0.012270930896760497,3072.097900390625,3108.9856884765627,3015.534847371334,3061.6498078421837,0.018232839800987024,2,1,1
2026-02-11,2980.0,2998.0,2904.199951171875,2909.800048828125,2870.873779296875,3363513,-0.02506197258837939,-0.02538137163352289,3057.305871582031,3105.6774462890626,2993.2792984368016,3047.518250172161,0.018707816230473632,2,1,2
2026-02-12,2869.800048828125,2880.0,2740.0,2750.10009765625,2713.31005859375,10612156,-0.054883541672708036,-0.056447122756189724,3038.29365234375,3099.1733544921876,2950.207107691717,3022.76208783302,0.02092830341685189,2,1,3
2026-02-13,2585.0,2713.0,2585.0,2692.199951171875,2656.1845703125,11168735,-0.021053800357360153,-0.021278592361430027,3016.425158691406,3090.668212890625,2904.9728711718376,2995.6081976463147,0.021040710993989225,2,1,4
2026-02-16,2700.0,2719.800048828125,2671.0,2706.60009765625,2670.39208984375,2918730,0.005348844989931711,0.005334590725211444,2991.754675292969,3081.493720703125,2868.8835201982856,2971.5181155868654,0.021005350774131685,2,1,0
2026-02-17,2716.0,2760.0,2695.199951171875,2717.39990234375,2681.04736328125,4209118,0.003990153160663201,0.0039822136125413484,2969.743115234375,3072.35791015625,2839.985649903357,2950.001763564227,0.021046173838442785,2,1,1
2026-02-18,2730.0,2730.0,2657.300048828125,2694.89990234375,2658.848388671875,2950820,-0.008279963611760421,-0.008314432912036188,2949.64560546875,3062.811064453125,2812.1183789446673,2928.4348469055344,0.020802829656766896,2,1,2
2026-02-19,2708.0,2748.699951171875,2666.60009765625,2677.89990234375,2642.075927734375,3238849,-0.006308167479183724,-0.006328148039122713,2927.708056640625,3053.4752880859373,2785.9580018353918,2907.223075115078,0.020532638730852797,2,1,3
2026-02-20,2667.0,2702.60009765625,2647.5,2686.199951171875,2650.264892578125,2293482,0.003099443417877934,0.003094650045098771,2904.808557128906,3044.6734521484377,2765.0821388727354,2888.189135667896,0.02017696705949898,2,1,4
2026-02-23,2686.0,2704.0,2660.199951171875,2676.300048828125,2640.497314453125,4699596,-0.0036855101361201736,-0.003692318361605599,2880.823767089844,3035.6239404296875,2745.9152428081798,2869.8415933556907,0.020144212669446986,2,1,0
2026-02-24,2641.0,2647.5,2561.300048828125,2573.699951171875,2539.269775390625,7798833,-0.03833654308543211,-0.039090726410773366,2851.9995849609377,3023.99560546875,2714.1236324362485,2845.3547920249453,0.020809319456643556,2,1,1
2026-02-25,2596.0,2654.199951171875,2595.0,2629.300048828125,2594.126220703125,3621285,0.021603236428103134,0.021373193730492252,2823.8413818359377,3013.2764111328124,2695.6624921696143,2826.7452682233293,0.021268006318325133,2,1,2
2026-02-26,2650.0,2671.0,2635.0,2647.699951171875,2612.27978515625,3464267,0.006997949563226857,0.006973577550863496,2799.3386108398436,3003.406728515625,2682.8343833983276,2810.8589361442864,0.021162723980062536,2,1,3
2026-02-27,2681.60009765625,2688.60009765625,2626.10009765625,2637.39990234375,2602.11767578125,5083717,-0.0038901305414312803,-0.0038977167799426208,2775.3390258789063,2993.08767578125,2670.4164283803157,2795.3966205618394,0.021140409257294653,2,1,4
2026-03-02,2592.0,2623.800048828125,2580.300048828125,2613.5,2578.537353515625,3374385,-0.009061973824279645,-0.009103283261814296,2747.9059814453126,2981.076064453125,2656.28118609344,2779.3329711510087,0.020462036794993935,3,1,0
2026-03-04,2625.0,2635.0,2580.39990234375,2587.800048828125,2553.181396484375,3446434,-0.00983346508309424,-0.009882132912625676,2716.4573974609375,2968.53408203125,2640.419679999737,2762.581002657184,0.02043095337361229,3,1,2
2026-03-05,2600.0,2609.5,2546.39990234375,2578.800048828125,2544.3017578125,2960636,-0.0034778722279983354,-0.0034839340846049755,2695.723522949219,2954.9831005859373,2625.632307355547,2746.412169705726,0.020290263440768504,3,1,3
2026-03-06,2572.0,2619.199951171875,2553.60009765625,2557.60009765625,2523.385498046875,3998643,-0.008220825105119678,-0.008254802430388543,2674.3187622070313,2941.30255859375,2609.9020290003664,2729.891675508774,0.020155710846736494,3,1,4
2026-03-09,2530.0,2560.0,2505.0,2527.39990234375,2493.589111328125,3653428,-0.011808099373564862,-0.011878368691471656,2653.8858032226562,2926.8516650390625,2592.0077339738677,2712.387781865763,0.01996624995107224,3,1,0
2026-03-10,2541.0,2545.199951171875,2490.10009765625,2513.10009765625,2479.480712890625,4323710,-0.005657868160158008,-0.005673934525795134,2632.421838378906,2912.8744287109375,2574.6958845764457,2695.135406386123,0.019861484093057963,3,1,1
2026-03-11,2508.10009765625,2521.0,2460.10009765625,2464.89990234375,2431.92529296875,2720664,-0.019179588562491356,-0.019365903007857017,2606.7844482421874,2898.4984228515623,2552.7311781752614,2675.638360947799,0.019940521856466557,3,1,2
2026-03-12,2459.800048828125,2472.89990234375,2436.0,2442.39990234375,2409.726318359375,2752075,-0.009128148250917567,-0.009170065073126902,2583.7270751953124,2883.769521484375,2530.730430511279,2655.9411726079156,0.019528293884749016,3,1,3
2026-03-13,2437.0,2445.89990234375,2397.0,2410.5,2378.253173828125,2466488,-0.01306087927556765,-0.013146922581275654,2566.974230957031,2869.1979931640626,2507.2723910215627,2635.3716912168197,0.019478139579171473,3,1,4
2026-03-16,2410.0,2425.0,2366.10009765625,2409.199951171875,2376.970458984375,3807907,-0.0005393516795713094,-0.000539497182008779,2553.013525390625,2854.189951171875,2487.2259399389186,2616.2308591996016,0.01953103408860297,3,1,0
2026-03-17,2420.0,2420.0,2360.0,2391.699951171875,2359.70458984375,2993367,-0.007263813092570959,-0.007290323036421455,2537.479150390625,2838.3850341796874,2467.6072706935083,2597.2289133213903,0.01904252180391706,3,1,1
2026-03-18,2410.0,2482.89990234375,2410.0,2440.800048828125,2408.14794921875,3082388,0.020529416937824285,0.020321528857028516,2523.8341796875,2824.2195361328127,2458.459682774315,2583.2229159804538,0.019192701069839266,3,1,2
2026-03-19,2417.0,2424.0,2350.199951171875,2356.0,2324.482177734375,2757060,-0.03474278709143175,-0.03536067128496162,2507.115869140625,2807.611328125,2437.847758922016,2564.0569353696333,0.01615727259523193,3,1,3
2026-03-20,2386.0,2407.800048828125,2364.199951171875,2390.60009765625,2358.619384765625,4206320,0.014685940532580322,0.014579146419562145,2492.9430419921873,2790.9145361328124,2425.658778282571,2548.839339028596,0.016652197305096716,3,1,4
2026-03-23,2365.0,2406.800048828125,2348.0,2383.800048828125,2351.910400390625,3860515,-0.0028444540133661933,-0.0028485071605016685,2478.0253173828123,2775.8607275390623,2414.3128739915023,2534.2520102405983,0.016575153290115236,3,1,0
2026-03-24,2404.10009765625,2435.39990234375,2379.10009765625,2398.800048828125,2366.709716796875,3420182,0.006292466075149772,0.0062727511708514615,2464.3359375,2761.0273193359376,2406.989311346175,2521.841469985508,0.01666796567962492,3,1,1
2026-03-25,2400.89990234375,2421.60009765625,2369.800048828125,2377.39990234375,2345.595947265625,5843778,-0.008921148792098377,-0.008961180503734716,2454.65224609375,2745.155341796875,2397.5441784107056,2508.7862460803312,0.016277014892181623,3,1,2
2026-03-27,2403.89990234375,2422.10009765625,2385.0,2389.800048828125,2357.830078125,4979411,0.005215787857084653,0.005202232748882283,2442.837438964844,2728.97765625,2391.4343168282894,2497.60430771327,0.016083132804453382,3,1,4
2026-03-30,2375.10009765625,2398.0,2346.199951171875,2358.89990234375,2327.34326171875,6804756,-0.012930031171073164,-0.013014351657080234,2428.590612792969,2713.6534326171877,2381.574154503745,2484.9923783803424,0.01330779536846357,3,1,0
2026-04-01,2429.0,2472.0,2397.89990234375,2408.199951171875,2375.98388671875,4132661,0.020899635133357464,0.020684233795724507,2417.2839233398436,2699.302021484375,2380.714113306053,2476.9176752942985,0.013760904002224426,4,2,2
2026-04-02,2386.0,2469.89990234375,2375.699951171875,2450.699951171875,2417.915283203125,5378361,0.017648013826508935,0.01749409588931106,2409.252819824219,2684.3842919921876,2386.437370213295,2472.5471277319893,0.014213012687755915,4,2,3
2026-04-06,2474.0,2482.0,2448.199951171875,2473.89990234375,2440.804931640625,2572417,0.009466687520655048,0.009422159237326594,2403.633996582031,2670.7748193359375,2394.801610432884,2470.195853947444,0.014343213263599587,4,2,0
2026-04-07,2461.0,2543.89990234375,2448.0,2539.800048828125,2505.823486328125,4516550,0.02663816097904914,0.026289542651763944,2401.7100830078125,2659.6753173828124,2411.881899032152,2472.8349378274943,0.01528771131078699,4,2,1
2026-04-08,2572.0,2580.300048828125,2540.10009765625,2559.199951171875,2524.9638671875,4769337,0.007638359590691701,0.007609335028404716,2401.7890014648438,2648.558056640625,2429.2791249022057,2476.6963400023096,0.015359677908457832,4,2,2
2026-04-09,2554.0,2605.0,2531.10009765625,2589.0,2554.365234375,5628261,0.011644272446658555,0.01157699963128867,2404.8278076171873,2637.480263671875,2448.5231417441737,2482.4495914373238,0.015524252623665741,4,2,3
2026-04-10,2565.800048828125,2565.800048828125,2501.10009765625,2524.300048828125,2490.53076171875,10480239,-0.024990346641587058,-0.025307907152879738,2405.3803100585938,2624.8870166015627,2454.985852509493,2483.0481966433554,0.01612189125840796,4,2,4
2026-04-13,2489.89990234375,2504.89990234375,2470.0,2472.60009765625,2439.5224609375,3739587,-0.02048089570515821,-0.0206935376582482,2405.7601684570313,2611.3623974609377,2452.606869190725,2479.824068072551,0.015019208629772919,4,2,0
2026-04-15,2501.89990234375,2559.0,2493.39990234375,2554.89990234375,2520.72119140625,5261384,0.033284682460986925,0.03274274022525527,2411.309912109375,2598.631015625,2463.085995685421,2482.853484615788,0.015764408202477605,4,2,2
2026-04-16,2572.0,2594.0,2558.0,2576.89990234375,2542.427001953125,3905403,0.008610952540437866,0.008574089753260674,2419.518603515625,2587.4328515625,2475.292304341991,2487.266337751887,0.0157947710051508,4,2,3
2026-04-17,2570.0,2589.0,2555.89990234375,2581.5,2546.965576171875,2718206,0.0017851345251067574,0.0017835430661677755,2428.018359375,2576.7299755859376,2486.3189615465885,2491.688503560775,0.015790254056207757,4,2,4
2026-04-20,2587.10009765625,2594.0,2561.199951171875,2579.60009765625,2545.091064453125,2288558,-0.0007359784271475656,-0.0007362493922279719,2437.2876831054687,2565.08783203125,2495.36082353221,2495.64424881206,0.015709237825322717,4,2,0
2026-04-21,2560.0,2614.0,2560.0,2610.5,2575.57763671875,2719959,0.011978578170119825,0.011907402825145292,2445.6591674804686,2552.9563232421874,2507.7018717147544,2501.565240508852,0.015758231951768696,4,2,1
2026-04-22,2580.0,2580.0,2503.60009765625,2538.5,2504.540771484375,5232045,-0.02758094503603281,-0.027968440923888505,2454.6620971679686,2543.8675537109375,2507.2155486023885,2501.785650210743,0.016557532284351834,4,2,2
2026-04-23,2529.0,2559.5,2516.300048828125,2521.800048828125,2488.064208984375,2509050,-0.006578676094074809,-0.0066004109605242505,2461.1343383789062,2534.5992236328125,2504.2691886611556,2500.769247156938,0.01653345587233237,4,2,3
2026-04-24,2488.0,2505.0,2388.800048828125,2396.89990234375,2364.8349609375,5107719,-0.049528162336765824,-0.05079674646342131,2461.78056640625,2523.85095703125,2482.8177690113625,2490.700040770313,0.018724886411948624,4,2,4
2026-04-27,2396.89990234375,2459.0,2396.89990234375,2447.60009765625,2414.85693359375,5853425,0.021152415911687816,0.020931809051695224,2464.1879272460938,2513.9728955078126,2472.3622558701913,2485.0820328313084,0.019159034172903707,4,2,0
2026-04-28,2444.0,2487.0,2427.39990234375,2444.699951171875,2411.99560546875,4508363,-0.0011848851520747106,-0.001185587683487371,2467.50791015625,2503.319345703125,2463.0750788853543,2479.668223397045,0.018839592414144245,4,2,1
2026-04-29,2451.0,2487.89990234375,2447.60009765625,2474.699951171875,2441.59423828125,2835961,0.01227142899654976,0.012196745374174537,2471.6961181640627,2494.7337548828127,2459.7703341770307,2476.8479282032827,0.01889107995581243,4,2,2
2026-04-30,2479.0,2491.0,2438.0,2473.89990234375,2440.804931640625,3970446,-0.00032327510781671176,-0.0003233273724785917,2477.3692016601562,2489.28365234375,2456.8525799406607,2474.1780766060488,0.018715504733715575,4,2,3
2026-05-01,2473.89990234375,2473.89990234375,2473.89990234375,2473.89990234375,2440.804931640625,0,0.0,0.0,2480.61025390625,2484.9760595703124,2454.3837109714245,2471.7059917937954,0.01871419768449295,5,2,4
2026-05-04,2494.0,2498.300048828125,2425.0,2431.300048828125,2398.77490234375,2632358,-0.017219741222262996,-0.01736972525059305,2479.6532348632813,2479.5437158203126,2445.82850964409,2466.30368887157,0.018953541399310617,5,2,0
2026-05-05,2430.0,2460.39990234375,2412.199951171875,2427.300048828125,2394.828369140625,3385720,-0.0016452286537053107,-0.0016465835286234092,2477.3544067382813,2473.8193359375,2437.9823341820183,2461.0092207433518,0.018583247171465075,5,2,1
2026-05-06,2441.89990234375,2471.0,2406.5,2435.39990234375,2402.81982421875,3147628,0.003336963592506903,0.0033314082846408683,2472.2042236328125,2468.6987646484376,2432.5727172645925,2456.698895074863,0.017391801348464797,5,2,2
2026-05-07,2438.199951171875,2439.699951171875,2398.0,2401.39990234375,2369.274658203125,5829594,-0.013960749648189608,-0.014059117512768558,2464.4197631835937,2463.2427392578124,2422.834554332059,2450.2230256769562,0.01741523266952845,5,2,3
2026-05-08,2398.0,2407.0,2375.10009765625,2394.39990234375,2362.368408203125,3792199,-0.0029149216516913823,-0.002919178309704657,2454.819921875,2457.4848095703123,2413.532070312223,2443.7152762344504,0.017415675872986817,5,2,4
2026-05-11,2371.0,2415.0,2371.0,2392.89990234375,2360.888427734375,1975188,-0.0006264816544324647,-0.0006266779760630169,2448.3378051757813,2451.8926318359377,2405.4330483771696,2437.5799541233337,0.017379297609651394,5,2,0
2026-05-12,2375.0,2375.0,2283.0,2300.300048828125,2269.52734375,6347884,-0.03869775585797153,-0.03946640942642918,2439.8380493164063,2446.497783203125,2384.524478434528,2425.131612614198,0.018709581068586098,5,2,1
2026-05-13,2306.0,2309.199951171875,2269.0,2272.800048828125,2242.395263671875,3171843,-0.011954947426759732,-0.012026982503421066,2425.9217529296875,2439.4631640625,2362.65844539412,2411.5955867666185,0.01877768191487417,5,2,2
2026-05-14,2265.0,2265.0,2206.39990234375,2246.0,2215.953857421875,5633313,-0.011791590304513377,-0.01186166249185648,2409.598095703125,2431.5366455078124,2340.0885087830056,2397.103606815156,0.01875492270992751,5,2,3
2026-05-15,2252.0,2304.89990234375,2252.0,2264.0,2233.712890625,3410637,0.008014171027814765,0.007982228109696298,2393.9354614257813,2424.1685498046877,2323.7230290663892,2385.0005908010708,0.018368721390906107,5,2,4
2026-05-18,2264.0,2292.89990234375,2252.199951171875,2283.199951171875,2252.656005859375,3773336,0.008480550617709248,0.008444792770247145,2379.3137084960936,2417.6509228515624,2312.7896408806946,2375.197288212797,0.018106841351735282,5,2,0
2026-05-19,2300.0,2377.60009765625,2297.10009765625,2327.10009765625,2295.968994140625,10394707,0.019227519944718052,0.01904500698684567,2365.3332763671874,2412.5066748046875,2310.20184907453,2369.3285256889326,0.018408831752179673,5,2,1
2026-05-20,2323.89990234375,2342.0,2317.800048828125,2327.39990234375,2296.2646484375,2537422,0.00012877103202590945,0.0001287627417482557,2354.919470214844,2407.5459326171876,2308.0576643611407,2363.916386633271,0.01761213492766572,5,2,2
2026-05-21,2331.0,2335.89990234375,2314.0,2327.199951171875,2296.0673828125,3299087,-8.590718196799241e-05,-8.591087220129579e-05,2345.31962890625,2402.9995703125,2306.21300566135,2358.890534498399,0.01751111900595143,5,2,3
2026-05-22,2331.10009765625,2340.0,2308.10009765625,2317.300048828125,2286.300048828125,2617262,-0.004253940479922114,-0.0042630142266540565,2341.3928833007812,2398.8537890625,2303.1494738408537,2353.513461485786,0.017291440794789514,5,2,4
2026-05-25,2325.0,2326.10009765625,2293.0,2308.199951171875,2308.199951171875,3298364,0.009578752515434275,0.0095331671350907,2336.0600341796876,2395.428173828125,2303.9264703533186,2350.1569051662373,0.016961585307668156,5,2,0
2026-05-26,2308.199951171875,2327.89990234375,2272.39990234375,2276.199951171875,2276.199951171875,3587597,-0.01386361696427274,-0.013960614435911692,2329.2702514648436,2392.3136669921873,2299.660852017712,2344.6786122777658,0.01676004682893851,5,2,1
2026-05-27,2275.0,2295.60009765625,2260.89990234375,2284.199951171875,2284.199951171875,2653950,0.00351462972129557,0.003508467843847686,2321.400537109375,2389.8031396484375,2297.2822518875832,2340.198711455107,0.015415868166704715,5,2,2
2026-05-28,2284.199951171875,2284.199951171875,2284.199951171875,2284.199951171875,2284.199951171875,0,0.0,0.0,2313.5702880859376,2387.9220751953126,2295.269590239013,2336.0506551378303,0.01526856245457938,5,2,3
2026-05-29,2291.0,2334.0,2235.0,2258.89990234375,2258.89990234375,16331582,-0.011076109521473865,-0.011137906358583409,2304.4750366210938,2385.5606640625,2289.6742536397414,2330.335784560491,0.015297055313162153,5,2,4
2026-06-01,2284.0,2335.0,2280.0,2297.39990234375,2297.39990234375,7505095,0.0170436945701109,0.016900080322555758,2299.406286621094,2384.3145703125,2290.8628149788196,2327.896089581473,0.01576038670642573,6,2,0
2026-06-02,2320.0,2457.39990234375,2316.199951171875,2446.89990234375,2446.89990234375,11306127,0.0650735641833553,0.0630438711264337,2302.00986328125,2385.089609375,2314.8685207272706,2336.711186823123,0.01995623192883063,6,2,1
2026-06-03,2393.0,2393.0,2224.800048828125,2241.699951171875,2241.699951171875,15660062,-0.0838611955378008,-0.08758739253233487,2293.9538696289064,2383.43396484375,2303.611817718748,2329.6733175156232,0.02459682520885982,6,2,2
2026-06-04,2241.699951171875,2253.10009765625,2216.60009765625,2241.0,2241.0,4867263,-0.00031224123973816464,-0.00031228999718371553,2287.54013671875,2381.0815771484376,2293.9792303774025,2323.104923625577,0.024595433545409693,6,2,3
2026-06-05,2262.89990234375,2271.800048828125,2192.0,2198.89990234375,2198.89990234375,5019717,-0.018786299712739818,-0.01896500390761328,2279.3667114257814,2378.0213671875,2279.3516414491482,2313.904551678775,0.023198683080215967,6,2,4
2026-06-08,2170.0,2177.0,2143.300048828125,2151.39990234375,2151.39990234375,6536734,-0.02160171090524443,-0.021838443287363684,2268.89228515625,2373.7151708984375,2259.666758509856,2301.867170246551,0.023029928117619797,6,2,0
2026-06-09,2174.0,2174.0,2132.800048828125,2151.0,2151.0,4148655,-0.000185880060380339,-0.00018589733821986623,2262.96591796875,2369.823251953125,2242.948795662186,2290.691824302362,0.02303423712857354,6,2,1
2026-06-10,2151.300048828125,2180.800048828125,2144.800048828125,2153.89990234375,2153.89990234375,2848650,0.001348164734425783,0.0013472567763100013,2258.541149902344,2365.7446484375,2229.248965920888,2280.5590893424646,0.022861207636951875,6,2,2
2026-06-11,2127.0,2154.60009765625,2110.0,2135.60009765625,2135.60009765625,3079815,-0.008496125872695992,-0.008532423690228632,2254.5234619140624,2361.90978515625,2214.8414477263286,2269.8213862545967,0.02286564092096835,6,2,3
2026-06-12,2150.0,2168.0,2138.0,2161.39990234375,2161.39990234375,2124656,0.012080822020852366,0.012008431333310476,2250.9078125,2357.61810546875,2206.6196715136243,2261.7901652241635,0.023047564539764274,6,2,4
2026-06-15,2192.0,2192.0,2159.300048828125,2162.0,2162.0,3337083,0.00027764304773003623,0.000277604512031674,2246.3750122070314,2352.4997998046874,2199.7551066653746,2254.398301133485,0.02291684659228007,6,2,0
2026-06-16,2167.0,2209.0,2160.60009765625,2199.0,2199.0,3079898,0.017113783533765137,0.016968992355607698,2241.5265625,2347.663701171875,2199.638936409163,2250.294723271745,0.023214730882995763,6,2,1
2026-06-17,2209.0,2231.0,2200.699951171875,2223.0,2223.0,2865010,0.01091405184174632,0.010854923409435465,2237.863330078125,2342.0072314453123,2203.232946192368,2248.2728919182823,0.02332223880023818,6,2,2
2026-06-18,2209.0,2214.0,2182.0,2203.300048828125,2203.300048828125,3735188,-0.008861876370614086,-0.00890137633269353,2233.224963378906,2335.573955078125,2203.2432696747924,2244.9415702079004,0.023252975537731858,6,2,3
2026-06-19,2105.0,2138.0,2059.89990234375,2125.0,2125.0,13286502,-0.03553762406067695,-0.036184456272985936,2225.1599609375,2326.986650390625,2191.2058435709782,2236.0570094517598,0.024039362065826724,6,2,4
2026-06-22,2132.199951171875,2157.0,2121.0,2127.800048828125,2127.800048828125,4566101,0.001317670036764751,0.0013168026714524396,2216.1399658203127,2319.7320361328125,2181.4511059182314,2228.0379753314905,0.02404926871757329,6,2,0
2026-06-23,2111.0,2114.0,2055.0,2059.60009765625,2059.60009765625,6392736,-0.0320518608923972,-0.032576768442831014,2205.3099731445313,2312.1335888671874,2162.70479695485,2215.561095503695,0.023739381249062677,6,2,1
2026-06-24,2061.0,2120.699951171875,2061.0,2109.0,2109.0,4747277,0.023985191299983555,0.023702064891635982,2196.5499755859373,2303.8991650390626,2154.4425205002576,2207.6676810219396,0.024172372476622347,6,2,2
2026-06-25,2133.60009765625,2148.5,2088.0,2094.699951171875,2094.699951171875,4738903,-0.006780487827465653,-0.006803579777373302,2187.0749755859374,2294.9446240234374,2145.2513559881986,2199.299701033046,0.024117882310329075,6,2,3
2026-06-26,2094.699951171875,2094.699951171875,2094.699951171875,2094.699951171875,2094.699951171875,0,0.0,0.0,2178.8649780273436,2285.8993115234375,2137.474216785687,2191.5515714137,0.024052145815379705,6,2,4
2026-06-29,2090.0,2105.0,2071.0,2097.89990234375,2097.89990234375,3412470,0.00152764178472653,0.0015264761270026021,2168.8899780273437,2276.95548828125,2131.3858607176967,2184.6144107418518,0.023982510694438092,6,2,0
2026-06-30,2090.0,2104.300048828125,2018.800048828125,2031.5,2031.5,6848411,-0.03165065324116212,-0.03216236140062255,2148.119982910156,2266.073935546875,2116.0188052226663,2173.2726025387515,0.024220989965071063,6,2,1
2026-07-01,2039.9000244140625,2052.0,1976.800048828125,1982.5999755859373,1982.5999755859373,4658295,-0.024070895601310704,-0.024365334143148988,2135.1649841308595,2255.635119628906,2095.4928314324006,2159.1487042459503,0.02448771138958193,7,3,2
2026-07-02,2008.0,2076.89990234375,2002.5,2068.10009765625,2068.10009765625,6040621,0.04312525124744049,0.042221256294271856,2126.519989013672,2247.235837402344,2091.278564697608,2152.4043630170836,0.02598674252459939,7,3,3
2026-07-03,2100.0,2116.60009765625,2085.0,2093.5,2093.5,4028819,0.012281756754682904,0.012206947880293834,2121.2499938964843,2241.809138183594,2091.6203239748993,2148.0410768676697,0.026137440146923006,7,3,4
2026-07-06,2090.0,2093.0,2050.60009765625,2057.60009765625,2057.60009765625,2567386,-0.017148269569500885,-0.01729700395465769,2116.5600036621095,2234.6640014648438,2086.3864430027993,2141.3417450742313,0.026163549657537304,7,3,0
2026-07-07,2050.0,2122.699951171875,2049.0,2096.10009765625,2096.10009765625,4769048,0.018711118863113496,0.018538219311472794,2113.815008544922,2228.3460913085937,2087.8808514110224,2137.990511932159,0.026393099015347768,7,3,1
2026-07-08,2094.0,2109.699951171875,2048.800048828125,2057.5,2057.5,3665004,-0.018415197680402118,-0.01858686826478829,2108.995013427734,2220.6642065429687,2083.2068742708652,2132.028251789036,0.026526884473449756,7,3,2
