Date,Open,High,Low,Close,Adj Close,Volume,Daily Return,Log Return,SMA_20,SMA_50,EMA_12,EMA_26,Rolling Volatility,Month,Quarter,Day of Week
2021-09-20,328.875,335.25,326.70001220703125,331.25,306.0416564941406,9092860,-0.004133664760046174,-0.004142231969686179,302.0930969238281,283.5224938964844,305.9284207906871,298.3628429848301,0.013964749959659172,9,3,0
2021-09-21,330.25,334.5,328.54998779296875,333.79998779296875,308.39752197265625,7367102,0.007697858865042262,0.007668381527765939,302.98812408447264,284.7845391845703,306.30828251099,299.10615253948384,0.013898899202936176,9,3,1
2021-09-22,334.5,337.25,331.5,334.07501220703125,308.651611328125,9583304,0.0008239020658904472,0.0008235628448938242,303.78729553222655,286.099709777832,306.66879463670307,299.8132235608647,0.013867914355573194,9,3,2
2021-09-23,336.45001220703125,338.5,335.70001220703125,337.1499938964844,311.4926452636719,6462586,0.009204662575134304,0.00916255784457897,304.77240295410155,287.4712387084961,307.41092550239057,300.67836590922076,0.01382446262871154,9,3,3
2021-09-24,340.25,349.57501220703125,337.5,338.25,312.5089416503906,24253176,0.003262665755265237,0.003257354810107167,305.87069244384764,288.87233276367186,308.195235679006,301.5547048530111,0.01374069875652885,9,3,4
2021-09-27,339.0249938964844,339.17498779296875,325.5,326.95001220703125,302.06884765625,16798164,-0.03340734488749497,-0.03397811828354819,306.30838775634766,289.7241668701172,307.25271444473583,301.59278950510287,0.015321302004868222,9,3,0
2021-09-28,326.95001220703125,326.95001220703125,317.625,319.79998779296875,295.4630126953125,16224924,-0.021868640252684535,-0.022111303296670683,306.4735382080078,290.31269104003906,305.43891417559377,301.1387319636369,0.01574090559954847,9,3,1
2021-09-29,314.9750061035156,323.25,313.67498779296875,320.375,295.99420166015625,17679132,0.0017978188200209466,0.0017962046780997212,306.4689178466797,290.8947479248047,303.9858814809111,300.75765564486056,0.01572499026608576,9,3,2
2021-09-30,319.375,323.375,316.2749938964844,317.04998779296875,292.9222106933594,12027918,-0.01037855116609332,-0.01043278389267622,306.28529052734376,291.45185791015626,302.28377828282623,300.1772523151197,0.014617740557828893,9,3,3
2021-10-01,317.3999938964844,319.875,315.1000061035156,318.125,293.9154357910156,8417708,0.0033907469676173196,0.0033850113468204225,305.9342102050781,292.0814959716797,300.9963409763938,299.7134140540749,0.014535118606066065,10,4,4
2021-10-04,319.95001220703125,321.79998779296875,317.9750061035156,320.5249938964844,296.1327819824219,10494244,0.007544163801532555,0.0075158489167157505,305.6096908569336,292.60673156738284,300.24810113116735,299.4481820487673,0.014294453916647706,10,4,0
2021-10-05,318.2250061035156,324.75,317.0249938964844,323.42498779296875,298.81207275390625,10912148,0.009047599369270243,0.0090069150548815,304.6950286865234,293.04743103027346,300.02717368851177,299.40106284174055,0.014163585570879572,10,4,1
2021-10-06,325.20001220703125,325.2250061035156,317.20001220703125,317.875,293.6844482421875,9673198,-0.01716003126801946,-0.01730897093658444,303.80577697753904,293.46595703125,299.0513697736926,298.97760990844034,0.014487932410803974,10,4,2
2021-10-07,319.5,324.2749938964844,318.45001220703125,321.4750061035156,297.010498046875,7448686,0.011325250024627254,0.011261599501793687,303.361149597168,293.94176513671874,298.73738950802834,298.8318979186948,0.014613800965382975,10,4,3
2021-10-08,323.07501220703125,333.7749938964844,322.5,330.57501220703125,305.4179992675781,22091966,0.028307084348837552,0.027913842608676725,303.33343505859375,294.58110412597654,299.76517562488215,299.3197572778713,0.015420254445869346,10,4,4
2021-10-11,324.4750061035156,333.1499938964844,317.5,326.3999938964844,301.5607604980469,20422932,-0.012629376064217879,-0.012709804525826129,302.91883850097656,295.1571563720703,300.04141945152287,299.4857575164028,0.015566069356590283,10,4,0
2021-10-12,326.0,331.20001220703125,321.2749938964844,329.54998779296875,304.470947265625,18680432,0.009650415932005663,0.009604148099234138,302.58738708496094,295.8219012451172,300.72288526907704,299.85503083116004,0.015613824514472002,10,4,1
2021-10-13,332.5,337.3500061035156,328.0,336.29998779296875,310.70733642578125,18925882,0.020482706859763278,0.020275757371867268,302.55389709472655,296.56425415039064,302.2589546778008,300.6589053196505,0.01585077750843393,10,4,2
2021-10-14,348.5,369.9249877929688,347.5,354.125,327.17584228515625,118377606,0.05300327326937393,0.05164634166493098,303.4870376586914,297.5699188232422,306.0923220020093,302.6231228726509,0.01840873864727956,10,4,3
2021-10-18,359.5,360.3999938964844,351.20001220703125,354.875,327.8687438964844,21198892,0.0021178263238770256,0.0021155868909705595,304.514875793457,298.6134637451172,309.4425407550055,304.49316887441637,0.018287545951504076,10,4,0
2021-10-19,358.54998779296875,364.9750061035156,354.0,355.7749938964844,328.70025634765625,21865148,0.002536113815821306,0.002532903306177498,305.64780578613284,299.6357580566406,312.4052662307979,306.2862864650267,0.018281185209143746,10,4,1
2021-10-20,356.79998779296875,361.375,347.875,350.9750061035156,324.2654724121094,16108782,-0.013491878542547742,-0.013583720955835899,306.44120330810546,300.59615112304687,314.22991333561504,307.6180780166625,0.01641739535819505,10,4,2
2021-10-21,354.4750061035156,354.5,340.8500061035156,348.1499938964844,321.655517578125,15916912,-0.008048821277731877,-0.008081387906075582,307.09139862060545,301.5154315185547,315.37231398830886,308.6578883545486,0.016130036278093497,10,4,3
2021-10-22,350.875,352.75,339.125,341.20001220703125,315.23443603515625,10758302,-0.019962603443944293,-0.020164548294506975,307.2784881591797,302.2411553955078,315.35110199551616,309.1450400345936,0.016219551644246877,10,4,4
2021-10-25,341.375,342.1000061035156,330.3999938964844,333.8500061035156,308.4437561035156,17621916,-0.02154168185763594,-0.021777090761680083,307.0752288818359,302.85508605957034,314.2884333967468,309.09309307673595,0.016739850686695493,10,4,0
2021-10-26,335.5249938964844,339.3999938964844,332.5,334.07501220703125,308.651611328125,12193966,0.0006738837162247879,0.000673656758549622,307.4043670654297,303.4306750488281,313.42123000157426,309.060390724987,0.01657889481082163,10,4,1
2021-10-27,334.07501220703125,337.2749938964844,331.7250061035156,335.54998779296875,310.014404296875,12631178,0.004415311369624586,0.004405592479827598,308.13193664550784,303.9443627929688,312.8971029700821,309.1310583969787,0.016582309900610874,10,4,2
2021-10-28,335.5,335.79998779296875,327.5,328.45001220703125,303.4547119140625,10357542,-0.02115931483148381,-0.02138638190179769,308.5049621582031,304.34025329589844,311.44442742300214,308.710588287133,0.017024937785928628,10,4,3
2021-10-29,329.125,329.70001220703125,322.125,323.375,298.76593017578125,13522634,-0.015451339373530937,-0.015571955383464085,308.7971481323242,304.449736328125,309.49388938496816,307.97394694555146,0.017169981218521316,10,4,4
2021-11-01,325.54998779296875,328.4750061035156,323.75,327.7250061035156,302.78485107421875,8802466,0.01345173760633589,0.01336206624606287,309.24061889648436,304.6904119873047,308.4617296448529,307.58956947360093,0.017357699873893576,11,4,0
2021-11-02,328.5,330.5,325.54998779296875,326.8999938964844,302.0226135253906,8079378,-0.0025174230022534383,-0.002520597039588321,309.5351104736328,305.0022271728516,307.4710963957048,307.17720236632607,0.017348056788430384,11,4,1
2021-11-03,329.70001220703125,330.92498779296875,325.1000061035156,326.25,301.422119140625,6871182,-0.0019882431244345744,-0.0019902223036235714,309.6656127929688,305.2207299804688,306.5404845103079,306.750899905163,0.01728416570319576,11,4,2
2021-11-04,327.5,328.82501220703125,323.70001220703125,326.8500061035156,301.9764709472656,1565810,0.001839121190644999,0.0018374320779396167,310.08021392822263,305.40689575195313,305.83832857753214,306.3972385008743,0.017288081584419263,11,4,3
2021-11-08,326.4750061035156,330.5,323.75,329.17498779296875,304.1245422363281,9504460,0.007113373046331306,0.007088192350884835,310.4359161376953,305.65357666015626,305.57466914042385,306.2288906294265,0.017251422903610158,11,4,0
2021-11-09,331.54998779296875,333.125,328.3500061035156,329.2250061035156,304.17071533203125,8284130,0.00015182298463511934,0.00015181146069217244,310.373551940918,305.9261279296875,305.358676246825,306.07643319998976,0.017236406189014192,11,4,1
2021-11-10,327.95001220703125,329.5,325.7749938964844,326.29998779296875,301.46832275390625,8091390,-0.008884460080830214,-0.008924162225974894,310.3689300537109,306.0891955566406,304.76016032483744,305.7350916854651,0.016184026762942876,11,4,2
2021-11-11,324.875,324.875,318.3999938964844,320.8999938964844,296.479248046875,12067796,-0.016549250221237766,-0.016687718890102978,309.96934509277344,306.17558044433594,303.48617382053556,305.0494736381621,0.015963136171239612,11,4,3
2021-11-12,324.0,331.25,322.8999938964844,330.0249938964844,304.9098205566406,12126506,0.028435624298509765,0.028038836317709103,309.6794692993164,306.3520446777344,303.70519639532097,305.0391289654568,0.016773282858940263,11,4,4
2021-11-15,330.7749938964844,333.0,328.57501220703125,329.45001220703125,304.37860107421875,9435996,-0.0017422183432861393,-0.0017437377707033171,308.5396072387695,306.5077215576172,303.80879711515144,304.99020097351325,0.01664266024461168,11,4,0
2021-11-16,329.20001220703125,334.375,327.32501220703125,330.7250061035156,305.5565490722656,11327094,0.003870009238131855,0.0038625400168152404,307.4239974975586,306.60011169433596,304.0776820316305,305.0321526845319,0.016644855053378284,11,4,1
2021-11-17,330.7250061035156,334.0,329.0,330.8999938964844,305.71826171875,8854994,0.0005292396676666034,0.000529099669746478,306.27489776611327,306.66201354980467,304.33007890657194,305.08297557595546,0.01660519671308933,11,4,2
2021-11-18,331.70001220703125,332.9750061035156,322.625,325.7250061035156,300.9370422363281,7842498,-0.015639299581064692,-0.01576288363219255,305.10847625732424,306.3386480712891,303.808073264996,304.77586940264973,0.016812984041158954,11,4,3
2021-11-22,329.0,330.2250061035156,319.0,322.0249938964844,297.5186462402344,11582434,-0.011359173236670683,-0.011424181406537118,303.90163269042966,306.05963134765625,302.84046910734037,304.23829731654484,0.016636843336917284,11,4,0
2021-11-23,321.3500061035156,324.4750061035156,313.0249938964844,321.3999938964844,296.941162109375,9134924,-0.0019410014738809878,-0.0019428876583615598,302.9869689941406,305.8803936767578,301.9328834153457,303.6977687826804,0.0165168376749212,11,4,1
2021-11-24,322.1499938964844,323.79998779296875,316.54998779296875,318.25,294.0309143066406,7985552,-0.00980075575262418,-0.009849099287406363,302.2663269042969,305.64156616210937,300.7171958601603,302.9817054881589,0.01572068281296556,11,4,2
2021-11-25,318.5,320.8999938964844,316.5,318.3500061035156,294.123291015625,6661362,0.00031417345758422144,0.00031412411543788754,301.5399108886719,305.32697814941406,299.702748961001,302.3255266383416,0.015571619289051378,11,4,3
2021-11-26,316.0,317.20001220703125,309.82501220703125,310.7250061035156,287.0785827636719,8277074,-0.023951548439524628,-0.02424305080892679,300.3931198120117,304.84655029296874,297.7605695460273,301.19612338836606,0.016002744892737706,11,4,4
2021-11-29,308.2749938964844,316.42498779296875,301.9750061035156,315.29998779296875,291.305419921875,10376060,0.014723624164198812,0.014616283951855635,299.78565521240233,304.4451159667969,296.76746960385003,300.4634786871445,0.01575844897308778,11,4,0
2021-11-30,315.29998779296875,322.75,315.25,318.625,294.3774108886719,26850200,0.010545601821005501,0.010490384820546553,299.56622924804685,304.16240356445314,296.3997682630534,300.01265885022065,0.012135811052224799,11,4,1
2021-12-01,321.29998779296875,322.9750061035156,316.625,317.3999938964844,293.2456359863281,9453644,-0.0038446390941720976,-0.0038520487167010933,299.08926849365236,303.8810766601562,295.9145171435572,299.5113978973397,0.012090327157326232,12,4,2
2021-12-02,318.45001220703125,324.04998779296875,314.5,323.3999938964844,298.7889709472656,10210456,0.01890338433270311,0.018726935547894032,298.9275863647461,303.73602294921875,296.35674080566616,299.4578847899268,0.01273105798453264,12,4,3
2021-12-03,322.375,326.9750061035156,319.95001220703125,320.375,295.99420166015625,13405010,-0.009353656121405596,-0.009397676277464257,298.6561904907227,303.48795654296873,296.3009655525108,299.20131566920304,0.012636613201765536,12,4,4
2021-12-06,318.625,322.1000061035156,311.57501220703125,312.25,288.487548828125,9409906,-0.025360810414286283,-0.025687938437486298,297.98174438476565,303.08467529296877,295.0989014410668,298.4077033106047,0.013257115424676905,12,4,0
2021-12-07,314.0,317.2749938964844,311.5,316.20001220703125,292.1369323730469,8557090,0.012650055642769109,0.012570712121531562,297.3823638916016,302.69756103515624,294.64321389214064,297.9432017596745,0.013200686410676786,12,4,1
2021-12-08,319.5,326.5,319.125,320.8500061035156,296.43310546875,15360658,0.014706025221819852,0.014598940219457988,296.9954833984375,302.37604431152346,294.9185818270036,297.83134277516154,0.013050892673342522,12,4,2
2021-12-09,320.875,323.79998779296875,318.92498779296875,321.6000061035156,297.1259765625,6865604,0.002337360709608882,0.0023346333311502028,296.7783660888672,302.2771868896484,295.25818101707995,297.7790934260755,0.013062835861898804,12,4,3
2021-12-10,321.07501220703125,322.95001220703125,317.54998779296875,319.125,294.8393249511719,8525212,-0.007695899354821734,-0.00772566560531984,296.69636993408204,302.2647131347656,295.19374162232486,297.5613327983049,0.013070928917090264,12,4,4
2021-12-13,321.75,328.2749938964844,320.1000061035156,322.70001220703125,298.14227294921875,13123680,0.011202535477904396,0.01114025180239192,296.3579925537109,302.3076745605469,295.6473618264624,297.60436540207627,0.01273108906707782,12,4,0
2021-12-14,323.0,325.95001220703125,319.625,323.45001220703125,298.8351745605469,8609412,0.0023240636239669765,0.002321367165122669,296.08082122802733,302.4259338378906,296.13779455478306,297.6955364508519,0.012421618404342725,12,4,1
2021-12-15,323.3500061035156,323.3500061035156,317.67498779296875,318.20001220703125,293.9847717285156,7123544,-0.016231030497544485,-0.016364196587688142,295.50223236083986,302.4273205566406,295.80656027381883,297.4206649899381,0.012501884340109399,12,4,2
2021-12-16,322.0,324.95001220703125,319.70001220703125,322.1499938964844,297.6341552734375,12437240,0.012413512181141062,0.012337096282046545,295.09802703857423,302.45734802246096,296.08772873529864,297.43647908501214,0.012730673135661959,12,4,3
2021-12-17,330.0,338.3999938964844,325.04998779296875,335.3999938964844,309.87579345703125,104600018,0.041129816476698666,0.04030648548593339,295.5449645996094,302.6786224365234,298.20896946171905,298.35790977923574,0.014810380747902124,12,4,4
2021-12-20,333.7749938964844,338.75,331.5,332.9750061035156,307.6353454589844,26298202,-0.00723014848321013,-0.007256412679351202,296.05079956054686,302.9576403808594,299.659181153606,299.0451272369949,0.014885619855874103,12,4,0
2021-12-21,338.0,348.54998779296875,335.5,345.3999938964844,319.1147766113281,27362096,0.037315059279734886,0.0366357011172884,297.1594802856445,303.39972595214846,302.65234968556325,300.53176793139,0.0162877701038979,12,4,1
2021-12-22,347.95001220703125,347.95001220703125,340.6000061035156,342.82501220703125,316.7356872558594,12327754,-0.007455277943353877,-0.007483207429266834,298.29471893310546,303.6260797119141,304.81901700407036,301.732058251721,0.016372218314449096,12,4,2
2021-12-23,345.04998779296875,351.0,344.54998779296875,347.2749938964844,320.8471069335937,12944908,0.012980601312579942,0.012897075342397911,299.6309097290039,304.011806640625,307.2848769932278,303.1479877837116,0.016381654143454334,12,4,3
2021-12-24,348.875,351.20001220703125,345.07501220703125,349.2250061035156,322.6487121582031,13182426,0.005615151845462352,0.005599445648031012,301.40941619873047,304.37536193847654,309.64854394168555,304.5924858855258,0.01600195978481704,12,4,4
2021-12-27,349.92498779296875,350.5,345.57501220703125,349.79998779296875,323.1799011230469,10188656,0.0016463384009519633,0.0016449846714809487,303.0031402587891,304.6248132324219,311.73029120035653,305.96933145867547,0.015260816750263707,12,4,0
2021-12-28,351.5,353.75,350.7749938964844,352.7250061035156,325.8823547363281,10158044,0.008362072034462154,0.008327303599745997,304.57838745117186,304.5989434814453,313.9075317443522,307.44437021998306,0.015285640455960056,12,4,1
2021-12-29,352.625,355.0,350.0249938964844,351.8500061035156,325.073974609375,7898416,-0.0024805888235562845,-0.0024836705814497506,306.16980438232423,304.5430480957031,315.6254460312788,308.7502668414195,0.01530839692004465,12,4,2
2021-12-30,352.54998779296875,359.95001220703125,352.0,357.04998779296875,329.87823486328125,18087350,0.014778975338395783,0.014670830493677518,307.724267578125,304.5666076660156,317.8181827746638,310.31530150970553,0.015475617189732675,12,4,3
2021-12-31,357.8999938964844,359.3999938964844,354.54998779296875,357.67498779296875,330.45562744140625,8549558,0.0017503203215705199,0.0017487902960528032,309.4473388671875,304.6904107666016,319.7624050310857,311.80717750464635,0.015087625556497137,12,4,4
2022-01-03,359.0,363.3999938964844,358.0,359.3500061035156,332.0032043457031,9280810,0.004683160992836388,0.0046722291116137364,311.6231216430664,304.8973645019531,321.6456049256422,313.3031794928728,0.014834774350386194,1,1,0
2022-01-04,361.375,361.5499877929688,355.7749938964844,360.75,333.2966003417969,10228800,0.0038957334723401793,0.0038881647534690336,313.6811050415039,305.25860778808595,323.43806575889676,314.78417362983015,0.014795543105072325,1,1,1
2022-01-05,360.0,360.4249877929688,351.5,356.75,329.60107421875,14711264,-0.011087800233356981,-0.011149728078230364,315.3395034790039,305.68175415039065,324.38622090656645,315.881721821602,0.014838630543800994,1,1,2
2022-01-06,352.8999938964844,356.125,349.9750061035156,352.875,326.0209655761719,12883220,-0.010861944704106397,-0.010921366306678752,316.7842529296875,306.0291412353516,324.6377200865058,316.6327769145331,0.015070745597209638,1,1,3
2022-01-07,354.0,360.75,353.79998779296875,355.75,328.6771850585937,13120326,0.008147388551308365,0.008114377761151096,318.4761459350586,306.40239685058594,325.2591762360578,317.5249552955746,0.014163262813603339,1,1,4
2022-01-10,354.5,354.5,345.0,346.75,320.3620910644531,27537820,-0.025298664988439135,-0.025624177975849108,319.58713684082034,306.74054443359375,324.50577851734937,317.73511350067673,0.015036450032255105,1,1,0
2022-01-11,347.5,349.2250061035156,344.5,347.07501220703125,320.6623229980469,15487458,0.0009371643586049139,0.0009367254942580075,320.6784942626953,307.17847229003905,323.9144776682259,317.9519438338153,0.014978637775551211,1,1,1
2022-01-12,350.0,350.875,341.6000061035156,345.67498779296875,319.3688659667969,23460682,-0.004033704425130957,-0.004041861754385265,321.94769897460935,307.5101525878906,323.21515279108297,318.056901028851,0.014981640122436721,1,1,2
2022-01-13,331.6000061035156,333.0,324.0,324.875,300.1517639160156,61505934,-0.060172121013133295,-0.06205852794508538,322.0735794067383,307.4727355957031,319.6669391179957,316.73059457604836,0.01859875279332935,1,1,3
2022-01-14,324.625,324.625,318.25,319.8999938964844,295.5553283691406,26514548,-0.015313704930153604,-0.015432170698855156,321.35755615234376,307.35539978027344,315.9574605412488,315.1620563384996,0.018736971594770214,1,1,4
2022-01-17,319.75,325.82501220703125,316.5249938964844,323.32501220703125,298.7197265625,20457876,0.010706618658578693,0.010649708665717733,320.91177520751955,307.29026489257814,313.30550146759515,313.94410598472183,0.018194791666580442,1,1,0
2022-01-18,324.45001220703125,325.0,315.57501220703125,316.6499938964844,292.5526733398437,14329980,-0.02064494800401473,-0.02086103417527888,319.5836700439453,307.05882751464844,310.1127586787103,312.3595554184345,0.018493119384668563,1,1,1
2022-01-19,315.5,315.82501220703125,309.5,310.57501220703125,286.9400329589844,17382766,-0.019185059281066286,-0.01937148071991133,318.09388732910156,306.7142138671875,306.54772395259863,310.47662782884566,0.018612102132566328,1,1,2
2022-01-20,310.32501220703125,311.20001220703125,305.25,307.6000061035156,284.19140625,16827124,-0.009579098045818024,-0.009625272716565263,316.2611022949219,306.36867553710937,303.1082904598912,308.5295743785608,0.01866736359223212,1,1,3
2022-01-21,305.0,305.5,300.3999938964844,302.5249938964844,279.9576721191406,19646694,-0.014897474159141222,-0.015009556078659522,314.1265502929688,306.0382440185547,299.5466568690064,306.4131371741594,0.018798124732530206,1,1,4
2022-01-24,302.75,302.75,284.2250061035156,286.375,265.01239013671875,26150716,-0.05338407720457705,-0.05486184061256131,311.21817474365236,305.24029541015625,294.2336927563468,303.346415171386,0.020871077509589185,1,1,0
2022-01-25,281.25,286.0,275.3500061035156,281.3500061035156,260.3623046875,34712370,-0.017546671862473273,-0.017702439534943694,307.9421722412109,304.3599694824219,289.0227099765242,300.1624069873945,0.020988099335968024,1,1,1
2022-01-27,277.5,278.45001220703125,268.6000061035156,272.375,252.0567779541016,31351744,-0.03189988175656655,-0.03241976911642913,304.29131240844725,303.28997406005857,283.3356435115361,296.5990270590024,0.021482629660063396,1,1,3
2022-01-28,275.04998779296875,282.4750061035156,273.32501220703125,276.07501220703125,255.48074340820312,29899780,0.01358410387490161,0.013492667063320387,300.57143783569336,302.2852236938477,279.0502742648695,293.5532282700543,0.02151617992815062,1,1,4
2022-01-31,284.5,287.20001220703125,281.2749938964844,286.29998779296875,264.9429931640625,26252174,0.03703703703703698,0.03636764417087479,297.29580612182616,301.56534271240236,276.8799233262838,291.4339515955364,0.02122559076848328,1,1,0
2022-02-01,289.95001220703125,291.20001220703125,283.2250061035156,288.32501220703125,266.81695556640625,20920202,0.007073077796714289,0.007048180911421991,294.0364936828613,300.9513088989258,275.3317744401488,289.61047040819346,0.02133384893175627,2,1,1
2022-02-02,291.0,295.0,287.5,294.0,272.068603515625,16368826,0.019682587030761978,0.01949138968125025,290.97509384155273,300.4538577270508,274.8297481440682,288.3110728605958,0.020362583371823353,2,1,2
2022-02-03,292.3500061035156,294.3999938964844,288.07501220703125,289.125,267.5572509765625,14082780,-0.016581672713306683,-0.016720687522789227,287.87290267944337,299.92438446044923,273.7109024259904,286.7737527210378,0.02046691044339565,2,1,3
2022-02-04,288.5,288.8999938964844,284.0249938964844,285.875,264.5497131347656,13633558,-0.011240726352283903,-0.011304380780954242,284.79934005737306,299.33291290283205,272.3014886888789,285.1275275664991,0.020192615138432384,2,1,4
2022-02-07,285.95001220703125,286.8999938964844,277.79998779296875,278.5,257.7248229980469,15091358,-0.025798138489161904,-0.026136746801791254,281.2517219543457,298.7458377075195,270.0589247364432,283.09769759846563,0.020371937815907487,2,1,0
2022-02-08,280.70001220703125,282.8999938964844,277.2250061035156,280.125,259.2286682128906,13953814,0.005835080988124908,0.005818122839192881,278.1950508117676,298.1043026733398,268.3927314251274,281.3296213476823,0.020449273847340965,2,1,1
2022-02-09,282.20001220703125,285.375,281.6499938964844,284.4750061035156,263.254150390625,10207476,0.015528692121461019,0.015409355820805964,275.3246421813965,297.4818374633789,267.60218049674245,279.99069757308547,0.02067693691006481,2,1,2
2022-02-10,286.20001220703125,287.375,283.1000061035156,286.82501220703125,265.4288330078125,11603824,0.008260772390333182,0.00822683895957371,272.6276405334473,296.9255014038086,267.2678193445994,278.9120409386208,0.020848016566972088,2,1,3
2022-02-11,283.0,283.0,278.54998779296875,280.7250061035156,259.78387451171875,15442458,-0.02126731460228215,-0.021496722359562168,270.60924606323243,296.14539947509763,266.1164432164639,277.49513972181325,0.020615544688356278,2,1,4
2022-02-14,275.0,278.57501220703125,270.0,270.8500061035156,250.6455535888672,16241546,-0.03517662880356853,-0.03581022942571114,268.36375732421874,295.23842651367187,263.7363063506798,275.5062814897432,0.021126524054375744,2,1,0
2022-02-15,272.79998779296875,282.625,271.625,281.67498779296875,260.6630249023437,13676992,0.03996668271206638,0.03918867678634005,266.46092224121094,294.68193603515624,263.26349382016656,274.40678100178764,0.022825638011602596,2,1,1
2022-02-16,282.57501220703125,285.1499938964844,278.7749938964844,281.95001220703125,260.9175109863281,14607822,0.0009763029646410182,0.0009758266908680917,264.87916412353513,294.0575476074219,262.9025733841914,273.4075758154573,0.02278033434917532,2,1,2
2022-02-17,286.0,286.20001220703125,280.57501220703125,282.45001220703125,261.3802185058594,14228840,0.0017733862237996334,0.0017718156310211671,263.6011734008789,293.3564898681641,262.66836494137107,272.51666045919075,0.022838720408095682,2,1,3
2022-02-18,279.5,282.8500061035156,277.67498779296875,281.2250061035156,260.24658203125,13411838,-0.00433711656180269,-0.004346549135164996,262.40393218994143,292.61890197753905,262.2957829551986,271.60776576082475,0.02283613413089103,2,1,4
2022-02-21,277.875,286.3500061035156,277.70001220703125,285.3999938964844,264.1101379394531,17534002,0.014845750818503367,0.014736631308252849,261.611555480957,292.0043182373047,262.5749144912378,271.0523859222046,0.023023629211786783,2,1,0
2022-02-22,278.125,284.5,278.04998779296875,282.07501220703125,261.033203125,21490124,-0.011650195779908001,-0.011718591041846959,261.41259613037107,291.2621368408203,262.3377281272012,270.3102242335228,0.02278327247658238,2,1,1
2022-02-23,284.6000061035156,285.45001220703125,281.32501220703125,283.54998779296875,262.39813232421875,14408512,0.005228948589214966,0.00521532510789312,261.514387512207,290.53339599609376,262.34702108058855,269.7241433513521,0.022845296823936146,2,1,2
2022-02-24,274.0,278.45001220703125,265.57501220703125,268.57501220703125,248.5402374267578,26953888,-0.052812475358392175,-0.05425818571446082,261.3385604858398,289.62450531005857,260.22290051846073,268.1549651347155,0.024356437228782862,2,1,3
2022-02-25,274.0,279.375,273.75,277.625,256.9151306152344,15922624,0.03369632730372096,0.03314104562451299,261.41027984619143,288.81012481689453,259.71401284104127,267.32238479993913,0.023439557951542307,2,1,4
2022-02-28,275.5,280.04998779296875,272.04998779296875,277.8999938964844,257.16961669921875,18316874,0.000990545334464965,0.0009900550681624387,261.02161102294923,287.7560012817383,259.3225672807609,266.5703279035895,0.02337881149946769,2,1,0
2022-03-02,277.5,279.1499938964844,275.20001220703125,277.6000061035156,256.8919982910156,16354110,-0.0010795148033674318,-0.0010800978991509023,260.5253631591797,286.7411343383789,258.94863359003085,265.8534145989544,0.02321534266046732,3,1,2
2022-03-03,281.5,287.9750061035156,280.17498779296875,284.7749938964844,263.53179931640625,25911326,0.025846663459983876,0.025518284760962205,260.09852294921876,285.6294747924805,259.6537360094732,265.6814430965434,0.023665327878387075,3,1,3
2022-03-04,280.5,290.0,277.0249938964844,287.6499938964844,266.1923217773437,26948372,0.010095641087105145,0.01004502051560915,260.0302764892578,284.61860748291014,260.6596722814533,265.7192859617878,0.023587162466881032,3,1,4
2022-03-07,281.5,289.82501220703125,281.125,285.92498779296875,264.5959777832031,21112334,-0.005996957325748231,-0.006015011289753254,260.0325897216797,283.4935848999023,261.265257743261,265.6360779485593,0.023557712626675928,3,1,0
2022-03-08,286.0,295.375,286.0,293.7250061035156,271.81414794921875,22039998,0.02727996935739463,0.02691450271200732,260.73705596923827,282.47689361572264,262.88816392879295,266.09371276342296,0.024022125920705448,3,1,1
2022-03-09,294.0,298.20001220703125,291.07501220703125,292.75,270.911865234375,23527232,-0.0033194839990901004,-0.00332500570897147,261.3212158203125,281.43153289794924,264.1225795142671,266.45061294645643,0.021879566421386356,3,1,2
2022-03-10,297.5,298.25,292.29998779296875,294.125,272.184326171875,16161966,0.004696955359999366,0.004685959084405777,261.767724609375,280.35757232666015,265.3628482308221,266.8753324446356,0.021605741430667198,3,1,3
2022-03-11,293.5,295.0,291.20001220703125,293.1000061035156,271.2357788085937,9927188,-0.003484944840954296,-0.0034910314062370678,262.058071899414,279.2808084106445,266.26637601201776,267.19832847159546,0.020684827152831518,3,1,4
2022-03-14,293.20001220703125,300.3999938964844,293.0,299.07501220703125,276.7650451660156,15006442,0.02038546087728288,0.020180458729758675,262.90713043212884,278.2185446166992,267.88155588186356,267.9069741526636,0.020845391963809624,3,1,0
2022-03-15,301.8500061035156,301.8500061035156,292.1499938964844,293.8500061035156,271.9298400878906,13853244,-0.017470432637996747,-0.017624841684408307,263.97134475708003,277.0480288696289,268.50436883663696,268.2049642219397,0.020128878624355594,3,1,1
2022-03-16,297.625,299.7250061035156,296.25,299.125,276.8113098144531,11150296,0.01795121022755275,0.017791989894872854,264.7787590026855,275.9441909790039,269.782359756301,268.8424713028666,0.02033773927334335,3,1,2
2022-03-17,302.5,305.5,299.5,300.6000061035156,278.17626953125,16881290,0.004931011372735439,0.004918893754572511,265.6416969299316,274.84178436279296,271.07373049090853,269.53386376422833,0.020057553954733437,3,1,3
2022-03-21,302.54998779296875,308.0,299.0,300.0,277.6210327148437,15592952,-0.0019959891522807194,-0.001997983793258515,266.45373764038084,273.8021835327148,272.08100775612934,270.1329133161257,0.01979332957664726,3,1,0
2022-03-22,301.70001220703125,305.5,298.07501220703125,305.0249938964844,282.27117919921875,15580500,0.016749979059228703,0.016611245209404865,267.55496749877926,272.9271878051758,273.6487264396816,271.03204412228075,0.019835520436771857,3,1,1
2022-03-23,306.9750061035156,307.5,303.8500061035156,305.6000061035156,282.80328369140625,11393836,0.001885082613453548,0.0018833080749748891,268.4896247863769,272.00970977783203,275.05711986302384,271.9039877940678,0.01911134720709824,3,1,2
2022-03-24,303.5,306.8999938964844,302.8999938964844,305.2749938964844,282.5025329589844,7751490,-0.0010634626603206465,-0.0010640285379643322,269.5630912780761,271.25251861572264,276.2025680316332,272.68906521369126,0.019121016099387163,3,1,3
2022-03-25,305.5,307.0,298.625,301.67498779296875,279.17108154296875,11986194,-0.011792642639771644,-0.011862727384452265,270.40173873901364,270.4226937866211,276.6592624179925,273.1692145714155,0.019156677277252607,3,1,4
2022-03-28,304.0,304.5,298.54998779296875,300.1000061035156,277.7135925292969,11476810,-0.0052207736045452036,-0.005234449462866765,271.8604064941406,269.5895883178711,276.82146705050087,273.5058351608882,0.019166198028716476,3,1,0
2022-03-29,301.5,302.67498779296875,299.57501220703125,301.25,278.7778015136719,9402006,0.003832037800824306,0.003824714247430706,272.95354003906243,269.1621090698242,277.1224415832964,273.8963511870203,0.018671032192998743,3,1,1
2022-03-30,302.54998779296875,304.6499938964844,299.75,300.3999938964844,277.9911804199219,15488764,-0.0028216776568252833,-0.0028256660937138146,273.9946182250976,268.81082611083986,277.256093712008,274.1996718709389,0.017302516752206155,3,1,2
2022-03-31,300.0,301.6499938964844,295.1000061035156,295.95001220703125,273.8731384277344,14476178,-0.014813570653453678,-0.014924387346918568,274.84367523193356,268.3138943481445,276.735639052889,274.1754842084793,0.01618720800406145,3,1,3
2022-04-01,295.8500061035156,301.70001220703125,294.6499938964844,300.8999938964844,278.4538879394531,8567994,0.01672580793434575,0.016587471998001323,275.5897796630859,268.0319186401367,276.9999850354373,274.49240300336623,0.016414151865114135,4,2,4
2022-04-04,302.5,303.25,299.5,302.79998779296875,280.2121276855469,8855948,0.006314294115641994,0.006294442482760807,276.29076995849607,267.897360534668,277.49416082776185,274.9160863131574,0.01643003993501235,4,2,0
2022-04-05,302.7250061035156,304.75,299.0249938964844,299.57501220703125,279.5356750488281,12862488,-0.0024140733747179954,-0.0024169919478932668,277.03775482177736,267.8042459106445,277.8082399386951,275.2582780713552,0.016406368380419322,4,2,1
2022-04-06,299.0,299.0,295.5,296.7749938964844,276.9230041503906,8235902,-0.009346466772018003,-0.00939041907276678,277.29319763183594,267.74355255126954,277.67204981741753,275.3815911142467,0.016374021743771835,4,2,2
2022-04-07,296.0,296.0,288.75,290.42498779296875,270.9976806640625,15721530,-0.021397007101332077,-0.021629241784490452,277.2974884033203,267.8632583618164,276.64522379382447,275.0568570068256,0.016740863739828537,4,2,3
2022-04-08,293.0,293.5,290.25,291.82501220703125,272.3041076660156,8636632,0.004820805103393555,0.004809222233393762,277.30347747802733,268.1020944213867,275.9773597741616,274.8529496482471,0.016737798578123905,4,2,4
2022-04-11,292.0,292.125,284.04998779296875,285.54998779296875,266.4488525390625,17164216,-0.021502632395596022,-0.021737182385287594,277.06413116455076,268.38993591308594,274.51143558414634,274.2304239364556,0.013993905059118357,4,2,0
2022-04-12,284.0,284.0,278.1000061035156,279.3500061035156,260.66357421875,16338532,-0.021712528559170163,-0.021951714060095103,276.2590576171875,268.49359252929685,272.38099537408533,273.2254721055145,0.01336548429133153,4,2,1
2022-04-13,280.0,282.75,277.29998779296875,279.6000061035156,260.8968200683594,11204576,0.000894815665397175,0.0008944155565243236,275.70740661621096,268.4126690673828,270.6141991732044,272.31223862128076,0.013365391632116126,4,2,2
2022-04-18,274.92498779296875,274.92498779296875,268.0,269.29998779296875,251.28582763671875,18930062,-0.036838288903338845,-0.03753395698611952,274.4311325073242,268.10204650878904,267.6406035522066,270.7547266964984,0.015010480756675028,4,2,0
2022-04-19,272.0,272.7749938964844,263.0249938964844,265.2250061035156,247.48341369628903,13286008,-0.015131828070808817,-0.015247482371713953,272.8964897155762,267.61034271240237,264.53949742052697,269.0309257335199,0.014369220875845594,4,2,1
2022-04-20,268.0,270.2749938964844,265.67498779296875,268.25,250.3060607910156,8660976,0.01140539906318927,0.011340847857119798,271.53074111938474,267.2653189086914,262.3497379390637,267.64389870074183,0.014409147925354047,4,2,2
2022-04-21,270.5,271.25,268.67498779296875,269.6000061035156,251.56578063964844,13388782,0.005032718123771707,0.0050200963281617885,269.99547119140624,267.0056402587891,260.6906675853075,266.4529269925127,0.014442957145968232,4,2,3
2022-04-22,267.5,270.42498779296875,265.32501220703125,268.8500061035156,250.86593627929688,9782424,-0.0027819537242788073,-0.0027858305493087296,268.39860382080076,266.86846252441404,259.17917046130583,265.29833508783,0.0133749039489122,4,2,4
2022-04-25,264.9750061035156,265.57501220703125,261.6499938964844,264.67498779296875,246.9701995849609,9473768,-0.015529157733071952,-0.01565099813491188,266.6219871520996,266.6232931518555,257.30086724956044,263.9406954209508,0.013582254353479754,4,2,0
2022-04-26,268.5,268.875,263.54998779296875,264.625,246.92355346679688,8718740,-0.00018887346830676055,-0.00018889130714650005,265.00961074829104,266.2966812133789,255.7043574368276,262.6801663873098,0.013516038156921154,4,2,1
2022-04-27,263.5,263.5,257.25,259.4750061035156,242.11805725097656,16275078,-0.019461473595172807,-0.019653341506933937,263.229833984375,265.83046569824216,253.61415740823512,261.15704719202586,0.013840440824378965,4,2,2
2022-04-28,262.0,263.32501220703125,258.0,261.2749938964844,243.7976226806641,13241338,0.006936968885168815,0.006913018813321311,261.48082504272463,265.51074066162107,252.1039212963011,259.87116389488796,0.013238635847387764,4,2,3
2022-04-29,264.25,264.25,253.5,254.3999938964844,237.3825225830078,24151260,-0.026313218427314378,-0.02666560655153797,259.4503921508789,265.2454800415039,249.83909072502522,258.2053386125265,0.01363823718276337,4,2,4
2022-05-02,257.75,259.5,246.3000030517578,247.5,230.944091796875,43822854,-0.02712259822700902,-0.027497204968136593,257.30393981933594,264.6511013793945,246.93216781300208,256.1859869965523,0.01357040584466616,5,2,0
2022-05-04,250.0,251.9250030517578,244.625,245.875,229.42779541015625,17267854,-0.006565642683998174,-0.0065872913261189915,254.8526351928711,264.0213070678711,244.2391874433335,254.20389873089331,0.01341453591924236,5,2,2
2022-05-05,250.5,251.8500061035156,248.1499938964844,250.5749969482422,233.8133850097656,10869532,0.019115336883088085,0.01893493417807608,252.53269805908204,263.4699703979492,242.6352178381692,252.69349030710606,0.014180714723976928,5,2,3
2022-05-06,245.0,245.4499969482422,240.5,242.5500030517578,226.3251800537109,18441782,-0.03202641694675401,-0.03255048231219526,249.87217330932617,262.79154235839843,240.12598125594485,250.7402821401879,0.014324113083854565,5,2,4
2022-05-09,241.0,244.6750030517578,237.3000030517578,241.5749969482422,225.41542053222656,16675250,-0.004019700862574971,-0.0040278015756702425,247.29679412841796,262.0176480102539,237.8628180676805,248.8643664655241,0.014234748726768885,5,2,0
2022-05-10,241.5,241.875,238.0749969482422,238.8249969482422,222.8493804931641,14969534,-0.011383604693076532,-0.011448893878070299,244.88937911987304,261.2539715576172,235.55305844083182,246.9373304675715,0.014200173685760332,5,2,1
2022-05-11,240.0249938964844,240.9750061035156,231.2749938964844,235.9499969482422,220.1666717529297,21029342,-0.012038214933770885,-0.012111261065088303,242.28250732421876,260.4093423461914,233.1859220273084,244.95431871093137,0.01420263898685647,5,2,2
2022-05-12,234.0500030517578,238.0,231.0749969482422,236.8999938964844,221.0531311035156,14573000,0.004026310356277207,0.004018226460319086,240.0127212524414,259.8596002197266,231.31933880826335,243.1838603696413,0.014359685086567748,5,2,3
2022-05-13,239.75,239.75,233.5,234.3249969482422,218.650390625,16775318,-0.010869515697519927,-0.010929020468145733,237.9120620727539,259.09430541992185,229.37026985699208,241.36656631448267,0.014210525332407683,5,2,4
2022-05-16,237.0,237.1750030517578,232.5,234.0,218.3471221923828,7314066,-0.0013870015587454931,-0.001387964335759261,235.7845771789551,258.31785552978516,227.67440098551373,239.66142230543824,0.014230836988487199,5,2,0
2022-05-17,235.5,244.5,234.1499938964844,243.3249969482422,227.04835510253903,11321450,0.03985045840214774,0.03907691281657359,234.57270355224608,257.72098266601563,227.57808623428687,238.7271210311494,0.01661716037789018,5,2,1
2022-05-18,245.4499969482422,247.625,240.3000030517578,240.625,224.5289764404297,15390968,-0.011096220719025052,-0.011158243011628946,233.42498168945312,256.9409262084961,227.1089924198473,237.67540661702202,0.016066762715669647,5,2,2
2022-05-19,233.0749969482422,236.8999938964844,225.0,225.5749969482422,210.48568725585932,22945978,-0.06254555383989036,-0.06458711308069023,231.4339630126953,255.8267935180664,224.55156085615687,235.66135333100996,0.01878436548056548,5,2,3
2022-05-20,231.0,231.1000061035156,227.5,229.8000030517578,214.4281005859375,12731912,0.01873007795197923,0.01855682999716612,229.57707901000975,254.82343597412108,222.9941054299693,234.0885197943379,0.01943771349749976,5,2,4
2022-05-23,231.8999938964844,233.8999938964844,228.75,233.0,217.41403198242188,14111568,0.013925093718244685,0.013829030367578475,227.90448379516602,253.73543365478517,222.13563259188507,232.8533725490108,0.01986712526903998,5,2,0
2022-05-24,234.2250061035156,234.8000030517578,229.0,229.9750061035156,214.5913848876953,13779460,-0.012982819319384054,-0.01306783272891294,226.28554306030273,252.60902404785156,220.97497909893278,231.5006327222467,0.0197280289227367,5,2,1
2022-05-25,230.0749969482422,230.4250030517578,221.6000061035156,222.4250030517578,207.54641723632807,15481506,-0.03282968538114506,-0.03338067223398119,224.3166862487793,251.31626586914064,218.90904650468588,229.72624638995643,0.020107282581415604,5,2,2
2022-05-26,223.0,227.3500061035156,222.0,226.6750030517578,211.5121459960937,11583082,0.019107671491384703,0.018927412536261692,222.78639068603516,250.12179321289062,217.7710618110563,228.3770537681888,0.020584894816593372,5,2,3
2022-05-27,230.0,233.9750061035156,228.125,233.4750061035156,217.85726928710932,11414472,0.029998860165377117,0.029557695605375883,221.48937301635743,248.94363769531247,217.78432449967985,227.59781047329403,0.021495222468675898,5,2,4
2022-05-30,236.5749969482422,240.75,236.5749969482422,238.125,222.1962127685547,12291148,0.01991645032384559,0.01972071249404371,220.73005752563478,247.94896514892574,218.4630765410452,227.1976921247948,0.02197280689089603,5,2,0
2022-05-31,237.9499969482422,240.375,235.1999969482422,239.0249938964844,223.03599548339844,31587004,0.0037794645749362754,0.003772340343577461,220.33465270996095,246.87345886230466,219.16660253217648,226.8894182995062,0.021187207765444437,5,2,1
2022-06-01,239.4750061035156,239.4750061035156,234.25,235.375,219.6301422119141,10514566,-0.015270419754903952,-0.015388213324692424,219.84477005004882,245.70253631591797,219.2379163290592,226.35169414486975,0.02118979040846778,6,2,2
2022-06-02,235.8999938964844,238.2250061035156,234.0500030517578,237.0749969482422,221.21641540527344,10535040,0.007222474917986554,0.007196517754389115,219.2149215698242,244.57444396972656,219.54230080232293,225.97130312712187,0.021100180446811792,6,2,3
2022-06-03,239.8249969482422,244.0,237.25,237.75,221.8462829589844,23269778,0.0028472912037609266,0.0028432453481613317,218.9909767150879,243.36594604492188,219.89675959565545,225.66574607763022,0.021072058306618294,6,2,4
2022-06-06,236.0,237.75,232.1000061035156,236.6000061035156,220.7732086181641,13791156,-0.004837017445177172,-0.004848753674919431,218.75886611938478,242.12534454345703,220.03159790681065,225.30333589544756,0.0210714194960605,6,2,0
2022-06-07,235.0,235.375,232.5749969482422,233.8249969482422,218.183822631836,4701342,-0.01172871474095638,-0.01179803870281507,218.52558822631835,240.83897033691406,219.74732478758378,224.77596454258742,0.02101126384586079,6,2,1
2022-06-08,235.5249938964844,236.0,232.1499938964844,235.1999969482422,219.46685791015625,5627652,0.005880524334222814,0.005863301537399931,218.4905975341797,239.64488586425782,219.70417603721032,224.38269738462955,0.021077415913468078,6,2,2
2022-06-09,233.5249938964844,238.0749969482422,232.125,237.5249938964844,221.63633728027344,7402238,0.009885225453974078,0.009836686231480578,218.51975784301757,238.52334075927735,220.0014316130662,224.1792633028254,0.021001780383777806,6,2,3
2022-06-10,233.6000061035156,233.6000061035156,228.1499938964844,230.4750061035156,215.0579376220703,17453098,-0.029681052028414978,-0.030130449189799183,218.3401351928711,237.2489434814453,219.2408940759899,223.5036095486954,0.021479452867781024,6,2,4
2022-06-13,225.0249938964844,226.5,222.5,223.0500030517578,208.12960815429688,14130822,-0.032216106712363524,-0.03274646736562794,217.8292594909668,235.85171203613282,217.5314654726525,222.36479463059183,0.02171712522916582,6,2,0
2022-06-14,220.0,226.8500061035156,219.0,222.9499969482422,208.03631591796875,13056384,-0.0004482410607287157,-0.0004483415507832784,216.87865753173827,234.5349755859375,216.0706732334704,221.3034258370642,0.02128565065328637,6,2,1
2022-06-15,224.2250061035156,225.3249969482422,219.6499938964844,220.0500030517578,205.33029174804688,11391596,-0.01300746053871138,-0.013092798380375725,215.91872329711913,233.07250366210937,214.41830685109755,220.1202307193592,0.02135258983304545,6,2,2
2022-06-16,223.0,223.375,209.875,211.1499938964844,197.02560424804688,17944686,-0.0404455057716977,-0.0412861707455577,215.2457191467285,231.40877319335937,211.74250645062824,218.40951764741013,0.021941120215073658,6,2,3
2022-06-17,208.0,209.375,201.0249938964844,202.6000061035156,189.04757690429688,41550546,-0.040492337908051845,-0.041334978061369966,213.9766929626465,229.59901123046876,208.25097882811573,216.23455907384619,0.022345376344033274,6,2,4
2022-06-20,204.5,208.9499969482422,202.0749969482422,207.3249969482422,193.4564971923828,20750838,0.023321749795914615,0.023053953449257987,212.77881622314453,227.9296810913086,205.97490473031067,214.5472952307748,0.022966768699321412,6,2,0
2022-06-21,210.0,213.375,208.3249969482422,212.5749969482422,198.35531616210932,12187804,0.025322586942401193,0.02500728204494163,211.96701278686524,226.47683380126952,204.80266033520277,213.34788937383664,0.023575041810857348,6,2,1
2022-06-22,211.3500061035156,211.3500061035156,205.1499938964844,205.625,191.8702087402344,16202862,-0.032694396839734075,-0.03324080123286077,211.18320236206054,224.86815582275392,202.81305239751532,211.75695006764388,0.024125153771165177,6,2,2
2022-06-23,206.25,210.3999938964844,205.6499938964844,209.5249938964844,195.5093231201172,19655010,0.01896654203785042,0.018788919587552556,210.38306121826173,223.449365234375,201.68940173945407,210.55342214560486,0.024454709304294348,6,2,3
2022-06-24,210.5,213.0,207.875,209.375,195.36935424804688,15362102,-0.000715919168643997,-0.0007161755611501896,209.2586654663086,222.14348083496094,200.71708674077604,209.42867637541536,0.02442363032805865,6,2,4
2022-06-27,213.5,215.375,212.0,212.4499969482422,198.23866271972656,12447870,0.014686584202129982,0.014579780772833234,208.0607879638672,220.89031768798827,200.33579073753765,208.59978647499398,0.02464583507334753,6,2,0
2022-06-28,211.0,214.5500030517578,207.8500061035156,213.625,199.33506774902344,12091828,0.005530732573831854,0.005515494232736786,206.87574157714843,219.8513024902344,200.1818333546893,207.913511013811,0.023354873387564867,6,2,1
2022-06-29,210.0,212.3999938964844,208.6999969482422,210.375,196.302474975586,16684176,-0.015213543746631086,-0.015330456995488023,205.70935821533203,218.8276837158203,199.5850089886734,207.05343427023877,0.0234096664589024,6,2,2
2022-06-30,210.9499969482422,211.5,207.5,208.0249938964844,194.10964965820312,12123284,-0.011170645289396375,-0.011233505512041473,204.35401992797853,217.70375549316407,198.74264601475488,206.09463541008796,0.020718745380485296,6,2,3
2022-07-01,207.5,211.6000061035156,205.6999969482422,211.0,196.8856658935547,8907248,0.014301278891799996,0.014199980260498882,203.10598907470703,216.6101531982422,198.45695676533947,205.41248951997437,0.020577652129699652,7,3,4
2022-07-04,210.4750061035156,210.875,208.0,210.1499938964844,196.092514038086,6372716,-0.0040284895899811435,-0.004036625812646364,201.87195434570313,215.51468475341798,198.093196345762,204.7221209657604,0.020339128551283534,7,3,0
2022-07-05,210.5500030517578,211.5249938964844,206.5249938964844,206.8000030517578,192.96661376953125,11513210,-0.01594094646544042,-0.016069369976003237,200.6110939025879,214.4346130371094,197.3044913340342,203.85134265492863,0.020395118270979562,7,3,1
2022-07-06,209.3000030517578,209.3000030517578,206.5500030517578,208.0249938964844,194.10964965820312,10522910,0.005923490423255462,0.0059060155281505265,199.34323348999024,213.3783349609375,196.8129772300602,203.1297357662823,0.019676992546389348,7,3,2
2022-07-07,210.0,211.9750061035156,208.6000061035156,210.3999938964844,196.32579040527344,10706024,0.01141695300039225,0.011352271437832477,198.07770614624025,212.46248962402345,196.73802541086224,202.62573981361496,0.019440653373520446,7,3,3
2022-07-08,212.0,212.3500061035156,208.2749938964844,209.5500030517578,195.5326690673828,9535432,-0.004039822461701981,-0.004048004588122979,197.10144271850587,211.49719055175783,196.55258597340386,202.1003271657459,0.018459339227411376,7,3,4
2022-07-11,207.375,207.5,202.7749938964844,205.6000061035156,191.84689331054688,16689574,-0.018849923004762847,-0.01902984743232757,196.28730697631835,210.5864779663086,195.82863325604126,201.34081354684227,0.01812239629914742,7,3,0
2022-07-12,204.5,207.4250030517578,204.0,204.5749969482422,190.8904571533203,9777472,-0.00498541384080875,-0.004997882474519446,195.43001403808594,209.7854052734375,195.06891385562264,200.56671307324805,0.0180511047235067,7,3,1
2022-07-13,206.0,206.0,202.6750030517578,203.3500061035156,189.74740600585932,11956780,-0.005987995233008969,-0.006005995168118905,194.65086975097657,208.99179748535155,194.25022034027444,199.76528292010815,0.01794852462862084,7,3,2
2022-07-14,205.3000030517578,205.3000030517578,200.25,200.7250061035156,187.29800415039065,13161242,-0.012908750148568737,-0.012992792098211504,194.16448974609375,208.06148986816407,193.18064861875385,198.84178078901795,0.01786329971890033,7,3,3
2022-07-15,200.4750061035156,202.0500030517578,195.5,196.9250030517578,183.752182006836,22328354,-0.01893144649158962,-0.019112940606152706,193.89972000122071,207.21002990722656,191.7301152938434,197.72403273107855,0.017959822418697834,7,3,4
2022-07-18,199.5,202.8500061035156,198.3249969482422,202.375,188.837631225586,13632394,0.027675585471745867,0.027299538892774484,193.66877670288088,206.47847412109374,191.28511774488072,197.06578076770873,0.018990244042080856,7,3,0
2022-07-19,201.5,203.8999938964844,200.6000061035156,202.8249969482422,189.25750732421875,12897178,0.0022234768351396816,0.0022210085686000026,193.21388626098636,205.80663665771485,190.97317768016347,196.48739014226504,0.018991106068721637,7,3,1
2022-07-20,205.3999938964844,208.75,203.5500030517578,206.0500030517578,192.2667999267578,25237412,0.015900519060434437,0.01577543005177508,193.2337158203125,205.2486392211914,191.17219648733183,196.17475383000524,0.019267056696856917,7,3,2
2022-07-21,204.4250030517578,208.75,201.3000030517578,207.0,193.1532440185547,45382342,0.004610489653619654,0.004599893901451657,193.1159118652344,204.6906414794922,191.4769730305969,195.95093828841632,0.019157654743684072,7,3,3
2022-07-22,207.875,208.6999969482422,204.5249938964844,205.4250030517578,191.68359375,15468542,-0.007608726822178058,-0.0076378208571035765,192.93162384033207,204.1513055419922,191.508760833582,195.6348386929781,0.018567863936609332,7,3,4
2022-07-25,205.25,207.8249969482422,204.2749938964844,207.3999938964844,193.52647399902344,12535662,0.009614178307961962,0.009568256196656378,192.6960144042969,203.654892578125,191.8191782436499,195.47866353046294,0.017908430138548245,7,3,0
2022-07-26,207.3999938964844,207.6999969482422,202.1499938964844,202.6000061035156,189.04757690429688,15186298,-0.023143588585968655,-0.02341560661031512,192.18163986206056,202.89487701416016,191.3927780375956,195.0022867433395,0.018303995568379167,7,3,1
2022-07-27,202.4750061035156,203.6999969482422,200.9750061035156,203.3249969482422,189.7240600585937,14084158,0.0035783751655240614,0.0035719880136601653,191.85271911621095,202.19877868652344,191.13605219467223,194.6113069889139,0.018242380653402532,7,3,2
2022-07-28,205.8999938964844,208.5,205.4499969482422,208.0,194.0863494873047,15898464,0.022992810861014457,0.02273245943845666,191.851554107666,201.87079193115235,191.58994408584647,194.57242124805396,0.01734314298214722,7,3,3
2022-07-29,210.3000030517578,212.1499938964844,208.8999938964844,211.8500061035156,197.67881774902344,15919784,0.018509638989081756,0.01834042054674682,191.89121170043944,201.53580627441406,192.52669388018137,194.80252469257022,0.01592175679450858,7,3,4
2022-08-01,213.1000061035156,215.4499969482422,211.3000030517578,214.5,200.15155029296875,10365748,0.012508839197352684,0.012431250031909742,192.0941635131836,201.190556640625,193.69974871291788,195.19874881111824,0.015530942511167012,8,3,0
2022-08-02,214.4750061035156,215.8249969482422,212.3249969482422,214.8000030517578,200.43145751953125,16912426,0.001398476435245044,0.0013974994778036469,192.4674057006836,200.9073580932617,194.73539622162764,195.58635686359327,0.014851699845854197,8,3,1
2022-08-03,214.5,216.5,213.75,216.1750030517578,201.71450805664065,12034938,0.00640144293210243,0.006381040719074822,192.8476486206055,200.79071990966796,195.80910573470658,196.0402939890042,0.01349613904099589,8,3,2
2022-08-04,218.5249938964844,220.1499938964844,213.5500030517578,217.75,203.18414306640625,17789134,0.007285717938309677,0.007259305307766329,193.19056625366213,200.6241598510742,196.94372686266038,196.56946799473766,0.01314649672012001,8,3,3
2022-08-05,218.0749969482422,221.0,218.0749969482422,220.0,205.2836303710937,12967586,0.010332928903813432,0.010279909114319015,193.67811431884766,200.37268707275393,198.2267889408809,197.21496150409737,0.01324053829722055,8,3,4
2022-08-08,221.3999938964844,221.3999938964844,217.6000061035156,217.9250030517578,203.3474273681641,9557496,-0.009431843150033425,-0.00947660466067533,194.2531410217285,199.99571136474614,199.01457946815523,197.669218234769,0.013159054175254857,8,3,0
2022-08-10,217.5,218.0,213.1499938964844,215.0749969482422,200.6880798339844,11329742,-0.013077851874491064,-0.013164119938751261,194.74302215576174,199.54875305175784,199.27204106289818,197.89283761248868,0.013371676411882043,8,3,2
2022-08-11,219.0,221.0,218.1499938964844,219.2250061035156,204.5604705810547,9154644,0.01929556927483511,0.019111770351462148,195.48367538452152,199.24735961914064,200.085645604153,198.38673635090097,0.013473983373457921,8,3,3
2022-08-12,218.5500030517578,219.25,217.5,218.0500030517578,203.46408081054688,7092398,-0.005359734299561936,-0.0053741492052235985,196.29197921752933,198.89231292724608,200.60540486667514,198.76283594050437,0.013327083791697189,8,3,4
2022-08-16,219.25,219.8999938964844,218.3000030517578,218.5500030517578,203.9306182861328,4774208,0.0022929721734046282,0.002290347324415315,197.30090103149413,198.53399963378905,201.11697616197634,199.14563463277315,0.013112794365155316,8,3,1
2022-08-17,218.625,222.4499969482422,218.3249969482422,221.5249938964844,206.70660400390625,10401476,0.013612402792201106,0.013520586327395936,198.19434967041016,198.2526675415039,201.9769189068886,199.70570643804228,0.013262356325805146,8,3,2
2022-08-18,220.875,220.875,217.0249938964844,217.5249938964844,202.97418212890625,16888260,-0.018056616492666433,-0.0182216265592602,198.88018341064452,197.94847473144532,202.13034401796824,199.94781574847664,0.013365410917574948,8,3,3
2022-08-19,219.4750061035156,221.25,215.5,216.2250061035156,201.7611846923828,17253908,-0.005976116882456917,-0.005994045332983048,199.3549026489258,197.59436126708985,202.07355027557048,200.08213937395115,0.013414474928176597,8,3,4
2022-08-22,215.4499969482422,215.4499969482422,209.5249938964844,210.0,195.9525604248047,12900580,-0.028789602303507023,-0.029212152704050736,199.49486846923827,197.08068572998047,201.13185952929882,199.77624463697734,0.01435244407784627,8,3,0
2022-08-23,207.5,209.25,205.0,208.3249969482422,194.38961791992188,17028776,-0.007976126984482912,-0.008008106446998942,199.6301696777344,196.6673193359375,200.09459158939467,199.3772352505288,0.014408873964376435,8,3,1
2022-08-24,208.8999938964844,209.75,207.1750030517578,208.0749969482422,194.1563415527344,7429170,-0.0012000454020315576,-0.0012007660330993844,199.66166305541992,196.38785400390626,199.1810146606777,198.99050238402552,0.013970343262254718,8,3,2
2022-08-25,209.6499938964844,210.0500030517578,207.4750061035156,207.6000061035156,193.71310424804688,8753902,-0.0022828886305892304,-0.002285498393460925,199.89493942260742,196.1013897705078,198.33979767411913,198.59958400358266,0.013942482335285404,8,3,3
2022-08-26,209.25,211.25,208.1499938964844,208.625,194.6695251464844,7904194,0.0049373061370843185,0.0049251576120541785,200.14221267700196,195.88817443847657,197.7751403621753,198.3084685326865,0.013907559409799103,8,3,4
2022-08-29,202.5,203.1750030517578,199.5,202.1750030517578,188.6510009765625,23519514,-0.030916622236547342,-0.03140462562952173,199.87044525146484,195.72068237304688,196.37142661054258,197.5931005655662,0.014880797733365344,8,3,0
2022-08-30,204.5749969482422,207.9750061035156,203.125,206.7749938964844,192.9432830810547,19750992,0.02275250108545901,0.02249752327581956,199.6336685180664,195.79859649658204,195.84401991369828,197.24866964078757,0.014964451250731543,8,3,1
2022-09-01,204.9499969482422,205.8249969482422,202.4250030517578,205.2250061035156,191.4969787597656,11778706,-0.007496007625626966,-0.007524243885433079,199.20093994140626,195.75940612792968,195.1752443515548,196.82261846441557,0.01422152015924882,9,3,3
2022-09-02,206.2749938964844,206.375,203.5500030517578,203.8500061035156,190.21397399902344,9815080,-0.00669986946557366,-0.006722414345929195,198.69006576538087,195.59657928466797,194.41197198962692,196.3330892447569,0.01427882472483501,9,3,4
2022-09-05,203.5,204.0,202.0,202.75,189.18753051757807,18018508,-0.005396256961913037,-0.005410869348348088,198.06371688842773,195.54292572021484,193.60821176315787,195.8037885982992,0.014001484255497663,9,3,0
2022-09-06,203.5,203.6750030517578,200.625,202.2250061035156,188.6976318359375,18226162,-0.0025894871628183713,-0.002592845683852504,197.3393913269043,195.40669189453126,192.8527379282009,195.27740661590204,0.013973556036634426,9,3,1
2022-09-07,201.0500030517578,204.4250030517578,200.5,203.7250061035156,190.09732055664065,12248532,0.007417627381355318,0.0073902520732447964,196.58007583618166,195.30125122070314,192.4288275633455,194.89369653743822,0.013986044888571485,9,3,2
2022-09-08,205.0,207.1750030517578,204.8000030517578,206.3999938964844,192.5933532714844,14064948,0.013130288778057997,0.013044833756295678,196.04237213134766,195.1883450317383,192.4541392107515,194.72330073996017,0.01408534865782037,9,3,3
2022-09-09,208.5,209.7250061035156,205.6750030517578,208.5749969482422,194.6228790283203,14671342,0.010537880577711434,0.01048274412350326,195.73911209106444,195.0941012573242,192.78779149037746,194.71586209465352,0.01351307151359874,9,3,4
2022-09-12,209.9250030517578,212.1999969482422,209.0249938964844,211.0,196.8856658935547,11678424,0.011626520358406056,0.01155945171994029,195.35537185668946,195.1057650756836,193.41823370625087,194.87658830197955,0.013644089911650677,9,3,0
2022-09-13,212.4499969482422,213.0,210.75,211.3249969482422,197.1889190673828,9408334,0.0015402501368082522,0.0015390651681756334,195.04161376953124,195.1673504638672,193.99833914642502,195.0478720623798,0.013017143611867706,9,3,1
2022-09-14,204.5,211.3500061035156,204.5,208.1499938964844,194.226318359375,17583964,-0.015024174390830924,-0.015138180639983317,194.55639877319337,195.1141635131836,194.03341287149425,194.9870162325276,0.01286608909729031,9,3,2
2022-09-15,209.8500061035156,210.4499969482422,206.625,207.5249938964844,193.6431121826172,10640314,-0.0030027144708509867,-0.003007231662772398,193.9032241821289,195.06517547607422,193.97336661166702,194.8874677843861,0.01263459289438733,9,3,3
2022-09-16,206.375,206.375,200.1000061035156,200.8249969482422,187.39129638671875,20192486,-0.0322852474608164,-0.03281791226033904,193.12407989501952,194.95366912841797,192.96074042321342,194.33219582900335,0.01385011630069688,9,3,4
2022-09-19,202.5,203.1000061035156,198.5,200.9750061035156,187.53128051757807,13584188,0.0007470151152080273,0.000746736238291725,192.4125846862793,194.82210174560547,192.1254388992695,193.82842432445335,0.013768009171452388,9,3,0
2022-09-20,203.0,204.6999969482422,202.2250061035156,202.4499969482422,188.90760803222656,8989822,0.007339189018759296,0.007312388221888479,192.0603370666504,194.67373809814453,191.6303879966475,193.46391941391803,0.013769301001415307,9,3,1
2022-09-21,202.9499969482422,202.9499969482422,199.75,200.375,186.97140502929688,19290112,-0.010249470749740142,-0.010302358264784798,191.68942642211914,194.5025128173828,190.91362138628585,192.9829924224646,0.013628478577273707,9,3,2
2022-09-22,199.0,200.1750030517578,197.5,198.9750061035156,185.66505432128903,16500324,-0.006986901060101358,-0.007011423745118018,191.26486206054685,194.37887603759765,190.10614953013248,192.44092293348862,0.013596081665651169,9,3,3
2022-09-23,199.0500030517578,199.6999969482422,196.8249969482422,197.1750030517578,183.98545837402344,13966710,-0.009046376300620884,-0.009087543225107379,190.7784797668457,194.24077606201172,189.16450473688494,191.8145922253801,0.013512066829421583,9,3,4
2022-09-26,196.0,199.6000061035156,192.3000030517578,197.3999938964844,184.1954040527344,18994144,0.0011410993051643725,0.0011404487462067998,190.2547737121582,194.12973602294923,188.4000277085541,191.25020791629524,0.012879959990127568,9,3,0
2022-09-27,198.3999938964844,200.6999969482422,196.0,199.1999969482422,185.875,12454694,0.009118555133898587,0.009077232124166659,190.11597366333007,194.10127593994142,188.01156190723808,190.85204436694002,0.01307411789557711,9,3,1
2022-09-28,198.0,200.25,197.6750030517578,199.0249938964844,185.7117156982422,8921590,-0.0008784629549848377,-0.0008788490296845854,189.75439529418946,194.14046661376952,187.65773941354638,190.4712792803698,0.01304324832689484,9,3,2
2022-09-29,200.5,200.9499969482422,195.7749938964844,196.3999938964844,183.2622833251953,11883068,-0.01318943376209436,-0.013277186806326748,189.34266052246093,194.02895965576172,186.9815153999539,189.9372795799865,0.012779117998854731,9,3,3
2022-09-30,196.2250061035156,198.3500061035156,193.75,197.125,183.93881225585932,13570530,0.003691588462114259,0.003684791272575715,189.0289024353027,193.92258575439453,186.51340722393937,189.49294866708817,0.01256489308424303,9,3,4
2022-10-03,196.9499969482422,199.0,195.3000030517578,197.25,184.0554351806641,8140834,0.0006340310855250664,0.0006338301727351777,188.77229766845704,193.75835845947265,186.1352576788201,189.09016989031602,0.012572491517709066,10,4,0
2022-10-04,199.9750061035156,203.0,199.5,202.75,189.18753051757807,12591696,0.02788342181732606,0.027501757700944374,188.79679260253906,193.67904418945312,186.6048381155521,189.0973817886317,0.012816069103630992,10,4,1
2022-10-06,204.6750030517578,206.5,203.7250061035156,205.0749969482422,191.3570098876953,11203878,0.011467348636466701,0.011402096962746678,188.85977706909176,193.67251251220702,187.3359414651126,189.2647616478216,0.012946832117604518,10,4,3
2022-10-07,204.8999938964844,205.875,203.125,204.0500030517578,190.4005584716797,7580186,-0.004998256487060204,-0.00501078955076816,188.75013732910153,193.60999420166016,187.80742100458446,189.34889474588516,0.012973038963638342,10,4,4
2022-10-10,200.1499938964844,206.75,199.875,205.6499938964844,191.89352416992188,18714926,0.007841183398967111,0.007810601084084168,188.61366958618163,193.66691314697266,188.43605226079023,189.5373858143323,0.013058323757846293,10,4,0
2022-10-11,207.4499969482422,208.9499969482422,201.1499938964844,202.1999969482422,188.67431640625,22723292,-0.016776010433896982,-0.016918321550652364,188.20310211181638,193.6459182739258,188.47270828316866,189.47345474706694,0.013360197137166453,10,4,1
2022-10-12,202.125,204.8000030517578,200.8000030517578,203.9750061035156,190.33058166503903,12610118,0.008778435191055811,0.008740128746051304,187.86018524169918,193.57080291748048,188.75853495730257,189.5369456298797,0.012206433146731805,10,4,2
2022-10-13,193.5,196.1750030517578,189.0500030517578,189.5500030517578,176.87051391601562,84896212,-0.07071941687601024,-0.07334455872516218,186.99239501953122,193.1546368408203,186.92960864325843,188.59869142885273,0.01720260787206462,10,4,3
2022-10-14,193.5,193.75,188.125,188.6499938964844,176.0307159423828,27864794,-0.00474809483525096,-0.004759402846070626,186.1117752075195,192.67222015380858,185.2528559200468,187.66773028170684,0.017183760960315295,10,4,4
2022-10-17,188.6499938964844,189.4750061035156,186.1999969482422,187.5500030517578,175.00428771972656,16909538,-0.005830960904528837,-0.00584802733184821,185.4924247741699,192.1636767578125,183.67615311999754,186.72969749933793,0.017177441926455966,10,4,0
2022-10-18,191.8500061035156,192.125,189.1999969482422,189.6499938964844,176.9638214111328,22328480,0.011197061037410139,0.01113483799544328,184.96405181884765,191.66866302490234,182.64348670324912,186.006299270582,0.01735148545812135,10,4,1
2022-10-19,190.6000061035156,190.6000061035156,188.5249938964844,189.0249938964844,176.380615234375,10198278,-0.0032956237727420623,-0.003301066301742887,184.33770217895508,191.13259246826172,181.67996801573003,185.29328563827036,0.017352687122782692,10,4,2
2022-10-20,188.5,191.3000030517578,188.0,190.75,177.990234375,11868814,0.009125827906236283,0.00908443915261063,183.88864364624024,190.58672454833984,181.11231668638695,184.7523188780281,0.017387754911020376,10,4,3
2022-10-21,191.25,191.6499938964844,190.1000061035156,191.2749938964844,178.48013305664062,8931540,0.0027523907890838473,0.002748609897627545,183.5293975830078,190.08937866210937,180.70736535873368,184.2877125208883,0.01717747539645669,10,4,4
2022-10-24,193.1999969482422,193.1999969482422,192.0,192.3500061035156,179.4832000732422,3472470,0.005620048570242009,0.005604315018633371,183.30428466796874,189.66528106689452,180.51903223788884,183.93182270995155,0.017073026217965106,10,4,0
2022-10-25,193.2250061035156,193.2250061035156,191.8249969482422,192.3249969482422,179.4598846435547,5783256,-0.00012990313120109231,-0.0001299115693436089,183.06750869750977,189.16326934814452,180.3560864541451,183.60056803836662,0.016870105394289844,10,4,1
2022-10-27,193.0,193.4750061035156,190.5500030517578,191.3249969482422,178.52676391601562,11723118,-0.005199606192728967,-0.0052131711871927534,182.70009689331056,188.6645230102539,180.07465221750982,183.22473069597024,0.01685321482699473,10,4,3
2022-10-28,191.3999938964844,192.9250030517578,191.0,191.625,178.8067169189453,7609676,0.0015681290400881842,0.0015669008095932865,182.3548469543457,188.16204498291015,179.8795852484999,182.89747041619063,0.0167224416442599,10,4,4
2022-10-31,193.2749938964844,194.1999969482422,192.375,193.2749938964844,180.3463287353516,6638382,0.008610480875302917,0.008573622114827793,182.20904922485352,187.63483947753906,179.95139193878478,182.7084969583507,0.016847093831571933,10,4,0
2022-11-01,194.0,196.5,193.3000030517578,196.1999969482422,183.07565307617188,11540196,0.01513379484882904,0.015020421391629438,182.16589126586913,187.23686889648437,180.43204749838281,182.73569370781894,0.016139354856517678,11,4,1
2022-11-02,196.4250030517578,197.4250030517578,195.3249969482422,196.9750061035156,183.798828125,6716614,0.003950143214986879,0.003942361884127076,182.15306091308594,186.87762176513672,180.95001374863162,182.81444440538792,0.016159475239354498,11,4,2
2022-11-03,194.875,196.875,192.7749938964844,194.25,181.2561187744141,10312476,-0.013834197837521711,-0.013930782164798273,181.75649032592773,186.5836929321289,180.99710682952121,182.69901287716763,0.01626551973694096,11,4,3
2022-11-04,194.25,196.1999969482422,192.8249969482422,195.2749938964844,182.2125701904297,9023630,0.00527679519170321,0.005262921691633584,181.29926834106445,186.34015197753905,181.1841011927379,182.66298008555742,0.01621608876167815,11,4,4
2022-11-07,196.5,197.4250030517578,193.8000030517578,195.75,182.65577697753903,8252598,0.002432361206727629,0.002429407804398977,180.91202926635742,186.11014068603515,181.41051285193808,182.6624465220005,0.01618187892226659,11,4,0
2022-11-09,197.0249938964844,197.1999969482422,194.5749969482422,195.4750061035156,182.3991851806641,6862546,-0.001404783364210238,-0.0014057709974092372,180.43731231689452,185.8838623046875,181.5626162871267,182.6429456819015,0.016101255126531214,11,4,2
2022-11-10,194.3999938964844,195.5500030517578,193.5,194.4499969482422,181.44271850585932,5494908,-0.0052438100195316695,-0.005257607045082073,180.075732421875,185.619326171875,181.54417047462402,182.55403996515764,0.016125652175064717,11,4,3
2022-11-11,199.25,202.9250030517578,198.625,199.8500061035156,186.4815216064453,28417046,0.027770765022038013,0.027392150943035307,179.8832794189453,185.57593658447266,182.30376295644268,182.84496453117896,0.01684761264074155,11,4,4
2022-11-14,201.3249969482422,201.3249969482422,197.7749938964844,198.2749938964844,185.01187133789065,17623428,-0.007880943140609054,-0.007912161903373877,180.29034729003905,185.41730834960939,182.720395015127,183.00547614649093,0.016912163474307518,11,4,0
2022-11-15,199.0249938964844,199.7749938964844,197.0,198.5749969482422,185.29180908203125,12462712,0.0015130799019342778,0.0015119363499178438,180.75340194702147,185.2932049560547,183.11599717926612,183.17483414171613,0.01672832258751427,11,4,1
2022-11-16,199.5,200.8500061035156,198.1000061035156,199.125,185.8050079345703,11039528,0.0027696791082214567,0.002765850614543638,181.29343795776367,185.20502563476563,183.52969114162062,183.36966183007573,0.01672311510364434,11,4,2
2022-11-17,198.9499969482422,199.0,197.5,198.375,185.10519409179688,6057616,-0.0037663884873322395,-0.003773499188508206,181.70050659179688,185.12337890625,183.7720762108785,183.4982197753884,0.016740964969837548,11,4,3
2022-11-18,198.9250030517578,199.4499969482422,196.3999938964844,196.9250030517578,183.752182006836,9546202,-0.0073094225777905475,-0.007336267299939038,182.06908493041993,185.02446990966797,183.76901556410274,183.5170317925327,0.015958281376325805,11,4,4
2022-11-21,196.9250030517578,197.2250061035156,193.8000030517578,194.3249969482422,181.3260955810547,7904612,-0.013203034648541223,-0.013290969573396072,182.23587799072266,184.84904541015624,183.39318172055687,183.35474022131208,0.015937602636089267,11,4,0
2022-11-22,194.5,194.6999969482422,192.25,194.3999938964844,181.3960723876953,8410828,0.00038591691072586976,0.00038584246394777555,182.38167495727538,184.62509979248046,183.08593413088587,183.20965371511826,0.01592910538562305,11,4,1
2022-11-23,195.375,195.9750061035156,194.0,194.375,181.3727569580078,6717760,-0.00012853326635242635,-0.00012854152746059834,182.47615280151368,184.36009735107422,182.82236841198156,183.07358728866564,0.01583434234080151,11,4,2
2022-11-24,194.9499969482422,199.875,194.5749969482422,199.125,185.8050079345703,13370266,0.024437247637960624,0.024143435125356053,182.79340896606445,184.13848419189452,183.28123603084137,183.27591474391784,0.016267880894190092,11,4,3
2022-11-25,199.5,202.1999969482422,197.9499969482422,201.3999938964844,187.9278259277344,13648550,0.011424977274625547,0.011360205101964354,183.2634620666504,183.95326232910156,183.99609601497878,183.6205007575339,0.016326323946275163,11,4,4
2022-11-28,201.3999938964844,204.7250061035156,201.0,202.8249969482422,189.25750732421875,13679200,0.007075489698878723,0.007050575870963069,183.78600158691407,183.85388610839843,184.805543908708,184.03805679951057,0.009509096309344742,11,4,0
2022-11-29,201.5,204.4499969482422,201.4499969482422,202.5749969482422,189.02423095703125,9102602,-0.0012325871268497046,-0.0012333473871512608,184.21989669799805,183.76150848388673,185.4545726853731,184.40740303340098,0.009440630992477562,11,4,1
2022-11-30,203.4499969482422,204.0,201.3249969482422,203.4499969482422,189.84071350097656,13892346,0.004319459678854054,0.004310157589940915,184.5581497192383,183.81049682617189,186.12936358008133,184.80987047544363,0.009315810950862004,11,4,2
2022-12-01,206.4250030517578,208.1750030517578,205.8249969482422,206.8500061035156,193.0132598876953,15852984,0.016711622750524624,0.01657352007245171,185.01887130737305,183.92013641357423,187.1884245504835,185.41752895042524,0.00953978916109836,12,4,3
2022-12-02,206.8999938964844,206.9499969482422,204.5249938964844,206.1999969482422,192.40675354003903,11726622,-0.0031423040469301666,-0.0031472514511759367,185.5764030456543,183.99011932373048,187.9912443950305,185.93524929039663,0.00953637296470965,12,4,4
2022-12-05,206.625,207.4750061035156,205.3249969482422,206.1750030517578,192.3834228515625,9947062,-0.00012125711830424102,-0.00012126447054295761,186.08494567871094,184.09835968017578,188.6669641575739,186.4128917764089,0.009479035613858362,12,4,0
2022-12-06,205.25,206.3000030517578,203.8999938964844,205.6750030517578,191.9168701171875,8832518,-0.002425119209647164,-0.002428064574107882,186.54800033569336,184.22339599609376,189.16694968982213,186.82059387572585,0.009523917794326067,12,4,1
2022-12-07,204.5,204.75,202.6499938964844,203.1499938964844,189.56076049804688,6568616,-0.012276719694844673,-0.012352701126981525,186.9060791015625,184.33490203857423,189.22753596801056,187.02356918108296,0.009873626160042257,12,4,2
2022-12-08,203.625,204.0,201.6499938964844,201.8500061035156,188.34771728515625,8940712,-0.006399231622111645,-0.006419794476039429,187.25132904052734,184.41794830322266,189.09217924757144,187.12165422582913,0.009983139131213539,12,4,3
2022-12-09,203.0,203.0,195.625,197.0249938964844,183.84548950195312,15423336,-0.02390380859454111,-0.024194140657555523,187.11952743530273,184.3773580932617,188.28499620978403,186.87897535739387,0.010962375228188444,12,4,4
2022-12-12,196.4499969482422,198.75,194.0,198.1750030517578,184.91856384277344,10365880,0.005836827129821476,0.005819858849612396,187.11486206054687,184.36149505615234,187.76708353793626,186.73375968964422,0.010997156252982048,12,4,0
2022-12-13,199.1750030517578,199.6750030517578,198.0,198.875,185.5717163085937,6813842,0.00353210868745224,0.0035258854413780455,187.128857421875,184.40768371582033,187.42933473342202,186.64768240215898,0.010917620485357478,12,4,1
2022-12-14,200.3999938964844,202.25,199.625,200.0249938964844,186.64480590820312,9995152,0.005782613972405981,0.0057659588361994064,187.17084732055665,184.46180358886718,187.30863799108067,186.64746932853262,0.010630176550275802,12,4,2
2022-12-15,199.875,199.875,197.0249938964844,197.6000061035156,184.3820343017578,7766926,-0.0121234105360436,-0.012197498485541046,187.1346893310547,184.46833557128906,186.8583912696464,186.4796593265493,0.01086314007542626,12,4,3
2022-12-16,195.6999969482422,197.3999938964844,194.0249938964844,194.875,181.8392944335937,18012634,-0.013790605347171137,-0.013886579124293546,187.03904495239257,184.32137084960937,186.0862225256383,186.13592859373776,0.010861206030152244,12,4,4
2022-12-19,194.2250061035156,195.25,192.8500061035156,194.5249938964844,181.5127410888672,8838046,-0.0017958348647560962,-0.0017974493093269321,187.0483772277832,184.1244854736328,185.3826099969043,185.79347026004365,0.01082309081652071,12,4,0
2022-12-20,194.3999938964844,194.9499969482422,191.5,194.4750061035156,181.466064453125,8778558,-0.00025715349491273187,-0.00025718656454214015,187.0518768310547,183.94579559326172,184.78006452863056,185.4729216817534,0.010812766514508599,12,4,1
2022-12-21,195.4499969482422,196.625,193.9250030517578,194.75,181.72267150878903,10215214,0.0014140773727437939,0.001413078506873944,187.06937255859376,183.74237854003906,184.30969637173186,185.19512537264495,0.010813837759931836,12,4,2
2022-12-22,195.0500030517578,195.9750061035156,193.0,194.375,181.3727569580078,9093800,-0.0019255415291663525,-0.0019273977674820163,186.84776000976564,183.59634735107423,183.85785953885124,184.9119869715607,0.010775970899283076,12,4,3
2022-12-23,192.0,192.9250030517578,188.5,188.8249969482422,176.1940155029297,12120710,-0.028553028260341895,-0.0289685955559333,186.26106948852538,183.31361602783204,182.6788066102479,184.26621130721765,0.010684649858333683,12,4,4
2022-12-26,189.0,190.8000030517578,188.1499938964844,190.25,177.523681640625,7261148,0.007546602158421178,0.007518269013050679,185.67437820434571,183.32667938232422,181.88571046107515,183.76676466524782,0.010754628887536028,12,4,0
2022-12-27,191.25,193.6750030517578,190.125,193.3000030517578,180.36965942382807,7685840,0.016031538760920894,0.015904390762015087,185.24164962768555,183.41345825195313,181.6524718399602,183.51512723995745,0.011203796679357952,12,4,1
2022-12-28,192.5,194.7749938964844,191.625,193.8999938964844,180.92950439453125,7676002,0.0031038755214793934,0.00309906844433042,184.79608917236328,183.5319625854492,181.541246079125,183.32359962177773,0.011207671087522943,12,4,2
2022-12-29,193.125,196.0500030517578,192.3999938964844,195.375,182.3058624267578,9485398,0.007607150844924027,0.0075783623795551746,184.2607192993164,183.6388034057617,181.6588793633762,183.24821168140588,0.011296755048124664,12,4,3
2022-12-30,196.5,198.1499938964844,195.7749938964844,196.375,183.2389678955078,8256556,0.005118351414096001,0.005105297178658844,183.80233001708984,183.77597045898438,181.90196990678106,183.24752695652452,0.011264208030960223,12,4,4
2023-01-02,196.5,196.9499969482422,195.25,196.5249938964844,183.37892150878903,5559512,0.0007637764766337263,0.0007634849478130563,183.35210494995118,183.8837442016601,182.1291932301669,183.2572598863219,0.01098625282689367,1,1,0
2023-01-03,196.5249938964844,198.875,195.8500061035156,198.5249938964844,185.24514770507807,5994422,0.01017688500365388,0.010125449186041786,183.0185188293457,184.01904449462887,182.6085708416917,183.40451083585938,0.011129276595522536,1,1,1
2023-01-04,198.75,198.75,194.3000030517578,194.8500061035156,181.81597900390625,8926522,-0.01851151700141307,-0.018684999416394926,182.63127975463868,184.06570007324214,182.48663363587855,183.28684181127028,0.01167270569562434,1,1,2
2023-01-05,195.0,196.1000061035156,191.875,193.4499969482422,180.50962829589844,9568980,-0.007185015943949269,-0.007210952481972515,182.23937530517577,184.08669494628901,182.1824789681893,183.08112229161313,0.010798707303974477,1,1,3
2023-01-06,193.5,194.3999938964844,190.6999969482422,191.0,178.2235107421875,8484754,-0.01266479564161227,-0.012745677795546294,181.9582763671875,184.08062988281247,181.57340693341976,182.7212992138779,0.010745639247250562,1,1,4
2023-01-09,193.0,196.5,192.5500030517578,195.8999938964844,182.7957305908203,7347432,0.025654414670614578,0.025330862202932406,181.85213470458984,184.16041015624995,181.76145672686602,182.72681264920698,0.011757168292612629,1,1,0
2023-01-10,196.0,196.9499969482422,193.6750030517578,196.5249938964844,183.37892150878903,7879496,0.0031903968220907686,0.003185318304939298,181.74249496459962,184.22106201171871,182.01029746254648,182.775117009176,0.011783025631461694,1,1,1
2023-01-11,196.5,198.0,195.75,196.9250030517578,183.752182006836,7656600,0.002035460209798723,0.002033391467418768,181.59786376953124,184.234592590332,182.27827970012947,182.84749219418785,0.01175519784730427,1,1,2
2023-01-12,197.875,198.9499969482422,195.25,197.25,184.0554351806641,9510500,0.0016503378110459543,0.0016489775000434748,181.58153381347657,184.23972473144528,182.55168823559632,182.93696945244534,0.011284021274990437,1,1,3
2023-01-13,198.0,198.3000030517578,193.25,196.9499969482422,183.77549743652344,13621860,-0.0015209425566046209,-0.0015221003638559965,181.67834396362304,184.29011230468745,182.73996657420048,182.99908263645113,0.011279870374169668,1,1,4
2023-01-16,195.0,200.5,194.5,199.3000030517578,185.9683074951172,23867444,0.011932004479275893,0.011861379358247673,181.90112228393554,184.36522705078121,183.23663440818765,183.21902521857456,0.011541093053892221,1,1,0
2023-01-17,200.0249938964844,201.0249938964844,196.875,198.1750030517578,184.91856384277344,14310032,-0.005644744884132025,-0.005660736664609966,182.07374725341796,184.41048278808591,183.49539278273932,183.34491696851524,0.011569110612490803,1,1,1
2023-01-18,199.25,201.9250030517578,199.0,201.6000061035156,188.1144561767578,16080426,0.017282701463665173,0.01713505431209838,182.3933364868164,184.52478820800778,184.20601792028063,183.69821616912577,0.01184621658494624,1,1,2
2023-01-19,201.0500030517578,202.0,199.375,201.6999969482422,188.207763671875,9447456,0.0004960144850829629,0.0004958915105613391,182.73508682250977,184.6600891113281,184.8216711128336,184.03225672488497,0.011788283836403877,1,1,3
2023-01-20,201.7749938964844,202.6999969482422,200.6499938964844,201.5749969482422,188.0911102294922,9265614,-0.0006198120635777515,-0.0006200042264821899,183.3299415588379,184.69228088378904,185.32466174616567,184.33291254004106,0.01088954119214625,1,1,4
2023-01-23,202.6000061035156,203.875,201.25,203.5,189.88735961914065,8815290,0.009549889877606965,0.009504577933567543,183.94812545776367,184.78979064941407,186.0266152650849,184.74435306441882,0.010969351032249818,1,1,0
2023-01-24,204.1999969482422,205.1000061035156,202.5749969482422,203.3000030517578,190.16798400878903,9552640,0.0014778466044882421,0.0014767556638913496,184.43804168701172,184.88731414794918,186.66374891796247,185.14610350474254,0.010959035267250476,1,1,1
2023-01-25,202.5,202.9499969482422,200.0,200.7749938964844,187.8060760498047,6355554,-0.012420113571142366,-0.012497887829422414,184.7818702697754,184.92733551025387,186.8394915536305,185.3431385080805,0.011179583224196167,1,1,2
2023-01-27,200.7749938964844,201.8000030517578,197.1000061035156,199.0249938964844,186.16912841796875,7410134,-0.00871615906293588,-0.00875436695674313,184.97503356933595,184.9486141967773,186.7363587635287,185.40432294585,0.01106609491735595,1,1,4
2023-01-30,199.0249938964844,202.3999938964844,197.5249938964844,201.125,188.1334686279297,7261256,0.010551374584247819,0.0104960973254978,185.21975860595703,185.03623992919918,186.95129874266732,185.6064818852633,0.010882052123181966,1,1,0
2023-01-31,201.1499938964844,201.2749938964844,198.8500061035156,199.4250030517578,186.54330444335932,9566846,-0.008452319495130478,-0.008488242914927745,185.37797775268555,185.1405841064453,186.88853038892762,185.67587614882595,0.011012164188674834,1,1,1
2023-02-01,200.75,201.9499969482422,199.1750030517578,201.1999969482422,188.20362854003903,7029896,0.008900475423838428,0.008861099661977914,185.5259017944336,185.27673522949215,187.0908531814063,185.86311706669358,0.01110350848270305,2,1,2
2023-02-02,201.1999969482422,205.0,201.1999969482422,204.7250061035156,191.5009613037109,10835460,0.01752002758528315,0.01736832127140214,186.01015090942383,185.4792993164062,187.76933135406853,186.2807351583245,0.011492971431428018,2,1,3
2023-02-03,206.2749938964844,206.5,203.0749969482422,203.9499969482422,190.7760009765625,8850236,-0.0037856746107851613,-0.003792858413004192,186.52346954345703,185.57871917724606,188.2318959113753,186.6137178115273,0.011518822171022809,2,1,4
2023-02-06,202.6999969482422,203.1000061035156,200.8000030517578,202.3249969482422,189.2559509277344,5958022,-0.007967721521822013,-0.00799963343815328,187.07509155273436,185.60528167724607,188.38944283696898,186.8094387830982,0.010187601496414149,2,1,0
2023-02-07,202.75,202.75,199.5249938964844,200.25,187.31500244140625,6683580,-0.010255680081992735,-0.010308631918141586,187.30105514526366,185.56643157958982,188.22414431457472,186.84688794297284,0.010396037129748735,2,1,1
2023-02-08,200.5,203.8000030517578,200.5,203.375,190.23812866210932,8300976,0.015605403638811355,0.015484891471107867,187.64401550292968,185.59070953369138,188.53398806034926,187.0980909592052,0.010376254969880446,2,1,2
2023-02-09,203.375,204.4750061035156,201.7749938964844,204.1499938964844,190.9630889892578,5277374,0.003810804554517766,0.003803561833406286,188.0045608520508,185.613157043457,188.90769589556595,187.38438710957948,0.010380051895278863,2,1,3
2023-02-10,203.5,203.5,201.3999938964844,202.8999938964844,189.79380798339844,5160140,-0.00612307337532203,-0.006141896264390309,188.2914794921875,185.54876800537104,189.04402083215558,187.56286272986236,0.010420192822103626,2,1,4
2023-02-13,202.8249969482422,202.8249969482422,199.6000061035156,200.3000030517578,187.3617706298828,4825356,-0.012814102732626287,-0.012896911521208337,188.47079315185547,185.44786834716794,188.785213108729,187.54796701875276,0.010709561653316525,2,1,0
2023-02-14,201.5,203.2250061035156,200.75,202.5500030517578,189.46641540527344,4638822,0.011233053404198223,0.01117043118260448,188.64569854736328,185.38952819824215,188.89001346204353,187.69007430664317,0.010877688187285258,2,1,1
2023-02-15,201.3500061035156,203.9250030517578,200.1750030517578,203.6999969482422,190.54214477539065,5227672,0.005677678378071427,0.005661621112179879,188.92687759399413,185.36203369140622,189.14418751025076,187.90133878580966,0.010779458429225687,2,1,2
2023-02-16,204.3999938964844,206.625,204.2749938964844,204.9499969482422,191.71139526367188,11189362,0.006136440259237874,0.006117688981341647,189.10672454833986,185.4050463867187,189.53914254923862,188.18356519157723,0.010163024546561062,2,1,3
2023-02-17,203.4250030517578,204.0,202.0,203.1499938964844,190.02767944335932,5616244,-0.008782554725016989,-0.008821348665726324,189.19772033691407,185.43864562988279,189.61430207141103,188.32016624726478,0.010215871259997567,2,1,4
2023-02-20,202.6499938964844,203.8999938964844,201.1000061035156,203.5249938964844,190.3784637451172,6497188,0.0018459642447110625,0.0018442625465754636,189.3120880126953,185.56930511474604,189.73186540582736,188.47263272858717,0.009845948739686087,2,1,0
2023-02-21,203.6999969482422,204.0,201.0500030517578,201.375,188.36734008789065,5761172,-0.010563819129873142,-0.010620012360953555,189.2360870361328,185.6382806396484,189.5219384338371,188.46483327372076,0.009066637302071051,2,1,1
2023-02-22,199.75,200.1750030517578,197.2250061035156,197.5749969482422,184.81277465820312,6883372,-0.018870391374794626,-0.01905070925970367,188.96832656860352,185.6231018066406,188.79745169912417,188.19431041331205,0.009754809941836909,2,1,2
2023-02-23,197.8999938964844,199.3500061035156,196.6999969482422,196.9750061035156,184.2515563964844,6078322,-0.0030366854388537146,-0.003041305523614459,188.7906005859375,185.5752368164062,188.09808319102575,187.90225456021372,0.009767741096361991,2,1,3
2023-02-24,197.9750061035156,198.25,196.2749938964844,196.6499938964844,183.9475250244141,5106634,-0.001650088487806789,-0.0016514513832873552,188.67952041625978,185.56654663085934,187.4595357807778,187.60931163163596,0.009768689578352259,2,1,4
2023-02-27,196.375,196.6499938964844,192.7250061035156,195.1750030517578,182.5678253173828,5554710,-0.007500507043235127,-0.007528777295718168,188.40123825073243,185.58111724853512,186.7069649402555,187.23586820095053,0.00986191091572283,2,1,0
2023-02-28,195.9250030517578,196.6000061035156,192.8500061035156,193.5249938964844,181.0243988037109,10061602,-0.00845398969390554,-0.008489927352514129,188.12529296875,185.571350402832,185.8327239961717,186.77575935671058,0.009700089739180994,2,1,1
2023-03-01,194.0500030517578,195.875,193.6499938964844,195.4750061035156,182.84844970703125,4542612,0.010076271018572447,0.010025843861961788,187.8575340270996,185.59899810791012,185.37360487476548,186.4848475308084,0.009855663659299041,3,1,2
2023-03-02,194.3500061035156,195.1750030517578,193.6499938964844,194.0249938964844,181.4920959472656,4438972,-0.0074179122761984795,-0.0074455618068554955,187.35709075927736,185.59438659667964,184.7764496551501,186.1150140801756,0.009352608674069805,3,1,3
2023-03-03,195.3000030517578,195.7250061035156,194.5500030517578,195.2250061035156,182.61459350585932,4393936,0.00618482889150096,0.006165781334202216,186.9490203857422,185.6192233276367,184.44385640141303,185.85572366726328,0.009444388406962104,3,1,4
2023-03-06,196.2250061035156,198.3249969482422,196.0500030517578,196.875,184.1580047607422,6727722,0.008451741042444949,0.00841622505343743,186.6941230773926,185.77850311279292,184.39987922592522,185.72996671122468,0.0095996701716113,3,1,0
2023-03-08,195.8249969482422,196.5,194.4250030517578,196.3000030517578,183.62014770507807,4908842,-0.002920628165812844,-0.002924901522873917,186.50938034057614,185.900432434082,184.27992053041027,185.57368382188048,0.009410467942232147,3,1,2
2023-03-09,196.3999938964844,196.9250030517578,194.8000030517578,195.0500030517578,182.45089721679688,4157054,-0.006367767932303314,-0.006388128647418522,186.12001876831053,185.9420571899414,183.9985323283159,185.342366295578,0.009446017045733748,3,1,3
2023-03-10,193.9499969482422,194.9499969482422,193.3000030517578,194.5500030517578,181.98318481445312,4567396,-0.0025634974093220464,-0.0025667887949815333,185.6710235595703,185.96313079833985,183.6884788646447,185.09353803771688,0.009215835621616843,3,1,4
2023-03-13,194.5,196.3000030517578,191.875,192.7250061035156,180.2760772705078,5982520,-0.009380578462157674,-0.009424853187522132,185.19513702392575,185.92253509521484,183.16349400400827,184.7366890919977,0.009235774563543847,3,1,0
2023-03-14,193.2749938964844,193.5749969482422,188.6750030517578,189.7250061035156,177.46987915039062,8094852,-0.015566114831234268,-0.015688538903291048,184.70054244995114,185.8071533203125,182.28755325729787,184.1984068741009,0.009336795702656612,3,1,1
2023-03-15,191.8500061035156,191.8500061035156,187.4499969482422,187.875,175.73936462402344,7687926,-0.009751032314056607,-0.009798884958873651,184.01418991088866,185.65436218261718,181.2801396214095,183.57181115187294,0.009371166026061022,3,1,2
2023-03-16,187.6750030517578,188.3500061035156,185.0,186.4250030517578,174.38302612304688,7686620,-0.007717898058174466,-0.007747835167241572,183.20623397827146,185.43711975097656,180.219045237046,182.8911604089969,0.009197569553911194,3,1,3
2023-03-17,188.6000061035156,189.1750030517578,186.9250030517578,188.25,176.0901336669922,9044282,0.009789413464706964,0.009741807593612168,182.42517089843747,185.32260284423828,179.58382807242234,182.3873806503299,0.008712904498094004,3,1,4
2023-03-20,187.5,187.9750061035156,182.5749969482422,183.5749969482422,171.7171173095703,8184754,-0.024833965801240088,-0.025147530996331463,181.50964279174804,185.14675262451172,178.3735648781374,181.5969907732366,0.009600893883474107,3,1,0
2023-03-21,184.5,185.125,182.7250061035156,183.1999969482422,171.36634826660156,7211152,-0.0020427144856874913,-0.002044803672482097,180.55903701782225,185.009609375,177.29553155328574,180.83916540237476,0.009565793267069349,3,1,1
2023-03-22,183.9250030517578,185.0,182.9250030517578,183.1999969482422,171.36634826660156,5374846,0.0,0.0,179.7089874267578,184.7810217285156,176.38334950918048,180.13747524416937,0.009490123137183804,3,1,2
2023-03-23,182.4499969482422,182.4499969482422,180.1750030517578,180.75,169.0745849609375,9485192,-0.013373473431893879,-0.013463703692022226,178.9220779418945,184.4949349975586,175.25892419406617,179.31800188985588,0.009001929971772925,3,1,3
2023-03-24,181.6750030517578,183.4250030517578,180.5,180.875,169.19151306152344,7906696,0.0006915770375124364,0.0006913380083114181,178.16907577514647,184.20372161865234,174.32547632752113,178.5678916062757,0.0089276945425172,3,1,4
2023-03-27,180.875,182.0,179.60000610351562,180.625,168.95765686035156,6227714,-0.00138219817850338,-0.0013831542955360775,177.41958236694333,183.9017660522461,173.49965794795656,177.85602236583688,0.008930559397484902,3,1,0
2023-03-28,181.5,182.0249938964844,177.6999969482422,178.10000610351562,166.5957794189453,7813096,-0.013979108643524918,-0.014077736615652446,176.62098007202147,183.55817169189453,172.43752278964712,177.02193029569676,0.008973402609113845,3,1,1
2023-03-29,179.0,180.375,177.5,179.52499389648438,167.9287109375,8823840,0.008000992121191208,0.007969153895906004,175.9661956787109,183.1973797607422,171.74385942777835,176.3483584913859,0.008803630923597625,3,1,2
2023-03-31,181.6750030517578,182.875,180.6499938964844,182.625,170.8284912109375,7914212,0.017267924330799822,0.01712052812368285,175.36519775390622,182.91557830810547,171.60303354826436,175.93947943357492,0.009470939391507463,3,1,4
2023-04-03,183.9750061035156,184.1999969482422,182.5749969482422,183.9750061035156,172.0912628173828,4053500,0.0073920433148710885,0.007364856060055358,174.8951560974121,182.59511444091797,171.67814574351334,175.65442635089403,0.009518062679271208,4,2,0
2023-04-05,184.8500061035156,185.9499969482422,183.6000061035156,184.875,172.93313598632812,6443110,0.004892015754679457,0.004880088727926349,174.41108322143555,182.28962188720703,171.87122116548483,175.45284928685209,0.009585954325579427,4,2,2
2023-04-06,184.5,185.2250061035156,182.9250030517578,183.3249969482422,171.48324584960938,6429614,-0.008384108276584867,-0.008419452604811401,173.7773452758789,181.95746459960938,171.81153265535013,175.15880458779708,0.009586172084989472,4,2,3
2023-04-10,184.0,187.1999969482422,183.8000030517578,186.6499938964844,174.59347534179688,5624940,0.018137220792491693,0.017974703536011948,173.32601165771484,181.6515869140625,172.2395238378804,175.11692834735263,0.01025864030089198,4,2,0
2023-04-11,186.75,187.4250030517578,184.3000030517578,185.125,173.16697692871094,6784354,-0.008170399325022393,-0.008203959965151253,172.86181564331054,181.31156677246094,172.3822089287774,174.97248750152733,0.00984676655462596,4,2,1
2023-04-12,185.3000030517578,186.7250061035156,184.6750030517578,186.0749969482422,174.0556182861328,5578210,0.005131702205482869,0.005118579895764634,172.46543731689454,181.0365576171875,172.63965652221668,174.90457126334996,0.009933109088181407,4,2,2
2023-04-13,184.9499969482422,184.9499969482422,183.0,184.1499938964844,172.25497436523438,6724634,-0.010345221479368338,-0.01039910523148937,172.06438217163085,180.7582745361328,172.58047465191171,174.70830482645252,0.010053265566531746,4,2,3
2023-04-17,179.97500610351562,180.9750061035156,176.0,180.6750030517578,169.00442504882812,13603290,-0.018870568634575813,-0.019050889928797377,171.64110946655273,180.3756936645508,172.03031317451425,174.28579521329516,0.01046816668759288,4,2,0
2023-04-18,181.7250061035156,184.4499969482422,179.625,183.9499969482422,172.06788635253906,8024898,0.018126515343168448,0.017964188739590086,171.45753555297853,180.08618530273438,172.03609366344114,174.12150566805397,0.0110566580612612,4,2,1
2023-04-19,183.9499969482422,183.9499969482422,180.1999969482422,180.3999938964844,168.7471923828125,7475944,-0.019298743304854704,-0.01948739515800323,171.1757438659668,179.69705657958986,171.53010885103674,173.7234083876657,0.011282541825714615,4,2,2
2023-04-20,180.25,181.8500061035156,179.5,181.4250030517578,169.70599365234375,4423266,0.005681879834516845,0.0056657988400538135,170.85653686523438,179.2611572265625,171.2494757435455,173.42582211097516,0.011343379981251652,4,2,3
2023-04-21,182.0500030517578,184.3500061035156,181.8249969482422,184.0249938964844,172.13803100585938,5299988,0.014330886618523664,0.01422917010302346,170.87758255004883,178.88839782714842,171.38617655313226,173.33043017726288,0.01164387416349257,4,2,4
2023-04-24,187.5,189.3000030517578,185.2749938964844,188.9750061035156,176.768310546875,17779044,0.02689864357085625,0.02654323432422583,171.1476806640625,178.63864501953125,172.2141971675542,173.58508798241934,0.012652846605280285,4,2,0
2023-04-25,189.1000061035156,189.4499969482422,187.0500030517578,187.8249969482422,175.6925811767578,7528552,-0.0060855329034325,-0.00610412522663195,171.3639923095703,178.40619659423828,172.74933316897014,173.74119858940736,0.012680102752755131,4,2,1
2023-04-26,188.8249969482422,188.8249969482422,186.6999969482422,187.2749938964844,175.1781005859375,7008146,-0.0029283000305101448,-0.0029325958894701244,171.6691680908203,178.10499603271484,173.12298969465743,173.84763577433554,0.012649077334937918,4,2,2
2023-04-27,188.1999969482422,188.3000030517578,186.0249938964844,187.1999969482422,175.1079559326172,8491700,-0.0004004190768462923,-0.0004004992659717283,171.964990234375,177.78789337158204,173.428369115882,173.94099282309716,0.012647660524086366,4,2,3
2023-04-28,190.0,194.0,190.0,192.5,180.06561279296875,27709406,0.028312002352761878,0.027918625219084395,172.52038803100587,177.59332946777343,174.4494835277415,174.394668376421,0.013640761683590298,4,2,4
2023-05-02,194.5,196.0749969482422,193.7250061035156,194.1750030517578,181.6324157714844,9746608,0.008701289236813237,0.008663651195029518,173.2722198486328,177.47874237060546,175.55455002677886,174.93079781309237,0.013400148344381005,5,2,1
2023-05-03,194.1750030517578,194.1750030517578,191.0249938964844,192.5500030517578,180.11236572265625,4828488,-0.008368825808827918,-0.008404041042611303,173.88140258789062,177.29166137695313,176.2557524415292,175.31461765824525,0.013364737071025742,5,2,2
2023-05-04,192.375,193.0749969482422,191.5249938964844,191.8500061035156,179.4575958251953,6253358,-0.003635341165132311,-0.003641965076149459,174.3128578186035,177.06997039794922,176.74834373132398,175.62150492987118,0.013294500165434228,5,2,3
2023-05-05,191.375,192.1999969482422,189.5,189.6999969482422,177.4464569091797,7902194,-0.011206763953165999,-0.011270032869629763,174.58061752319335,176.78467163085938,176.8557457586864,175.75668655796812,0.013370556809945212,5,2,4
2023-05-08,190.5,191.5,189.8000030517578,190.1750030517578,177.8907928466797,9613544,0.002504056407998112,0.002500926482668424,174.82850036621093,176.54193389892578,177.01498377222384,175.91476850528008,0.012498712604097628,5,2,0
2023-05-09,191.25,191.7250061035156,190.0249938964844,191.1499938964844,178.8027801513672,5716698,0.005126669515006954,0.0051135728871664135,175.19447708129883,176.31042022705077,177.29002936901512,176.1286952938791,0.012502059929374044,5,2,1
2023-05-10,192.0,192.2749938964844,191.0,191.875,179.48098754882812,3670402,0.003793047271898109,0.0037858718069561322,175.4388526916504,176.13269317626953,177.62709985821712,176.37701323869015,0.012505627879077694,5,2,2
2023-05-11,192.8500061035156,193.4250030517578,191.5500030517578,192.3249969482422,179.90191650390625,4049964,0.0023452565133876835,0.0023425106915971943,175.77559967041014,176.0344760131836,177.9770716498616,176.63811718426172,0.012180905654271039,5,2,3
2023-05-12,192.3000030517578,192.625,190.7749938964844,191.625,179.2471160888672,4580358,-0.0036397634208907848,-0.003646403476822486,176.03517456054686,175.93438720703125,178.1724631020163,176.83137636238064,0.01222428952624712,5,2,4
2023-05-15,191.625,193.5,191.25,192.875,180.4163818359375,5089694,0.006523205352384043,0.0065020213236234295,176.44324493408203,175.86376434326172,178.51768136877342,177.09693232338483,0.01223410908944469,5,2,0
2023-05-16,193.75,194.3999938964844,193.25,193.4750061035156,180.9776306152344,4059352,0.0031108526486651744,0.003106023958202231,177.04190521240236,175.83196044921874,178.89613509899817,177.38439145611443,0.011843446518189056,5,2,1
2023-05-17,193.1000061035156,193.6750030517578,190.6750030517578,191.1499938964844,178.8027801513672,5376102,-0.012017233602151789,-0.012090024303556367,177.37864990234374,175.78752807617187,178.88177279936264,177.4894572853924,0.01210321903210189,5,2,2
2023-05-18,192.6000061035156,192.6750030517578,191.125,191.3000030517578,178.94313049316406,4237016,0.0007849449638202,0.0007846370556388689,177.88844680786133,175.70942169189453,178.89121244456288,177.59713678226439,0.011763284167034158,5,2,3
2023-05-19,192.3999938964844,194.1000061035156,191.75,193.1000061035156,180.62684631347656,7281582,0.00940922300661784,0.009365231999993102,178.43448944091796,175.69211669921876,179.15823303978038,177.8215597105023,0.011803143992791133,5,2,4
2023-05-22,193.25,198.3000030517578,192.6999969482422,197.875,185.09341430664065,12197390,0.02472815134806927,0.02442735921680012,179.08225860595707,175.74169311523437,180.07133785006658,178.36021560651253,0.012522833733303554,5,2,0
2023-05-23,198.5,201.0500030517578,198.0249938964844,198.8249969482422,185.98204040527344,12725634,0.00480096010958353,0.004789472254413446,179.54294509887697,175.778173828125,180.9806767047138,178.92479522123557,0.012363728405387575,5,2,1
2023-05-24,197.25,200.2250061035156,196.6750030517578,199.8500061035156,186.9408569335937,8256974,0.005155425363819521,0.005142181656938361,180.10535888671876,175.8445880126953,181.89762750915688,179.51857757029913,0.012030480230333667,5,2,2
2023-05-25,199.5,199.5,196.3249969482422,197.0500030517578,184.3217163085937,13605054,-0.014010530752677552,-0.014109604713085437,180.56253967285156,175.88200439453124,182.27056424753175,179.8743656249876,0.012251800019508511,5,2,3
2023-05-26,197.5749969482422,201.2749938964844,197.5,200.8500061035156,187.87625122070312,7926180,0.019284406543602195,0.019100818874095118,181.20095443725586,175.99986572265624,183.13297762801966,180.4670978913369,0.012636787620976298,5,2,4
2023-05-29,202.0,203.0,199.6750030517578,199.8999938964844,186.9875946044922,7959308,-0.004730010368191873,-0.004741232267684265,181.54705352783202,176.13409606933592,183.72599562440007,180.95009764786693,0.012478615676981612,5,2,0
2023-05-30,200.0,201.9250030517578,199.7250061035156,201.25,188.2503967285156,7378972,0.006753400548814126,0.0067306984927302345,181.8779525756836,176.34970642089843,184.42205733272553,181.4908605427298,0.011801756928776606,5,2,1
2023-05-31,200.875,202.3999938964844,200.25,201.8249969482422,188.7882537841797,11783582,0.0028571363726779264,0.002853062516415754,182.31174697875977,176.61068420410157,185.09377986371848,182.0314081902446,0.011481633140737406,5,2,2
2023-06-01,202.5,204.0,202.0249938964844,203.5749969482422,190.4252319335937,7065484,0.008670974579199076,0.008633597587016586,182.8601287841797,176.9315283203125,185.9140032590839,182.65317291197417,0.0107044065747579,6,2,3
2023-06-02,204.3500061035156,204.8999938964844,202.0,202.4750061035156,189.39627075195312,6320754,-0.005403491812468353,-0.005418143478291405,183.45761947631837,177.19765106201172,186.44973671952533,183.15266164086148,0.010838116214967709,6,2,4
2023-06-05,204.4499969482422,204.875,201.8500061035156,202.1000061035156,189.0455017089844,7252860,-0.001852037749085933,-0.0018537548914671653,184.0153549194336,177.54421875,186.8490851794421,183.58916831257432,0.01069365690678358,6,2,0
2023-06-06,201.6750030517578,201.6750030517578,197.7749938964844,199.9750061035156,187.05776977539065,13707400,-0.010514568797588497,-0.01057023744112413,184.42810440063477,177.8580471801758,186.88119050189573,183.8461017542644,0.009991007231673468,6,2,1
2023-06-07,201.1999969482422,201.8000030517578,200.5,201.3999938964844,188.3907012939453,8215860,0.00712577467461073,0.007100506309029887,184.87359008789062,178.19853424072267,187.11342293144182,184.1827387572037,0.009916144557820748,6,2,2
2023-06-08,202.0500030517578,202.375,199.375,199.7749938964844,186.8706817626953,10615052,-0.008068442448644686,-0.008101168481363316,185.22202835083007,178.5544561767578,187.07607813625006,184.3818456464994,0.010054399733961382,6,2,3
2023-06-09,199.7250061035156,200.1750030517578,198.0249938964844,198.6499938964844,185.8183441162109,12018232,-0.005631368369601986,-0.005647284304913995,185.55058975219725,178.88699279785158,186.8825805947056,184.48825294055212,0.010146075031642459,6,2,4
2023-06-12,199.8999938964844,199.8999938964844,197.3000030517578,197.8000030517578,185.02325439453125,11973622,-0.004278854843213997,-0.004288035339966566,185.78093338012695,179.20830474853517,186.59653041006337,184.52788267788392,0.008903724717762568,6,2,0
2023-06-13,198.9750061035156,199.25,197.25,197.7749938964844,184.99986267089844,13016186,-0.00012642585770827885,-0.00012643385013066716,185.98204498291017,179.57638641357423,186.3508892194226,184.56284415884795,0.008783574622757683,6,2,1
2023-06-14,198.1499938964844,198.5749969482422,196.3500061035156,198.2250061035156,185.42079162597656,18512564,0.0022752933380654206,0.0022727087778576047,186.3129455566406,179.92622802734374,186.20779728196936,184.6263958230797,0.008620179441547264,6,2,2
2023-06-15,198.5500030517578,198.7250061035156,194.125,194.4750061035156,181.9130401611328,28702320,-0.018917789283951714,-0.019099019955520616,186.46144104003906,180.14791900634765,185.54706541722527,184.42540651478734,0.009326455912997413,6,2,3
2023-06-16,192.7749938964844,194.3249969482422,189.5749969482422,190.6499938964844,178.3350830078125,41110648,-0.019668502874511162,-0.019864502142389915,186.34685287475585,180.27279541015625,184.437529661931,183.97427144019662,0.00980807255374801,6,2,4
2023-06-19,191.0,191.0,188.5500030517578,190.0749969482422,177.79722595214844,10629440,-0.0030159912822117496,-0.0030205485493442685,185.98204345703124,180.37007720947267,183.4159444758106,183.516712515156,0.009815385509206746,6,2,0
2023-06-20,190.8999938964844,192.4750061035156,190.3000030517578,191.25,178.89634704589844,11802658,0.006181879879531005,0.006162850444959114,185.62775878906248,180.51833923339845,182.72062179428565,183.1744632211369,0.009836151807780963,6,2,1
2023-06-21,192.125,193.625,191.5500030517578,192.75,180.29946899414065,8829264,0.007843211845361076,0.007812613746779528,185.29568939208986,180.6324591064453,182.34813674810948,182.96150068580386,0.009916563659180665,6,2,2
2023-06-22,193.0,193.0,190.8000030517578,191.1499938964844,178.8027801513672,9356174,-0.00830112729185084,-0.008335773517386031,185.0197425842285,180.74517517089845,181.80269727168758,182.6534473128826,0.01002699800878577,6,2,3
2023-06-23,191.1499938964844,191.5,189.0500030517578,189.9750061035156,177.70370483398438,6470406,-0.006146858099479124,-0.006165827807747075,184.51111526489257,180.81813690185547,181.17208305050247,182.2867997218531,0.010067403344859428,6,2,4
2023-06-26,190.0,190.9499969482422,189.5249938964844,190.4499969482422,178.1480255126953,4100400,0.002500345612524102,0.002497224949175256,184.06913681030272,180.9359979248047,180.70684342930136,181.98022385450807,0.010000794086958363,6,2,0
2023-06-27,192.125,192.125,190.75,191.3000030517578,178.94313049316406,5880750,0.0044631703224355945,0.004453239914210739,183.60377349853516,181.1347720336914,180.43550297758793,181.75525397588999,0.010020069444551343,6,2,1
2023-06-28,191.875,191.875,190.3999938964844,190.8500061035156,178.52220153808594,7140112,-0.00235230575165446,-0.00235507676920234,183.09047088623046,181.26385833740235,180.14114890997223,181.51576861012674,0.009783877753182598,6,2,2
2023-06-30,192.5,194.875,191.5,194.5749969482422,182.00656127929688,9070810,0.019517795048408004,0.019329765562148542,182.66953735351564,181.52904571533202,180.42813542832988,181.55212362265786,0.010413625546726125,6,2,4
2023-07-03,196.9499969482422,196.9499969482422,194.75,195.8000030517578,183.1524353027344,9036924,0.006295784148567796,0.006276048490526917,182.3573455810547,181.79797454833985,180.84725848593058,181.67066522858943,0.010338236132221875,7,3,0
2023-07-04,196.875,198.6750030517578,196.5,197.9750061035156,185.1869506835937,12617234,0.011108317383257349,0.01104707315522013,182.16441802978517,182.05895294189452,181.51490343941722,181.931130817849,0.009503610486892595,7,3,1
2023-07-05,197.0500030517578,197.6999969482422,195.9250030517578,196.9499969482422,184.2281494140625,12366958,-0.0051774774949957525,-0.005190927074951483,182.02293701171874,182.2081497192383,181.93232589705497,182.10128034349444,0.00950659590966966,7,3,2
2023-07-06,197.25,198.4750061035156,196.5749969482422,198.1000061035156,185.3038787841797,9037242,0.0058391151055825485,0.005822133545763041,181.86859588623048,182.4003756713867,182.451026341228,182.33850985761927,0.00952086445527529,7,3,3
2023-07-07,197.5,198.7250061035156,196.6000061035156,197.9250030517578,185.1401824951172,9065220,-0.0008833937537441328,-0.0008837841759541722,181.78207092285157,182.5996173095703,182.86474267259555,182.5460411641006,0.009161474132852667,7,3,4
2023-07-10,197.9250030517578,197.9250030517578,194.8249969482422,194.9750061035156,182.3807373046875,5630400,-0.014904626068965143,-0.015016816171490583,181.61019058227538,182.7450729370117,182.79028030830202,182.5337964337737,0.008824369474735128,7,3,0
2023-07-11,195.0,196.3999938964844,193.9250030517578,196.0249938964844,183.3628845214844,9634838,0.0053851477481206,0.00537069968673887,181.52717208862305,182.81101837158204,182.87837326417625,182.5952103661967,0.008868149460662514,7,3,1
2023-07-12,196.9499969482422,196.9750061035156,195.1750030517578,195.9250030517578,183.26937866210932,6848220,-0.000509949762293016,-0.0005100798308938951,181.4406478881836,182.84375762939453,182.93852794078134,182.64514875848653,0.008758540659931861,7,3,2
2023-07-13,195.9250030517578,199.3000030517578,195.625,197.1499938964844,184.4152374267578,13595726,0.006252319798394135,0.0062328551376871245,181.39037017822267,182.92981506347655,183.16571401554694,182.77626643761772,0.0088298234522596,7,3,3
2023-07-14,197.375,202.75,196.1750030517578,202.5249938964844,189.4430389404297,31366784,0.027263482041003817,0.02689845309633242,181.7668701171875,183.12952392578126,184.13145631168274,183.270101437826,0.010077681300208004,7,3,4
2023-07-17,203.5,212.4750061035156,202.8999938964844,207.625,194.213623046875,45759860,0.025182155718824983,0.02487030969771993,182.56079711914063,183.46486724853514,185.68255888632768,184.08073266812593,0.011027455292651773,7,3,0
2023-07-18,209.0,210.1499938964844,206.125,208.6000061035156,195.12564086914065,17769026,0.004695951849090996,0.004684960264409179,183.42721786499024,183.80956420898437,187.13534072983737,184.89887401634925,0.011035983895538299,7,3,1
2023-07-19,210.0,210.5,207.0749969482422,208.9750061035156,195.47642517089844,10830990,0.00179773555231022,0.0017961215598171468,184.25622177124023,184.143037109375,188.4185844900006,185.68239632409362,0.010815340576802146,7,3,2
2023-07-20,209.25,210.0,207.3249969482422,208.8249969482422,195.33612060546875,8255710,-0.0007177569638232573,-0.0007180146746760339,185.00805435180663,184.46013977050782,189.48282081545725,186.3974870116029,0.010769983508824325,7,3,3
2023-07-21,202.5,207.1750030517578,200.5,202.3500061035156,189.27935791015625,23514212,-0.03100687510604183,-0.03149776216921557,185.5318832397461,184.6476885986328,189.45151883002632,186.61095893001425,0.012177608525996489,7,3,4
2023-07-24,203.1499938964844,204.0,201.75,202.0249938964844,188.975341796875,6808460,-0.001606176799403336,-0.0016074680842318575,186.09546508789063,184.84225311279297,189.37826082492612,186.78609840163358,0.012129818846853262,7,3,0
2023-07-25,202.75,202.75,200.0,200.1999969482422,187.26821899414065,6458200,-0.00903357436214769,-0.009074624501693027,186.55147476196288,184.97928985595703,189.0536390048053,186.82181103811558,0.012226884810866553,7,3,1
2023-07-26,201.75,201.8000030517578,200.6999969482422,201.375,188.36734008789065,5329662,0.005869234511085786,0.005852077653228943,187.0226852416992,185.12708404541016,188.9480545560492,186.93629467143225,0.012265664560879982,7,3,2
2023-07-27,202.0,203.3000030517578,199.5,199.9750061035156,187.05776977539065,8948358,-0.006952215346296087,-0.006976494590533353,187.44946365356446,185.29218383789063,188.65724151287097,186.945292827281,0.012339607279478101,7,3,3
2023-07-28,200.5249938964844,201.4250030517578,198.2749938964844,199.375,186.4965057373047,6760060,-0.0030004850306935005,-0.003004995510581051,187.67396087646483,185.44325134277344,188.3248206243223,186.91204933913463,0.011812781438656009,7,3,4
2023-07-31,199.875,203.0,199.4750061035156,202.5249938964844,189.4430389404297,6762180,0.01579940166426197,0.015675890355755513,187.9884910583496,185.6195751953125,188.49685421141575,187.09953005034166,0.011452904939137632,7,3,0
2023-08-01,202.75,204.0,202.0249938964844,203.4750061035156,190.3316802978516,7181804,0.00469081029523255,0.004679842729094106,188.2457275390625,185.72434051513673,188.7791351477905,187.33894858719424,0.011421057931425027,8,3,1
2023-08-02,202.9499969482422,202.9499969482422,199.5,201.3999938964844,188.3907012939453,5399618,-0.010197876679640672,-0.010250231265238559,188.45385513305663,185.77251373291017,188.71937609335276,187.4168561951017,0.011620663311504187,8,3,2
2023-08-03,201.0,201.0,198.5249938964844,199.8249969482422,186.9174346923828,6821698,-0.007820272399027606,-0.00785101109072864,188.5345329284668,185.77204528808593,188.4421543393574,187.3798620097151,0.011691002036207725,8,3,3
2023-08-04,200.4250030517578,205.0,200.1499938964844,204.4250030517578,191.2203063964844,12481540,0.02302017311110105,0.022759206336255035,188.83853912353516,185.91001708984376,188.86956234814613,187.66433937169802,0.012194648229324643,8,3,4
2023-08-07,204.9750061035156,206.5,204.0249938964844,205.5749969482422,192.2960357666016,8822866,0.005625602167411703,0.005609837563497716,189.33430404663088,185.99841278076173,189.39671210483158,188.0074279935427,0.012102113229420806,8,3,0
2023-08-08,206.1999969482422,208.75,204.9750061035156,208.1750030517578,194.7281036376953,15724284,0.012647519546610031,0.012568207703227658,189.90256500244143,186.15322296142577,190.2169261868106,188.50525581903548,0.012237248384906838,8,3,1
2023-08-09,207.75,209.25,206.2749938964844,208.8999938964844,195.40626525878903,9309388,0.0034826078435781227,0.0034765576078784354,190.5094093322754,186.29634033203126,191.01528604403808,189.01644170346168,0.01223463365847429,8,3,2
2023-08-10,208.5500030517578,210.3999938964844,207.7749938964844,209.3249969482422,195.8038024902344,9901644,0.00203441394736692,0.0020323473297414393,191.07883758544924,186.43665130615236,191.75198088191442,189.51920916914855,0.012194479516758316,8,3,3
2023-08-11,209.3249969482422,211.0749969482422,206.1750030517578,206.5249938964844,193.1846618652344,7571468,-0.013376352204041764,-0.013466621489456416,191.26591873168948,186.49183990478517,191.97239334088673,189.79072418367343,0.012151393361842778,8,3,4
2023-08-14,206.625,208.1000061035156,204.75,207.5749969482422,194.16683959960932,5792180,0.005084139314642355,0.005071258717742853,191.26357955932616,186.58725128173828,192.31000045761328,190.11488088115019,0.012138836640974267,8,3,0
2023-08-16,207.0749969482422,210.1000061035156,207.0,209.3249969482422,195.8038024902344,8131780,0.008430702657573619,0.008395362771713663,191.2974876403809,186.72241729736328,192.8475084626319,190.5362824818231,0.012079404406623391,8,3,2
2023-08-17,209.3249969482422,210.1999969482422,207.25,208.7749938964844,195.2893218994141,6340960,-0.002627531152496254,-0.0026309891711709743,191.28813247680665,186.88704833984374,193.22317206829072,190.88835947571874,0.01203655944515342,8,3,3
2023-08-18,207.5249938964844,208.1750030517578,204.0,205.8500061035156,192.55328369140625,10602392,-0.014010178239120874,-0.014109247190510746,191.14899063110354,186.97029998779297,193.1201123180008,191.0116871953993,0.012360324786710971,8,3,4
2023-08-21,205.8999938964844,208.6750030517578,205.8249969482422,207.3000030517578,193.9096069335937,7334260,0.00704388528819444,0.0070191930134429386,191.3805030822754,187.11107849121095,193.241573028092,191.22634791674705,0.012395533782705668,8,3,0
2023-08-22,207.5,209.0500030517578,206.375,208.5500030517578,195.0788726806641,6350240,0.006029952644227787,0.006011845234537146,191.68567962646486,187.2962890625,193.5242345131031,191.51172012148163,0.012016778649311314,8,3,1
2023-08-23,208.625,208.9750061035156,207.3000030517578,207.625,194.213623046875,6134234,-0.00443538360612461,-0.00444524910230585,192.0329498291016,187.48009643554687,193.63029428752952,191.71186107891816,0.012063953476929238,8,3,2
2023-08-24,209.375,210.0,206.0,206.3500061035156,193.02096557617188,5776956,-0.006140956808242337,-0.006159890035386405,192.26563110351566,187.64051849365234,193.5365514088591,191.80883178241845,0.01214768216794087,8,3,3
2023-08-25,205.0,205.6499938964844,203.5500030517578,204.8500061035156,191.61785888671875,6598510,-0.007269193194971435,-0.007295742519512866,192.49363555908207,187.7644598388672,193.24136794391444,191.79468564199624,0.012227405706522086,8,3,4
2023-08-28,205.7250061035156,206.2250061035156,203.8249969482422,204.0249938964844,190.8461456298828,3401974,-0.004027355598896221,-0.004035487235460669,192.71111755371095,187.94312194824218,192.8728722032942,191.7244234188767,0.011235028930490184,8,3,0
2023-08-29,204.8249969482422,205.9499969482422,203.5500030517578,204.0500030517578,190.8695373535156,3998562,0.00012256848864078407,0.00012256097773730734,192.78244247436524,188.19381103515624,192.5646668417898,191.66109852514626,0.010206289083677328,8,3,1
2023-08-30,205.0,205.1000061035156,203.3249969482422,203.6000061035156,190.44862365722656,4018182,-0.002205242922077466,-0.002207678050942627,192.78828964233398,188.4468389892578,192.23912173647238,191.571285571967,0.010162158076984916,8,3,2
2023-08-31,204.0,205.0,203.2250061035156,204.1999969482422,191.0098419189453,22061952,0.0029468223552449047,0.002942488985275279,192.91924667358398,188.68910888671874,192.05000176454513,191.52969715322465,0.010174282695514764,8,3,3
2023-09-01,203.9750061035156,208.875,203.75,208.1750030517578,194.7281036376953,8476130,0.019466335773042687,0.019279290156677377,193.3097801208496,188.97768157958984,192.46201743733747,191.7666161520743,0.010821231527487747,9,3,4
2023-09-04,209.0,218.25,208.0,217.0500030517578,203.02981567382807,27634648,0.042632326207924454,0.041748598249999755,193.9002555847168,189.46222229003905,194.08783255064372,192.60092722775977,0.011858581627513147,9,3,0
2023-09-05,217.8999938964844,218.75,215.1499938964844,215.9250030517578,201.9774932861328,17973426,-0.005183092858567329,-0.005196571679182702,194.38432846069333,189.94769805908203,195.30162650994973,193.29548767652815,0.011918159860720832,9,3,1
2023-09-06,216.875,217.7749938964844,212.9499969482422,214.6499938964844,200.7848358154297,13531912,-0.005904902825056513,-0.0059224056996041805,194.68716506958006,190.4004342651367,196.14519717233125,193.85025420533566,0.01182902830517372,9,3,2
2023-09-07,214.9750061035156,216.8500061035156,213.375,216.4250030517578,202.4451904296875,9322650,0.008269322767901155,0.00823531924716134,195.039111328125,190.8704754638672,197.1144269042322,194.48691614788024,0.01186142499499082,9,3,3
2023-09-08,216.7250061035156,216.7250061035156,214.6499938964844,215.0,201.1122283935547,5748410,-0.006584310712956953,-0.006606082909299861,195.30453262329098,191.32227600097656,197.72947328720488,194.9776800179302,0.011851530848604571,9,3,4
2023-09-11,216.5,218.75,215.0500030517578,217.4250030517578,203.38058471679688,8253314,0.0112790571779815,0.011215922899119313,195.8143287658691,191.74975646972655,198.59887504560365,195.60011740303145,0.011910237565592645,9,3,0
2023-09-12,218.5500030517578,220.75,213.4499969482422,217.5,203.45074462890625,14545328,0.0003449685829504112,0.00034490909496939624,196.27852401733398,192.15572265625,199.3453165199579,196.18164534568882,0.011667534581774336,9,3,1
2023-09-13,217.4750061035156,218.9750061035156,215.75,217.8500061035156,203.7781524658203,7445670,0.0016092732297994239,0.0016079797371714463,196.67724151611327,192.52754669189454,200.0272912808598,196.74434957680967,0.01166064940566925,9,3,2
2023-09-14,219.1999969482422,221.625,217.6499938964844,218.2250061035156,204.12892150878903,14895010,0.0017213280163954625,0.0017198482292148398,197.119221496582,192.92556213378907,200.65831131592583,197.2913549051044,0.011419178159843295,9,3,3
2023-09-15,219.8999938964844,221.875,219.125,220.5249938964844,206.28033447265625,19835876,0.010539481362882741,0.010484328214445499,197.8055740356445,193.3450912475586,201.52323795542281,197.9572052434416,0.011325284775391532,9,3,4
2023-09-18,220.5249938964844,220.5249938964844,217.6000061035156,218.0500030517578,203.96522521972656,6025196,-0.011223121481008458,-0.011286575926912385,198.30835494995117,193.72159210205078,201.89892830377724,198.40224376020345,0.010995491541691656,9,3,0
2023-09-20,217.125,218.4250030517578,214.5249938964844,215.0500030517578,201.1590118408203,9102700,-0.013758293237894792,-0.013853815717123599,198.61236190795896,194.09715759277344,201.78509500178387,198.6064488032121,0.011351665602167464,9,3,2
2023-09-21,214.9499969482422,215.625,211.5249938964844,214.4750061035156,200.62115478515625,8893070,-0.002673790504050033,-0.0026773714664663113,198.93273849487304,194.44232299804688,201.60602727614884,198.7556862833561,0.011179195502873256,9,3,3
2023-09-22,212.1999969482422,213.375,208.3000030517578,209.25,195.733642578125,19818260,-0.024361898486055744,-0.024663558960639428,199.06837234497067,194.6916082763672,200.70258347645287,198.53183119407976,0.012089435611490625,9,3,4
2023-09-25,209.25,209.875,206.0,207.0500030517578,193.6757659912109,9301132,-0.010513658049830177,-0.010569317015910719,199.1712677001953,194.87681884765624,199.6215346325695,198.17212266053394,0.012237287676235248,9,3,0
2023-09-26,208.3999938964844,208.3999938964844,205.8500061035156,206.4499969482422,193.1145172119141,6480566,-0.002897878195676218,-0.002902085174201355,199.28468627929686,194.95024841308594,198.62045502939174,197.79748521989544,0.011998169413131895,9,3,1
2023-09-27,206.125,208.2749938964844,205.1499938964844,207.8249969482422,194.40069580078125,7773994,0.0066601859219923565,0.006638104872110281,199.46124420166015,194.95398986816406,197.9712613019132,197.54587118884996,0.01202436297245099,9,3,2
2023-09-28,208.25,208.25,202.0,202.6750030517578,189.58335876464844,16876116,-0.02478045161458442,-0.025092655501816996,199.41798095703126,194.84314422607423,196.68081475771862,196.9560554537239,0.012739380628613737,9,3,3
2023-09-29,202.5,204.625,200.75,203.0249938964844,189.91075134277344,12780272,0.0017269056749407152,0.001725416287776543,199.36302642822267,194.73183074951172,195.63926654003475,196.43418107513497,0.012744976084964572,9,3,4
2023-10-03,203.2250061035156,204.0500030517578,201.8000030517578,202.7250061035156,189.630126953125,5728104,-0.001477664574881965,-0.0014787573978631023,199.10812759399414,194.61771087646486,194.71478352666404,195.9301770660972,0.012501904454834671,10,4,1
2023-10-04,201.3500061035156,202.7250061035156,200.3249969482422,202.4499969482422,189.37289428710932,6905870,-0.0013564968296375657,-0.001357417704331916,198.4252815246582,194.6195816040039,193.89295441288638,195.4444524158018,0.012422444890783008,10,4,2
2023-10-05,203.9750061035156,205.1999969482422,202.5,203.3999938964844,190.2615203857422,8125304,0.004692467219123975,0.00468149191559821,197.83948287963867,194.64530517578126,193.3342722548642,195.0605315246863,0.012399783219439886,10,4,3
2023-10-06,204.0,204.8999938964844,203.4750061035156,203.9250030517578,190.7526092529297,6365004,0.0025811255275993705,0.002577800144030595,197.33787155151367,194.71499298095702,192.93709333148965,194.74142617122286,0.012394227806804515,10,4,4
2023-10-09,202.1000061035156,205.5,201.6999969482422,202.8000030517578,189.7002716064453,6030450,-0.005516766720024324,-0.005532040277214966,196.70062561035155,194.74165161132814,192.4391207584059,194.36800731457268,0.0123849965593798,10,4,0
2023-10-10,203.1999969482422,204.375,203.1000061035156,203.875,190.70584106445312,5128014,0.005300832990339455,0.005286833027660062,196.1803062438965,194.81461303710938,192.17246234395162,194.09673574048975,0.012360861261082086,10,4,1
2023-10-11,204.5,211.9750061035156,204.5,210.5749969482422,196.9730529785156,19092228,0.03286324047066991,0.03233479073482011,195.85992965698242,195.0241439819336,192.91101474926916,194.30979627663982,0.013715923634318254,10,4,2
2023-10-12,210.875,210.9499969482422,207.3500061035156,208.5500030517578,195.0788726806641,10234398,-0.009616443819135512,-0.009662980399591254,195.44133605957032,195.1368606567383,193.24453135409917,194.36676489916013,0.01385547523820907,10,4,3
2023-10-13,205.9499969482422,207.1999969482422,204.5249938964844,205.5249938964844,192.249252319336,10914054,-0.014505006731098224,-0.014611232799120005,194.8648910522461,195.17521209716796,193.0914115025971,194.20991211546945,0.014127371183767739,10,4,4
2023-10-16,205.5,205.9499969482422,204.0749969482422,205.1000061035156,191.8517303466797,5277652,-0.0020677426198568716,-0.0020698833511244292,194.25103149414062,195.24443267822267,192.90069132476364,194.035231984448,0.014125978397784506,10,4,0
2023-10-17,205.8500061035156,206.9250030517578,205.5249938964844,205.6999969482422,192.41294860839844,5979388,0.0029252707843949732,0.002921000505601555,193.55766220092772,195.35434295654298,192.82565398378438,193.91506284548134,0.013665038719629843,10,4,1
2023-10-18,204.5,206.8249969482422,203.5,203.7250061035156,190.56553649902344,4881066,-0.009601287869325681,-0.009647677405362569,192.88767776489257,195.34124755859375,192.47794360151346,193.66694978278076,0.011090053559988013,10,4,2
2023-10-19,195.9750061035156,198.375,195.0500030517578,197.6499938964844,184.8829345703125,25629102,-0.029819672712647405,-0.030273320342842747,192.0738739013672,195.19298553466797,191.30948067363641,193.01628198926457,0.012187869060083945,10,4,3
2023-10-20,197.5249938964844,198.0249938964844,195.5,195.9250030517578,183.26937866210932,8429336,-0.008727446434973918,-0.008765753641197062,191.20628509521484,194.96381103515625,190.07254190263222,192.29428915021603,0.012222936688725521,10,4,4
2023-10-23,195.4250030517578,196.5,191.1000061035156,191.5749969482422,179.20034790039062,8837826,-0.022202458432626138,-0.02245264308970549,190.37962036132814,194.6396926879883,188.39989667151815,191.32436757615488,0.012519621223976183,10,4,0
2023-10-25,192.1999969482422,193.8500061035156,190.5500030517578,190.9250030517578,178.59234619140625,6678294,-0.0033928600926731445,-0.0033986288946654124,189.62544937133788,194.29546356201172,186.89104275150095,190.38125488098834,0.012510296315859966,10,4,2
2023-10-26,189.3999938964844,190.2749938964844,187.5249938964844,189.125,176.90859985351562,10995582,-0.009427875123416918,-0.009472598859921985,188.81515350341797,193.96994232177735,185.35528230565706,189.3832804345089,0.012213073779229299,10,4,3
2023-10-27,189.5249938964844,192.1750030517578,189.5249938964844,191.1750030517578,178.82620239257812,6202812,0.010839510010538289,0.010781183629624207,188.03642883300782,193.6631295776367,184.35080847287568,188.60127465362513,0.012505364272009678,10,4,4
2023-10-30,192.0,192.1750030517578,190.1999969482422,191.0,178.66249084472656,4688744,-0.0009154785241827224,-0.0009158978305770412,187.49038543701172,193.32030334472657,183.47568268392965,187.86506844555856,0.012473268316138727,10,4,0
2023-10-31,191.6000061035156,192.0500030517578,189.5749969482422,190.8999938964844,178.56893920898438,6153536,-0.0005236221397109109,-0.0005237592776579082,186.92329483032228,192.98589569091797,182.72079907239961,187.1764662798864,0.012442597856378792,10,4,1
2023-11-01,191.9250030517578,192.7749938964844,190.0749969482422,190.4750061035156,178.17141723632812,4241952,-0.0022261540804194846,-0.002228635644995143,186.35035934448243,192.6982583618164,182.02089417454246,186.5094256099932,0.012129316149039084,11,4,2
2023-11-02,191.8999938964844,192.5749969482422,191.0500030517578,191.8249969482422,179.4342041015625,4742730,0.007087482856800831,0.0070624846966992815,185.8534248352051,192.40875030517577,181.62294185562249,185.98533512788723,0.01225499838753536,11,4,3
2023-11-03,193.0,193.3500061035156,191.3249969482422,191.7749938964844,179.38742065429688,5291528,-0.00026072758814221775,-0.0002607615834889719,185.30971984863282,192.09492126464843,181.279015516957,185.49660072243609,0.012138803626332337,11,4,4
2023-11-06,193.0,193.2250061035156,191.5,192.3249969482422,179.90191650390625,4939936,0.0028680709479673716,0.0028639658796976667,184.76718521118164,191.80868713378905,181.06715413033382,185.08217966921165,0.012197608313192505,11,4,0
2023-11-07,192.4499969482422,193.5,191.4250030517578,191.6499938964844,179.27049255371094,5692178,-0.00350982336634309,-0.003515997246760936,184.2456962585449,191.53367767333984,180.79074465700722,184.6516843273227,0.011547867876232343,11,4,1
2023-11-08,192.3000030517578,192.9250030517578,190.75,191.1000061035156,178.7560577392578,7102052,-0.0028696011659531395,-0.0028737263650531406,183.64820709228516,191.27644165039064,180.47771590043038,184.2149712467253,0.011457139575871965,11,4,2
2023-11-09,191.5,192.0,189.8500061035156,190.4250030517578,178.1246337890625,9231126,-0.003532321970964092,-0.003538575350526974,182.7057861328125,191.0220114135742,180.11570326791227,183.7638351387503,0.011458284288403967,11,4,3
2023-11-10,190.1499938964844,190.8999938964844,188.5,189.6499938964844,177.3997039794922,10710700,-0.004069789754227893,-0.004078093886923713,181.82182769775392,190.75261474609374,179.69785722353993,183.2924180158423,0.011325111218720901,11,4,4
2023-11-13,191.3000030517578,191.4499969482422,190.0,190.8249969482422,178.49879455566406,3585902,0.006195560373082332,0.0061764467945085505,181.13430480957032,190.5136181640625,179.51338604386672,182.93733479656981,0.010662002561182961,11,4,0
2023-11-15,192.7749938964844,196.125,192.125,195.8249969482422,183.1758270263672,10792518,0.026202039528309573,0.025864646980690183,180.70050964355468,190.35693786621093,180.07683850271292,182.9550008876659,0.011826014399793966,11,4,2
2023-11-16,195.8249969482422,199.75,194.6499938964844,198.5500030517578,185.7248077392578,13843576,0.013915486307719549,0.013819554858882338,180.36610260009766,190.1768719482422,180.94575684679677,183.1601717655616,0.012140413124587227,11,4,3
2023-11-17,199.0,199.5,197.25,197.6999969482422,184.92971801757807,7886928,-0.004281009798087876,-0.004290199557545209,180.08431167602538,189.8148699951172,181.55867394999387,183.29124926571097,0.012158239754345738,11,4,4
2023-11-20,196.6000061035156,200.5500030517578,196.6000061035156,200.1000061035156,187.1746826171875,8610496,0.012139555630512833,0.012066462178494532,180.19889907836915,189.5188137817383,182.42267528340827,183.57891099544997,0.012347110892674071,11,4,0
2023-11-21,201.3000030517578,201.3000030517578,200.0249938964844,200.3249969482422,187.38514709472656,5440248,0.0011244281256215238,0.001123796429803365,180.4046875,189.25082000732422,183.18613248514953,183.8608544102112,0.012337552324270647,11,4,1
2023-11-22,201.25,201.3000030517578,199.5500030517578,200.125,187.1980743408203,5318582,-0.0009983328818035098,-0.0009988315479924831,180.8045738220215,188.94587768554686,183.80335430909886,184.10805588655262,0.012301980069701013,11,4,2
2023-11-23,200.25,202.5,200.25,201.25,188.2503967285156,9677360,0.005621438101865106,0.005605696783709624,181.28747634887696,188.68864105224608,184.4875146813168,184.41489594892025,0.012307213972871536,11,4,3
2023-11-24,201.25,201.75,197.7749938964844,198.0,185.21034240722656,6250566,-0.016148992905832937,-0.016280808949084284,181.7025634765625,188.32523620605468,184.5987189468414,184.47381790879479,0.01091993706460476,11,4,4
2023-11-28,198.5,199.375,196.5500030517578,198.4250030517578,185.60787963867188,8145314,0.002146409462227661,0.002144109216362812,182.0416473388672,187.96837890625,184.75397443789223,184.55782248137825,0.010847694549617062,11,4,1
2023-11-29,199.0,204.2749938964844,199.0,203.125,190.00428771972656,15544086,0.02368653792938802,0.023410364451130695,182.60873718261718,187.69290161132812,185.56171494278982,184.96126435088556,0.011502308467919888,11,4,2
2023-11-30,203.4750061035156,207.25,202.0249938964844,206.5249938964844,193.1846618652344,19825958,0.016738433556821475,0.016599889843585496,183.3395233154297,187.47401641845704,186.7344760077813,185.57040490750398,0.011909452163650707,11,4,3
2023-12-01,206.875,206.875,203.25,203.8249969482422,190.65907287597656,9830426,-0.01307344467657423,-0.013159654350371421,183.96390609741212,187.16159118652342,187.33826014134982,185.947343275539,0.01214371287372393,12,4,4
2023-12-04,206.3500061035156,206.5,203.375,203.7250061035156,190.56553649902344,10662472,-0.0004905949428064549,-0.0004907153238792489,184.52047271728514,186.8935974121094,187.8347641963765,186.28943166246376,0.0120146083226813,12,4,0
2023-12-05,203.6999969482422,204.5,201.0500030517578,202.1750030517578,189.1156616210937,11165368,-0.007608274321612041,-0.007637364887290979,185.006884765625,186.65273040771484,188.0318253386407,186.49878202976967,0.010724287370541881,12,4,1
2023-12-06,203.375,210.1999969482422,202.9750061035156,209.375,195.8505706787109,22082070,0.03561264572106704,0.034993179829833354,185.80431747436523,186.55731872558593,189.23470923711304,187.19150711487643,0.012303641397177711,12,4,2
2023-12-07,210.0,210.75,208.3249969482422,209.125,195.61671447753903,11250552,-0.0011940542238986218,-0.0011947676746325497,186.62162857055665,186.5549801635742,190.2165561971786,187.81559654914773,0.011428382395892918,12,4,3
2023-12-08,209.3999938964844,212.25,207.5,211.3000030517578,197.65122985839844,15479122,0.010400519128916264,0.010346805839558892,187.56638717651367,186.63448944091797,191.36035214505858,188.54416197946261,0.011440256345288996,12,4,4
2023-12-11,210.0,211.1000061035156,208.625,210.3000030517578,196.7158203125,10084242,-0.0047326269943707144,-0.004743861332808043,188.49594650268554,186.70651550292968,192.18427032466494,189.14947000413207,0.011289148946775575,12,4,0
2023-12-12,210.3500061035156,213.9499969482422,210.0749969482422,211.1000061035156,197.4641571044922,11903364,0.003804151546140888,0.003796934060130653,189.49916915893556,186.7677847290039,192.99656059848454,189.7653727523069,0.011206448463284146,12,4,1
2023-12-13,211.7749938964844,212.1499938964844,207.5,209.8249969482422,196.27149963378903,9696816,-0.006039868137041382,-0.0060581819197220955,190.3878044128418,186.90154754638672,193.50039737314677,190.24730807686112,0.011312577391233092,12,4,2
2023-12-14,211.75,218.0,211.625,217.1999969482422,203.17013549804688,24681376,0.03514843406775614,0.03454483099266627,191.38751983642578,187.1667352294922,194.98804939236214,191.2045545525045,0.01269770215235381,12,4,3
2023-12-15,218.0249938964844,224.75,216.75,223.2749938964844,208.8527069091797,41567234,0.02796952119563567,0.027585517951065928,192.54391479492188,187.55118682861328,197.12107362571868,192.51182509744342,0.01333602158952749,12,4,4
2023-12-18,223.0,226.75,221.0,222.625,208.24468994140625,20182072,-0.0029112237843191835,-0.002915469638704142,193.70966339111328,187.92862274169923,198.83239921274753,193.6772224932925,0.013416962889068067,12,4,0
2023-12-19,222.8000030517578,223.6750030517578,217.5,219.3500061035156,205.18125915527344,16064694,-0.014710727015391223,-0.014820002768073803,194.60999221801757,188.22701751708985,199.80914689621306,194.52937335714293,0.013866474009409884,12,4,1
2023-12-20,221.0,224.75,214.6750030517578,215.9750061035156,202.02426147460932,26449942,-0.015386384183728063,-0.015505982974177664,195.34194793701172,188.45245056152345,200.14993375442788,195.08455025473305,0.014336732821729642,12,4,2
2023-12-21,214.4499969482422,218.25,213.6000061035156,217.0,202.9830474853516,10663008,0.004745895387731736,0.004734669131296471,196.13119659423828,188.71810607910157,200.58579740533924,195.66962412366775,0.014267241503632302,12,4,3
2023-12-22,217.6499938964844,233.1499938964844,217.0,231.3249969482422,216.3827209472656,46080814,0.06601375645855856,0.0639262304057518,197.53781280517578,189.2316436767578,203.01609333486638,197.2039275920824,0.01810831581239909,12,4,4
2023-12-26,227.0,237.8999938964844,224.1750030517578,235.0500030517578,219.8671112060547,54628644,0.016102904351767755,0.01597462783822633,199.2706512451172,189.68952484130858,205.6085576227415,198.88268193385812,0.018086434150808628,12,4,1
2023-12-27,234.25,237.6999969482422,232.0500030517578,235.4750061035156,220.26466369628903,25262992,0.0018081489680454865,0.0018065162345541428,201.00349044799805,190.1932406616211,207.86334317251806,200.4665324347789,0.017991757254422758,12,4,2
2023-12-28,236.2749938964844,238.6999969482422,233.8249969482422,234.7250061035156,219.5631103515625,16839956,-0.003185047174402267,-0.0031901302332115267,202.48143157958984,190.7395178222656,209.66330735390952,201.88109376194805,0.018094513392477484,12,4,3
2023-12-29,235.4750061035156,237.6750030517578,233.0500030517578,235.6499938964844,220.4283599853516,15961140,0.003940778723728444,0.0039330341949023444,203.8436164855957,191.31105041503906,211.3194692972083,203.25496533405203,0.017736231987703455,12,4,4
2024-01-01,236.5,241.75,234.1499938964844,238.5749969482422,223.16441345214844,20347278,0.012412438521879343,0.012336035786687577,205.4688835144043,191.92607971191407,213.14176839796832,204.72973926872584,0.017716202284491396,1,1,0
2024-01-02,239.0,239.0,232.1499938964844,234.6000061035156,219.4461975097656,14282514,-0.01666133002509429,-0.0168016912379834,206.9129165649414,192.5036929321289,214.11168056901406,205.81984728658063,0.018110696310379742,1,1,1
2024-01-03,231.9499969482422,231.9499969482422,227.5,227.9499969482422,213.2257232666016,19534364,-0.028346238457320205,-0.028755750385057306,208.1184196472168,193.0705487060547,213.97537944556598,206.3684306925081,0.019108764817333063,1,1,2
2024-01-04,228.5,229.9250030517578,225.6999969482422,226.1999969482422,211.5887756347656,15170336,-0.007677064505905218,-0.007706684861256491,208.90532989501952,193.6369366455078,213.60820962851977,206.75512291045308,0.019229977704842315,1,1,3
2024-01-05,227.5249938964844,231.5,226.75,228.3000030517578,213.55311584472656,16889130,0.00928376377276141,0.0092409345116285,209.8021499633789,194.32399200439454,213.59973366178235,207.2586779426215,0.0192251541905481,1,1,4
2024-01-08,228.75,230.0,224.5249938964844,225.1750030517578,210.62998962402344,10082886,-0.01368805231026704,-0.013782597448866191,210.45108795166016,194.96474487304687,213.1428499636656,207.50840473383644,0.01951006034023679,1,1,0
2024-01-09,229.0,231.25,224.9750061035156,225.375,210.8170623779297,14465048,0.0008881582069113492,0.0008877640277894457,211.15615005493163,195.64291412353515,212.785036488937,207.75349048525078,0.019150019286242322,1,1,1
2024-01-10,225.7250061035156,228.0,224.5,226.8000030517578,212.1500244140625,8874676,0.006322837540270854,0.006302932264147163,211.89044342041015,196.30939056396485,212.6873423235717,208.07915966516276,0.01914750053803028,1,1,2
2024-01-11,227.4750061035156,228.4499969482422,223.3500061035156,224.1000061035156,209.6244354248047,8638818,-0.011904731079966813,-0.011976159850538013,212.55809020996094,196.9286294555664,212.21612587760754,208.19362453624734,0.019028877989693563,1,1,3
2024-01-12,227.5,234.5,227.5,232.7250061035156,217.6923065185547,36086734,0.03848726450902751,0.03776510090691099,213.28419876098633,197.7110968017578,213.05861520698403,208.89723060901085,0.019944741046155734,1,1,4
2024-01-15,255.9750061035156,264.5,244.5749969482422,247.3000030517578,231.32583618164065,127844264,0.06262752175821129,0.06074463509286999,214.40785522460936,198.77418518066406,215.86895689539273,210.55860879957604,0.022332706662628606,1,1,0
2024-01-16,247.5,247.5,240.25,242.5,226.8358917236328,25912492,-0.019409610842094915,-0.019600450794162918,215.3374153137207,199.72221893310547,217.5561776381989,211.76433346061728,0.02280491552421719,1,1,1
2024-01-17,237.5749969482422,245.75,236.0,241.1999969482422,225.619857788086,28668932,-0.005360853286076939,-0.005375274222159902,216.35934524536134,200.64686767578124,218.7967438151046,212.79066859598532,0.022762082673399155,1,1,2
2024-01-18,241.1999969482422,244.5,234.1999969482422,241.3249969482422,225.73678588867188,26144924,0.0005182527005034299,0.0005181184539530626,217.54497146606445,201.56356506347657,219.86444259565343,213.74964024729542,0.022087248348358936,1,1,3
2024-01-19,244.0,246.6750030517578,241.8000030517578,242.5249938964844,226.8592834472656,15498620,0.00497259475975409,0.004960272243468901,218.73878326416016,202.51534088134767,220.94057195743991,214.7207249287747,0.022056524596713513,1,1,4
2024-01-23,239.0249938964844,243.0,233.5249938964844,234.9499969482422,219.7735748291016,19972336,-0.03123393722528045,-0.03173211752329962,218.90832595825196,203.33569122314452,220.76103393769557,215.0950101065767,0.023006183741179468,1,1,1
2024-01-24,235.5,239.5,234.0249938964844,239.0249938964844,224.06219482421875,11708750,0.019513810968639245,0.019325857746539398,219.11808013916016,204.25444244384767,221.26890484331452,215.75924601158724,0.023121938655959226,1,1,2
2024-01-25,239.0249938964844,239.6750030517578,234.2749938964844,235.0,220.2891540527344,12852980,-0.01683925650395579,-0.016982648809725543,219.11930465698242,205.1122314453125,221.11817395245603,216.09479475537591,0.023451316308745102,1,1,3
2024-01-29,235.0,238.5,235.0,236.5,221.6952667236328,10051300,0.0063830317790489755,0.006362746506966881,219.22591247558594,205.97616088867187,221.206957455714,216.50964453080235,0.02337907280824954,1,1,0
2024-01-30,237.1999969482422,241.4499969482422,235.75,236.25,221.46090698242188,11828014,-0.0010571255971066895,-0.0010576847484675969,219.27753982543945,206.74186248779296,221.24602661366907,216.8764047124038,0.02265651992094729,1,1,1
2024-01-31,236.25,239.9499969482422,234.5,239.0749969482422,224.1090545654297,10584480,0.011957629990280827,0.011886702390264701,219.32477188110352,207.5095474243164,221.68649245240147,217.41215655336867,0.02223564885263976,1,1,2
2024-02-01,238.7749938964844,238.8500061035156,235.3000030517578,235.6750030517578,220.92190551757807,7828120,-0.014221420254669437,-0.014323513750615247,219.39855728149413,208.22939117431642,221.56886369319784,217.67213795812492,0.022427142360409377,2,1,3
2024-02-02,237.5,243.25,237.5,241.5749969482422,226.4525451660156,16296222,0.02503436513224111,0.024726138986639605,220.05989837646484,209.01494842529297,222.3201993044006,218.32253849204275,0.02256661979319347,2,1,4
2024-02-05,241.5,244.75,239.5749969482422,241.1750030517578,226.07760620117188,11566604,-0.001655706561252579,-0.0016570787582072348,220.78433990478516,209.78879760742188,222.8982619039039,218.89698795197825,0.022307386312676588,2,1,0
2024-02-06,242.3500061035156,250.8999938964844,241.5500030517578,249.8249969482422,234.18609619140625,29024038,0.0358659582719536,0.03523775155909084,221.81598892211915,210.72855804443358,224.63485179428886,220.02951448823217,0.02305468569261483,2,1,1
2024-02-07,250.4750061035156,250.8500061035156,246.2749938964844,247.6000061035156,232.10040283203125,9103534,-0.00890613658664996,-0.00894603328135801,222.88950958251954,211.6055581665039,225.78339810778772,220.92365436555062,0.020087823865923102,2,1,2
2024-02-08,247.9499969482422,250.0500030517578,242.5500030517578,244.4250030517578,229.1241455078125,11303840,-0.012823145879555575,-0.012906072094079755,223.80486373901368,212.48383422851563,226.29735924625305,221.5310981538663,0.020108194288106982,2,1,3
2024-02-09,245.4499969482422,247.375,241.375,245.2250061035156,229.87408447265625,7893788,0.003273068245084554,0.0032677234166992573,224.69106674194336,213.36915832519531,226.8476246656997,222.14909714044333,0.020110575556989037,2,1,4
2024-02-12,245.5,255.3999938964844,245.5,250.7250061035156,235.02978515625,48873500,0.0224283685367197,0.02218055126002614,225.96133422851562,214.2696682739258,228.10641858732282,223.10322217865124,0.020440666270805766,2,1,0
2024-02-13,251.5500030517578,256.5,245.8500061035156,255.8000030517578,239.7870941162109,22373576,0.020241302423853247,0.020039170321450007,227.06607360839843,215.20171691894532,229.90344559176714,224.3390645443964,0.020696139874498597,2,1,1
2024-02-14,251.9750061035156,258.5,248.5249938964844,257.25,241.1463165283203,22594656,0.005668455248265536,0.005652450010645677,227.5570976257324,216.21146179199218,231.63311804354456,225.5840461728352,0.020627047857846192,2,1,2
2024-02-15,258.4750061035156,261.42498779296875,256.5249938964844,259.25,243.0211181640625,14570776,0.007774539801117086,0.0077444737989005585,228.3663589477539,217.26057342529296,233.38511806208578,226.87568113514834,0.020312553753267876,2,1,3
2024-02-16,261.25,272.5,260.4750061035156,271.5,254.5042724609375,34942644,0.047251672544452505,0.046169277926045076,229.8105796813965,218.56834564208984,236.6342187388322,228.92224345557716,0.020893166132356585,2,1,4
2024-02-19,272.95001220703125,272.95001220703125,265.67498779296875,267.9750061035156,251.199935913086,18602758,-0.012983422698173652,-0.013068444044486607,231.0837371826172,219.67533294677733,238.87509830410204,230.5724428968741,0.021036004772743453,2,1,0
2024-02-20,267.8999938964844,269.07501220703125,263.125,265.9750061035156,249.3251190185547,10374126,-0.007463444955575049,-0.007491435820028894,232.20702896118163,220.74950103759767,240.48279379863322,231.96153001699858,0.02116621216565041,2,1,1
2024-02-21,267.95001220703125,268.1499938964844,259.75,260.70001220703125,244.3803558349609,13115574,-0.019832591289070223,-0.020031896691250644,233.4373680114746,221.6840835571289,241.08241872729903,232.88144304055135,0.021385767531463904,2,1,2
2024-02-22,261.3999938964844,266.5,260.7250061035156,265.5249938964844,248.9033050537109,14596482,0.018507826471144462,0.018338640966583147,234.6794235229492,222.72783325195311,242.28563200828546,234.0682476341187,0.021505336307767367,2,1,3
2024-02-23,267.5,270.625,266.6499938964844,268.07501220703125,251.293685913086,19860994,0.009603652546354313,0.009557830613594553,236.2296501159668,223.804423828125,243.67148645517784,235.34420602515334,0.02151657705284254,2,1,4
2024-02-26,268.125,268.25,263.0249938964844,266.45001220703125,249.7704162597656,8820636,-0.006061710813725973,-0.006080157566419317,237.63340759277344,224.87440216064454,244.60978334819134,236.4128141906802,0.021376019706754745,2,1,0
2024-02-27,267.0,268.70001220703125,263.7749938964844,265.7250061035156,249.0907745361328,10399260,-0.0027210657443351716,-0.0027247745732336707,239.014900970459,225.79281494140625,245.29916660787464,237.35192236441742,0.02052864616978071,2,1,1
2024-02-28,265.0,265.4750061035156,257.5,258.8500061035156,242.6461639404297,12789056,-0.025872538265235057,-0.02621311969750416,239.94175643920897,226.46868408203125,244.89101235134464,237.744088407085,0.01813707531997169,2,1,2
2024-02-29,258.6499938964844,262.125,256.6000061035156,259.29998779296875,243.0679626464844,14462764,0.0017383283510645775,0.0017368192070086697,241.0490592956543,227.16514953613282,244.61054316598154,238.13844946185532,0.017691748113516193,2,1,3
2024-03-01,261.20001220703125,262.6000061035156,258.7749938964844,259.54998779296875,243.3023223876953,9420630,0.0009641737177505938,0.000963709200830952,241.89154815673828,227.92757080078124,244.40927843086058,238.5209585674731,0.017632963606697253,3,1,4
2024-03-04,261.4750061035156,263.20001220703125,259.2749938964844,260.25,243.95852661132807,5662370,0.0026970734072448987,0.0026934428312510848,242.78559417724608,228.76625610351562,244.33993199708635,238.92374138553643,0.01762829235855785,3,1,0
2024-03-05,258.875,260.25,255.3249969482422,256.6499938964844,240.5838623046875,10521548,-0.013832942646095914,-0.013929509366021189,243.10548248291016,229.51827239990234,243.76207512133269,239.04671330547356,0.01787874791215411,3,1,1
2024-03-06,256.8500061035156,257.42498779296875,250.0,256.57501220703125,240.5135803222656,11091922,-0.0002921309091500346,-0.0002921735876960924,243.52614135742186,230.00088958740236,243.26230669070696,239.15537012153223,0.016745225006738352,3,1,2
2024-03-07,256.875,260.20001220703125,255.25,257.75,241.61502075195312,9707982,0.004579535293648185,0.004569081126562701,244.15068511962892,230.43584777832032,243.00887808474482,239.3375664645264,0.016461397282645455,3,1,3
2024-03-11,258.70001220703125,259.4750061035156,256.1499938964844,257.2749938964844,241.16973876953125,11131512,-0.0018429399837645022,-0.001844640287015425,244.71546783447266,230.85394927978516,242.72593357471197,239.47328293156377,0.016072361286091814,3,1,0
2024-03-12,256.375,261.25,253.875,255.4250030517578,239.43556213378903,11652760,-0.007190689199192746,-0.00721666681097039,244.9357566833496,231.2513983154297,242.21972258380075,239.47048879839525,0.01616888334042886,3,1,1
2024-03-13,256.8999938964844,259.3500061035156,248.3999938964844,252.1999969482422,236.4124298095703,13580480,-0.012626079005463198,-0.012706465300240574,244.76702346801758,231.57107971191405,241.3262929262268,239.24396591033414,0.016397781895016828,3,1,2
2024-03-14,250.5749969482422,259.45001220703125,247.5749969482422,258.9750061035156,242.76333618164065,12825472,0.026863673695947332,0.026509179872434313,244.8478744506836,231.9630581665039,241.54737650398278,239.504660004505,0.01691782352815094,3,1,3
2024-03-15,257.375,259.125,253.1999969482422,258.5,242.3180694580078,13649086,-0.0018341596825793838,-0.0018358438130745534,244.81272201538087,232.42049560546874,241.66594465075588,239.71306070476447,0.016636752632411364,3,1,4
2024-03-18,259.0,259.2749938964844,254.5,255.1000061035156,239.13092041015625,6393960,-0.01315275024673257,-0.013240013680297714,244.0440544128418,232.93859954833985,241.27594092143286,239.66993920146015,0.016368743963000938,3,1,0
2024-03-19,254.5,254.5,246.5749969482422,247.4250030517578,231.93637084960932,9617386,-0.030086237062973198,-0.030548115625552333,243.08087615966798,233.34555145263673,239.83908398730617,239.09708228650823,0.017376420940107298,3,1,1
2024-03-20,248.0249938964844,250.625,244.6000061035156,246.75,231.30360412597656,8385344,-0.0027281910177126,-0.0027319193133728877,242.17980041503907,233.70056121826173,238.5259332394093,238.51978760795032,0.016086735415949575,3,1,2
2024-03-21,249.8249969482422,252.6499938964844,249.2250061035156,250.2250061035156,234.5610809326172,11644580,0.014083121700371182,0.01398487587278391,241.68883666992187,234.1791830444336,237.91595596144128,238.22655007644414,0.01620916831903308,3,1,3
2024-03-22,244.625,245.375,239.7749938964844,243.5500030517578,228.30392456054688,28646502,-0.026676021218830503,-0.027038283275367957,240.65886764526368,234.52892028808594,236.43718189976522,237.49154077897026,0.016788123981948774,3,1,4
2024-03-26,243.0,245.4750061035156,239.5249938964844,239.9250030517578,224.9058532714844,18273346,-0.014883981059910734,-0.01499585902026319,239.3394760131836,234.78403686523438,234.66313134156817,236.55926763026758,0.016992697406533655,3,1,1
2024-03-27,239.8500061035156,240.4750061035156,235.625,236.1499938964844,221.36715698242188,14320668,-0.015734122689954888,-0.01585921790913086,237.9193130493164,235.01889129638673,232.61759682477643,235.43392610079752,0.0166348279047057,3,1,2
2024-03-28,238.3500061035156,241.5249938964844,237.6499938964844,240.0500030517578,225.0230255126953,15455150,0.016514954522200087,0.01638006575591244,236.71592559814454,235.16550567626953,231.4492012383024,234.66274827945662,0.01647726297813582,3,1,3
2024-04-01,241.8500061035156,243.1999969482422,240.7749938964844,242.4750061035156,227.2962188720703,6041008,0.01010204779797852,0.010051363172972482,235.94842834472655,235.08491333007814,230.8102808742667,234.11707943446504,0.01656791363923476,4,2,0
2024-04-02,240.9750061035156,241.3500061035156,239.8000030517578,240.6000061035156,225.53860473632807,6932654,-0.007732702921606882,-0.007762755293130098,235.07196044921875,235.05896759033203,229.99925377612232,233.48163686423266,0.016499439551960784,4,2,1
2024-04-03,240.0,243.8500061035156,237.9750061035156,241.6000061035156,226.4759979248047,13794516,0.004156242739784988,0.0041476294207110805,234.23064422607422,235.0760903930664,229.45721441438113,232.96270064649724,0.013663953000290703,4,2,2
2024-04-04,242.8999938964844,245.9750061035156,239.8000030517578,243.6999969482422,228.4445343017578,16004046,0.008692030921558125,0.008654472702008188,233.4549446105957,235.13024536132812,229.30141747397755,232.62802165799803,0.013734024658288633,4,2,3
2024-04-05,243.25,243.5749969482422,241.2749938964844,242.5249938964844,227.3430938720703,6414344,-0.004821478583648564,-0.004833139408224072,232.79290618896485,235.13992156982422,229.00013691983798,232.2365455257071,0.013713327851023627,4,2,4
2024-04-08,245.0,245.8000030517578,239.1000061035156,239.9499969482422,224.9292755126953,26640770,-0.010617513460660866,-0.01067428143743361,232.01369094848633,235.2430355834961,228.37385054950835,231.695266265484,0.013422971479134247,4,2,0
2024-04-09,241.9750061035156,242.625,237.6000061035156,237.8999938964844,223.00759887695312,15801250,-0.008543470525844143,-0.008580175176411775,231.08331985473632,235.2219436645508,227.54827336911524,231.05173534781505,0.012847279345041788,4,2,1
2024-04-10,238.75,239.7250061035156,236.5500030517578,238.6499938964844,223.71066284179688,10771534,0.0031526457770243432,0.0031476866095917506,230.21036605834962,235.29037384033202,226.95787174952778,230.5079521992211,0.012671879850054782,4,2,2
2024-04-12,237.5,240.0,235.0,235.375,220.6406707763672,13170046,-0.013723047558089396,-0.013818078990736057,229.2706214904785,235.26928192138672,225.98599467673387,229.7770424641949,0.012795829511991489,4,2,4
2024-04-15,233.2250061035156,234.1750030517578,229.1000061035156,229.6750030517578,215.2974853515625,12176472,-0.024216684104538144,-0.024514729619636886,228.21487426757812,235.14601348876954,224.3416086267075,228.70448267807396,0.013310587163279547,4,2,0
2024-04-16,226.5249938964844,229.25,222.3999938964844,224.1750030517578,210.1417999267578,21439424,-0.023946798154125593,-0.02423818396667935,226.58379745483398,234.8666683959961,222.1570226728691,227.32946914093944,0.013209529895050361,4,2,1
2024-04-18,226.25,227.7250061035156,221.4250030517578,222.1750030517578,208.2669982910156,21986258,-0.008921602634010206,-0.008961638430987618,224.88124389648436,234.61357025146484,220.02009584489164,225.9174342631673,0.013173752319818134,4,2,3
2024-04-19,220.0,226.9499969482422,218.5,226.375,212.20407104492188,20470106,0.018903968397359527,0.01872750877642384,223.53490142822267,234.32860076904296,218.81763049105012,224.90162958033432,0.013846319634952628,4,2,4
2024-04-22,226.375,233.0749969482422,225.0,231.0,216.53955078125,18881740,0.020430709528707958,0.02022480241155486,222.7650604248047,234.13783966064454,218.4671566895424,224.2822163359577,0.01452414145314203,4,2,0
2024-04-23,233.3999938964844,233.3999938964844,230.1000061035156,231.0500030517578,216.58642578125,10322712,0.0002164731562011024,0.00021644972926823167,222.02920150756836,233.78584625244142,218.17781347288204,223.71215777634976,0.014417739421934793,4,2,1
2024-04-24,231.9499969482422,232.3249969482422,229.3000030517578,229.9499969482422,215.5552673339844,5915168,-0.004760956018116547,-0.004772325469879873,221.07891082763672,233.45494354248046,217.77434483612853,223.10794366950788,0.014407648763483922,4,2,2
2024-04-25,229.4499969482422,231.2749938964844,227.8999938964844,230.5,216.0708465576172,11805090,0.0023918655758661256,0.0023890096185370676,220.46725692749024,233.19387756347658,217.512268177896,222.58667721677523,0.014370599278354358,4,2,3
2024-04-26,230.9499969482422,237.8999938964844,230.8000030517578,232.3000030517578,217.7581787109375,21478294,0.007809161579187762,0.007778827894987335,220.1098731994629,232.9515594482422,217.5501005675947,222.22901066078725,0.014518986364761101,4,2,4
2024-04-29,233.8249969482422,234.0,230.8000030517578,231.4750061035156,216.9848175048828,7249940,-0.0035514680120524167,-0.003557789445924142,219.89075622558593,232.59066009521484,217.46313394256214,221.84055190849804,0.014500514952563992,4,2,0
2024-04-30,231.5,233.375,230.75,231.1999969482422,216.72702026367188,8902956,-0.0011880888449955496,-0.0011887951820635711,219.47595596313477,232.12945861816405,217.34988568427133,221.46177178665909,0.014393412932420904,4,2,1
2024-05-02,231.1999969482422,231.5,227.7250061035156,228.6999969482422,214.383529663086,14937276,-0.01081309842092959,-0.010871984850900232,218.83032150268554,231.59420288085937,216.8935232194736,220.93745755528332,0.013320187375239571,5,2,3
2024-05-03,230.1999969482422,231.0,226.6000061035156,228.6750030517578,214.36007690429688,9730626,-0.00010939627137396268,-0.00010940225558249532,218.271395111084,231.02098205566406,216.50376224790796,220.45024417372875,0.013333793225215954,5,2,4
2024-05-06,229.3999938964844,231.3000030517578,228.0,229.3249969482422,214.9694061279297,6918126,0.0028425499394872933,0.002838517534143049,217.69606552124023,230.2302847290039,216.26770746021901,220.0442561703362,0.013274513606187538,5,2,0
2024-05-07,230.8999938964844,232.6750030517578,227.0,231.9499969482422,217.43006896972656,9278528,0.011446572264020238,0.0113815559281208,217.14534225463868,229.5548873901367,216.44653230783555,219.85061267399476,0.012547572378825403,5,2,1
2024-05-08,232.5,233.1999969482422,230.6499938964844,231.6000061035156,217.1019897460937,8205680,-0.0015088953666226868,-0.0015100348956673766,216.63328704833984,228.9104248046875,216.5473719137214,219.6470109756317,0.012547355727792532,5,2,2
2024-05-09,230.875,232.1999969482422,227.0249938964844,227.9499969482422,213.6804656982422,9233484,-0.015759984751190337,-0.015885493737244655,216.0708465576172,228.29642700195313,216.1063094190323,219.20504465878804,0.012407767101687152,5,2,3
2024-05-10,228.0249938964844,228.75,225.1499938964844,225.9250030517578,211.78224182128903,6654714,-0.008883469393191068,-0.00892316265821098,215.50957870483398,227.5540057373047,215.44106825014873,218.6552074115659,0.01163992080368085,5,2,4
2024-05-13,225.9250030517578,226.625,222.5,225.9750061035156,211.82911682128903,7111608,0.0002213358381557562,0.00022131134699291153,214.9155014038086,226.76471435546875,214.88538341493955,218.14957107154538,0.011407235796036575,5,2,0
2024-05-14,226.3500061035156,229.9499969482422,226.1000061035156,228.1750030517578,213.8914031982422,4909420,0.009735613346738337,0.009688527622067277,214.57803802490236,226.0471340942383,214.7324633816015,217.8341512290785,0.011291778584584479,5,2,1
2024-05-15,228.1750030517578,229.875,227.3249969482422,229.1499938964844,214.80535888671875,4793424,0.0042729893525896845,0.004263886056564326,214.55343170166014,225.36142578125,214.74367807469648,217.60979624075554,0.010846313331559825,5,2,2
2024-05-16,231.0,233.75,228.0500030517578,232.2250061035156,217.6878662109375,14621472,0.013419159275904757,0.013329919817314942,214.93073501586915,224.86225982666016,215.19663009565662,217.61557920150977,0.01098459574101306,5,2,3
2024-05-17,232.1999969482422,232.1999969482422,230.0249938964844,230.5,216.0708465576172,6876820,-0.0074281570280698705,-0.0074558831745973825,215.32092742919923,224.32231750488282,215.33112493595823,217.50115456122143,0.010978661733972063,5,2,4
2024-05-21,231.5,232.3999938964844,229.8500061035156,230.4499969482422,216.0239715576172,8467448,-0.00021694273312111712,-0.0002169662685998064,215.51192245483398,223.77675048828124,215.43771672390574,217.3917335979915,0.010931686413271953,5,2,1
2024-05-22,231.4499969482422,231.7250061035156,229.4250030517578,230.6499938964844,216.21144104003903,7765884,0.0008678179605259295,0.0008674416242314824,215.49551696777343,223.22180877685548,215.55675123408008,217.30430451962465,0.010771916629475568,5,2,2
2024-05-23,231.25,234.0,230.875,232.8999938964844,218.3206024169922,13171332,0.009755086811352287,0.009707813142533432,215.58222579956055,222.77654357910157,215.98195910837427,217.37958584535556,0.010956999887520582,5,2,3
2024-05-24,233.5,235.25,231.0,231.8249969482422,217.3128967285156,8205526,-0.0046157150416425985,-0.004626400347210882,215.67010726928712,222.31252990722658,216.1867187422422,217.37464591077483,0.010834946900629888,5,2,4
2024-05-27,231.0,231.0749969482422,225.8000030517578,226.2250061035156,212.0634613037109,40983758,-0.024156115462225403,-0.024452659730142885,215.4697380065918,221.72149871826173,215.5523714440066,216.9812248287701,0.011556204098652672,5,2,0
2024-05-28,227.0,228.625,226.5500030517578,228.0249938964844,213.75076293945312,15778126,0.007956588208874571,0.007925101468655478,215.26936721801758,221.17311920166014,215.27520090484452,216.74193135548737,0.011657332064152199,5,2,1
2024-05-29,227.0,227.75,224.75,225.3999938964844,211.29010009765625,9756036,-0.011511831854812526,-0.011578605947210326,214.98463134765626,220.6102099609375,214.6621084729694,216.33809200305544,0.011583821382051976,5,2,2
2024-05-30,224.5,224.75,217.5500030517578,218.4750061035156,204.7985992431641,20724568,-0.03072316616581583,-0.031205017661697844,214.38821029663086,219.97793334960937,213.1446455145378,215.48331476158202,0.012076614237701412,5,2,3
2024-05-31,218.7749938964844,221.0749969482422,217.75,219.1000061035156,205.38449096679688,21438004,0.002860818998752679,0.002856734643959803,213.9382583618164,219.2303564453125,211.95077558411612,214.7352537397461,0.011334638656731845,5,2,4
2024-06-03,225.1000061035156,225.2749938964844,220.7749938964844,222.0500030517578,208.1498260498047,8964424,0.01346418646310954,0.013374349791350545,213.62774581909179,218.54699157714845,211.366014117299,214.2474442812319,0.01151026439817648,6,2,0
2024-06-04,222.9499969482422,222.9499969482422,208.5,219.0749969482422,205.36105346679688,17730732,-0.013397909745745062,-0.013488471540657814,213.14732818603517,217.87159423828126,210.44217401722176,213.5891931097923,0.011191758189719288,6,2,1
2024-06-05,219.8500061035156,227.5,219.5249938964844,225.75,211.61819458007807,12267428,0.030468976505775736,0.03001401561211352,212.85673446655272,217.46523071289062,210.62310025766118,213.44319321870233,0.011977990729939752,6,2,2
2024-06-06,227.4750061035156,231.0,226.3000030517578,230.5,216.0708465576172,15425568,0.0210409694987459,0.02082266521267515,212.8051773071289,217.16057556152344,211.46121507303903,213.6378342067701,0.012618986410147566,6,2,3
2024-06-07,235.0,243.1999969482422,234.1499938964844,242.2749938964844,227.10873413085932,72672440,0.05108457595781557,0.04982256054848151,213.47659072875976,217.01152862548827,213.86852569731906,214.63567864559153,0.01564829139414371,6,2,4
2024-06-10,244.1999969482422,244.1999969482422,236.6750030517578,237.625,222.7498321533203,18311752,-0.019193017803654455,-0.019379594946710328,214.02497024536132,216.90044677734375,215.23488053670388,215.23672705357143,0.01611230066438163,6,2,0
2024-06-11,239.6000061035156,239.6000061035156,237.1750030517578,238.0249938964844,223.12478637695312,9371714,0.0016832974463241168,0.0016818822890422398,214.58975372314453,216.8648254394531,216.4487122044345,215.8210277441923,0.016063605145103833,6,2,1
2024-06-12,239.0,242.1999969482422,237.7749938964844,238.4499969482422,223.523193359375,13875116,0.0017855792217937871,0.0017839869703274627,215.07134323120118,216.9079461669922,217.5370939205792,216.39155853050212,0.016041738439574526,6,2,2
2024-06-13,240.0,242.6750030517578,239.0749969482422,241.3000030517578,226.1947784423828,12995932,0.011952160502255005,0.011881297516933361,215.64081420898438,216.93138122558594,218.86904538547205,217.1177229684192,0.016155720239399075,6,2,3
2024-06-14,242.5,242.8000030517578,238.1000061035156,238.75,223.8043975830078,11322596,-0.010567798584191879,-0.01062403431042161,215.9466407775879,216.86154479980468,219.62833033893907,217.6130321991295,0.01614930741314987,6,2,4
2024-06-18,240.5,246.5,240.0249938964844,245.9250030517578,230.5302581787109,31870984,0.030052405888085776,0.029609680450222293,216.66961135864258,216.96137786865233,221.3055500065963,218.56986375317254,0.016960337095871133,6,2,1
2024-06-19,246.125,248.5749969482422,243.375,247.875,232.35818481445312,20880284,0.00792922651535477,0.007897955393891095,217.48632202148437,217.0790216064453,223.0059553616512,219.59122086882297,0.016988610993169555,6,2,2
2024-06-20,248.75,248.75,244.125,245.1999969482422,229.8506317138672,12571126,-0.010791757142483815,-0.010850410517272679,218.16828155517578,217.1071435546875,224.05898249276134,220.3511772277151,0.017080284963825524,6,2,3
2024-06-21,248.9750061035156,250.4750061035156,244.5500030517578,245.2749938964844,229.9209442138672,95171176,0.00030590518492701335,0.0003058584054757387,218.74829864501953,217.15870056152343,224.96082275754685,221.06004885631896,0.01707066490044407,6,2,4
2024-06-24,245.0500030517578,247.4499969482422,244.7250061035156,245.2749938964844,229.9209442138672,9934518,0.0,0.0,219.37870101928712,217.25853393554686,225.72391836621154,221.7164114753966,0.01674291581287968,6,2,0
2024-06-25,245.2749938964844,249.0,244.6499938964844,248.4250030517578,232.87374877929688,9258210,0.012842695020785388,0.012760926950524661,220.4192153930664,217.45585693359374,226.823892275917,222.54288090531512,0.016699836376452313,6,2,1
2024-06-26,248.4250030517578,249.9499969482422,246.8999938964844,247.6000061035156,232.10040283203125,12812090,-0.003320880740398713,-0.0033264071031643746,221.33669738769532,217.62365173339845,227.6356631307038,223.25084549247927,0.016734863527521463,6,2,2
2024-06-27,246.0749969482422,255.9750061035156,244.6000061035156,255.3999938964844,239.41212463378903,42137138,0.03150240892537015,0.031016388887925933,222.74279861450196,217.99908081054687,229.44742643887074,224.44797728072444,0.017483765034997756,6,2,3
2024-06-28,256.0,258.1499938964844,252.9250030517578,257.42498779296875,241.3103485107422,16405832,0.007928687320480243,0.007897420440637865,224.56838607788086,218.51933807373047,231.2724913730048,225.6970418162813,0.017499109845750503,6,2,4
2024-07-01,258.95001220703125,267.8999938964844,257.04998779296875,263.67498779296875,247.16909790039065,30757528,0.024278898214709743,0.02398885107144818,226.65761642456056,219.25988403320312,233.7181231464488,227.2875644891783,0.017809548990691135,7,3,0
2024-07-02,264.6499938964844,272.5,264.1499938964844,269.1000061035156,252.2545318603516,36276968,0.020574715865210536,0.020365915546238223,228.86285171508788,220.13963470458984,236.56987833320306,229.13696947963558,0.0179021312281433,7,3,1
2024-07-03,270.95001220703125,272.7250061035156,267.75,269.5,252.6294708251953,16049384,0.0014863517498717727,0.001485248222460863,231.2262725830078,220.94814270019532,239.0405848704326,230.87715476449185,0.017886633376078716,7,3,2
2024-07-04,270.70001220703125,274.3999938964844,264.54998779296875,265.3500061035156,248.7392578125,19524632,-0.015398888340256711,-0.015518682611606074,233.08232574462892,221.5921368408203,240.53268839998142,232.20027350878877,0.01827071844678407,7,3,3
2024-07-05,265.67498779296875,268.25,264.7250061035156,267.54998779296875,250.8015289306641,10376090,0.008290895198049597,0.008256714522102372,234.81885986328126,222.27643890380858,242.11251002008646,233.57814428077953,0.018259095064369117,7,3,4
2024-07-08,267.9750061035156,271.5,267.5,270.6000061035156,253.66061401367188,12176360,0.011399791281966998,0.011335303298257627,236.14645385742188,223.03854583740235,243.88914140371497,235.06573463136414,0.018208556293453096,7,3,0
2024-07-09,272.0,272.4750061035156,268.79998779296875,270.5,253.56686401367188,8681444,-0.00036958831927669245,-0.0003696566338722682,237.68730545043945,223.78846618652344,245.37802180524682,236.43618865968324,0.01737943992291783,7,3,1
2024-07-10,270.5,271.67498779296875,265.875,267.7749938964844,251.012451171875,9233748,-0.010073922125957036,-0.010125007455454135,239.08168869018556,224.4535516357422,246.24485709242038,237.5159118087345,0.01762380211291387,7,3,2
2024-07-11,268.3500061035156,269.7749938964844,265.0,267.04998779296875,250.33282470703125,8807618,-0.0027075408477581497,-0.002711212866069987,240.42217025756835,225.12051177978515,246.87377518697588,238.4653127641639,0.017402326860616178,7,3,3
2024-07-12,272.5,282.3999938964844,270.7749938964844,280.07501220703125,262.5425109863281,54186042,0.04877381259763314,0.04762168423651029,242.23955688476562,226.0368215942383,249.28434992533778,240.24880892876865,0.017697145313396195,7,3,4
2024-07-15,283.45001220703125,283.45001220703125,278.07501220703125,279.8500061035156,262.3315734863281,16099478,-0.0008034413139705876,-0.0008037642459259207,244.16591567993163,226.99578247070312,251.29161508856706,241.88456926636565,0.017749709419221868,7,3,0
2024-07-16,280.92498779296875,281.29998779296875,278.20001220703125,279.8500061035156,262.3315734863281,11239032,0.0,0.0,245.7559814453125,227.95521240234376,252.99007022668414,243.39916217154806,0.017785879247279566,7,3,1
2024-07-18,278.2749938964844,287.20001220703125,278.17498779296875,286.6000061035156,268.65899658203125,25019786,0.0241199448911662,0.02383365344048137,247.5710220336914,229.0290042114258,255.40067428135293,245.27026101676904,0.017554803147389855,7,3,3
2024-07-19,289.95001220703125,289.95001220703125,277.3500061035156,278.6000061035156,261.1598205566406,26523490,-0.027913362741607828,-0.028310345511921225,249.13648147583007,229.90359924316405,256.28669678524335,246.4472654271299,0.018328103519324526,7,3,4
2024-07-22,260.5,263.375,250.7749938964844,252.8999938964844,237.0686187744141,76014568,-0.09224696866033266,-0.0967829292940197,249.4938652038574,230.30293182373046,253.33006939896194,245.75255086026206,0.0256038582397357,7,3,0
2024-07-23,254.0,254.0,243.1750030517578,250.2749938964844,234.6079559326172,25847632,-0.010379538441308345,-0.010433781522334163,249.72821578979492,230.72148162841796,250.44974425029352,244.92702531006614,0.024071569897944945,7,3,1
2024-07-24,251.25,253.1750030517578,249.9250030517578,250.0500030517578,234.3970184326172,12240276,-0.0008991063374704789,-0.0008995107760138626,249.80437927246095,231.17377716064453,247.98009412449716,244.14702480062547,0.02376238736285224,7,3,2
2024-07-25,248.0,253.75,246.6499938964844,253.4250030517578,237.5607452392578,21887890,0.013497299700295118,0.013407022575135104,250.07739639282227,231.6884097290039,246.37711737292187,243.65915224052418,0.02385499411522282,7,3,3
2024-07-26,255.0,264.2749938964844,254.25,262.3999938964844,245.9739227294922,26153996,0.035414847186815646,0.034802164949026444,250.4054862976074,232.3300601196289,246.31508742777885,243.83061672118848,0.0246047042026183,7,3,4
2024-07-29,264.0,265.2749938964844,261.42498779296875,262.20001220703125,245.7864532470703,12011554,-0.0007621518587889176,-0.0007624424441730203,250.62929153442383,232.94968200683593,246.23375909228523,243.9754935008834,0.0245634905823044,7,3,0
2024-07-30,262.20001220703125,263.4750061035156,259.875,260.75,244.42721557617188,10816526,-0.005530156983599488,-0.005545504912187953,250.4921974182129,233.48446899414063,245.95582932057548,244.0089543953492,0.024484120893715898,7,3,1
2024-07-31,260.8999938964844,262.45001220703125,259.7250061035156,261.0,244.6615600585937,7758508,0.000958749547874227,0.0009582902410764656,250.112548828125,234.05628326416016,245.75671097257828,244.05729555558952,0.023955978686424986,7,3,2
2024-08-01,261.5,263.3999938964844,258.75,260.7749938964844,244.4506378173828,10759752,-0.00086209799839565,-0.0008624698185873904,249.70360717773437,234.62481658935548,245.55577664100974,244.08643201942604,0.023938131128382882,8,3,3
2024-08-02,257.5,259.625,250.5,251.0749969482422,235.3578643798828,15652228,-0.03719676708020192,-0.03790621524774209,249.0345375061035,235.00774505615234,243.98686706237484,243.43987145353395,0.024890312091925968,8,3,4
2024-08-05,245.0,247.9250030517578,240.125,242.5,227.3196563720703,21938080,-0.034153131143467186,-0.034749978187827865,247.86044387817384,235.1877261352539,241.422680802328,242.2457814474996,0.025709697538124392,8,3,0
2024-08-06,244.875,249.6750030517578,243.3000030517578,244.75,229.4288024902344,11271584,0.009278327056380542,0.009235547789658854,246.64885330200195,235.4300442504883,239.5774687543136,241.2963755988133,0.02576608533482508,8,3,1
2024-08-07,249.3500061035156,250.0500030517578,246.3249969482422,248.6999969482422,233.1315460205078,7079826,0.016138965509489678,0.016010116879428073,245.62708740234376,235.85140594482422,238.5857883337281,240.69157340782772,0.025828555442582647,8,3,2
2024-08-08,247.0,247.0,243.1750030517578,243.6499938964844,228.3976593017578,13160570,-0.020305646316666093,-0.020514639960046023,244.4963478088379,236.14434387207032,237.01838386727113,239.78091310367438,0.026096950585883027,8,3,3
2024-08-09,247.6750030517578,248.2250061035156,244.8249969482422,245.6499938964844,230.2724456787109,6065948,0.008208430781140974,0.008174924842441011,243.4933288574219,236.5239907836914,235.98054722287725,239.0765821833067,0.025459982347548565,8,3,4
2024-08-12,245.7749938964844,247.0,243.6999969482422,244.5249938964844,229.21788024902344,7338468,-0.0045796422866800635,-0.004590160975257164,241.82709732055665,237.0123764038086,234.94013691920745,238.34630796595238,0.025411517001360965,8,3,0
2024-08-13,244.5249938964844,246.3500061035156,243.5749969482422,245.25,229.8975067138672,6289418,0.0029649801494777694,0.002960593265045394,240.20539398193358,237.50263671875,234.1643476568474,237.7204708361683,0.024963045014019018,8,3,1
2024-08-14,246.5,248.4250030517578,245.2250061035156,247.5749969482422,232.07696533203125,11121756,0.009480131600020592,0.00943547715064498,238.69266357421876,237.98117950439453,233.84321191456797,237.3024333914174,0.024696260526444972,8,3,2
2024-08-16,250.5,258.7250061035156,248.9750061035156,258.125,241.966552734375,25931140,0.04261339503554251,0.04173044099189861,237.35804138183593,238.7132894897461,235.09295665607675,237.64792371311796,0.02602910986275265,8,3,4
2024-08-19,258.0,261.6000061035156,256.8500061035156,259.875,243.6069793701172,11466562,0.006779559477144037,0.006756681606839323,236.48039932250975,239.35306518554688,236.40280630439065,238.08933524326608,0.025923772900561075,8,3,0
2024-08-20,259.95001220703125,263.79998779296875,259.82501220703125,262.32501220703125,245.90362548828125,9543812,0.009427669618097045,0.009383506494130897,236.92214965820312,239.94972076416016,237.86447079421998,238.66817155771164,0.025937684140990826,8,3,1
2024-08-21,261.70001220703125,264.04998779296875,260.5249938964844,263.17498779296875,246.7003936767578,6454402,0.0032401644623760717,0.003234926441154737,237.52677154541016,240.34155395507813,239.22384354537962,239.2631509739373,0.025853148327486496,8,3,2
2024-08-22,263.8999938964844,265.2749938964844,259.0249938964844,259.5,243.2554626464844,11496506,-0.013964027292097336,-0.01406244156843277,237.9696937561035,240.75166656494142,239.84409263785727,239.55887776449634,0.025967924196274098,8,3,3
2024-08-23,259.95001220703125,260.7250061035156,255.6750030517578,256.20001220703125,240.1620483398437,11277706,-0.012716731098188161,-0.012798280824730073,238.09975891113282,241.09241180419923,239.89300889970133,239.60355706637392,0.026004052378032563,8,3,4
2024-08-26,258.0,262.3999938964844,257.9750061035156,260.0,243.7241668701172,17351380,0.014832145856921164,0.014723225278059889,237.98727111816407,241.49643127441405,240.48241781822685,239.90878742220676,0.026164216287920976,8,3,0
2024-08-27,260.0,261.625,258.0,258.57501220703125,242.3883819580078,7965796,-0.005480724087657762,-0.005495798359767467,237.81736755371094,241.82030334472657,240.77564307050085,240.09246109152534,0.024456485062574317,8,3,1
2024-08-28,260.0,269.04998779296875,258.92498779296875,267.29998779296875,250.56719970703125,34375566,0.03374261457152006,0.03318582302216116,238.1243667602539,242.35555938720702,242.28203639919784,240.86836765563686,0.02533006571273177,8,3,2
2024-08-29,267.5,270.9750061035156,267.0249938964844,269.3500061035156,252.4888610839844,25685318,0.0076692455325357844,0.0076399863709273015,238.51573181152344,242.7947314453125,243.85231711993424,241.72914494662558,0.025381344831013494,8,3,3
2024-08-30,270.8500061035156,271.0,267.8500061035156,269.20001220703125,252.3482666015625,19434804,-0.000556834395855299,-0.0005569894857030829,238.9106132507324,243.1945330810547,245.15938627095397,242.51574655069498,0.024936691094358174,8,3,4
2024-09-02,269.20001220703125,271.0,265.92498779296875,266.2250061035156,249.5594940185547,15735982,-0.01105128487928575,-0.011112803991404512,239.620694732666,243.58871032714845,245.836325924431,243.0375056223883,0.02451370674312375,9,3,0
2024-09-03,266.5,270.42498779296875,264.75,268.0249938964844,251.246826171875,15056686,0.006761242083600516,0.006738487395398633,240.81705322265626,244.0152279663086,246.66871057788393,243.6456034408688,0.017495518950122226,9,3,1
2024-09-04,264.0,264.125,258.375,259.57501220703125,243.3257751464844,20402128,-0.03152696949879841,-0.03203464319167991,241.51190185546875,244.28332458496095,246.1544128192071,243.62191245609958,0.018416842983356784,9,3,2
2024-09-05,260.6000061035156,263.0,259.75,262.42498779296875,245.99734497070312,12069118,0.010979395103582368,0.010919559122022119,242.15519180297852,244.54579650878907,246.13024853482187,243.79787042014428,0.018493667146153775,9,3,3
2024-09-06,262.42498779296875,264.95001220703125,259.2250061035156,260.29998779296875,244.00537109375,14579954,-0.008097542179531847,-0.008130505341870563,242.93557739257812,244.78389587402344,245.80334431311852,243.81324084041137,0.018441930892800298,9,3,4
2024-09-09,258.54998779296875,260.875,256.7250061035156,257.42498779296875,241.3103485107422,11919540,-0.011044931391991142,-0.0111063795259205,243.4874725341797,244.8218603515625,245.112114189676,243.62784140858403,0.017377226917124036,9,3,0
2024-09-10,258.3999938964844,264.0,257.0,262.875,246.419189453125,10287272,0.02117124679447957,0.020950249696668546,244.34753799438477,244.92403717041014,245.31320269174506,243.8346079304019,0.017821190988351922,9,3,1
2024-09-11,262.5,263.125,256.625,257.17498779296875,241.0760040283203,8261524,-0.02168331710149174,-0.02192185471668544,244.9064628601074,244.80217529296874,244.6613259742951,243.63026690061807,0.018240603113077965,9,3,2
2024-09-12,260.2250061035156,266.0,258.875,265.0249938964844,248.43460083007807,15779474,0.030523970361203245,0.030067381981488204,245.72434463500977,244.72577667236328,245.24182979826168,243.98614348798546,0.019089816702431296,9,3,3
2024-09-13,266.8999938964844,276.25,265.42498779296875,275.29998779296875,258.06640625,35919706,0.03876998368077489,0.038037305202974395,246.52933731079102,244.8345153808594,247.21484156006758,245.02912591480134,0.020311214118657925,9,3,4
2024-09-16,276.5,278.42498779296875,274.5,275.95001220703125,258.6757202148437,11088578,0.002361074320744505,0.0023582913644207976,247.28277435302735,245.03324462890626,248.97805366080237,246.03998475184153,0.018914334737416938,9,3,0
2024-09-17,274.5,277.45001220703125,273.5249938964844,275.95001220703125,258.6757202148437,8728238,0.0,0.0,247.92137908935547,245.19072845458984,250.47000236142412,246.97596515650838,0.017560046228315227,9,3,1
2024-09-18,274.5249938964844,274.5249938964844,266.32501220703125,269.07501220703125,252.2310943603516,16665520,-0.024913918666736534,-0.025229523334557365,248.19791412353516,245.16213806152345,250.74093959202835,247.36523398642268,0.01832959681767127,9,3,2
2024-09-19,272.1000061035156,275.7250061035156,264.57501220703125,266.67498779296875,249.98130798339844,20969182,-0.00891954412939655,-0.00895956139804922,248.53420639038086,245.09042694091798,250.6240731907007,247.5590172454579,0.01829644525963008,9,3,3
2024-09-20,268.95001220703125,270.375,265.5,269.54998779296875,252.6763458251953,16664232,0.010780957438529137,0.010723257255244542,249.15992126464843,245.12370483398436,250.9398074421614,247.93807862173475,0.017835412431852504,9,3,4
2024-09-23,269.54998779296875,270.20001220703125,266.0,267.45001220703125,250.70782470703125,8544290,-0.007790682233175472,-0.007821188142528638,249.50910415649415,245.13120483398438,250.9041177906029,248.14324499842337,0.017929513365690708,9,3,0
2024-09-24,266.1000061035156,270.95001220703125,264.67498779296875,269.7749938964844,252.88723754882807,12355694,0.008693038776685924,0.008655471871817597,250.03404693603517,244.93809936523436,251.20921313802216,248.4946518540089,0.01789995731955856,9,3,1
2024-09-25,269.3999938964844,269.70001220703125,265.375,268.1000061035156,251.317123413086,8065196,-0.006208751975626758,-0.006228106429095413,250.0715431213379,244.71781036376953,251.22581471880122,248.70372382134795,0.017986410575357617,9,3,2
2024-09-26,269.3500061035156,271.54998779296875,267.8500061035156,270.95001220703125,253.9887237548828,11403400,0.010630395197567033,0.01057428981124143,250.14653625488282,244.55095336914061,251.65087764742916,249.0952052979061,0.01800163585074855,9,3,3
2024-09-27,274.45001220703125,279.45001220703125,270.3500061035156,270.8999938964844,253.9418334960937,26462384,-0.00018461551401149912,-0.0001846325575532064,250.22621459960936,244.25661010742186,252.00333239337755,249.45421479406815,0.016391648863085678,9,3,4
2024-09-30,269.0,272.25,267.0,270.7250061035156,253.77780151367188,8199446,-0.0006459431286430783,-0.0006461518397876583,250.43712997436523,244.1089697265625,252.2763276426536,249.77448047700176,0.016368985971898543,9,3,0
2024-10-01,270.1000061035156,274.79998779296875,270.1000061035156,273.375,256.26190185546875,9411274,0.009788485545151326,0.009740888669359637,250.68788375854493,244.4928353881836,252.88949290616364,250.25503020874004,0.016375148257657048,10,4,1
2024-10-03,270.04998779296875,271.20001220703125,263.125,265.07501220703125,248.48147583007807,14035368,-0.030361227982218075,-0.030831676824469675,250.9456687927246,244.7703057861328,252.2113364329197,250.12365581032063,0.017371248286086334,10,4,3
2024-10-04,264.0249938964844,270.9750061035156,264.0249938964844,266.7749938964844,250.07505798339844,11922754,0.006413283517400448,0.006392805920454325,251.14955444335936,245.08386657714843,251.88267820991643,250.12005597128936,0.017188250830918742,10,4,4
2024-10-07,269.0,270.8500061035156,262.9750061035156,265.7250061035156,249.0907745361328,9878074,-0.003935952090555861,-0.00394371833506106,251.40382461547853,245.31446716308594,251.45315456779588,250.04381290201852,0.017019416602632818,10,4,0
2024-10-08,265.7749938964844,266.8999938964844,260.1499938964844,263.4750061035156,246.98165893554688,11502804,-0.008467256984983185,-0.008503307850949327,251.68739013671876,245.33462188720702,250.76523216283448,249.8169866822799,0.01691459712814006,10,4,1
2024-10-09,264.8999938964844,269.3500061035156,264.25,265.57501220703125,248.9501800537109,8841688,0.007970312964323156,0.007938717791192578,251.81393966674804,245.39789642333983,250.4859933768155,249.75277878386737,0.016926661052875436,10,4,2
2024-10-10,267.5,268.79998779296875,261.7250061035156,262.5,246.0676727294922,12620244,-0.011578651293189801,-0.011646205842737282,252.06352310180665,245.43070556640626,249.80625173876575,249.47980796502478,0.015897449565631935,10,4,3
2024-10-11,260.17498779296875,267.20001220703125,260.17498779296875,264.1499938964844,247.6143798828125,8436982,0.006285698304712373,0.006266025697468905,252.02251205444335,245.4897619628906,249.46904068400372,249.34162810708312,0.015874978998917155,10,4,4
2024-10-14,269.3500061035156,275.92498779296875,268.1499938964844,274.7749938964844,257.5742492675781,33136266,0.04022330766686211,0.03943540901491966,251.99790420532227,245.75223419189453,250.7159958507075,249.9514518967494,0.017531905417125737,10,4,0
2024-10-15,276.42498779296875,276.42498779296875,265.42498779296875,266.4750061035156,249.7938232421875,21601252,-0.03020653674625684,-0.030672154637021224,251.55380935668944,246.04095336914062,250.5741231417044,249.93977570011518,0.018311093109931138,10,4,1
2024-10-16,266.5,269.3999938964844,264.5,266.07501220703125,249.4188842773437,12553622,-0.0015009937394659945,-0.0015021213590768558,251.09096755981446,246.4829379272461,250.39639408564892,249.90119115028023,0.018270985309964984,10,4,2
2024-10-17,267.4750061035156,269.0,262.5249938964844,264.375,247.82530212402344,23755278,-0.006389180025150987,-0.006409678193485867,250.87067794799805,246.85086791992188,250.0008414761681,249.74742159277972,0.01733144969283429,10,4,3
2024-10-18,266.0,279.20001220703125,262.3999938964844,274.32501220703125,257.1524353027344,74653054,0.03763591973366465,0.036944971514259226,251.22923431396484,247.33128570556642,251.1010866802552,250.29594112685044,0.018516490416155256,10,4,4
2024-10-21,275.79998779296875,280.95001220703125,273.5,274.04998779296875,256.8946228027344,23966964,-0.0010025668226570916,-0.0010030697289335677,251.4401481628418,247.90122497558593,251.9923999298674,250.7847323621011,0.018432899249109687,10,4,0
2024-10-22,274.8999938964844,277.75,271.92498779296875,272.7250061035156,255.6526031494141,18478300,-0.004834743677270437,-0.004846468857910536,251.68738708496093,248.408828125,252.55550811748998,251.14531538338355,0.018317246647986663,10,4,1
2024-10-23,273.75,277.25,271.1000061035156,273.6000061035156,256.47283935546875,12698576,0.003208401541584527,0.0032032656038600564,251.86666717529297,248.9539273071289,253.1581744617944,251.53994678872317,0.017962061877635535,10,4,2
2024-10-24,273.6000061035156,275.25,272.57501220703125,273.45001220703125,256.33221435546875,9576604,-0.000548303673610806,-0.0005484540470394347,252.1174217224121,249.48262145996094,253.64648829159046,251.89492957144506,0.017428426834403668,10,4,3
2024-10-25,274.875,276.0,270.25,271.7250061035156,254.7152099609375,10124540,-0.006308237139046713,-0.006328218141203813,252.15374603271485,249.93538635253907,253.81090700995153,252.10383922992597,0.016643496398819506,10,4,4
2024-10-28,271.7250061035156,279.8999938964844,271.3500061035156,279.29998779296875,261.8160095214844,11185858,0.027877406934732507,0.027495905967114792,252.54745483398438,250.33237548828126,255.04246124249505,252.82325925152287,0.01589218968970052,10,4,0
2024-10-29,279.8999938964844,281.70001220703125,276.625,281.1000061035156,263.5033264160156,12055630,0.006444666610017968,0.0064239885407858565,253.03373107910156,250.7303024291992,256.34413280765204,253.6143753377816,0.015925226801183873,10,4,1
2024-10-30,281.25,289.375,280.54998779296875,282.625,264.932861328125,20755492,0.005425111445661379,0.005410448536600084,253.46727905273437,251.1108871459961,257.6654756569556,254.45278170743669,0.015947338529022657,10,4,2
2024-10-31,282.3999938964844,283.1499938964844,274.1499938964844,275.8999938964844,258.6288452148437,15680094,-0.02379476853750373,-0.024082436536589837,253.97464752197266,251.34945617675783,257.81368635816915,254.7621197450224,0.015886015059951207,10,4,3
2024-11-01,275.8500061035156,277.45001220703125,275.0,275.67498779296875,258.4179077148437,1962810,-0.000815599280214796,-0.0008159320622645765,254.39179000854492,251.652705078125,257.90664348996523,255.03291885389805,0.015780839036617714,11,4,4
2024-11-04,275.5,276.2250061035156,267.1000061035156,270.3999938964844,253.4731292724609,9855560,-0.019134813396288308,-0.01932025332142864,254.6109077453613,251.91892669677733,257.22456437957993,254.91737888490272,0.016098287650744957,11,4,0
2024-11-05,271.5,272.67498779296875,270.20001220703125,271.8500061035156,254.83238220214844,6862260,0.005362512916414319,0.005348185840620799,255.00344390869137,252.14109100341796,256.8565363522828,254.91108283432834,0.016051368804504272,11,4,1
2024-11-06,273.7250061035156,282.92498779296875,270.5,281.95001220703125,264.3001403808594,19554884,0.037152884954787746,0.03647934842383923,255.77094192504882,252.579326171875,258.001706202833,255.6065685785158,0.017331944633367503,11,4,2
2024-11-07,283.0,284.8500061035156,277.2250061035156,281.70001220703125,264.0657653808594,11997142,-0.0008867759194614022,-0.0008871693378268879,256.6708465576172,252.84929748535157,258.93463838406785,256.2331757490598,0.017276233111294816,11,4,3
2024-11-08,282.5,289.3999938964844,282.5,284.5,266.69049072265625,20852658,0.009939665363328132,0.009890591804795111,257.62465209960936,253.133330078125,260.1278464361584,257.0077916730299,0.01726450701113011,11,4,4
2024-11-11,284.5,291.6000061035156,283.0249938964844,286.75,268.79962158203125,16139444,0.007908534172552883,0.007877425623880682,258.18592071533203,253.46235717773436,261.4619656893696,257.88126055517813,0.017296096484381802,11,4,0
2024-11-12,287.5,289.8500061035156,284.5249938964844,285.32501220703125,267.4638671875,11260890,-0.004969331380266118,-0.004981719565154081,259.06942291259764,253.82044464111328,262.38533515062045,258.59108326868346,0.01733721742803799,11,4,1
2024-11-13,285.0,286.79998779296875,282.7749938964844,284.5,266.69049072265625,11391200,-0.0028915175458134046,-0.002895706058726538,259.9330032348633,254.1293179321289,263.0476667770875,259.19103937638516,0.017292694971904964,11,4,2
2024-11-14,284.4750061035156,287.2749938964844,282.1000061035156,283.3500061035156,265.61248779296875,9783520,-0.004042149859810995,-0.004050341429375154,260.82236251831057,254.57505218505858,263.4422546256846,259.666702222058,0.016258616667313,11,4,3
2024-11-18,283.3500061035156,283.3500061035156,270.1499938964844,276.42498779296875,259.1209716796875,15289764,-0.024439800128452704,-0.024743409012151912,260.9207893371582,254.83752471923827,262.77744186476195,259.626277737438,0.016953762174255805,11,4,0
2024-11-19,278.0,284.8999938964844,277.3500061035156,281.0,263.4095764160156,12919778,0.016550589126492987,0.01641512080311234,261.2465370178223,255.2256088256836,262.87469333418557,259.9065220839993,0.017146134796513248,11,4,1
2024-11-21,281.0,283.79998779296875,277.6499938964844,278.57501220703125,261.13641357421875,11672608,-0.008629765374235099,-0.00866721742337742,261.5207275390625,255.62213012695312,262.6072656788061,259.99762515734886,0.017149582945509736,11,4,3
2024-11-22,280.9750061035156,286.79998779296875,278.95001220703125,285.82501220703125,267.9325561523437,14733232,0.026025258159538156,0.025692364534776083,262.0937133789062,256.0523974609375,263.4265411362734,260.58539782364477,0.017675061766338096,11,4,4
2024-11-25,287.75,293.7749938964844,286.95001220703125,291.2250061035156,272.9945373535156,23297474,0.018892744031799413,0.018716492598517803,262.9268295288085,256.6907681274414,264.89854055431067,261.50459334437596,0.017707548630733448,11,4,0
2024-11-26,292.5,295.17498779296875,289.6499938964844,294.5,276.0644836425781,15771340,0.01124544952006512,0.011182689523891301,263.99429321289057,257.2433657836914,266.6163779525057,262.58310373683537,0.017756400754960086,11,4,1
2024-11-27,295.75,298.0,290.95001220703125,291.45001220703125,273.2054443359375,13659676,-0.010356418431362702,-0.010410419293300624,264.56376495361326,257.5461465454102,267.6300804730337,263.3699437812133,0.016536457411107375,11,4,2
2024-11-28,292.875,293.0,285.2749938964844,286.1000061035156,268.1903076171875,11896556,-0.01835664999626918,-0.018527223965086288,264.7981140136718,257.736438293457,267.71626926444196,263.7270077690632,0.015866169714761565,11,4,3
2024-11-29,287.5,290.375,285.79998779296875,288.92498779296875,270.8385009765625,8540112,0.009874306729813043,0.009825874326412517,265.0933959960937,257.9796939086914,268.1966126047682,264.2537850436928,0.015903329076754853,11,4,4
2024-12-02,291.2250061035156,292.7749938964844,289.1000061035156,292.2749938964844,273.978759765625,11194000,0.011594580451965486,0.01152787839715275,265.8608917236328,258.4146472167969,269.08617370643844,264.9741535416137,0.01588114737261436,12,4,0
2024-12-03,295.3500061035156,296.20001220703125,289.29998779296875,291.6499938964844,273.39288330078125,15445286,-0.0021384010400840037,-0.0021406906842888164,266.60964050292966,258.88287872314453,269.7487444132604,265.5977631534039,0.014533665785152281,12,4,1
2024-12-04,294.6499938964844,297.0,291.79998779296875,294.0,275.5957946777344,14036431,0.00805767637531929,0.008025386638562535,267.71577377319335,259.3412677001953,270.6482906077948,266.33835808113207,0.014560114058658999,12,4,2
2024-12-05,295.0,300.8999938964844,293.8999938964844,299.29998779296875,280.56402587890625,13487264,0.018027238793616007,0.017866674935016723,269.0023559570312,259.93839172363283,272.1737883418119,267.39211125133755,0.014762726361401579,12,4,3
2024-12-06,299.1499938964844,299.1499938964844,296.20001220703125,297.3500061035156,278.736083984375,7894350,-0.006515239752512669,-0.0065365565669123615,269.72415313720705,260.45536865234374,273.1833722868216,268.2324055278589,0.014869103249123224,12,4,4
2024-12-09,295.0,305.70001220703125,293.75,303.75,284.7354431152344,9285213,0.021523439108069198,0.02129508078621916,270.7576370239258,261.12373504638674,274.96061395273125,269.45485275655335,0.0152349196951034,12,4,0
2024-12-10,306.0,311.0,303.45001220703125,308.1000061035156,288.8131408691406,17028502,0.014321005173409285,0.014219428219603798,271.86376953125,261.8202233886719,277.09177193987114,270.8888000241524,0.01523687177820443,12,4,1
2024-12-11,308.1499938964844,309.8999938964844,305.54998779296875,309.0,289.65679931640625,8608406,0.0029211220955069894,0.0029168639087986128,272.90662841796876,262.53452270507813,279.02485307472267,272.27902219394895,0.014572495623428976,12,4,2
2024-12-12,308.0,313.79998779296875,307.45001220703125,309.1000061035156,289.75054931640625,12958440,0.0003236588963948517,0.0003236065301531392,274.0209625244141,263.2539776611328,280.6749601888278,273.57320938820504,0.014572355691036412,12,4,3
2024-12-13,309.1000061035156,311.04998779296875,304.20001220703125,309.95001220703125,290.5473327636719,7382211,0.002749894518389917,0.0027461204756884937,275.2138046264648,263.9396862792969,282.19378673880385,274.83055186046187,0.014566913029758086,12,4,4
2024-12-16,310.0,311.3999938964844,307.1000061035156,309.20001220703125,289.84429931640625,7221189,-0.0024196864606479407,-0.00242261863284509,276.4253952026367,264.7669427490234,283.37078867381956,275.94268130164295,0.013698729745031682,12,4,0
2024-12-17,311.0,312.25,307.29998779296875,308.8500061035156,289.5162048339844,10568517,-0.0011319680366171925,-0.0011326091963290233,277.9451568603516,265.55576568603516,284.3162373138449,276.9481274892238,0.013702603003188828,12,4,1
2024-12-18,309.0,313.25,308.54998779296875,312.6000061035156,293.0314636230469,10965226,0.012141837763721242,0.012068716937359438,279.42625122070314,266.43457946777346,285.65704136141443,278.1394857213589,0.013065772214067095,12,4,2
2024-12-19,306.3500061035156,313.3999938964844,301.1499938964844,312.75,293.17205810546875,12405595,0.0004797931276170342,0.000479678063697494,281.0280334472656,267.3583874511719,286.81319778357664,279.25300960166334,0.013090558614468952,12,4,3
2024-12-20,315.5,320.0,304.3999938964844,305.20001220703125,286.0946655273437,22214824,-0.024140747327219603,-0.02443691129513439,281.93613891601564,268.10127716064454,286.7026543595408,279.7597989294915,0.012636651554942787,12,4,4
2024-12-23,306.6000061035156,310.6499938964844,305.0,307.8999938964844,288.62567138671875,6693583,0.008846742579802225,0.008807839428416975,282.71769561767576,268.9524371337891,286.9985031329528,280.4165302226195,0.012665723703189616,12,4,0
2024-12-24,307.5,309.20001220703125,302.79998779296875,305.29998779296875,286.1884155273437,8837902,-0.008444348860810358,-0.008480204368279188,283.22389221191406,269.7239178466797,286.87387427055137,280.8440772822287,0.01276505257419651,12,4,1
2024-12-26,305.3999938964844,306.95001220703125,304.0,305.04998779296875,285.9540405273437,6516148,-0.0008189534840818968,-0.0008192890096855237,283.8613220214844,270.291513671875,286.732361386981,281.22259307816313,0.012735391349648647,12,4,3
2024-12-27,305.20001220703125,310.8999938964844,304.70001220703125,309.1000061035156,289.75054931640625,8063921,0.013276639777711097,0.01318927759711087,284.9393341064453,271.09064819335936,287.19669799150796,281.8542935402552,0.012819439460716868,12,4,4
2024-12-30,309.1000061035156,309.3999938964844,302.6499938964844,303.70001220703125,284.6885986328125,13709891,-0.01747002963596156,-0.017624431516647533,285.6318389892578,271.79604248046877,286.8108365517087,282.0642420656298,0.013307719886874644,12,4,0
2024-12-31,300.95001220703125,303.0,295.25,301.8500061035156,282.95440673828125,9337030,-0.006091539678299451,-0.006110168798002536,286.08062133789065,272.4986245727539,286.21753965733524,282.1301801895299,0.013346416498233225,12,4,1
2025-01-01,300.0,303.3500061035156,298.95001220703125,300.29998779296875,281.5013732910156,7878201,-0.005135221126312484,-0.0051484516883313425,286.48604583740234,272.98560333251953,285.4919756009784,282.0836019007511,0.012453379515943372,1,1,2
2025-01-02,298.0,304.45001220703125,297.1499938964844,303.79998779296875,284.78228759765625,8800435,0.011655056130929875,0.011587659135909771,286.94537048339845,273.543356628418,285.3827928312365,282.28350454496626,0.012298640584666842,1,1,3
2025-01-03,303.29998779296875,303.79998779296875,294.0,294.45001220703125,276.0176086425781,12535720,-0.03077676996352019,-0.03126032206814804,286.71804962158205,273.9506567382812,283.9419952637506,281.81936410775234,0.013596904615181659,1,1,4
2025-01-06,295.0,297.79998779296875,290.54998779296875,294.29998779296875,275.8769836425781,9173687,-0.0005094783651361512,-0.0005096081933367344,286.57509460449216,274.33873962402345,282.7012242451087,281.37918777699866,0.012816690696233951,1,1,0
2025-01-07,294.29998779296875,297.5,291.29998779296875,294.04998779296875,275.64263916015625,7381943,-0.0008494528225141407,-0.0008498138120064857,286.1204544067383,274.7249481201172,281.6152880781929,280.9542582498251,0.012368170117818213,1,1,1
2025-01-08,293.0,298.45001220703125,289.29998779296875,297.54998779296875,278.9235534667969,7937785,0.011902782227876996,0.011832501258520497,285.62597503662107,275.20911499023435,281.2011750610551,280.8038356733045,0.012388618600947598,1,1,2
2025-01-09,297.0,298.0,291.3500061035156,292.29998779296875,274.0021667480469,7964702,-0.017644213468461456,-0.017801728168470563,284.84324340820314,275.4528381347656,280.0936353205923,280.30000834550765,0.012675313695013105,1,1,3
2025-01-10,294.29998779296875,303.25,294.29998779296875,300.54998779296875,281.7357482910156,19505556,0.028224526961788676,0.027833554626095595,284.44250335693357,275.81748657226564,280.3462680852728,280.4063594525823,0.013170318298603325,1,1,4
2025-01-13,298.95001220703125,299.25,290.25,291.8500061035156,273.58038330078125,9541248,-0.028946859032636496,-0.029374084106605185,283.5941558837891,275.99043701171877,279.30536273381256,279.90073158948593,0.014208539109482235,1,1,0
2025-01-14,291.79998779296875,294.54998779296875,286.54998779296875,292.8500061035156,274.5177917480469,7670070,0.00342644613607046,0.0034205892445777113,282.8278305053711,276.3082159423828,278.56881335138706,279.5019953049349,0.014064829442527748,1,1,1
2025-01-15,293.0,294.70001220703125,289.70001220703125,292.6499938964844,274.3302917480469,4662694,-0.0006830158395420005,-0.0006832492011263557,282.0685348510742,276.6264636230469,277.91673310471936,279.11890615257283,0.0140591318370145,1,1,2
2025-01-16,295.8999938964844,296.5,286.70001220703125,288.04998779296875,270.01824951171875,10345666,-0.015718432728852427,-0.01584327726096819,280.9178741455078,276.95736602783205,276.70158178271924,278.4447834384355,0.014270058458459354,1,1,3
2025-01-17,287.79998779296875,287.79998779296875,280.5,281.95001220703125,264.3001403808594,9358955,-0.02117675061296631,-0.02140419474615284,279.47427825927736,277.14672119140624,274.79366772089463,277.39703210083724,0.014302121235943998,1,1,4
2025-01-20,302.0,305.3999938964844,296.95001220703125,300.25,281.4545593261719,39380165,0.0649050693676998,0.06288565844452894,279.2422729492188,277.4898095703125,275.8184202755527,277.6975896730842,0.018756178651437423,1,1,0
2025-01-21,302.3999938964844,305.8500061035156,297.79998779296875,298.3500061035156,279.6734619140625,15619474,-0.006328188167828874,-0.006348296026334532,278.79466247558594,277.80196350097657,276.4115036045542,277.84395057982334,0.018364445784863737,1,1,1
2025-01-22,299.3500061035156,310.0,299.3500061035156,309.1000061035156,289.75054931640625,30859317,0.03603161820709411,0.035397662876497794,278.97276916503904,278.2631646728516,278.46366448330065,278.7259208566073,0.019366505454092253,1,1,2
2025-01-23,311.1000061035156,324.6000061035156,310.6499938964844,317.70001220703125,297.81219482421875,39904371,0.027822710006355278,0.0274426910765387,279.5656768798828,278.8434161376953,281.4403614588265,280.1397189282822,0.020006385997383545,1,1,3
2025-01-24,319.0,322.5,316.6000061035156,320.1000061035156,300.0619506835937,17479586,0.007554277153435152,0.007525886492743935,280.0812469482422,279.49537780761716,284.3052213395599,281.615439799046,0.020040028597204343,1,1,4
2025-01-27,317.79998779296875,319.1499938964844,306.75,307.95001220703125,288.67254638671875,12372895,-0.03795684281505163,-0.038695967384081466,280.2804443359375,279.9350189208984,284.9771175006613,282.1381884351699,0.021282129542899045,1,1,0
2025-01-28,304.0,307.6000061035156,301.54998779296875,303.6000061035156,290.25,12077491,0.005464508603350238,0.005449632345896328,280.6452239990234,280.4277691650391,285.78833019286725,282.73906336589806,0.021299880938363047,1,1,1
2025-01-29,305.04998779296875,314.70001220703125,305.04998779296875,312.45001220703125,298.7108154296875,16338112,0.029150096226313593,0.028733312323634363,281.50569610595704,281.21956604003907,287.77640484468577,283.92215611136396,0.02193939597019402,1,1,2
2025-01-30,311.0,313.70001220703125,305.95001220703125,309.0,295.4125061035156,9984186,-0.01104181420892758,-0.01110322753423772,282.03720703125,281.85962463378905,288.9511896537365,284.77329314781963,0.02195165901820799,1,1,3
2025-01-31,311.70001220703125,315.70001220703125,309.54998779296875,311.8999938964844,298.1849975585937,15597644,0.009385152618103909,0.009341385699641068,283.1455764770508,282.60059631347656,290.371775485253,285.7667527338029,0.02201150339799301,1,1,4
2025-02-01,312.54998779296875,313.25,303.3500061035156,304.79998779296875,291.3971862792969,6046117,-0.022763758521965882,-0.023026853223187607,283.92158660888674,283.0698889160156,290.529530992029,286.183821885321,0.021959081695210155,2,1,5
2025-02-03,303.0,314.0,300.29998779296875,313.6000061035156,299.8102722167969,14877076,0.028871541434295933,0.028462610802696686,285.1299682617188,283.60620361328125,291.957337334301,287.19318857654144,0.022508243452767238,2,1,0
2025-02-04,318.0,318.8500061035156,313.3500061035156,316.25,302.3437194824219,15366864,0.008450168324429574,0.008414665515010626,286.3009765625,284.1317883300781,293.5552422801657,288.3154501251252,0.022461887855902515,2,1,1
2025-02-05,317.79998779296875,321.45001220703125,314.8999938964844,317.1000061035156,303.1563415527344,9628027,0.002687742519353886,0.0026841369984583214,287.75868530273436,284.7308062744141,295.0323344759455,289.41477541605923,0.022455439311958085,2,1,2
2025-02-06,320.0,323.6000061035156,314.54998779296875,317.95001220703125,303.968994140625,15062390,0.002680638589739992,0.0026770520860992316,288.87034759521487,285.4463800048828,296.40720519358854,290.492865691953,0.022358175086700852,2,1,3
2025-02-07,319.0,319.0,314.0,318.0,304.0167541503906,8589587,0.00015712132055001327,0.0001571089782881323,290.3921661376953,286.10994506835937,297.57790503309656,291.49463520739283,0.02206295340355929,2,1,4
2025-02-10,318.79998779296875,321.0,315.8500061035156,319.04998779296875,305.0205993652344,12304840,0.00330194043959553,0.0032965010047664926,291.9173065185547,286.73078186035156,298.7229349303485,292.49655847834407,0.02200449923094038,2,1,0
2025-02-11,319.5,320.3999938964844,311.6000061035156,313.0,299.23663330078125,10627890,-0.01896254245283724,-0.019144637121096354,293.1626235961914,287.2476568603516,298.8019654488766,292.99582328000605,0.02231768660677358,2,1,1
2025-02-12,313.45001220703125,315.75,309.3500061035156,310.20001220703125,296.5597839355469,9668342,-0.008945593778766026,-0.008985845834965367,294.4897003173828,287.6669366455078,298.4570144468259,293.2598203656017,0.02233610952928833,2,1,2
2025-02-13,310.29998779296875,313.6499938964844,306.95001220703125,308.54998779296875,294.9822998046875,8832731,-0.005319278662551996,-0.005333476395476836,296.02380828857423,287.95530212402343,297.92244296342,293.3874114351636,0.021533180479905385,2,1,3
2025-02-14,310.04998779296875,312.3999938964844,304.54998779296875,308.1000061035156,294.5520935058594,7371341,-0.0014584139425076748,-0.001459478463255346,296.6786849975586,288.2716223144531,297.4039276622568,293.47368418114104,0.021538357354315474,2,1,4
2025-02-17,308.1000061035156,310.29998779296875,302.0,305.3500061035156,291.9230041503906,7507772,-0.008925719468418802,-0.008965792333413509,297.291162109375,288.4153735351563,296.56070866043126,293.3588189936781,0.021630742930561598,2,1,0
2025-02-18,305.3500061035156,312.75,305.3500061035156,312.20001220703125,298.4718017578125,10368789,0.02243330437928792,0.022185378816465387,297.7272247314453,288.60854675292967,296.85472298310526,293.737558457688,0.021878686457400175,2,1,1
2025-02-19,311.25,316.5,308.29998779296875,314.1000061035156,300.28826904296875,7835672,0.006085892451006769,0.006067448202855053,297.8510284423828,288.82117614746096,297.3829608384689,294.22279627881994,0.021552216352325824,2,1,2
2025-02-20,311.20001220703125,314.29998779296875,310.25,313.29998779296875,299.5234375,7697134,-0.0025469910809580165,-0.0025502401808661433,297.8241027832031,289.0166339111328,297.7122649402429,294.61543636927775,0.021050526865144543,2,1,3
2025-02-21,312.79998779296875,312.79998779296875,305.04998779296875,306.3500061035156,292.8790588378906,8722925,-0.022183167759983302,-0.022432914586068137,298.03442840576173,289.0632684326172,296.96869477065025,294.4868158113972,0.020738741091234157,2,1,4
2025-02-24,302.95001220703125,303.29998779296875,293.3500061035156,295.04998779296875,282.075927734375,12600963,-0.03688597998908205,-0.03758347335076326,297.62572479248047,288.90790100097655,294.6774998419925,293.5674907686548,0.0219461526301657,2,1,0
2025-02-25,294.3500061035156,296.29998779296875,290.1000061035156,291.29998779296875,278.4908142089844,10810040,-0.012709746465024985,-0.012791206250819464,296.61472473144534,288.68739318847656,292.1872405138374,292.4506999123829,0.02208990528825548,2,1,1
2025-02-27,294.0,295.79998779296875,291.3500061035156,294.5,281.5501403808594,15555649,0.010985375516117557,0.01092547456884108,295.9216064453125,288.4577667236328,290.5507635703023,291.643251058196,0.021941555035147123,2,1,3
2025-02-28,294.0,294.0,277.0,277.6499938964844,265.4410705566406,17458839,-0.05721563414043285,-0.058917690726760674,294.28441009521487,287.90314697265626,286.68773387589283,289.7023487988215,0.024112208973475303,2,1,4
2025-03-03,279.45001220703125,286.3500061035156,279.29998779296875,283.54998779296875,271.08160400390625,11471554,0.0212496635710413,0.021027037763420395,293.2686309814453,287.6028857421875,284.28679081866414,288.3230343695685,0.02123184307056155,3,1,0
2025-03-04,279.0,283.1000061035156,276.29998779296875,280.0,267.6877136230469,9331785,-0.012519810753408689,-0.012598843930534329,291.6625030517578,287.1841265869141,281.733086634723,286.7944920920484,0.02131504046400521,3,1,1
2025-03-05,281.3999938964844,286.95001220703125,278.6499938964844,285.1000061035156,272.5634460449219,10285712,0.018214255543834712,0.01805036311862817,290.1734893798828,286.9116271972656,280.32237269783053,285.740340533002,0.020472353902738556,3,1,2
2025-03-06,288.45001220703125,292.0,283.5,285.8999938964844,273.3282775878906,9782051,0.0028060679231458607,0.0028021382640949044,288.6820861816406,286.65911193847654,279.2463580655321,284.8209284629938,0.01971843314925844,3,1,3
2025-03-07,287.3999938964844,287.70001220703125,282.8999938964844,284.79998779296875,272.2766418457031,8097300,-0.0038475190034055196,-0.0038549397450581106,287.0974685668945,286.3096337890625,278.17409403171223,283.89172204689817,0.019624322692912848,3,1,4
2025-03-10,284.45001220703125,285.6499938964844,277.95001220703125,280.8999938964844,268.5481262207031,8165123,-0.013693850488698645,-0.013788476111786142,285.3240371704102,285.9868243408203,276.69317590694163,282.75515939310594,0.01860965680151118,3,1,0
2025-03-11,277.0,279.29998779296875,273.20001220703125,277.75,265.5366516113281,8602609,-0.01121391033985486,-0.011277260278003218,283.34983978271487,285.63846923828123,274.97678755377035,281.4797143722335,0.018620784642463247,3,1,1
2025-03-12,277.70001220703125,277.70001220703125,262.20001220703125,268.54998779296875,256.7412109375,18584311,-0.033123264229083516,-0.03368426241823669,281.2250686645508,285.1432659912109,272.1713142281903,279.6472326363273,0.018406929022666885,3,1,2
2025-03-13,268.54998779296875,271.1000061035156,263.3500061035156,264.0,252.39129638671875,8683943,-0.01694279829442802,-0.017087969576246493,279.0166442871094,284.49544616699217,269.1282345602716,277.6282743956156,0.018506435877966895,3,1,3
2025-03-17,264.0,265.20001220703125,258.8999938964844,259.8500061035156,248.4237670898437,12697926,-0.01571975481593446,-0.015844620461952452,276.6887176513672,283.9435693359375,265.9429318725135,275.464977558151,0.018397776030766377,3,1,0
2025-03-18,259.8500061035156,259.8500061035156,259.8500061035156,259.8500061035156,248.4237670898437,0,0.0,0.0,274.3823013305664,283.39450500488283,263.2476757521028,273.461924930869,0.01814605438107782,3,1,1
2025-03-19,262.0,266.5,256.25,265.70001220703125,254.0165405273437,14044300,0.02251303690873252,0.022263358886529017,272.4869781494141,282.9619830322265,261.8275011021398,272.02152608616336,0.01776825816583563,3,1,2
2025-03-20,269.20001220703125,273.95001220703125,267.5,268.0,256.21539306640625,17038774,0.008656336057871306,0.00861908479947751,270.37415771484376,282.5078198242187,260.96409986587315,270.8507014180332,0.017773820714629438,3,1,3
2025-03-21,264.0,269.54998779296875,260.20001220703125,264.29998779296875,252.67807006835932,22659168,-0.013806051836745548,-0.013902241731671481,267.99364776611327,282.081337890625,259.68932605087105,269.50458057731663,0.017771778120752528,3,1,4
2025-03-24,267.04998779296875,271.6499938964844,265.3999938964844,269.3999938964844,257.5538024902344,9269617,0.019296223137037494,0.019112411835652182,265.895166015625,281.59769897460933,259.36078396461926,268.61933775605127,0.018299421591784916,3,1,0
2025-03-25,272.0,274.70001220703125,269.3500061035156,271.0,259.0834655761719,12563930,0.005939198222458808,0.005921630708343802,264.20538635253905,281.30776062011716,259.31811959716583,267.912976853838,0.01838958683239521,3,1,1
2025-03-26,272.0,272.25,266.75,267.3999938964844,255.64178466796875,7308412,-0.013284062340872316,-0.013373084762258547,262.88367919921876,280.9302404785156,258.7525296080586,267.00399965488475,0.018376001222281314,3,1,2
2025-03-27,270.0,273.54998779296875,269.6000061035156,272.20001220703125,260.230712890625,14783522,0.01795061878720805,0.017791408884201054,261.9706741333008,280.64824890136714,258.9799424207611,266.50227470938404,0.018690758846358062,3,1,3
2025-03-28,271.0,271.8500061035156,261.6000061035156,262.25,250.71823120117188,14283389,-0.036554031550654176,-0.037238871112887345,260.42907867431643,280.26224853515623,257.7089099254397,265.3330863013683,0.019577195366179356,3,1,4
2025-04-01,260.3500061035156,263.0,258.5,262.6000061035156,251.0528564453125,8388635,0.001334666579839272,0.0013337767041032033,259.70966796875,279.9973028564453,256.6849016977278,264.275291497216,0.019615725849196,4,2,1
2025-04-02,262.79998779296875,265.54998779296875,261.1000061035156,263.6000061035156,252.00889587402344,7136992,0.003808120099677792,0.0038008875660869162,258.7560325622559,279.4083895874023,255.96551618638867,263.36666959920177,0.019673589628274066,4,2,2
2025-04-03,259.8999938964844,260.5,255.3000030517578,256.3500061035156,245.0776824951172,12262561,-0.027503844080056128,-0.027889156278896675,257.6255310058594,278.7164739990234,254.29046484927,262.011929813714,0.02008952806953998,4,2,3
2025-04-04,253.0,253.9499969482422,244.8500061035156,246.3000030517578,235.4696044921875,14639785,-0.03920421437444066,-0.039993394544093785,255.77083892822264,277.63085510253904,251.39494787125733,260.0458316417491,0.020273015731624263,4,2,4
2025-04-07,231.0500030517578,243.8500061035156,228.0,242.8999938964844,232.21908569335932,13011904,-0.013804409303010634,-0.013900576204956243,253.7153793334961,276.3189929199218,248.44481522850378,257.9845912011276,0.020132371123315985,4,2,0
2025-04-08,244.75,249.5,243.8500061035156,247.25,236.37782287597656,13806651,0.01790867951357278,0.017750208322181656,251.92043838500976,275.0453103637695,246.5883548665765,256.38408984370903,0.02067422164796993,4,2,1
2025-04-09,240.6999969482422,242.3000030517578,234.0,236.6499938964844,226.2439117431641,19063559,-0.04287166625665029,-0.043817796474492604,249.80522766113282,273.7967376708984,243.45844053989765,254.15148405848348,0.021504046741401595,4,2,2
2025-04-11,245.0,245.0,238.3500061035156,239.75,229.2076110839844,11205821,0.013099576107863387,0.013014518666453992,247.98877563476563,272.57588989257806,241.26600523898793,252.30378976407616,0.02114964878550551,4,2,4
2025-04-15,245.0500030517578,245.0500030517578,241.3500061035156,244.0,233.27072143554688,10694621,0.017726768898933765,0.017571482199815188,246.81525115966798,271.2670880126953,240.0359615769201,250.89393285085177,0.021575909320871726,4,2,1
2025-04-16,244.0,248.4499969482422,241.1999969482422,247.6499938964844,236.76022338867188,16203319,0.014959022425320434,0.014848239684021547,246.03369750976563,270.0940423583984,239.53200185565115,249.8469914092088,0.02169349939113172,4,2,2
2025-04-17,235.0,237.8000030517578,232.1499938964844,236.8999938964844,226.48292541503903,54875421,-0.04340804306794965,-0.04437835574530996,244.9366554260254,268.6600009155273,237.5244516340185,248.11631985408513,0.020681962068883463,4,2,3
2025-04-21,237.3999938964844,240.8000030517578,237.3999938964844,238.4499969482422,227.9647827148437,16298364,0.006542909568520772,0.00652159764651845,243.9137062072754,267.39135284423827,236.05373333876085,246.6236133993265,0.020205455208674977,4,2,0
2025-04-22,238.4499969482422,239.0,233.5,234.1499938964844,223.85385131835932,18367713,-0.018033186299774462,-0.018197765801343264,242.40557174682618,265.8722244262695,234.17682841254523,244.9369643562919,0.02029583086328992,4,2,1
2025-04-23,237.1999969482422,245.3500061035156,236.1000061035156,243.6000061035156,232.8883209228516,31898042,0.04035878565986195,0.03956563987062668,241.23921813964844,264.48311645507806,233.9785964910539,244.0444722501111,0.021560443360708993,4,2,2
2025-04-24,244.8000030517578,245.1499938964844,241.5,242.75,232.07569885253903,23000820,-0.0034893208345202487,-0.0034954227128725967,240.20909957885743,263.0615036010742,233.68584300820547,243.15789644288355,0.021512393215626133,4,2,3
2025-04-25,243.9499969482422,246.1499938964844,238.0500030517578,240.8999938964844,230.3070373535156,16620430,-0.007621054284305928,-0.007650242911818707,238.84676132202148,261.588264465332,233.1660267536378,242.20598095478223,0.02151516250227502,4,2,4
2025-04-28,240.5,241.9499969482422,238.75,240.5,229.9246368408203,14218414,-0.0016603943895483475,-0.0016617743720678058,237.3888198852539,260.1064221191406,232.6673513824351,241.29625176115542,0.021466151185960826,4,2,0
2025-04-29,241.6000061035156,243.6000061035156,239.8500061035156,241.3999938964844,230.78504943847656,16647246,0.0037421505127870347,0.0037351660866498143,236.1459831237793,258.6217111206054,232.37776646797994,240.51764418169773,0.02148903620943935,4,2,1
2025-04-30,241.5500030517578,243.3999938964844,239.1999969482422,241.5,230.8806610107422,14206640,0.0004142884146882686,0.00041420262093774953,234.67848052978516,257.25459167480466,232.14744255148184,239.80379357644176,0.020806913232585707,4,2,2
2025-05-02,242.0399932861328,245.8000030517578,240.75,241.67999267578125,231.052734375,10822257,0.0007452913704617536,0.0007450137787642129,233.69520568847656,255.94445068359371,231.97902590894617,239.15556696892756,0.02065770322225379,5,2,4
2025-05-05,244.0,246.8699951171875,242.6999969482422,243.57000732421875,232.85964965820312,12170446,0.00782035879424181,0.007789938285007908,232.7855453491211,254.70199768066402,232.11450648575493,238.6892027236887,0.020594346800168084,5,2,0
2025-05-06,244.5,245.8999938964844,240.6100006103516,241.19000244140625,230.58428955078125,8869045,-0.009771379931051594,-0.009819433151008224,231.71431503295898,253.42264160156247,231.879088495759,238.08883878495482,0.020639704499133212,5,2,1
2025-05-07,236.009994506836,244.4499969482422,236.009994506836,244.0399932861328,233.3089599609375,9130056,0.011816374894683346,0.011747106669116087,231.12587890625,252.2503607177734,232.09906872117108,237.73477368687946,0.020286116830860377,5,2,2
2025-05-08,243.1100006103516,245.8300018310547,239.3099975585937,241.57000732421875,230.9475860595703,11434833,-0.01012123109957952,-0.010172799007948376,230.89977798461913,250.89987640380855,231.92191754246326,237.23201904781953,0.020215445721605024,5,2,3
2025-05-09,236.6000061035156,242.9499969482422,236.5,242.009994506836,231.36822509765625,10582438,0.0018213614840616454,0.001819704816522442,230.85723495483398,249.5214755249023,231.83673408941604,236.79766394040004,0.020135393464675053,5,2,4
2025-05-12,245.08999633789065,257.94000244140625,244.8800048828125,257.2799987792969,245.9667816162109,19791711,0.06309663529809617,0.06118600331644045,231.3366828918457,248.45034240722651,234.01058755507677,237.47685784231197,0.023150218717430632,5,2,0
2025-05-13,256.95001220703125,256.95001220703125,250.6199951171875,251.57000732421875,240.5078582763672,11714159,-0.022193742195486532,-0.02244372897617957,232.04988021850585,247.40291839599607,235.01016766604454,237.70137639298275,0.023416195515512113,5,2,1
2025-05-14,251.57000732421875,253.69000244140625,250.75,252.94000244140625,241.817611694336,8839105,0.005445782218324702,0.005431007561775874,232.68038024902344,246.59775207519527,236.05746674732015,238.00628271160153,0.02336044723042825,5,2,2
2025-05-15,253.1999969482422,257.1000061035156,250.6199951171875,256.57000732421875,245.2879943847656,12083645,0.01435124044983227,0.014249236165653689,233.28124389648437,245.9336956787109,237.47754792231177,238.54566876146555,0.023265686610497126,5,2,3
2025-05-16,257.0,257.0,253.52999877929688,254.3099975585937,243.1273651123047,6640387,-0.008808540662090802,-0.008847565191504468,233.599600982666,245.1652401733398,238.34675056692606,238.88505367634252,0.022366841774432964,5,2,4
2025-05-19,254.3099975585937,254.7400054931641,251.27999877929688,251.75,240.6799468994141,6788784,-0.01006640372119405,-0.010117412568946596,234.30945205688477,244.67001770019527,238.7057038488473,239.01800872990339,0.022426393106844952,5,2,0
2025-05-20,253.0,254.6000061035156,249.3099975585937,249.7100067138672,238.7296600341797,9366429,-0.008103237890647708,-0.008136247567251696,234.84769592285156,244.02297882080074,238.7093894158215,238.99664956725718,0.02244077848862604,5,2,1
2025-05-21,249.7100067138672,252.1100006103516,248.1000061035156,250.9199981689453,239.8864288330078,5313593,0.004845517723530923,0.004833815987946857,235.649324798584,243.46695312499997,238.89047240308093,239.06255914249795,0.02192240014747268,5,2,2
2025-05-22,249.0,249.88999938964844,245.0,245.94000244140625,235.1254272460937,11469037,-0.019846898426373216,-0.020046493424007543,235.76118011474608,242.7181927490234,238.31123468662136,238.7709197427643,0.021009241906977602,5,2,3
2025-05-23,246.1000061035156,250.4900054931641,245.6000061035156,247.3600006103516,236.4829864501953,7437642,0.005773766027783678,0.005757161722968745,235.9815444946289,241.9812869262695,238.0299657271712,238.60144320257402,0.020863982847912573,5,2,4
2025-05-26,248.4900054931641,250.8500061035156,248.1999969482422,250.2400054931641,239.23634338378903,3690751,0.0116429387793342,0.011575681313931692,236.4280097961426,241.3204809570312,238.21556228972779,238.648472845627,0.020717824356207934,5,2,0
2025-05-27,250.9900054931641,250.9900054931641,247.9900054931641,248.25,237.33384704589844,6861143,-0.007952371746622777,-0.007984160497625568,236.7984703063965,240.69619537353512,238.0799137906771,238.5510931567582,0.019109347548654686,5,2,1
2025-05-28,249.58999633789065,250.13999938964844,246.9600067138672,247.42999267578125,236.5498962402344,6205160,-0.0033031563572658573,-0.0033086238214722285,237.0867126464844,240.11646026611325,237.84452647522437,238.40285634812682,0.019008425113459026,5,2,2
2025-05-29,249.6499938964844,251.7400054931641,248.1000061035156,250.13999938964844,239.14073181152344,11785042,0.01095259652389724,0.010893051227792574,237.49971618652344,239.7644506835937,238.04394268080887,238.4575137898599,0.01884516128010195,5,2,3
2025-05-30,250.0,251.1100006103516,248.5200042724609,249.6699981689453,238.6913909912109,13858429,-0.0018789807027381755,-0.0018807482013897421,237.88164901733398,239.49045257568355,238.14355011317843,238.47483802699702,0.018664913199416395,5,2,4
2025-06-02,247.6000061035156,248.4199981689453,246.1999969482422,247.67999267578125,236.7888946533203,5846259,-0.007970527675883576,-0.00800246213444807,238.07811126708984,239.2577551269531,237.93514158089255,238.3499533326506,0.016825087832632434,6,2,0
2025-06-03,248.0,249.5,245.72999572753903,246.22000122070312,235.3931121826172,8573438,-0.005894628093714771,-0.005912069989999825,238.31855239868165,238.99714202880858,237.54406013500403,238.13092806227777,0.016852770373169988,6,2,1
2025-06-04,246.509994506836,249.8099975585937,246.509994506836,246.8600006103516,236.0049743652344,6698150,0.0025993206723164963,0.002595948281024557,238.45335311889647,238.6369107055664,237.30727770888564,237.97345001064494,0.016457006407826505,6,2,2
2025-06-05,246.8999938964844,249.4900054931641,246.8800048828125,247.94000244140625,237.0374755859375,6468060,0.004374912958848176,0.004365370847630676,238.75784759521486,238.25335235595702,237.2657696899705,237.90411857177773,0.01478283208190163,6,2,3
2025-06-06,247.1000061035156,249.97999572753903,247.1000061035156,248.58999633789065,237.6588897705078,4445411,0.0026215862408853763,0.002618155877696856,239.07238082885743,237.95296875,237.32624970236088,237.88595347538737,0.014765320997481858,6,2,4
2025-06-09,249.6000061035156,253.3999938964844,249.22000122070312,251.2899932861328,240.2401580810547,9193904,0.01086123188170851,0.010802672340313136,238.78604965209962,237.6066958618164,237.774543299083,238.0603390017331,0.01478328032434715,6,2,0
2025-06-10,252.8999938964844,255.8000030517578,251.8300018310547,254.8699951171875,243.66275024414065,10739851,0.014246544750987189,0.01414601639512863,238.94379425048828,237.29828155517578,238.68042129063033,238.47533242709662,0.014949907892533705,6,2,1
2025-06-11,256.0199890136719,261.6000061035156,254.1000061035156,258.9200134277344,247.53468322753903,17268454,0.01589054124817535,0.015765608360505654,239.22964782714843,237.13613952636717,240.04261543477014,239.14639544935162,0.015160593339655946,6,2,2
2025-06-12,260.0,263.0,256.32000732421875,259.6099853515625,248.19430541992188,14528657,0.00266476674614724,0.0026612225501491146,239.37496337890624,236.89541137695312,241.29672158633193,239.8166110027272,0.015155755623948917,6,2,3
2025-06-13,255.0,262.25,254.0,260.2099914550781,248.76792907714844,8692116,0.002311187826231631,0.0023085211396662096,239.65699157714843,236.85640533447267,242.4461381233806,240.4796716008325,0.015152121708465619,6,2,4
2025-06-16,260.0,265.3099975585937,258.0,262.8900146484375,251.33009338378903,10935361,0.010299415668834078,0.010246738077467663,240.1894989013672,236.86195007324218,243.81290047113575,241.2834065477182,0.01518843589720748,6,2,0
2025-06-17,262.8900146484375,265.45001220703125,261.6600036621094,262.9100036621094,251.34922790527344,7528454,7.613302978071168e-05,7.613013180868654e-05,240.8204772949219,236.84875671386717,244.97233546100307,242.02902294457414,0.015016010181554771,6,2,1
2025-06-18,262.8999938964844,265.6000061035156,261.0299987792969,261.5899963378906,250.08724975585932,5016660,-0.005020815699062875,-0.005033462342942526,241.33051834106445,236.94894805908203,245.7592453525194,242.62592863429896,0.01498917873087925,6,2,2
2025-06-19,262.8500061035156,266.44000244140625,261.8099975585937,265.5799865722656,253.9017944335937,14184486,0.015252855479270577,0.015137700167628842,242.26933670043945,237.31759185791014,247.0119452111462,243.46117795276524,0.014972771466554872,6,2,3
2025-06-20,266.0,267.20001220703125,262.8699951171875,266.5400085449219,254.8195953369141,12904674,0.0036147869902527496,0.0036082693496264306,243.1861671447754,237.76960205078126,248.21312215357204,244.30254220344293,0.014970369700005202,6,2,4
2025-06-23,264.0,265.20001220703125,261.8099975585937,263.239990234375,251.6646881103516,6214062,-0.012380944339822841,-0.012458226780107317,243.8075843811035,238.07533935546874,248.7441323007689,244.84788634469544,0.010143872626694882,6,2,0
2025-06-24,265.5,268.6499938964844,264.7099914550781,264.9700012207031,253.31863403320312,6319428,0.00657202222238773,0.006550520638851619,244.60682373046876,238.61683380126954,249.44790179806648,245.47534913643676,0.009210735334475618,6,2,1
2025-06-25,265.8999938964844,269.9599914550781,265.8500061035156,269.4100036621094,257.5633850097656,5331739,0.016756568235742675,0.016617725814567174,245.65749816894532,239.18394927978517,250.6964376767894,246.37075920112778,0.009589972921968726,6,2,2
2025-06-26,269.1000061035156,271.29998779296875,267.19000244140625,268.5199890136719,256.7125244140625,8564099,-0.00330349981877609,-0.0033089684213087806,246.53608779907228,239.65278533935546,251.62198948252373,247.13681588356738,0.009354177952570009,6,2,3
2025-06-27,269.0,270.0,264.5,265.04998779296875,253.3950958251953,8906108,-0.012922737589212252,-0.013006962560922127,247.2712730407715,239.98548278808593,251.89477507370398,247.6003921755398,0.009539762271847316,6,2,4
2025-06-30,266.1000061035156,266.739990234375,262.8999938964844,265.9800109863281,254.2842254638672,7119563,0.0035088667986109545,0.0035027250882749446,248.14603958129882,240.5415087890625,252.2623828260368,248.09549093763815,0.009294763110811411,6,2,0
2025-07-01,265.5,268.3500061035156,263.70001220703125,264.54998779296875,252.9170837402344,3886095,-0.005376431515320412,-0.005390936536770003,249.0222381591797,241.04055480957032,252.36310604360565,248.45264596005268,0.009206724175500901,7,3,1
2025-07-02,265.0,268.70001220703125,264.45001220703125,267.0,255.2593536376953,8750887,0.009261018919016983,0.009218398619494307,249.98495712280274,241.66866485595702,252.80868259654252,248.95684652876696,0.00928925026853844,7,3,2
2025-07-03,268.3999938964844,270.8500061035156,266.45001220703125,267.04998779296875,255.30715942382807,9357962,0.00018728319041594332,0.00018726565510858185,250.89844131469727,242.11704162597655,253.19306364689413,249.42724007654925,0.008326223070291655,7,3,3
2025-07-04,268.29998779296875,271.3999938964844,267.5,270.04998779296875,258.1752624511719,7141779,0.0112339310570706,0.01117129908589202,251.92425994873048,242.63903289794922,253.95955577062918,250.07524173392872,0.008452591675897684,7,3,4
2025-07-07,270.04998779296875,270.54998779296875,267.29998779296875,267.75,255.97637939453125,4849218,-0.008517016834858393,-0.008553493887528575,252.7110710144043,243.15241973876954,254.26983632815256,250.5123630421215,0.008539747066205873,7,3,0
2025-07-08,267.79998779296875,270.29998779296875,267.3500061035156,269.6499938964844,257.7928161621094,5519016,0.00709611086723938,0.007071051949918389,253.41757431030274,243.7097833251953,254.81183322568438,251.0516558658243,0.00835726075396078,7,3,1
2025-07-09,268.0,269.3999938964844,264.8500061035156,267.79998779296875,256.024169921875,11564433,-0.006860727411124534,-0.006884370402227274,253.84204864501953,244.21456573486327,254.99834656355986,251.41999024034658,0.00847121964688013,7,3,2
2025-07-10,267.54998779296875,267.54998779296875,263.1499938964844,265.04998779296875,253.3950958251953,6911031,-0.010268851169332738,-0.010321939572162197,254.1020881652832,244.66485443115235,254.75169260381148,251.56629435774278,0.008640533835520227,7,3,3
2025-07-11,261.0,262.04998779296875,257.75,258.29998779296875,246.94190979003903,13109857,-0.025466893959179115,-0.025796788276195373,254.0107872009277,244.98263793945313,253.5501875555388,251.22374735272768,0.009973109004817142,7,3,4
2025-07-14,258.29998779296875,259.54998779296875,251.6499938964844,254.25,243.07000732421875,10388421,-0.015679406015416175,-0.01580362809852242,253.59778289794917,245.18684509277344,251.9378521353357,250.61976660987517,0.010310647928437876,7,3,0
2025-07-15,254.0,259.8500061035156,252.8000030517578,257.3999938964844,246.0814971923828,8750149,0.012389393086030598,0.01231327263476822,253.33439636230463,245.49678924560547,251.03687445180447,250.28359850487573,0.010433321143479612,7,3,1
2025-07-16,257.3999938964844,264.0,256.04998779296875,262.79998779296875,251.24403381347656,12179338,0.020978971113207123,0.02076194260725412,253.3922355651855,245.85549072265624,251.06874512283093,250.3547418610684,0.011021110945061086,7,3,2
2025-07-17,263.8500061035156,264.3500061035156,258.0,260.6000061035156,249.1407928466797,7484171,-0.008371307110752402,-0.008406543288500178,253.15418548583983,246.21935485839845,250.77213708034614,250.26481971185441,0.0111768380327628,7,3,3
2025-07-18,268.6000061035156,271.8999938964844,265.6000061035156,266.95001220703125,255.21157836914065,30319126,0.02436688690397193,0.024074750439660526,253.17378463745118,246.69622192382812,251.455128047853,250.6312462790608,0.01191776001049232,7,3,4
2025-07-21,266.95001220703125,267.1499938964844,259.20001220703125,260.3500061035156,248.9017944335937,12190000,-0.024723736970978738,-0.02503450142295175,253.03563995361324,246.75492218017578,251.0623074918131,250.50313873495213,0.012790315694811722,7,3,0
2025-07-22,261.70001220703125,262.1499938964844,258.75,259.70001220703125,248.2803649902344,6724044,-0.0024966852680730067,-0.0024998071841140063,252.7837265014648,246.91037231445313,250.63431633772404,250.33848882793598,0.012567483433013423,7,3,1
2025-07-23,260.25,261.75,258.1499938964844,261.3999938964844,249.9055938720703,6510321,0.006545942051840559,0.006524610413011443,252.40083694458002,247.07213195800782,250.52220518916192,250.3064225349089,0.01229082078409107,7,3,2
2025-07-24,262.0,263.3999938964844,260.25,261.8500061035156,250.33583068847656,8139900,0.001721597382996043,0.0017201171329077431,252.08200225830075,247.17308868408202,250.4935321890565,250.30860091665465,0.012286009185605845,7,3,3
2025-07-25,261.79998779296875,262.04998779296875,256.04998779296875,259.20001220703125,247.8023681640625,8427780,-0.01012025532839822,-0.010171813260267929,251.8023658752441,247.2665887451172,250.07950695444205,250.12295404609227,0.012426748900963264,7,3,4
2025-07-28,254.0,254.0,249.0,250.0500030517578,243.75680541992188,8998911,-0.016325763042999597,-0.016460496745392617,251.27599487304684,247.32812591552735,249.10678364143897,249.65138748119077,0.012611156461974728,7,3,0
2025-07-29,249.1999969482422,252.6999969482422,247.25,251.8000030517578,245.46275329589844,12923128,0.0069985651191879494,0.006974188828943279,250.90327835083002,247.46278778076172,248.5461635882789,249.34111828228023,0.012693497193632103,7,3,1
2025-07-30,251.4499969482422,252.5,249.1999969482422,250.1999969482422,243.90301513671875,6057152,-0.0063542763137650615,-0.006374550658995316,250.3354614257812,247.54311950683595,247.83183305726965,248.93829582705345,0.012711428800793532,7,3,2
2025-07-31,248.1000061035156,250.1499938964844,246.0500030517578,248.3000030517578,242.05084228515625,7338764,-0.007593890754176491,-0.00762287115177524,249.6726455688476,247.6816278076172,246.9424498615599,248.4281140832092,0.012399806346458306,7,3,3
2025-08-01,246.5,246.8999938964844,242.1999969482422,242.75,236.64051818847656,7436999,-0.02235201516178109,-0.022605607442255343,248.59590835571288,247.68477844238282,245.35753729647018,247.55495883174754,0.012924384951581038,8,3,4
2025-08-04,242.75,246.4199981689453,241.1000061035156,246.0500030517578,239.8574676513672,5234393,0.013594246190453463,0.013502673400998184,247.7899627685547,247.69720092773437,244.51137273568511,246.98477429986752,0.013100391976835796,8,3,0
2025-08-05,246.0500030517578,246.9499969482422,244.52999877929688,245.91000366210932,239.7209930419922,7383968,-0.0005689821155511199,-0.0005691440473021219,246.88637161254883,247.74494384765626,243.77439124434773,246.4467164289138,0.013012922929052703,8,3,1
2025-08-06,246.0,246.0,239.3099975585937,239.9600067138672,233.92074584960932,7700190,-0.024195824982949365,-0.024493353051395182,245.78120040893555,247.69236083984376,242.25844579900334,245.51886675637274,0.013151271293669976,8,3,2
2025-08-07,239.1100006103516,243.17999267578125,238.6100006103516,242.32000732421875,236.2213592529297,6190830,0.009835012260090314,0.009786963311487519,244.92251358032226,247.63397338867188,241.32966325345356,244.83016249685843,0.013362041428435811,8,3,3
2025-08-08,242.3999938964844,243.25,238.3999938964844,239.0500030517578,233.0336456298828,8922847,-0.01349460367651889,-0.013586483363641615,244.22710037231445,247.5208184814453,240.0533528498273,243.95634643263801,0.01337755264273579,8,3,4
2025-08-11,239.0500030517578,244.75,238.6199951171875,241.6199951171875,235.53895568847656,3047287,0.010750851242197212,0.010693471727057579,243.85054779052734,247.49581970214842,239.3588302096195,243.33283600714458,0.01355761558312483,8,3,0
2025-08-12,242.6999969482422,246.2899932861328,241.1000061035156,241.72000122070312,235.63644409179688,8101435,0.0004138950308043565,0.00041380939988342125,243.32829513549805,247.50068634033204,238.7861554222622,242.762732902304,0.013555884356530063,8,3,1
2025-08-13,242.88999938964844,242.88999938964844,240.1199951171875,241.6499938964844,235.56820678710932,5820844,-0.00028958722811556203,-0.00028962916659366634,242.54450378417968,247.49195098876953,238.29108640146944,242.2298050419192,0.013386906022721788,8,3,2
2025-08-14,243.1000061035156,248.42999267578125,242.41000366210932,246.8099975585937,240.5983428955078,12857225,0.021353204564418915,0.021128419187172936,242.11738128662108,247.56316833496095,238.6460489390138,242.10895599403688,0.014077998720949142,8,3,3
2025-08-18,248.63999938964844,249.009994506836,244.759994506836,245.2100067138672,239.0386199951172,5789317,-0.006482683469968942,-0.006503787318276809,241.30873336791993,247.59076293945313,238.70644448610662,241.8815236978206,0.01387910467132324,8,3,0
2025-08-19,245.4600067138672,247.5,244.77999877929688,246.9600067138672,240.7445831298828,4090961,0.007136767836094737,0.007111421630396499,240.90087280273437,247.6008514404297,239.0200042774568,241.79730587797337,0.013938078578307872,8,3,1
2025-08-20,245.3000030517578,252.88999938964844,245.3000030517578,250.83999633789065,244.52691650390625,10099384,0.015710980180114076,0.015588840360841431,240.71320037841798,247.618134765625,239.86722154306437,241.99949925767208,0.014216812028605,8,3,2
2025-08-21,252.7400054931641,252.7400054931641,249.6100006103516,249.91000366210932,243.62033081054688,7607486,-0.0037075087942103346,-0.003714398639653451,240.3989372253418,247.53984771728517,240.4446229688309,242.11956085418132,0.014188677153440623,8,3,3
2025-08-22,252.0,253.0,247.6100006103516,248.63999938964844,242.38229370117188,13572686,-0.00508183001499074,-0.005094786426635155,240.00126037597656,247.42360748291014,240.74272615842182,242.139022546551,0.014110236687804964,8,3,4
2025-08-25,250.6000061035156,257.2900085449219,250.6000061035156,253.83999633789065,247.451416015625,16391069,0.02091374843041449,0.02069805807288016,239.98371276855468,247.3972772216797,241.77483229029923,242.53253317388982,0.013920127740467678,8,3,0
2025-08-26,253.0,254.82000732421875,251.3099975585937,252.02999877929688,245.6869659423828,15797327,-0.0071304909127324345,-0.00715603436036879,240.08022079467773,247.28441467285157,242.3766990060044,242.76619486044484,0.013669896714605438,8,3,1
2025-08-28,252.0200042724609,252.3500061035156,249.0800018310547,250.6499938964844,244.34169006347656,5851451,-0.005475568774054307,-0.005490614649037567,240.02416763305663,247.14426391601563,242.6790053225386,242.88289820881755,0.013520031580666,8,3,3
2025-08-29,250.5,253.1000061035156,248.66000366210932,249.41000366210932,243.13291931152344,10117017,-0.004947050794480101,-0.00495932795749762,239.98566284179688,247.00517730712892,242.7488382439209,242.90141829049946,0.012939135441613387,8,3,4
2025-09-01,249.4199981689453,252.9900054931641,249.3999938964844,250.3600006103516,244.0590057373047,3198345,0.0038089717690374947,0.003801736004131354,240.0860710144043,246.80832153320313,242.95040247367223,242.98716550878132,0.012891270810103047,9,3,0
2025-09-02,250.3600006103516,253.1499938964844,249.6000061035156,250.92999267578125,244.61463928222656,5046939,0.002276636107908736,0.0022740484985439,240.4847770690918,246.60422241210938,243.2064389057575,243.10771912162912,0.01201686274443016,9,3,1
2025-09-03,251.8999938964844,252.3999938964844,249.1199951171875,249.5599975585937,243.2791290283203,3862765,-0.005459649748784656,-0.005474608106245966,240.65586013793944,246.43651123046874,243.2176220015364,243.1204161517544,0.011212139479773365,9,3,2
2025-09-04,249.5,250.33999633789065,244.44000244140625,244.97000122070312,238.80465698242188,5021036,-0.018392338314305423,-0.018563580312621758,240.61004333496095,246.14623168945312,242.53870430628803,242.80073028735939,0.01166634006598215,9,3,3
2025-09-05,246.1000061035156,247.32000732421875,241.2700042724609,243.6699981689453,237.5373687744141,6233782,-0.005306798552513481,-0.0053209296239566705,240.79087448120117,245.7457113647461,241.7692680706151,242.41085165677086,0.01159438615297382,9,3,4
2025-09-08,244.3600006103516,246.9900054931641,242.1999969482422,242.5200042724609,236.41632080078125,6596932,-0.004719459424076922,-0.004730631236507278,240.80062255859374,245.33978729248048,240.9457377214099,241.96681233410496,0.011589904477874221,9,3,0
2025-09-09,245.0,249.8500061035156,245.0,249.1499938964844,242.8794403076172,12836972,0.027337873649942113,0.02697086773653963,241.29291229248048,245.12947418212892,241.24323042698026,242.03441440621697,0.012637492413724404,9,3,1
2025-09-10,249.3000030517578,257.1700134277344,249.25,255.75,249.31333923339844,15261331,0.02649009285278514,0.026145306044777158,241.98163146972655,245.03005645751952,242.48478562796768,242.57359402304522,0.013204266042200439,9,3,2
2025-09-11,255.6999969482422,255.6999969482422,252.1699981689453,253.91000366210932,247.5196533203125,5865301,-0.007194504387937117,-0.007220509639631875,242.57579193115234,244.9221078491211,243.25938065755918,242.93996878580575,0.013230076163984732,9,3,3
2025-09-12,254.8800048828125,255.8999938964844,250.82000732421875,251.94000244140625,245.5992431640625,5345794,-0.00775861686330348,-0.007788871522256657,243.07734375,244.72890563964845,243.61935950471354,243.13695207308405,0.013257118166202017,9,3,4
2025-09-15,251.5,251.7899932861328,249.6000061035156,251.27999877929688,244.95584106445312,3700703,-0.0026197234621752052,-0.002623160942495364,243.29521865844725,244.52187927246095,243.82497205236578,243.27168459096322,0.013185695830510517,9,3,0
2025-09-16,252.0,254.5,250.1999969482422,254.009994506836,247.6171264648437,7316998,0.010864347585368694,0.01080575456244242,243.7241439819336,244.31071655273436,244.40838042351623,243.59356917421363,0.012583063488877111,9,3,1
2025-09-17,253.3000030517578,255.5,252.8500061035156,254.1499938964844,247.75360107421875,7339871,0.0005511517370524466,0.0005509999087182239,244.0745948791504,244.14626098632812,244.92302975439355,243.9017196853251,0.012377599472967923,9,3,2
2025-09-18,257.0,259.79998779296875,256.0,256.92999267578125,250.4636383056641,10498239,0.010938437300991977,0.010879045306930747,244.37143096923828,243.9996774291992,245.77543106997362,244.38778773127615,0.012500066083132796,9,3,3
2025-09-19,257.0,257.6600036621094,254.6999969482422,255.8800048828125,249.4400787353516,10741757,-0.0040866593539752305,-0.00409503256641005,244.66241836547852,243.86799560546876,246.3392230184933,244.7620315093558,0.01157769079356871,9,3,4
2025-09-22,248.5500030517578,251.77999877929688,247.2100067138672,250.3300018310547,244.02975463867188,15784007,-0.021689874875400084,-0.021928557858931556,244.74479141235352,243.68068878173827,245.98392019082848,244.70778877819404,0.012271418851034612,9,3,0
2025-09-23,250.22000122070312,252.0,248.75,249.6300048828125,243.34738159179688,8674114,-0.0027962698560484167,-0.0028001867220492373,244.53958969116212,243.60879821777343,245.57829886790054,244.60701787549795,0.011983016139821737,9,3,1
2025-09-24,248.3300018310547,249.1199951171875,244.25,244.58999633789065,238.4342193603516,7888797,-0.020189912047982816,-0.02039651390086622,244.17695236206055,243.5160824584961,244.479209712893,244.14977354104266,0.012481700955882417,9,3,2
2025-09-25,245.4499969482422,245.63999938964844,241.27999877929688,242.0,235.909408569336,7957740,-0.01058912935311429,-0.010645593138632281,243.7553382873535,243.31264068603517,243.1607787677304,243.53937613573106,0.012644377487678745,9,3,3
2025-09-26,241.4499969482422,241.5500030517578,235.009994506836,235.75,229.8166961669922,16999628,-0.02582649178467633,-0.02616585135315952,243.08952713012695,242.88409393310548,241.10784298300143,242.52288132323187,0.01350301688151168,9,3,4
2025-09-29,236.8800048828125,240.7899932861328,236.2899932861328,239.63999938964844,233.6087951660156,8894412,0.016500537438184804,0.01636588280052175,242.5670166015625,242.5734539794922,239.95414331884976,241.86257864491955,0.013256091997130438,9,3,0
2025-09-30,239.92999267578125,241.5,239.0,239.3699951171875,233.3455810546875,5590909,-0.0011267303148455587,-0.001127365552652714,242.00356369018556,242.13613403320312,238.93744143205555,241.231689934532,0.013214278257416823,9,3,1
2025-10-01,240.0,243.57000732421875,237.83999633789065,241.07000732421875,235.0028076171875,9479378,0.0071020267665218295,0.007076926147865386,241.5897476196289,241.858154296875,238.3321131528451,240.77029124435833,0.013213567582414626,10,4,2
2025-10-03,240.97999572753903,241.3999938964844,238.0599975585937,240.97999572753903,234.91506958007807,10968346,-0.0003733488888879588,-0.0003734186009361929,241.39526824951173,241.59084838867187,237.80641414165018,240.33657112107832,0.012845055585092675,10,4,4
2025-10-06,240.0,242.9600067138672,239.32000732421875,242.1300048828125,236.0361328125,6064946,0.004772206544373159,0.004760855664891394,241.32020645141603,241.31345916748046,237.5340631679348,240.0180201352577,0.012882499838446384,10,4,0
2025-10-07,242.8999938964844,245.0,242.13999938964844,243.52999877929688,237.40089416503903,6587728,0.005782001832842942,0.0057653502158665285,241.36943511962892,241.0547604370117,237.51357562902774,239.82415895227854,0.012915684224291813,10,4,1
2025-10-08,243.25,246.3500061035156,242.57000732421875,244.2700042724609,238.1222686767578,7360563,0.00303863434995022,0.003034027031538311,241.13157653808594,240.86115844726564,237.6072207132939,239.69809300594366,0.01228535582995114,10,4,2
2025-10-09,243.9900054931641,246.8000030517578,243.16000366210932,246.3999938964844,240.1986541748047,4629760,0.008719829143176483,0.008682031002988162,240.67584228515625,240.7899954223633,238.00590278429556,239.73517161104448,0.012362427906470217,10,4,3
2025-10-10,248.0,251.25,246.25,248.6999969482422,242.44078063964844,7070200,0.00933446722483322,0.009291170312835363,240.42189865112306,240.72955596923828,238.68819168511908,239.93558709464477,0.01245960326358703,10,4,4
2025-10-13,246.0599975585937,247.6999969482422,244.509994506836,245.1300048828125,238.96063232421875,6717589,-0.014354632526127675,-0.01445865695190271,240.08996810913087,240.63070831298828,238.73010562959598,239.86336822276138,0.012699653949482633,10,4,0
2025-10-14,245.8000030517578,250.1499938964844,245.1100006103516,248.4199981689453,242.16781616210932,7888607,0.013421389986695065,0.013332120987792925,239.95056686401367,240.63304779052734,239.2589841730596,240.03406807012047,0.012931239661383825,10,4,1
2025-10-15,250.0,252.1300048828125,248.5399932861328,250.2100067138672,243.91278076171875,13278925,0.007205600757622221,0.0071797644529746985,239.7653495788574,240.7784930419922,239.97495287900716,240.32138012135,0.012994666123145529,10,4,2
2025-10-16,250.3999938964844,254.07000732421875,248.8000030517578,253.8099975585937,247.4221649169922,10661302,0.014387864974988007,0.014285341868020033,239.7487777709961,240.92978698730468,241.12067780792793,240.84736418028643,0.013211299023233404,10,4,3
2025-10-17,250.0,250.0,239.1100006103516,240.8999938964844,234.8370819091797,43802251,-0.05086481646474428,-0.05220404211316749,238.9674499511719,240.83210876464844,240.15397074658205,240.40215808613038,0.01588478154405786,10,4,4
2025-10-20,240.8999938964844,241.94000244140625,239.2700042724609,241.2400054931641,235.1685333251953,9871824,0.0014114100435969057,0.0014104149406634595,238.25387268066407,240.85706451416016,239.386980374061,240.01448217791298,0.01586107011908984,10,4,0
2025-10-21,241.0,242.16000366210932,240.3600006103516,241.3600006103516,235.28550720214844,2082336,0.0004974044584076243,0.0004972807938158492,237.8166603088379,240.83834747314452,238.75598450145907,239.66418773526374,0.01583851923472833,10,4,1
2025-10-23,244.8000030517578,247.8000030517578,243.3699951171875,244.3000030517578,238.15151977539065,18964626,0.012180999192525022,0.012107407830031032,237.55686721801757,240.94070495605467,238.66298992821777,239.5521382567546,0.015162493047103648,10,4,3
2025-10-24,245.0,245.8800048828125,242.16000366210932,242.97999572753903,236.8647308349609,6803979,-0.005403236316288695,-0.005417886594072792,237.47839279174804,240.96722045898437,238.38633468310132,239.35307104032543,0.014295043659425903,10,4,4
2025-10-27,243.2899932861328,245.72999572753903,243.0599975585937,243.91000366210932,237.77133178710932,9550336,0.003827505044556867,0.003820198784354708,237.5714889526367,241.00991821289062,238.2917188529487,239.23590516971683,0.014288084589351034,10,4,0
2025-10-28,243.66000366210932,244.6999969482422,241.3999938964844,242.3800048828125,236.27984619140625,8780789,-0.006272773023109801,-0.006292529525846897,237.89464645385743,241.02415100097656,237.98219998194216,239.0169378379901,0.014267262670475938,10,4,1
2025-10-29,243.6000061035156,243.6000061035156,241.63999938964844,242.27999877929688,236.182357788086,8776917,-0.0004125972015458501,-0.00041268234319148705,238.02332458496093,240.93583129882813,237.70530118288735,238.80696894540463,0.014265318920388102,10,4,2
2025-10-30,242.88999938964844,244.7700042724609,240.5,241.9199981689453,235.83140563964844,8344622,-0.0014859371873678917,-0.0014870422869049586,238.147615814209,240.87168701171876,237.4170095608506,238.58655684868194,0.014084753752368567,10,4,3
2025-10-31,242.1100006103516,243.19000244140625,240.5,240.6699981689453,234.6128692626953,5659566,-0.00516698093558865,-0.00518037594266964,238.12811889648438,240.749052734375,236.9856033611344,238.29220962009035,0.014094352815948789,10,4,4
2025-11-03,240.6699981689453,241.2899932861328,239.5,240.5,234.44715881347656,4902693,-0.0007063144052562587,-0.0007065639627934365,238.1047233581543,240.5474575805664,236.5950734307255,238.00739104182267,0.013892700882612857,11,4,0
2025-11-04,240.5,240.83999633789065,237.5200042724609,237.9199981689453,231.9320831298828,6848284,-0.010727686768832734,-0.010785643265983497,237.89952087402344,240.31369262695313,235.87769030751895,237.55736823353084,0.01397800553103781,11,4,1
2025-11-06,240.0,240.6199951171875,238.3699951171875,240.0500030517578,234.00848388671875,7141517,0.008952624099328066,0.008912786948345361,237.72990036010742,240.14621643066405,235.5901200889343,237.29448791154476,0.013629524552621886,11,4,3
2025-11-07,238.6999969482422,239.25,236.0,236.4900054931641,230.5380859375,5520619,-0.01483022278328483,-0.014941290006220555,237.35069122314454,239.80794982910157,234.8128840656367,236.79401369124514,0.013850214611844974,11,4,4
2025-11-10,237.44000244140625,241.5500030517578,237.0200042724609,239.83999633789065,233.8037567138672,8566758,0.014165428515150014,0.014066036354634388,237.03094635009765,239.57028564453125,234.65763370382598,236.57251317440233,0.013688614080826951,11,4,0
2025-11-11,241.1000061035156,242.0500030517578,238.8099975585937,241.69000244140625,235.60720825195312,8831094,0.007713526777471946,0.0076839296312862584,236.68926773071288,239.39559600830077,234.80372209584556,236.50100910607276,0.013634032045741953,11,4,1
2025-11-12,242.75,246.3000030517578,242.1000061035156,245.22000122070312,239.04835510253903,13152546,0.014605439604827408,0.014499807465498595,236.69365386962892,239.3139047241211,235.4567425584138,236.6897014021073,0.01297025503933771,11,4,2
2025-11-13,246.0,246.0,244.0,245.3300018310547,239.1555938720703,6211124,0.0004486070171254575,0.00044850642308122207,236.54304275512695,239.2158364868164,236.02579660666862,236.87236010358603,0.012652891477409483,11,4,3
2025-11-14,243.9199981689453,245.8999938964844,242.1499938964844,244.3699951171875,238.21974182128903,6841554,-0.003913151415901539,-0.003920827825415983,236.25839080810547,239.08793853759767,236.36332663968713,236.9721661567492,0.01267819066292778,11,4,4
2025-11-17,243.97000122070312,244.77999877929688,242.69000244140625,244.0500030517578,237.9078063964844,6559062,-0.001309444055390907,-0.0013103021264037928,235.78267288208008,238.98051208496094,236.60093890996365,237.04147284117406,0.01262619751746148,11,4,0
2025-11-18,242.92999267578125,244.0,240.3000030517578,240.8999938964844,234.8370819091797,4730012,-0.012907203566860703,-0.012991225292207835,235.78267288208008,238.9011605834961,236.3295762944584,236.87818462398928,0.01286087517119388,11,4,1
2025-11-19,241.1999969482422,246.8500061035156,240.5399932861328,246.07000732421875,239.87696838378903,13298452,0.02146120379982608,0.021234154916337157,236.01809463500976,238.9479525756836,236.8753289235862,237.10031675434482,0.013420055627598633,11,4,2
2025-11-20,247.5,247.8000030517578,245.7100067138672,246.259994506836,240.0621795654297,6705862,0.0007721090644448036,0.0007718111415838694,236.25692825317384,239.02086975097657,237.36561363771597,237.31971399961037,0.013384815873481505,11,4,3
2025-11-21,245.0,247.25,243.6100006103516,244.4900054931641,238.3367462158203,5516450,-0.007187443489569345,-0.007213397598763537,236.2661895751953,238.93001586914062,237.51501864973204,237.39504971932962,0.01344694093843715,11,4,4
2025-11-24,245.0200042724609,249.3800048828125,245.0200042724609,247.2700042724609,241.04676818847656,19711070,0.011370558739617342,0.011306399826984797,236.47529144287108,238.76468444824218,238.05836473261581,237.66554738371087,0.0135139477625165,11,4,0
2025-11-25,248.0,248.0,244.0,245.63999938964844,239.45779418945312,8188793,-0.006591973876957424,-0.006613796894130094,236.5596145629883,238.603447265625,238.27366157212924,237.79830640635845,0.01345572689807404,11,4,1
2025-11-26,246.0,250.5500030517578,245.6199951171875,250.19000244140625,243.89328002929688,8202096,0.01852303807799416,0.018353576044018362,236.9402862548828,238.5693280029297,239.13821825784734,238.2497859339835,0.013611539116977293,11,4,2
2025-11-27,250.3999938964844,251.9199981689453,247.69000244140625,249.5599975585937,243.2791290283203,5268129,-0.002518113663905752,-0.0025212894445559362,237.29512481689454,238.53579376220702,239.77528145330473,238.62232986689736,0.013410366562938154,11,4,3
2025-11-28,251.0,251.9900054931641,248.6000061035156,249.52999877929688,243.24989318847656,7049965,-0.00012017405669162429,-0.00012018127817213735,237.66604919433593,238.4484490966797,240.30983710486962,238.96511233516247,0.013345713064280158,11,4,4
2025-12-01,250.1000061035156,250.75,248.8600006103516,250.27999877929688,243.98101806640625,3865446,0.003005653438717726,0.003001145493043643,238.13445663452148,238.37299743652343,240.87463417587526,239.3366609078472,0.01308165643118627,12,4,0
2025-12-02,250.0,251.4499969482422,248.8699951171875,250.1699981689453,243.873779296875,8535708,-0.00043953734754098583,-0.000439633972395453,238.6057876586914,238.24120025634767,241.33604111756753,239.6727437514789,0.008962700008520822,12,4,1
2025-12-03,250.6000061035156,257.1300048828125,250.5500030517578,254.69000244140625,248.280029296875,17215454,0.018067748048617105,0.017906466059957576,239.423184967041,238.21799926757814,242.40434699130714,240.31032045854528,0.009471428059691377,12,4,2
2025-12-04,256.0,258.79998779296875,255.5,256.92999267578125,250.4636383056641,10687381,0.008794944220737566,0.008756493979505104,240.24594268798828,238.34667694091797,243.64423796274667,241.06241807685035,0.009551283546011681,12,4,3
2025-12-05,258.20001220703125,261.1000061035156,257.70001220703125,259.9100036621094,253.36865234375,7886562,0.011598546031422963,0.011531798516696034,241.3874710083008,238.54710235595704,245.14030171367025,241.9739909855096,0.009530717747167438,12,4,4
2025-12-08,260.010009765625,263.07000732421875,259.7099914550781,261.3800048828125,254.80165100097656,9684253,0.00565578513352305,0.005639851231703652,242.43736572265624,238.87445098876952,246.6266631424866,242.92418802369235,0.009443551998677982,12,4,0
2025-12-09,261.3800048828125,261.82000732421875,257.04998779296875,257.4100036621094,250.9315643310547,8560580,-0.015188624778208482,-0.01530515338474504,243.20358352661134,239.1748941040039,247.28895563303553,243.5173270094229,0.00997326822485353,12,4,1
2025-12-10,258.010009765625,260.3699951171875,257.25,257.9800109863281,251.4872283935547,7944200,0.002214404807865833,0.002211956627048714,243.8255271911621,239.60830474853515,247.93484375003848,244.10769007491413,0.009854719614396944,12,4,2
2025-12-11,258.3099975585937,259.9800109863281,257.7200012207031,259.25,252.72525024414065,6473376,0.004922802078237476,0.004910724708203996,244.50401000976564,239.99063385009765,248.67182936451573,244.7460278652272,0.009855429739603077,12,4,3
2025-12-12,259.5,260.82000732421875,257.3599853515625,260.6000061035156,254.04129028320312,4008271,0.005207394345405181,0.005193882753961984,245.29508743286132,240.40454803466798,249.49790027508303,245.4345658221143,0.009842381061829634,12,4,4
2025-12-15,259.989990234375,262.5,258.5400085449219,261.739990234375,255.152572631836,4023911,0.004374416250972457,0.004364876303220882,246.1573257446289,240.80754333496094,250.36784986842963,246.15441817838996,0.00973872901521298,12,4,0
2025-12-16,261.739990234375,261.75,258.79998779296875,259.2200012207031,252.69601440429688,2982041,-0.009627801131692815,-0.00967444805533677,247.05027236938477,241.1631622314453,250.72602902779383,246.63898086179046,0.009984102096988901,12,4,1
2025-12-17,259.0,262.1300048828125,258.3099975585937,261.1400146484375,254.5677032470703,4923276,0.0074068791594743555,0.007379582933728007,247.78480911254883,241.5337936401367,251.31705583075944,247.22629363107046,0.009697360843798299,12,4,2
2025-12-18,261.17999267578125,264.989990234375,261.0,263.8500061035156,257.2095031738281,9008412,0.010377592652410561,0.010324115098429995,248.64217529296874,241.9299658203125,252.22358619123156,247.9657906342377,0.009730175730713686,12,4,3
2025-12-19,267.0,267.0,263.29998779296875,264.45001220703125,257.7944030761719,12750745,0.002274021352735467,0.002271439679292025,249.61505813598632,242.3234085083008,253.08063494276084,248.69383600030687,0.009119078522728832,12,4,4
2025-12-22,267.510009765625,273.1000061035156,266.79998779296875,272.6700134277344,265.8075256347656,14651313,0.0310833845226115,0.030610079089948686,250.85309600830078,242.8355859375,255.0386181261462,249.9615167139705,0.010238402678285675,12,4,0
2025-12-23,272.0,272.4800109863281,270.2099914550781,271.3999938964844,264.5694580078125,7572420,-0.004657759873414213,-0.0046686410379818775,252.10867919921876,243.2781594848633,256.5049011848641,251.04358643944028,0.010346239920005258,12,4,1
2025-12-24,270.94000244140625,270.9800109863281,267.20001220703125,268.0599975585937,261.31353759765625,4694861,-0.012306486299186181,-0.01238283816381758,252.9796920776367,243.72521759033202,257.24469140221674,251.80432356227107,0.010552756760725774,12,4,2
2025-12-26,267.20001220703125,268.8800048828125,265.739990234375,266.29998779296875,259.5978088378906,2899112,-0.006565785973198679,-0.0065874355623332746,253.79562606811524,244.07381744384764,257.60670946924347,252.3816187678725,0.01068867310273294,12,4,4
2025-12-29,265.989990234375,267.3900146484375,263.6000061035156,264.239990234375,257.58966064453125,3755074,-0.007735613032902711,-0.007765688087117945,254.51261444091796,244.3473550415039,257.6040865731339,252.767399647625,0.01079363336613694,12,4,0
2025-12-30,264.0,264.7200012207031,263.0199890136719,263.6499938964844,257.0145263671875,5117699,-0.0022327537367170525,-0.0022352500477989187,255.16428985595704,244.53920227050781,257.5133850029883,253.08200162685188,0.010806665828789103,12,4,1
2025-12-31,264.0,264.6000061035156,261.260009765625,263.2799987792969,256.6538391113281,5705044,-0.0014033730348146367,-0.001404358685016594,255.80329284667968,244.9755374145508,257.3811471735021,253.34658218125753,0.01043384457854188,12,4,2
2026-01-01,264.5,268.04998779296875,263.75,267.3500061035156,260.62139892578125,3639755,0.015458797843004968,0.01534052794389485,256.420361328125,245.4845947265625,257.8796474430835,253.88545749566669,0.010120833763111113,1,1,3
2026-01-02,267.3500061035156,272.3999938964844,266.1499938964844,269.0,262.2298583984375,8286204,0.006171632411175576,0.006152665884152148,257.0086723327637,246.0234817504883,258.5489106669841,254.5035612662423,0.010131206499564584,1,1,4
2026-01-05,269.45001220703125,269.6499938964844,261.70001220703125,263.29998779296875,256.6733093261719,7006599,-0.02118961244994033,-0.021417334934113984,257.1739051818848,246.3939175415039,258.2603566145515,254.6642833447556,0.010909271078552898,1,1,0
2026-01-06,263.29998779296875,266.1000061035156,262.95001220703125,265.6000061035156,258.9154357910156,4083654,0.008735331580560057,0.00869739931221821,257.37959442138674,246.834931640625,258.3611380263152,254.97918352596005,0.01084606732736882,1,1,1
2026-01-07,265.0,272.5,264.5,270.79998779296875,263.98455810546875,10242615,0.019578293194325802,0.019389103762328885,258.0322441101074,247.35919616699218,259.2262795769542,255.64624830962737,0.011142691897301688,1,1,2
2026-01-08,270.8999938964844,270.8999938964844,261.3500061035156,262.20001220703125,255.6010284423828,9269522,-0.031757651747707505,-0.0322728632755711,258.2379341125488,247.7456198120117,258.668548633174,255.64289868983147,0.012477860622105097,1,1,3
2026-01-09,261.3500061035156,263.95001220703125,260.45001220703125,261.95001220703125,255.35731506347656,4735387,-0.0009534913861318772,-0.0009539462482046224,258.3695373535156,248.12911895751952,258.1591280839898,255.62174434713853,0.012463144959004975,1,1,4
2026-01-12,260.70001220703125,264.5,259.04998779296875,263.1000061035156,256.4783630371094,3802164,0.004390114978120474,0.004380506534543944,258.49139099121095,248.54205810546875,257.9005488460082,255.68519758343265,0.01246773845611729,1,1,0
2026-01-13,263.45001220703125,264.8500061035156,261.29998779296875,264.20001220703125,257.5506896972656,6931244,0.004180963444472274,0.004172247502388214,258.6112968444824,249.00081451416017,257.84672436158627,255.82338218445733,0.01247336643759614,1,1,1
2026-01-14,264.0,264.0,259.6000061035156,260.20001220703125,253.6513671875,5625861,-0.015140019676705307,-0.01525579987064107,258.65906448364257,249.38489868164064,257.20128479634224,255.66249218468272,0.012850724457048658,1,1,2
2026-01-15,260.20001220703125,260.20001220703125,260.20001220703125,260.20001220703125,253.6513671875,0,0.0,0.0,258.6132476806641,249.81928436279296,256.6551436257511,255.5135199626692,0.012459640874708815,1,1,3
2026-01-16,263.25,269.79998779296875,263.0,267.45001220703125,260.7189025878906,12028289,0.0278631866989556,0.02748207130740999,258.78871765136716,250.3534927368164,257.2803373122341,255.89910386083375,0.013337577261276752,1,1,4
2026-01-19,252.0,252.0,241.5500030517578,245.9499969482422,239.75997924804688,65833247,-0.08038896731999823,-0.08380448890539706,257.8869964599609,250.53793060302735,254.58489761005146,254.70361314877547,0.0198847636187141,1,1,0
2026-01-20,245.9499969482422,246.0,239.3999938964844,239.8999938964844,233.8622436523437,16796201,-0.024598498941316604,-0.024906096791351532,256.2897323608398,250.53910034179688,251.39679700117333,253.15980800089164,0.020265443317673455,1,1,1
2026-01-21,239.8999938964844,242.6000061035156,237.6000061035156,239.5500030517578,233.5210723876953,14397792,-0.0014588556892303206,-0.0014599208552663813,254.737313079834,250.49737762451173,248.6466855221767,251.70508684435856,0.020127081059052334,1,1,2
2026-01-22,242.0,242.8999938964844,239.1999969482422,240.6499938964844,234.59336853027344,8537915,0.004591860304571815,0.004581349876705957,253.40130462646485,250.4082778930664,246.4846367541916,250.43755215442633,0.02014969930537467,1,1,3
2026-01-23,242.3000030517578,243.5500030517578,237.8500061035156,238.3999938964844,232.3999938964844,13546802,-0.00934968728029495,-0.0093936699706879,252.04141387939453,250.27316589355468,244.31776862223663,249.10143672791213,0.0201463341120518,1,1,4
2026-01-27,235.1999969482422,236.3999938964844,231.75,234.8000030517578,234.8000030517578,15677537,0.010327062040898394,0.0102741022364263,250.90193099975585,250.20477111816408,242.8534969960091,248.04207127041923,0.020236137536842454,1,1,1
2026-01-28,235.5,238.1000061035156,234.9499969482422,237.3500061035156,237.3500061035156,10155128,0.01086031950006272,0.010801769761374739,249.91870498657227,250.19361511230468,242.00680608947167,247.2500664432412,0.020345563587012554,1,1,2
2026-01-29,236.1999969482422,240.8999938964844,235.4499969482422,239.8000030517578,239.8000030517578,12201949,0.010322295703559803,0.010269384607095578,249.07601318359374,250.29287353515625,241.66729792982338,246.69820989572392,0.02042038750940336,1,1,3
2026-01-30,238.0,238.0,235.3000030517578,236.8999938964844,236.8999938964844,11362317,-0.012093449200863748,-0.01216716991903839,247.88994293212892,250.23333404541015,240.93386654007892,245.97241611800246,0.020436221988648667,1,1,4
2026-02-02,244.0,244.0800018310547,239.2899932861328,242.3000030517578,242.3000030517578,12335721,0.022794467262134965,0.022538555016797617,246.89345016479493,250.2780905151367,241.14404138802954,245.70038552050283,0.020821579695679198,2,1,0
2026-02-03,259.2099914550781,259.8900146484375,242.27999877929688,242.69000244140625,242.69000244140625,25915412,0.0016095723678761775,0.0016082783945821542,246.19428482055665,250.36515563964844,241.38188155008748,245.4773941813105,0.020817478972316596,2,1,1
2026-02-04,235.91000366210932,235.9199981689453,226.259994506836,233.33999633789065,233.33999633789065,25995324,-0.03852654006945755,-0.039288317110613175,244.9155128479004,250.21102020263672,240.14466844051873,244.57832767439052,0.020905606390154187,2,1,2
2026-02-05,233.33999633789065,235.57000732421875,231.6999969482422,233.38999938964844,233.38999938964844,10102736,0.00021429267396300133,0.0002142697165676201,243.3857849121094,250.08966430664063,239.10548858653868,243.7495626162615,0.020920170056383094,2,1,3
2026-02-06,232.92999267578125,232.92999267578125,228.6000061035156,230.72000122070312,230.72000122070312,12279085,-0.011440071022442155,-0.011506012030546062,242.1417335510254,249.82619873046875,237.81541360717935,242.78440992029422,0.020908835902085542,2,1,4
2026-02-09,231.8500061035156,232.92999267578125,229.6100006103516,230.0800018310547,230.0800018310547,9112474,-0.0027739224439247145,-0.0027777768964054772,240.87786788940429,249.56221618652344,236.62535025700635,241.84334265442465,0.02090377923749158,2,1,0
2026-02-10,229.97999572753903,232.8600006103516,227.1999969482422,231.47000122070312,231.47000122070312,12435622,0.00604137421151929,0.00602319827867547,239.627449798584,249.32661834716797,235.8322196360366,241.0749469926675,0.020965535934403975,2,1,1
2026-02-11,231.47000122070312,233.0,229.5,229.8099975585937,229.8099975585937,7874912,-0.007171571492439965,-0.007197410824468008,238.24041519165038,249.0431979370117,234.90572393181463,240.2405062938472,0.020975938474824842,2,1,2
2026-02-12,226.1999969482422,226.259994506836,218.5,219.0800018310547,219.0800018310547,40899346,-0.046690726432836005,-0.047815901671780806,236.51184692382813,248.54732238769532,232.47099745477465,238.67306151882553,0.02240079091013181,2,1,3
2026-02-13,210.6499938964844,216.47999572753903,209.009994506836,214.08999633789065,214.08999633789065,23721186,-0.022777092621224848,-0.02304049802028349,234.53377838134764,247.86352172851562,229.64315112910018,236.85209372764518,0.02228328146058331,2,1,4
2026-02-16,214.6199951171875,216.91000366210932,210.1100006103516,213.259994506836,213.259994506836,20754327,-0.003876882830829209,-0.003884417421191724,232.16083297729492,247.11944885253905,227.12266549490568,235.10453082240008,0.022164748918902966,2,1,0
2026-02-17,213.259994506836,219.38999938964844,212.259994506836,215.69000244140625,215.69000244140625,26941553,0.01139457937335897,0.011330150121361697,230.95733413696288,246.36587585449217,225.36379425590576,233.66641760899313,0.022224587546955835,2,1,1
2026-02-18,216.1999969482422,216.3999938964844,210.259994506836,211.9499969482422,211.9499969482422,22679760,-0.01733972576767928,-0.01749181955316814,229.86172180175782,245.5088427734375,223.30013313164983,232.05779385634492,0.0221569682607638,2,1,2
2026-02-19,214.0,215.44000244140625,210.3999938964844,211.2100067138672,211.2100067138672,14151588,-0.0034913434537849897,-0.003497452416477072,228.7461685180664,244.71441162109375,221.4401136827602,230.51351332727248,0.02161783647320325,2,1,3
2026-02-20,209.6999969482422,211.9600067138672,208.25,209.8600006103516,209.8600006103516,17690420,-0.006391771509881572,-0.006412286345549012,227.5095001220703,243.88186706542967,219.65855782546657,228.98362349638944,0.02111335109733698,2,1,4
2026-02-23,210.3600006103516,211.7400054931641,204.27999877929688,205.88999938964844,205.88999938964844,20946229,-0.018917379248817756,-0.01909860201394162,226.18400039672852,242.94516204833985,217.54031806610993,227.2729846736679,0.021210151850701575,2,1,0
2026-02-24,203.0,203.2899932861328,199.3600006103516,200.13999938964844,200.13999938964844,25036686,-0.027927534202951132,-0.02832492401151139,224.45100021362305,241.86713623046876,214.86334596203892,225.2631339118887,0.021435001819431733,2,1,1
2026-02-25,201.3099975585937,205.47999572753903,201.3099975585937,201.9199981689453,201.9199981689453,13979068,0.008893768285825887,0.00885445167194278,222.67949981689452,240.80248474121095,212.87206168617837,223.53401274574475,0.021544381920587313,2,1,2
2026-02-26,203.7100067138672,204.6300048828125,199.1199951171875,201.0800018310547,201.0800018310547,14378069,-0.004160045292729286,-0.004168722354154819,220.74349975585938,239.7701644897461,211.05789863154394,221.87075267798994,0.021509469525242166,2,1,3
2026-02-27,204.0,204.0,200.0500030517578,200.9600067138672,200.9600067138672,13288519,-0.0005967531136602533,-0.0005969312416687393,218.9465003967285,238.69801055908204,209.5043767980552,220.32180853249938,0.021502586434238274,2,1,4
2026-03-02,195.0,200.3600006103516,194.6999969482422,198.57000732421875,198.57000732421875,10486866,-0.01189291057822961,-0.011964197005045548,216.76000061035157,237.52522064208983,207.82216610977267,218.71056399855266,0.0204470547832909,3,1,0
2026-03-04,196.009994506836,197.1199951171875,194.509994506836,195.5500030517578,195.5500030517578,19562075,-0.015208763464111485,-0.015325602876214523,214.40300064086915,236.28033264160158,205.9341410239242,216.99496689138266,0.015427688772358044,3,1,2
2026-03-05,196.3999938964844,196.97000122070312,193.22000122070312,195.67999267578125,195.67999267578125,13149281,0.0006647385425457841,0.0006645177017429873,212.52000045776367,234.87778198242188,204.35657973959454,215.41607991244922,0.015100470225880956,3,1,3
2026-03-06,195.6000061035156,198.92999267578125,195.0,195.3999938964844,195.3999938964844,9022914,-0.0014309014195476033,-0.0014319261366132203,210.62050018310546,233.4943927001953,202.97864345603915,213.9334068742296,0.015100748992047915,3,1,4
2026-03-09,194.0,199.5,193.02999877929688,198.75,198.75,25862728,0.01714435111646062,0.016999045161765498,209.02200012207032,232.2431219482422,202.32808292434083,212.80871006873113,0.015565692957961239,3,1,0
2026-03-10,200.5,201.3099975585937,197.4199981689453,200.92999267578125,200.92999267578125,12982340,0.010968516607704482,0.010908798710425972,207.56449966430665,231.069765625,202.11299211687015,211.92880507666075,0.015827427450017063,3,1,1
2026-03-11,202.69000244140625,205.9499969482422,201.5800018310547,202.22999572753903,202.22999572753903,29199002,0.006469930319737971,0.006449090161848034,206.10249938964844,229.96257232666017,202.13099267235768,211.2103747545036,0.01571629264666628,3,1,2
2026-03-12,201.0599975585937,203.8000030517578,199.6999969482422,202.509994506836,202.509994506836,19042475,0.001384556125265446,0.0013835985112451022,204.73749923706055,228.87248168945314,202.1893006468928,210.56590214356524,0.015483277120680533,3,1,3
2026-03-13,200.6000061035156,202.07000732421875,196.0399932861328,197.5800018310547,197.5800018310547,12629652,-0.02434444130911717,-0.024645666034223412,203.66249923706056,227.69100494384764,201.48017775214848,209.6039836018978,0.015581260525319366,3,1,4
2026-03-16,196.2400054931641,198.2899932861328,192.7700042724609,195.1100006103516,195.1100006103516,12631649,-0.012501271372672207,-0.012580069673686075,202.7134994506836,226.38077697753906,200.50015049956434,208.53035523215365,0.015586652172162157,3,1,0
2026-03-17,195.0,195.1100006103516,188.25,191.32000732421875,191.32000732421875,21778468,-0.019424905306118734,-0.01961604811539875,201.61650009155272,224.9625799560547,199.08782078028042,207.2555146463807,0.014749929110467968,3,1,1
2026-03-18,193.0,198.0,192.69000244140625,194.3000030517578,194.3000030517578,24529164,0.015575975399630071,0.015455914995164322,200.5470001220703,223.7151138305664,198.3512334374308,206.29584712085307,0.015266456228299018,3,1,2
2026-03-19,191.97999572753903,192.7899932861328,187.67999267578125,188.41000366210932,188.41000366210932,13685195,-0.030313943886452255,-0.03078291336299143,199.37000045776367,222.3050051879883,196.82181347199673,204.97096982761278,0.014751618839551471,3,1,3
2026-03-20,191.19000244140625,192.3000030517578,188.41000366210932,190.8999938964844,190.8999938964844,24395304,0.013215806942186381,0.013129240032557938,198.35449981689453,220.8433139038086,195.91076430653328,203.92867531419586,0.015156228068279794,3,1,4
2026-03-23,189.41000366210932,190.6199951171875,187.0,187.5399932861328,187.5399932861328,12014988,-0.01760084189512101,-0.017757578567558868,197.2384994506836,219.4820932006836,194.62295338031782,202.71469886767267,0.015265915993606856,3,1,0
2026-03-24,191.5,191.5,187.8000030517578,188.7400054931641,188.7400054931641,11843191,0.006398700277227887,0.006378315505760626,196.38099975585936,218.14974700927735,193.71788447460185,201.67953639548685,0.015439566553113985,3,1,1
2026-03-25,189.0,190.6199951171875,187.8999938964844,189.0500030517578,189.0500030517578,13862888,0.0016424581412071149,0.001641110781953337,195.82649993896484,216.8011798095703,192.99974887108738,200.74401540706248,0.015337260765385533,3,1,2
2026-03-27,189.0500030517578,192.2899932861328,187.8999938964844,191.6000061035156,191.6000061035156,26269256,0.013488511031970907,0.013398350912731023,195.31050033569335,215.48216613769532,192.7844038299225,200.06668138457752,0.015768945641529385,3,1,4
2026-03-30,189.9900054931641,191.6300048828125,186.5,187.63999938964844,187.63999938964844,27946986,-0.02066809283778248,-0.02088466718479131,194.63850021362305,214.1619387817383,191.99295699295726,199.1461864219902,0.014073562815900421,3,1,0
2026-04-01,191.509994506836,194.4900054931641,190.41000366210932,191.17999267578125,191.17999267578125,11769673,0.018865877732080705,0.018690124117547266,194.14949951171874,212.9125112915039,191.86788555954558,198.5560979963451,0.014316791961648777,4,2,2
2026-04-02,190.5,195.33999633789065,188.5800018310547,194.91000366210932,194.91000366210932,16623045,0.019510467251945718,0.019322578024243548,193.96649932861328,211.5963333129883,192.33590372917075,198.28601693454985,0.014928585068456592,4,2,3
2026-04-06,197.0,201.17999267578125,196.1100006103516,197.2899932861328,197.2899932861328,23282287,0.01221071047820299,0.012136761127160405,194.05349884033203,210.74693359375,193.09807135331877,198.21223740503746,0.014956224749441409,4,2,0
2026-04-07,197.009994506836,205.2700042724609,197.009994506836,204.72000122070312,204.72000122070312,24771466,0.03766033852408546,0.03696850433789804,194.50549926757813,210.1640887451172,194.8860605636856,198.69429398397565,0.016419380737937944,4,2,1
2026-04-08,207.6999969482422,209.0,202.8000030517578,203.4199981689453,203.4199981689453,22084158,-0.006350151641296264,-0.006370399618227325,194.90649948120117,209.5620672607422,196.19897404141787,199.04434614582524,0.016442462713699445,4,2,2
2026-04-09,203.7100067138672,204.16000366210932,201.6300048828125,202.8699951171875,202.8699951171875,14540807,-0.0027037806346896787,-0.002707442451538937,195.11249923706055,208.92759979248046,197.22528497615167,199.32772755111134,0.01641546247354805,4,2,3
2026-04-10,208.6999969482422,208.6999969482422,200.6199951171875,204.8800048828125,204.8800048828125,51219565,0.009907871119452238,0.009859109979257048,195.30999984741212,208.37720001220703,198.40293419256105,199.73900735345958,0.01617224706471623,4,2,4
2026-04-13,203.009994506836,203.3999938964844,200.3099975585937,202.97000122070312,202.97000122070312,21930624,-0.009322547913847679,-0.00936627484007797,195.3470001220703,207.74059997558595,199.10555988919828,199.97834023251465,0.01540434508987823,4,2,0
2026-04-15,206.5,210.4900054931641,205.1000061035156,209.75,209.75,27890080,0.0334039451077528,0.03285815446357578,195.70900039672853,207.18859985351563,200.74316606009086,200.70216688195802,0.01647323142923898,4,2,2
2026-04-16,212.97999572753903,212.97999572753903,208.2100067138672,210.259994506836,210.259994506836,36305074,0.0024314398418878724,0.002428488674790996,196.34300003051757,206.5977996826172,202.20729351343627,201.41015411343045,0.01644044389136009,4,2,3
2026-04-17,205.0,206.4499969482422,202.5,204.32000732421875,204.32000732421875,80542603,-0.028250676960919097,-0.028657405891075304,196.80350036621093,205.94619995117188,202.53232640740282,201.62569879571106,0.017320689081733908,4,2,4
2026-04-20,204.5,205.1999969482422,202.0,202.47999572753903,202.47999572753903,27927164,-0.009005538032112348,-0.00904633299481967,197.36149978637695,205.1497998046875,202.52427553357762,201.68898004992053,0.017256216571610267,4,2,0
2026-04-21,203.0,205.6999969482422,202.47999572753903,205.009994506836,205.009994506836,21530723,0.012495055475511663,0.012417636505656787,197.89699935913086,204.3961996459961,202.90669383715584,201.93498112080317,0.01711097575266703,4,2,1
2026-04-22,203.5,205.3800048828125,202.1999969482422,204.0,204.0,21790433,-0.004926562284271019,-0.004938737797652041,198.6764991760254,203.8093997192383,203.07489478528572,202.08794548222517,0.017153235699610934,4,2,2
2026-04-23,204.0,204.8999938964844,202.3000030517578,202.759994506836,202.759994506836,20307250,-0.006078458299823564,-0.0060970073320192565,199.26949920654297,203.19679962158204,203.02644858860117,202.1377268914556,0.017201826909804815,4,2,3
2026-04-24,202.75,202.75,197.8800048828125,199.3600006103516,199.3600006103516,39363394,-0.016768563763054245,-0.016910747851553914,199.8604995727539,202.569599609375,202.46237966887048,201.93196938915162,0.017244127621020382,4,2,4
2026-04-27,199.3600006103516,205.25,199.3600006103516,205.0500030517578,205.0500030517578,42632215,0.02854134442208056,0.028141628060418446,200.6759994506836,202.06899963378908,202.86047557393007,202.16293484564096,0.01790666426474089,4,2,0
2026-04-28,204.5599975585937,205.67999267578125,201.0200042724609,201.5800018310547,201.5800018310547,23455983,-0.016922707481390464,-0.017067532710816104,201.30249938964843,201.47119964599608,202.6634796134877,202.1197546223383,0.01816019406828903,4,2,1
2026-04-29,201.5800018310547,203.6000061035156,200.3000030517578,200.67999267578125,200.67999267578125,15667662,-0.004464774020727202,-0.004474770891197859,201.75649871826172,200.88859954833984,202.3583277769175,202.01310558926,0.01817678339841528,4,2,2
2026-04-30,200.88999938964844,202.1499938964844,200.0,200.6499938964844,200.6499938964844,15300274,-0.00014948565074601738,-0.00014949682483949848,202.40699844360353,200.51999938964843,202.09550717992778,201.9121343527581,0.017593356303420116,4,2,3
2026-05-01,200.6499938964844,200.6499938964844,200.6499938964844,200.6499938964844,200.6499938964844,0,0.0,0.0,202.88049850463867,200.2511993408203,201.87312052093648,201.81864246710822,0.01741797165724017,5,2,4
2026-05-04,202.3999938964844,203.3699951171875,200.0599975585937,200.75,200.75,8446995,0.0004984106980197023,0.0004982865326629336,203.1724983215332,200.0009994506836,201.70033274848473,201.73948376584096,0.01698360826603798,5,2,0
2026-05-05,200.0,202.3000030517578,199.6000061035156,199.77999877929688,199.77999877929688,8899200,-0.00483188652903177,-0.004843597833104309,203.2969985961914,199.6827993774414,201.40489675322505,201.59433672980066,0.016818383475479863,5,2,1
2026-05-06,200.509994506836,201.1300048828125,198.25,199.1199951171875,199.1199951171875,13166683,-0.003303652348293884,-0.0033091214563896075,203.01699829101562,199.42619934082032,201.05337342460388,201.41105216590339,0.015771075548553563,5,2,2
2026-05-07,199.5,200.27999877929688,197.19000244140625,197.3600006103516,197.3600006103516,19303572,-0.008838863750474157,-0.008878158223695832,202.71399841308593,199.14919921875,200.48516222241122,201.11097427289954,0.015742505292353864,5,2,3
2026-05-08,198.0,198.94000244140625,196.6999969482422,197.91000366210932,197.91000366210932,15970687,0.0027868010237981355,0.002782925093120245,202.46599884033202,198.91019927978516,200.08898398236477,200.87386533876693,0.015336432045220484,5,2,4
2026-05-11,197.8800048828125,198.2400054931641,196.1499938964844,196.67999267578125,196.67999267578125,9199527,-0.006215001584397251,-0.006234395102329163,202.05599822998047,198.7259991455078,199.5645237813519,200.5632081044717,0.015381925299787632,5,2,0
2026-05-12,196.1000061035156,196.13999938964844,189.1000061035156,189.57000732421875,189.57000732421875,27435195,-0.03615001838688803,-0.0368196172150405,201.38599853515626,198.5145993041992,198.0269058648699,199.74889693556406,0.016846670546163938,5,2,1
2026-05-13,190.6699981689453,191.3000030517578,187.3099975585937,187.8000030517578,187.8000030517578,17242394,-0.009336942575698282,-0.009380805065227824,200.28849868774415,198.23219940185547,196.4535362013142,198.86379368491177,0.016742259603074537,5,2,2
2026-05-14,188.25,190.17999267578125,187.0,188.3000030517578,188.3000030517578,18280387,0.0026624067724971834,0.00265886884579481,199.19049911499025,197.97659942626953,195.19914648599783,198.08129067504854,0.016311004029329,5,2,3
2026-05-15,189.8999938964844,191.8999938964844,188.8000030517578,190.0,190.0,17902610,0.009028130221404806,0.008987620290487311,198.4744987487793,197.7573992919922,194.3992777958443,197.48267655097087,0.016020030870540703,5,2,4
2026-05-18,190.9900054931641,192.75,189.1999969482422,192.1699981689453,192.1699981689453,16327369,0.011421042994449015,0.011356315255542912,197.9589988708496,197.62939910888673,194.05631169939832,197.08914481896898,0.01574457977766933,5,2,0
2026-05-19,192.3999938964844,198.0,192.3999938964844,195.1699981689453,195.1699981689453,20534622,0.015611177751911898,0.015490576845236317,197.46699905395508,197.62179901123048,194.22764807932862,196.9469858078561,0.015850030605316867,5,2,1
2026-05-20,194.6100006103516,197.94000244140625,194.009994506836,197.1199951171875,197.1199951171875,16201692,0.0099912741022532,0.00994169131312776,197.12299880981445,197.6505990600586,194.67262454669154,196.95980131225102,0.014297645098930327,5,2,2
2026-05-21,198.5,200.0399932861328,197.5,199.7400054931641,199.7400054931641,18980608,0.013291449071003658,0.013203892742167494,196.97199935913085,197.73739929199218,195.45222161537964,197.16574236268903,0.014500127553698663,5,2,3
2026-05-22,200.0,205.3999938964844,198.8300018310547,203.1100006103516,203.1100006103516,40014399,0.016871908603721453,0.016731158891863288,197.15949935913085,197.8245993041992,196.63034146075995,197.6060577884418,0.014834454414402282,5,2,4
2026-05-25,207.0,209.5500030517578,204.0599975585937,206.83999633789065,206.83999633789065,72041558,0.018364411975433592,0.018197822614561977,197.2489990234375,197.94279937744142,198.20105759570313,198.29005323654914,0.01510424085521655,5,2,0
2026-05-26,206.9900054931641,208.69000244140625,202.94000244140625,203.72999572753903,203.72999572753903,46458415,-0.01503577966261016,-0.015149963000368598,197.35649871826172,197.97279937744142,199.05166346213943,198.69301193958543,0.01526656172980056,5,2,1
2026-05-27,203.8500061035156,205.9900054931641,200.1999969482422,201.5800018310547,201.5800018310547,39465643,-0.010553153397007242,-0.010609232812371926,197.4014991760254,197.95419952392578,199.4406385958187,198.90686304265725,0.014033177300778688,5,2,2
2026-05-28,201.5800018310547,201.5800018310547,201.5800018310547,201.5800018310547,201.5800018310547,0,0.0,0.0,197.4479995727539,198.0341995239258,199.76977140123964,199.1048733232793,0.014018327612116325,5,2,3
2026-05-29,211.0,211.0,203.6499938964844,204.25,204.25,82734524,0.013245352439192226,0.013158399729866873,197.62799987792968,198.21699951171874,200.45903733951047,199.48599381785118,0.01329696089328551,5,2,4
2026-06-01,205.1000061035156,207.75,205.1000061035156,206.41000366210932,206.41000366210932,26491139,0.01057529332734064,0.010519766047971937,197.91100006103517,198.51879943847655,201.3745706199103,199.99888343594438,0.013316460027381707,6,2,0
2026-06-02,208.0,210.17999267578125,206.509994506836,209.83999633789065,209.83999633789065,42476874,0.016617376168435172,0.016480818318621363,198.41399993896485,198.8295993041992,202.67694380729188,200.72785476201446,0.013462548419533276,6,2,1
2026-06-03,208.0,208.3999938964844,202.0,204.1000061035156,204.1000061035156,62282204,-0.027354128548174206,-0.027735218386371815,198.66300048828126,199.14339935302735,202.89587646824938,200.9776437502738,0.014386233212534221,6,2,2
2026-06-04,203.0,205.08999633789065,202.1000061035156,204.32000732421875,204.32000732421875,40659957,0.001077908937403782,0.0010773284106976135,199.0110008239746,199.41179962158202,203.1149735230139,201.2252262372327,0.014339219614028507,6,2,3
2026-06-05,191.5200042724609,199.0,188.1499938964844,198.3699951171875,198.3699951171875,43539069,-0.02912104538832394,-0.029553479005686507,199.03400039672852,199.62839965820314,202.38497684519444,201.01372763574787,0.015009566751535915,6,2,4
2026-06-08,193.38999938964844,193.88999938964844,181.0,181.759994506836,181.759994506836,75164049,-0.08373242435449535,-0.08744684381463191,198.28800048828126,199.48879943847658,199.21190263929313,199.5875251817544,0.02059208352083423,6,2,0
2026-06-09,183.97000122070312,184.3500061035156,180.6000061035156,181.6699981689453,181.6699981689453,28381665,-0.0004951383176197144,-0.0004952609390745598,197.89300003051758,199.3411993408203,196.51314810539347,198.26030095858334,0.020448984577750445,6,2,1
2026-06-10,182.1000061035156,182.2899932861328,178.5,178.92999267578125,178.92999267578125,16935979,-0.015082322457095954,-0.015197217401299474,197.44949951171876,199.08779907226562,193.80804727006853,196.82842627096838,0.020562277747012893,6,2,2
2026-06-11,176.97000122070312,178.1999969482422,175.8300018310547,177.3699951171875,177.3699951171875,14468882,-0.008718479977923188,-0.00875670828180914,196.90299911499022,198.8823989868164,191.2791161696253,195.38706100031794,0.02057213237769718,6,2,3
2026-06-12,178.64999389648438,180.4499969482422,177.57000732421875,180.13999938964844,180.13999938964844,13850153,0.015617096175882583,0.015496404278860267,196.40999908447264,198.66159912109376,189.5654058957827,194.25764902915722,0.020869428355173133,6,2,4
2026-06-15,183.0,183.0,180.91000366210932,181.3800048828125,181.3800048828125,13870660,0.006883565545494852,0.006859981972378006,195.87049942016603,198.3909991455078,188.30611343224885,193.30374946276132,0.020942675371105765,6,2,0
2026-06-16,182.38999938964844,183.3800048828125,181.6300048828125,182.6699981689453,182.6699981689453,11706020,0.007112103051084784,0.007086931324985209,195.24549942016603,198.09859924316407,187.43901877635602,192.5160641817379,0.021023122490636127,6,2,1
2026-06-17,184.0,185.25,183.5800018310547,184.47000122070312,184.47000122070312,16131548,0.009853851589208595,0.009805618986087736,194.6129997253418,197.69359924316407,186.9822468447171,191.92005951795755,0.021148248383268266,6,2,2
2026-06-18,184.47000122070312,184.759994506836,181.7100067138672,182.83999633789065,182.83999633789065,18165845,-0.00883615152613515,-0.008875421816335877,193.76799926757812,197.28199920654296,186.34497753597458,191.24746224536,0.021148219563607327,6,2,3
2026-06-19,176.75999450683594,181.47999572753903,174.88999938964844,180.8000030517578,180.8000030517578,37469436,-0.011157259500065297,-0.011219968597237751,192.65249938964843,196.84059936523437,185.49190453840276,190.47357637916724,0.0211852966039621,6,2,4
2026-06-22,180.83999633789065,182.3999938964844,180.0,180.17999267578125,180.17999267578125,10368112,-0.0034292608711907757,-0.003435154263429068,191.31949920654296,196.34659912109376,184.67468732876867,189.71108869743495,0.02117584909600097,6,2,0
2026-06-23,179.5,179.5,174.0,174.49000549316406,174.49000549316406,23954730,-0.0315794617266737,-0.03208884568244594,189.8574996948242,195.77699920654297,183.1078132002141,188.58360105267414,0.02094198595072218,6,2,1
2026-06-24,171.5,175.49000549316406,171.49000549316406,174.47999572753906,174.47999572753906,56627728,-5.736583935977979e-05,-5.736748484247248e-05,188.50249938964845,195.07159912109375,181.7804566659564,187.53888954710857,0.020906636166125682,6,2,2
2026-06-25,176.0,176.38999938964844,172.69000244140625,175.0,175.0,21544904,0.002980308833070877,0.0029758765169641747,187.1734992980957,194.36639923095703,180.73730948657848,186.6100829139894,0.020909282321254722,6,2,3
2026-06-26,175.0,175.0,175.0,175.0,175.0,0,0.0,0.0,185.71099929809571,193.77999908447265,179.85464648864334,185.7500767722124,0.020806522302843623,6,2,4
2026-06-29,176.27999877929688,176.69000244140625,174.60000610351562,175.47999572753906,175.47999572753906,24484011,0.0027428327287946086,0.0027390780272174577,184.16449890136718,193.23999908447266,179.1816232946273,184.9893300281625,0.020665849050200576,6,2,0
2026-06-30,175.0,175.39999389648438,170.0500030517578,170.38999938964844,170.38999938964844,26845383,-0.02900613438464894,-0.0294351283056693,182.19199905395507,192.54759918212892,177.82906577078438,183.9078981290133,0.02089855238908733,6,2,1
2026-07-01,171.0,172.14999389648438,169.25,170.1300048828125,170.1300048828125,34638511,-0.00152587891171585,-0.0015270442505372745,180.4934989929199,191.87019927978517,176.64459486494255,182.88731344410954,0.020732134113384978,7,3,2
2026-07-02,169.49000549316406,174.97000122070312,169.0,174.0,174.0,43447174,0.022747281526578345,0.022492419820003974,178.97749862670898,191.29499938964844,176.23773411648986,182.22899392973105,0.021083703772231073,7,3,3
2026-07-03,176.1999969482422,178.13999938964844,174.58999633789062,176.0800018310547,176.0800018310547,29538753,0.01195403351180846,0.011883148402670057,177.86299896240234,190.8293994140625,176.21346761103828,181.7735130335328,0.020931446487034943,7,3,4
2026-07-06,176.0800018310547,176.3000030517578,173.57000732421875,174.32000732421875,174.32000732421875,8304046,-0.009995425309710204,-0.010045714964895142,177.4909996032715,190.2147994995117,175.92216602845068,181.22140149950954,0.02049770531632775,7,3,0
2026-07-07,173.89999389648438,176.1999969482422,172.77000427246094,173.0,173.0,18837725,-0.007572322560563394,-0.007601138154525162,177.05749969482423,189.64319946289064,175.47260202407364,180.61240879584216,0.0204228290143236,7,3,1
2026-07-08,173.0,175.39999389648438,172.24000549316406,172.72000122070312,172.72000122070312,16473867,-0.0016184900537391522,-0.0016198012237008503,176.74700012207032,189.08399963378906,175.04912497740125,180.02778601249852,0.02040762050984477,7,3,2
